{"type":"FeatureCollection", "features":[
{"type":"Feature","geometry":{"type":"MultiPolygon","coordinates":[[[[-59.1345585010387,-9.00132753907034,0],[-59.1306855244949,-9.01168555580141,0],[-59.1278610188395,-9.02144221427736,0],[-59.1250319416888,-9.03043496086108,0],[-59.1270147143303,-9.04092772280085,0],[-59.1360521842615,-9.04221207522522,0],[-59.1366488220919,-9.04564632970997,0],[-59.1718042109863,-9.0450576938646,0],[-59.244848399834,-9.02036407163819,0],[-59.2519414495928,-9.01792527586178,0],[-59.2520781188811,-9.03813758852299,0],[-59.1721167433783,-9.06510881893497,0],[-59.1697201140748,-9.08192936331451,0],[-59.150695126542,-9.08146900692469,0],[-59.1491796500831,-9.08510661424012,0],[-59.1405282157409,-9.08429803833892,0],[-59.1405925454861,-9.07895010100536,0],[-59.1410513582461,-9.07531870978912,0],[-59.1410428612283,-9.07388637738309,0],[-59.1363960138409,-9.06789755715547,0],[-59.1346594833527,-9.06666629818879,0],[-59.1320814799334,-9.06935513683004,0],[-59.1242258791291,-9.07312510885624,0],[-59.1187594964008,-9.07478023855531,0],[-59.1144693924585,-9.08043922494851,0],[-59.1110443766817,-9.08618867884444,0],[-59.1168306060025,-9.08987940163993,0],[-59.1191785049632,-9.097027768633,0],[-59.1133375330111,-9.10040396548037,0],[-59.1158737079599,-9.10688280291898,0],[-59.1158346589233,-9.10841092574058,0],[-59.1132483982352,-9.10976286081122,0],[-59.1112335438878,-9.11025202321951,0],[-59.1098125353349,-9.11369804182261,0],[-59.1098299185229,-9.11665824915293,0],[-59.1054230619238,-9.11888015138477,0],[-59.1055533051244,-9.12470453313018,0],[-59.1054790735443,-9.12842922982837,0],[-59.1047135635578,-9.14533610659796,0],[-59.1047223245385,-9.14550579149648,0],[-59.1023085079984,-9.14549390699991,0],[-59.0821010529985,-9.1450333359999,0],[-59.0827723239985,-9.1912003329999,0],[-59.0819368871657,-9.20709953020234,0],[-59.0820972930883,-9.20404672086985,0],[-59.0794483309527,-9.20430699743018,0],[-59.0779351754552,-9.20851751743604,0],[-59.06813605523,-9.20924238700053,0],[-59.0680938505982,-9.21850572054174,0],[-59.0815654204385,-9.2141694280134,0],[-59.0811644760971,-9.22180071046511,0],[-59.0683903210871,-9.22814908459432,0],[-59.0900229051222,-9.27806298467115,0],[-59.0907093653293,-9.28035083194253,0],[-59.0963027232609,-9.28010702051549,0],[-59.0953270299985,-9.2870489659999,0],[-59.1013106116044,-9.28700320875119,0],[-59.1082343846098,-9.30135188697805,0],[-59.1094812250876,-9.30086705079171,0],[-59.1118965247541,-9.30285810951832,0],[-59.1138042353997,-9.30036399718393,0],[-59.1175883660093,-9.30616659752236,0],[-59.1675772812769,-9.28648976256985,0],[-59.2563710569975,-9.28578251699991,0],[-59.2570688499974,-9.28474536799989,0],[-59.2772894789972,-9.28549863699986,0],[-59.2773179469973,-9.28549969599987,0],[-59.2774811209972,-9.28550576999985,0],[-59.2782666249973,-9.28553489599987,0],[-59.2783810629973,-9.28553913899991,0],[-59.2981679739971,-9.28627222599986,0],[-59.3183598929969,-9.28703381499988,0],[-59.3184791119969,-9.2870383079999,0],[-59.3199135569969,-9.28707540599985,0],[-59.3391350409967,-9.28757195199985,0],[-59.3556804629965,-9.28799853199987,0],[-59.3861200239962,-9.28924932899986,0],[-59.3861869019962,-9.28978275999988,0],[-59.4074454963292,-9.29056302535633,0],[-59.4096644686931,-9.24392219381044,0],[-59.4604151761882,-9.24609799549862,0],[-59.858751445414,-9.23943644738094,0],[-59.857795788621,-9.49296814985057,0],[-59.6081346313935,-9.49578842688382,0],[-59.4314086179958,-9.49833803299985,0],[-59.4331628969957,-9.49844720599986,0],[-59.4357852429957,-9.50020916399983,0],[-59.4399255649957,-9.50325519399984,0],[-59.4431277729957,-9.50626727299981,0],[-59.4451437099956,-9.50876164099985,0],[-59.4468467209956,-9.51221809299982,0],[-59.4491255569956,-9.51725950099982,0],[-59.4494392759956,-9.52122229799982,0],[-59.4503169979956,-9.52421010999983,0],[-59.4526061679955,-9.53044051299985,0],[-59.4538009539955,-9.5321313819998,0],[-59.4554498389955,-9.53458775599982,0],[-59.4580772179955,-9.53699675499983,0],[-59.4596411159954,-9.53896819299982,0],[-59.4616606119954,-9.54190740699981,0],[-59.4637966699954,-9.54403659799979,0],[-59.4649879459954,-9.54457246699983,0],[-59.4667045689953,-9.54508625999981,0],[-59.4680579489953,-9.54612858899985,0],[-59.4686755049953,-9.54693337299981,0],[-59.4694244579953,-9.5489914469998,0],[-59.4704594779953,-9.55112839199981,0],[-59.4714024379953,-9.55180948699982,0],[-59.4728776169953,-9.55276999699978,0],[-59.4736641899953,-9.55438273499979,0],[-59.4744428629953,-9.55490314899979,0],[-59.4754703319953,-9.55598820699978,0],[-59.4762938839953,-9.55707471299982,0],[-59.4765036619952,-9.5578823879998,0],[-59.4781822189952,-9.55876049299981,0],[-59.4799807819952,-9.55931407399978,0],[-59.4808874039952,-9.56060226099978,0],[-59.4814974419952,-9.56297154099981,0],[-59.4817533899951,-9.56529402799978,0],[-59.4812207549952,-9.56657857999978,0],[-59.4807945379952,-9.56715084599979,0],[-59.4797471419952,-9.56779080399983,0],[-59.4786357579952,-9.56839958499981,0],[-59.4776966129953,-9.56858021999981,0],[-59.4771566359952,-9.56888560599984,0],[-59.4784908877678,-9.64542097465572,0],[-59.2794222729974,-9.64715433799987,0],[-59.2807077239974,-9.74237717599986,0],[-59.1654846759982,-9.99178275499992,0],[-59.1677214219982,-9.9956184059999,0],[-59.1666884849982,-9.99464213299992,0],[-59.1657635699982,-9.99447867599992,0],[-59.1650734499982,-9.99360185399991,0],[-59.1651977509982,-9.99170284799988,0],[-59.1652549589982,-9.9900076539999,0],[-59.1652068379982,-9.98790638399987,0],[-59.1645487149982,-9.98669038899988,0],[-59.1630330109982,-9.98514099199992,0],[-59.1622414009982,-9.9844343079999,0],[-59.1614822079982,-9.98345623199992,0],[-59.1607912329982,-9.9824438149999,0],[-59.1596268689982,-9.98228188599991,0],[-59.1584320839983,-9.98269638199993,0],[-59.1578931659982,-9.98398794499993,0],[-59.1571151889983,-9.98534884399989,0],[-59.1559570479983,-9.98613596799988,0],[-59.1547620189983,-9.9865165629999,0],[-59.1536356489983,-9.98693060299991,0],[-59.1523715069983,-9.98720994799988,0],[-59.1510820819983,-9.98884531799991,0],[-59.1507760569983,-9.99065091899992,0],[-59.1506183559983,-9.99268574499991,0],[-59.1501173889983,-9.99455330199988,0],[-59.1503642599983,-9.99632228199988,0],[-59.1504009309983,-9.99669490899988,0],[-59.1497210899983,-9.99737723499988,0],[-59.1483178249983,-9.9973185009999,0],[-59.1461849159983,-9.99556962599992,0],[-59.1447070069983,-9.99456224599989,0],[-59.1437127759983,-9.99426357999989,0],[-59.1421048949983,-9.99430782499992,0],[-59.1411482129983,-9.99451736699992,0],[-59.1404343539984,-9.9952337889999,0],[-59.1399244519983,-9.9957455259999,0],[-59.1396213929984,-9.99649320799989,0],[-59.1367855219984,-9.9971215689999,0],[-59.1358796449983,-9.99505644299991,0],[-59.1358301689984,-9.99271786399989,0],[-59.1355083779983,-9.9907831259999,0],[-59.1338505939984,-9.98842095099992,0],[-59.1329268119984,-9.98842686799992,0],[-59.1317315109984,-9.98877349399989,0],[-59.1301247459984,-9.98898715599991,0],[-59.1294755419984,-9.98912689999993,0],[-59.1288665259984,-9.99018160599991,0],[-59.1280566089984,-9.99191553599992,0],[-59.1263555499984,-9.99341788299991,0],[-59.1256059049985,-9.99389723799989,0],[-59.1245798829984,-9.99397157699993,0],[-59.1238666419984,-9.99478966599992,0],[-59.1226665939984,-9.99581865699993,0],[-59.1217480629985,-9.99663805199993,0],[-59.1210685889984,-9.99738812499989,0],[-59.1209391959984,-9.99854145699989,0],[-59.1198782899985,-9.9985143229999,0],[-59.1183302239985,-9.99723607799992,0],[-59.1171243329985,-9.9959556479999,0],[-59.1160877849984,-9.99440295299992,0],[-59.1160466949985,-9.99348094299991,0],[-59.1159080749985,-9.99321064299989,0],[-59.1159374719985,-9.99246471199992,0],[-59.1162105329985,-9.99236128499992,0],[-59.1160677469984,-9.99144695899994,0],[-59.1157916179985,-9.99107584199988,0],[-59.1152441819985,-9.99107931899989,0],[-59.1142883379985,-9.99142436799992,0],[-59.1133693529985,-9.99217594699992,0],[-59.1129618329985,-9.9926530989999,0],[-59.1127944659985,-9.99323041699991,0],[-59.1131427579985,-9.99417733599991,0],[-59.1131480139985,-9.99499084599992,0],[-59.1129795679985,-9.99539868199992,0],[-59.1129490689985,-9.99597513299991,0],[-59.1127457449985,-9.9962815069999,0],[-59.1122296589985,-9.99584411299994,0],[-59.1121869169985,-9.99452238099992,0],[-59.1120770469985,-9.99340445899993,0],[-59.1117934659985,-9.99188086999989,0],[-59.1112017469985,-9.99032533199991,0],[-59.1106148439985,-9.98951550699993,0],[-59.1094142549985,-9.98904854699994,0],[-59.1075982309985,-9.98865327499989,0],[-59.1066744329985,-9.98865911999993,0],[-59.1045844769985,-9.98823165899991,0],[-59.1038642119985,-9.98796502699994,0],[-59.1031465629985,-9.98810515399994,0],[-59.1028081219985,-9.98868355099991,0],[-59.1023308539985,-9.98895774699992,0],[-59.1019252759986,-9.98973995199995,0],[-59.1013704699985,-9.99011348599989,0],[-59.1007245189986,-9.9907616199999,0],[-59.0998013499986,-9.99086913499994,0],[-59.0991113879986,-9.98999214499994,0],[-59.0991083439986,-9.9895175949999,0],[-59.0987988829986,-9.98928225699992,0],[-59.0989627809986,-9.9881625959999,0],[-59.0998135889985,-9.98744538399991,0],[-59.1009729979986,-9.98682790999989,0],[-59.1018567119986,-9.98590709399992,0],[-59.1025004769986,-9.98492000199992,0],[-59.1029439699985,-9.98471381699991,0],[-59.1036243439985,-9.98409935999992,0],[-59.1041671979985,-9.98338407699988,0],[-59.1040597619985,-9.9826390059999,0],[-59.1038494659986,-9.98186068699989,0],[-59.1036051839985,-9.98111647899995,0],[-59.1037673409986,-9.98005073999993,0],[-59.1039665319985,-9.97910034699988,0],[-59.1035832149985,-9.97801804299993,0],[-59.1032033679986,-9.97747807299989,0],[-59.1030937639985,-9.97639403299992,0],[-59.1030240359985,-9.9761910879999,0],[-59.1034309049986,-9.97561226099995,0],[-59.1045556129985,-9.9749272129999,0],[-59.1055103249985,-9.9744127169999,0],[-59.1062238059985,-9.9736285669999,0],[-59.1066284889985,-9.97271077299991,0],[-59.1062113929985,-9.97169647499989,0],[-59.1056280259985,-9.97142897499994,0],[-59.1046979509985,-9.97045181199993,0],[-59.1043867679986,-9.96994530499992,0],[-59.1038718279985,-9.96967736999991,0],[-59.1020580889985,-9.96962100999993,0],[-59.1009996549985,-9.96996664899992,0],[-59.0993284129986,-9.97079071899994,0],[-59.0971413549986,-9.97121124499992,0],[-59.0948880299986,-9.97197115599989,0],[-59.0936589309986,-9.97238565199992,0],[-59.0930075779986,-9.97218635199989,0],[-59.0927349399986,-9.9723575469999,0],[-59.0921899069986,-9.97273384299992,0],[-59.0919211749986,-9.97351518799992,0],[-59.0916186569986,-9.97436453399992,0],[-59.0915367819986,-9.97761925699991,0],[-59.0908443089986,-9.9778671679999,0],[-59.0904369939986,-9.97837819699989,0],[-59.0894454249986,-9.9784861059999,0],[-59.0885242229986,-9.97889865099991,0],[-59.0876699309986,-9.97907349399994,0],[-59.0870220209986,-9.9794165339999,0],[-59.0857586739986,-9.97983121599995,0],[-59.0847008149986,-9.98027850999991,0],[-59.0839949559986,-9.98090346999989,0],[-59.0833032409986,-9.98151743199994,0],[-59.0826359209986,-9.98176015499992,0],[-59.0816196069986,-9.98181951699993,0],[-59.0811908789986,-9.98171616799991,0],[-59.0802499539986,-9.98100638299993,0],[-59.0795523399987,-9.98069266299992,0],[-59.0777325939986,-9.98062448999993,0],[-59.0766361909987,-9.9807108429999,0],[-59.0756752379987,-9.98106140099993,0],[-59.0749291649987,-9.9815431609999,0],[-59.0743454479987,-9.98231546899992,0],[-59.0740543379987,-9.98282090299992,0],[-59.0737871299987,-9.98287557199992,0],[-59.0733547089987,-9.9821891079999,0],[-59.0732165759987,-9.98150080499991,0],[-59.0727012189987,-9.9803907519999,0],[-59.0721089479987,-9.97981129899991,0],[-59.0708478259987,-9.97923599899993,0],[-59.0699346879987,-9.9786850409999,0],[-59.0694273819987,-9.9788472239999,0],[-59.0688150569987,-9.97932814099991,0],[-59.0683640939987,-9.9799405749999,0],[-59.0676092849987,-9.98055583699991,0],[-59.0662473519987,-9.98096187799992,0],[-59.0649633319987,-9.9809963349999,0],[-59.0638379879987,-9.98073824199993,0],[-59.0610454099987,-9.97913863699992,0],[-59.0603989909987,-9.97845346499994,0],[-59.0596771349987,-9.97853744599992,0],[-59.0581850849987,-9.97952739899992,0],[-59.0570105749987,-9.97995874699992,0],[-59.0554345779988,-9.98036606699993,0],[-59.0540212659987,-9.98111695499991,0],[-59.0519450739988,-9.98282616399993,0],[-59.0514704679987,-9.98394235599992,0],[-59.0507671409988,-9.9848808529999,0],[-59.0504209929987,-9.98514804699991,0],[-59.0492153769988,-9.9848903999999,0],[-59.0478755039987,-9.9845540499999,0],[-59.0469925979988,-9.98455947499993,0],[-59.0463774199988,-9.9845897619999,0],[-59.0455945759988,-9.98348129299993,0],[-59.0452665739988,-9.98237003199992,0],[-59.0447815179988,-9.9818163699999,0],[-59.0444024879988,-9.9811030129999,0],[-59.0440530289988,-9.98084009199991,0],[-59.0437067129988,-9.98108077299994,0],[-59.0431435519988,-9.98087217499991,0],[-59.0426086389988,-9.98090195999989,0],[-59.0419959299988,-9.98132981599994,0],[-59.0411165119988,-9.98189184199994,0],[-59.0401044579988,-9.98264022799995,0],[-59.0392818349988,-9.98373203499992,0],[-59.0387796129988,-9.98471585799993,0],[-59.0386245259988,-9.98559152699991,0],[-59.0384671419988,-9.98609611399993,0],[-59.0380920769988,-9.98601888699991,0],[-59.0369583079988,-9.98440891499992,0],[-59.0367422949988,-9.9840921539999,0],[-59.0358810339988,-9.98327570999991,0],[-59.0354219229988,-9.98258933699995,0],[-59.0349633099988,-9.9819824809999,0],[-59.0344259209989,-9.98161467299994,0],[-59.0337859459989,-9.98196315999994,0],[-59.0334156729989,-9.98265459799993,0],[-59.0334222559988,-9.9837148249999,0],[-59.0338833399988,-9.98471927199992,0],[-59.0339163399988,-9.98572633099993,0],[-59.0340032019988,-9.98678606799993,0],[-59.0342463029989,-9.98715567999991,0],[-59.0340094609989,-9.98779328999992,0],[-59.0324593119988,-9.98806781899995,0],[-59.0311476529988,-9.98796978899995,0],[-59.0306084479988,-9.98731040399994,0],[-59.0306827889989,-9.98635570399992,0],[-59.0306760489989,-9.98526896799993,0],[-59.0305102539989,-9.98442176199992,0],[-59.0304206269988,-9.98291141799992,0],[-59.0298406819989,-9.98163581699989,0],[-59.0298621679989,-9.98078746799992,0],[-59.0298250789989,-9.97911776599991,0],[-59.0296044639989,-9.97805883099991,0],[-59.0290388509988,-9.97745261499992,0],[-59.0284468119989,-9.97689957499991,0],[-59.0264681489989,-9.97709715799989,0],[-59.0252909609988,-9.97710430899994,0],[-59.0245587879989,-9.97725212599991,0],[-59.0235819429989,-9.97739165799991,0],[-59.0225730439989,-9.97779859399995,0],[-59.0220816839989,-9.97793019799994,0],[-59.0215164239989,-9.9779336249999,0],[-59.0211615559989,-9.97810170999995,0],[-59.0209339499989,-9.97853866799991,0],[-59.0204362219989,-9.97930913699994,0],[-59.0201450469989,-9.97962202999995,0],[-59.0193710679989,-9.97973043099992,0],[-59.0190335409989,-9.97931763499994,0],[-59.0189243899989,-9.97859232599992,0],[-59.0189206839989,-9.97799083499992,0],[-59.0185617099989,-9.97749520099992,0],[-59.0182896699989,-9.97751759299994,0],[-59.0176843349989,-9.97781164099994,0],[-59.0174947709989,-9.97762610799995,0],[-59.0177190599989,-9.97664988099993,0],[-59.0175922959989,-9.97646396799993,0],[-59.0160624639989,-9.97622431999993,0],[-59.0151654249989,-9.97674828899991,0],[-59.0148764149989,-9.97741377699996,0],[-59.0146503309989,-9.97809963199993,0],[-59.0144208029989,-9.97822546899991,0],[-59.0138759689989,-9.97814579399991,0],[-59.0138103629989,-9.97768986399993,0],[-59.0141605199989,-9.97675435999994,0],[-59.0139902389989,-9.97629906999996,0],[-59.0132566099989,-9.97615830299995,0],[-59.0127111269989,-9.97597491699994,0],[-59.0123529429989,-9.97560371899991,0],[-59.0119130439989,-9.97556488899992,0],[-59.0117414789989,-9.97490217999992,0],[-59.0122593849989,-9.97400714899991,0],[-59.0119227639989,-9.97373953199993,0],[-59.0109196479989,-9.97403597399992,0],[-59.0097496869989,-9.97443712299995,0],[-59.0089561719989,-9.97477377999993,0],[-59.0080385649989,-9.97536007599992,0],[-59.0076019689989,-9.97586051599993,0],[-59.006746154999,-9.97628050999996,0],[-59.006033195999,-9.97609811999994,0],[-59.0056581419989,-9.97639076899995,0],[-59.004927669999,-9.97676851399993,0],[-59.004423698999,-9.97652264199994,0],[-59.003544403999,-9.97652792599992,0],[-59.003106529999,-9.97682094299992,0],[-59.0025646129989,-9.97721829699995,0],[-59.002100258999,-9.97739247099995,0],[-59.0018305139989,-9.97692788399994,0],[-59.001609365999,-9.97661101999992,0],[-59.001203573999,-9.97698540199994,0],[-59.000616752999,-9.97711829299991,0],[-59.000253809999,-9.97648977499993,0],[-59.000103148999,-9.97587616099995,0],[-58.999938637999,-9.97566691599994,0],[-58.9993043279989,-9.97604266699992,0],[-58.999045245999,-9.97638382099994,0],[-58.9986197649989,-9.97620848599993,0],[-58.998098231999,-9.97634098199993,0],[-58.997792346999,-9.97636447299991,0],[-58.837623417557,-9.9721426626528,0],[-58.8347392172573,-9.67970640316554,0],[-58.8348256426277,-9.45910332530542,0],[-58.8346721905551,-9.18681403225463,0],[-58.8375324178171,-9.00148912466117,0],[-59.0006141699988,-9.00132580099993,0],[-59.0839508139985,-9.00132548199993,0],[-59.1345585010387,-9.00132753907034,0]],[[-59.2914160933354,-9.41933762699601,0],[-59.1360406911432,-9.41650491670342,0],[-59.1436977951527,-9.52822192095658,0],[-59.2888637253322,-9.52979513983528,0],[-59.2914160933354,-9.41933762699601,0]],[[-58.9891200079614,-9.33985557300134,0],[-58.9257893768831,-9.33938334803917,0],[-58.9249917618821,-9.39588838147725,0],[-58.9867271629585,-9.390537324243,0],[-58.9891200079614,-9.33985557300134,0]]]]},"properties":{"name":"Reference region (RRD)"}},
{"type":"Feature","geometry":{"type":"MultiPolygon","coordinates":[[[[-59.6117083051857,-10.0327673152362,0],[-58.9855182609213,-10.0402124194833,0],[-58.9919100364187,-9.00144130792964,0],[-59.4267643292657,-8.99956135271262,0],[-59.4270259667846,-8.99881505452995,0],[-59.4273398946617,-8.99790875961916,0],[-59.4273320639321,-8.99673873975404,0],[-59.4273239345669,-8.99551551903161,0],[-59.4273171622431,-8.99450510731212,0],[-59.4272588558728,-8.99376090207884,0],[-59.427198863628,-8.99275081768617,0],[-59.4273364748102,-8.99208897350757,0],[-59.6147384420692,-8.99174075113981,0],[-59.6117083051857,-10.0327673152362,0]]]]},"properties":{"name":"Reference region for projecting location of deforestation (RRL)"}},
{"type":"Feature","geometry":{"type":"MultiPolygon","coordinates":[[[[-59.2642024259976,-10.0192683369999,0],[-59.2638960319975,-9.97501726299986,0],[-59.2555044229976,-9.97507412399988,0],[-59.2553288409976,-9.90961394799989,0],[-59.2502912279977,-9.89695290599991,0],[-59.2230871289978,-9.88883812199993,0],[-59.2590231559976,-9.81103997199989,0],[-59.2804387349974,-9.81096223299986,0],[-59.3084431289972,-9.80993071499987,0],[-59.3089318389972,-9.85588316699987,0],[-59.3443066739968,-9.85436315899986,0],[-59.3450545209969,-9.90786776199989,0],[-59.2856723509974,-9.90827739799986,0],[-59.2858262789974,-9.93047348099991,0],[-59.2997994139972,-9.93037782299987,0],[-59.3000241559973,-9.9624959309999,0],[-59.3458574909969,-9.96217705599989,0],[-59.3467064359969,-10.0181686279999,0],[-59.2642024259976,-10.0192683369999,0]]]]},"properties":{"name":"Leakage belt (as per first baseline)"}},
{"type":"Feature","geometry":{"type":"MultiPolygon","coordinates":[[[[-59.601984409993,-9.18801071999975,0],[-59.5984528039931,-9.18803616699976,0],[-59.5986679249931,-9.21748444199975,0],[-59.5858645969933,-9.21754078699977,0],[-59.5862454839933,-9.24190400699976,0],[-59.5576986119938,-9.24220934399976,0],[-59.5578480239938,-9.23122757299979,0],[-59.5394749389941,-9.23094546699981,0],[-59.5380782579941,-9.05258911799979,0],[-59.538076573994,-9.05237209899981,0],[-59.537834454994,-9.02111286099979,0],[-59.537713859994,-9.01205261599977,0],[-59.5518138959938,-9.02392985399981,0],[-59.5839420179932,-9.02566714199978,0],[-59.600563728993,-9.04121384199975,0],[-59.601984409993,-9.18801071999975,0]],[[-59.5640269459937,-9.1122403499998,0],[-59.5639902259937,-9.10709277899979,0],[-59.5577524169938,-9.10713666699978,0],[-59.5577890489937,-9.1122842639998,0],[-59.5640269459937,-9.1122403499998,0]],[[-59.5741972149935,-9.15865416299974,0],[-59.5678808729936,-9.15869902499979,0],[-59.5679974079936,-9.17490653899978,0],[-59.5810565099934,-9.17481350199976,0],[-59.5809393839934,-9.15860615499979,0],[-59.5808555569934,-9.15860675299978,0],[-59.5807772659934,-9.14775615699975,0],[-59.5741191259935,-9.14780351099978,0],[-59.5741972149935,-9.15865416299974,0]]]]},"properties":{"name":"Leakage belt (as per first baseline)"}},
{"type":"Feature","geometry":{"type":"MultiPolygon","coordinates":[[[[-59.6051162849933,-9.65107866299975,0],[-59.555484756994,-9.57365161699975,0],[-59.5344669639944,-9.57419449399976,0],[-59.495149982995,-9.53772016399981,0],[-59.4743903879952,-9.53854490499985,0],[-59.4558425259955,-9.5017109739998,0],[-59.493460828995,-9.50086093199981,0],[-59.493793657995,-9.52561340499979,0],[-59.6038168959932,-9.52415286299972,0],[-59.6051162849933,-9.65107866299975,0]]]]},"properties":{"name":"Leakage belt (as per first baseline)"}},
{"type":"Feature","geometry":{"type":"MultiPolygon","coordinates":[[[[-59.5287038369942,-9.00322077499977,0],[-59.537714093994,-9.01208609899977,0],[-59.537834454994,-9.02111286099979,0],[-59.538087101994,-9.05237200399978,0],[-59.538076573994,-9.05237209899981,0],[-59.5351269879941,-9.05239872399979,0],[-59.5351269889941,-9.05239875599978,0],[-59.5216726349943,-9.05251803899979,0],[-59.4927162499948,-9.0894400769998,0],[-59.4802096179949,-9.08953456699979,0],[-59.480384208995,-9.09609352699979,0],[-59.4163219609958,-9.09626666999989,0],[-59.3910823609961,-9.10627744099988,0],[-59.3817529209962,-9.07321717799984,0],[-59.4188842049958,-9.07230205699985,0],[-59.4343645779956,-9.07093130699985,0],[-59.4556497639953,-9.06571723799982,0],[-59.4721594029951,-9.05510054999984,0],[-59.4867611399948,-9.03742698699982,0],[-59.4965064109947,-9.0185291719998,0],[-59.5030524869946,-9.00393123999979,0],[-59.5287038369942,-9.00322077499977,0]]]]},"properties":{"name":"Leakage belt (as per first baseline)"}},
{"type":"Feature","geometry":{"type":"MultiPolygon","coordinates":[[[[-59.4471841179956,-9.64997378299981,0],[-59.4474370959957,-9.67441804899983,0],[-59.4475386109957,-9.68843065799983,0],[-59.4326418079959,-9.68853665699982,0],[-59.4315529429959,-9.69852658599982,0],[-59.4297123289959,-9.71159330899985,0],[-59.4102504589961,-9.72286511699986,0],[-59.4039655249962,-9.73692311099985,0],[-59.4036940159962,-9.75305040099983,0],[-59.3914341839963,-9.77060595599984,0],[-59.3821848049964,-9.76637742599986,0],[-59.3802422839965,-9.73972306999989,0],[-59.3403055579968,-9.73893371699986,0],[-59.3402349109969,-9.72917773899989,0],[-59.3101579249971,-9.72899483199988,0],[-59.3099864459971,-9.71875798699988,0],[-59.2895170429973,-9.7188922759999,0],[-59.2893408349973,-9.6642013149999,0],[-59.2999644739972,-9.65118215799986,0],[-59.4471841179956,-9.64997378299981,0]]]]},"properties":{"name":"Leakage belt (as per first baseline)"}},
{"type":"Feature","geometry":{"type":"MultiPolygon","coordinates":[[[[-61.5401446019999,-10.0002090429999,0],[-61.50000005,-10.0000457529999,0],[-61.497966891,-10.000037306,0],[-61.4284122409999,-10.000032951,0],[-61.42802583,-10.000306678,0],[-61.426250118,-10.001213611,0],[-61.421504414,-10.002470479,0],[-61.4209142829999,-10.002824188,0],[-61.420153098,-10.0032804959999,0],[-61.418355189,-10.0052119489999,0],[-61.415791928,-10.0070517469999,0],[-61.4151892959999,-10.009437329,0],[-61.414974977,-10.0137357899999,0],[-61.414537992,-10.014462422,0],[-61.414399148,-10.0146932219999,0],[-61.4143643369999,-10.015151165,0],[-61.412550182,-10.017265843,0],[-61.410997444,-10.0176157239999,0],[-61.4092722299999,-10.0159239989999,0],[-61.40694486,-10.011981443,0],[-61.4059727869999,-10.011549127,0],[-61.403960936,-10.0120618089999,0],[-61.4030993919999,-10.013314566,0],[-61.402465088,-10.016018732,0],[-61.401806789,-10.017060823,0],[-61.40029995,-10.0169263509999,0],[-61.398987773,-10.015814835,0],[-61.398196597,-10.014007578,0],[-61.3978768379999,-10.013739867,0],[-61.396739317,-10.0139406059999,0],[-61.3956070739999,-10.0151491899999,0],[-61.3942470709999,-10.014867695,0],[-61.39225887,-10.013533363,0],[-61.391522682,-10.013590286,0],[-61.390877668,-10.013393309,0],[-61.388939835,-10.014374658,0],[-61.3868448229999,-10.016497671,0],[-61.386225318,-10.017616582,0],[-61.385373237,-10.0211121679999,0],[-61.384691372,-10.022292782,0],[-61.3843445369999,-10.0223356679999,0],[-61.382928023,-10.022322989,0],[-61.381966932,-10.022038306,0],[-61.379915991,-10.022393124,0],[-61.3782304119999,-10.0233455919999,0],[-61.375604188,-10.026757351,0],[-61.373793248,-10.030140236,0],[-61.3729808309999,-10.030897513,0],[-61.371566846,-10.031649111,0],[-61.368607289,-10.0323543389999,0],[-61.3675626679999,-10.0332666919999,0],[-61.366700078,-10.0345804469999,0],[-61.3662969969999,-10.035194341,0],[-61.365369116,-10.0361027289999,0],[-61.362468228,-10.0375810039999,0],[-61.36043502,-10.039266497,0],[-61.3590155479999,-10.039502421,0],[-61.3586852349999,-10.0395572809999,0],[-61.35654239,-10.038853235,0],[-61.3553774009999,-10.037863514,0],[-61.354108642,-10.033997353,0],[-61.3534777249999,-10.033106055,0],[-61.35296482,-10.0323814719999,0],[-61.3507403899999,-10.0320384349999,0],[-61.350342735,-10.031381078,0],[-61.350165917,-10.0291335169999,0],[-61.349861317,-10.028545508,0],[-61.3490593129999,-10.02783253,0],[-61.347842858,-10.027902683,0],[-61.347146852,-10.0279429,0],[-61.3459926859999,-10.028627327,0],[-61.344157176,-10.03028993,0],[-61.342798451,-10.0307490399999,0],[-61.3422869079999,-10.030533659,0],[-61.34156875,-10.0302313609999,0],[-61.34130371,-10.030367183,0],[-61.3398916319999,-10.028225463,0],[-61.338196297,-10.027293169,0],[-61.3282315549999,-10.026191496,0],[-61.3213003659999,-10.0248769579999,0],[-61.319409879,-10.024039263,0],[-61.318783662,-10.0237617989999,0],[-61.3168416,-10.021681783,0],[-61.316180179,-10.0203982479999,0],[-61.3149746669999,-10.0145070949999,0],[-61.3144334579999,-10.013262857,0],[-61.313290267,-10.011841263,0],[-61.310757651,-10.0096000209999,0],[-61.308080548,-10.007737479,0],[-61.3039963909999,-10.0060342649999,0],[-61.299584473,-10.004842885,0],[-61.2672027799999,-10.0174217159999,0],[-61.25017616,-10.0235137409999,0],[-61.2505714599999,-10.0225278349999,0],[-61.257507913,-10.019081071,0],[-61.260757965,-10.0180258029999,0],[-61.2636094119999,-10.01792889,0],[-61.267137135,-10.01724151,0],[-61.2698323619999,-10.015111825,0],[-61.271531539,-10.0132271919999,0],[-61.27714847,-10.0097292319999,0],[-61.2779110829999,-10.0089121089999,0],[-61.2779713799999,-10.008617532,0],[-61.2782052379999,-10.0074756399999,0],[-61.276999044,-10.0035083939999,0],[-61.276485808,-10.000000045,0],[-61.2755790429999,-9.99668193199994,0],[-61.275017877,-9.99205986699997,0],[-61.275243309,-9.98941501999998,0],[-61.27647114,-9.98631807699996,0],[-61.2793599949999,-9.98117221499996,0],[-61.279597971,-9.98059293999995,0],[-61.279910838,-9.97714308999998,0],[-61.2788396609999,-9.96971560099997,0],[-61.278994671,-9.96798202599997,0],[-61.279400709,-9.96653400699995,0],[-61.2812058969999,-9.96380785199996,0],[-61.2849245949999,-9.96061044499992,0],[-61.287305293,-9.95809904999993,0],[-61.288360916,-9.95586523599997,0],[-61.288291543,-9.95283558999994,0],[-61.287731993,-9.94961224599997,0],[-61.287393325,-9.94563654599994,0],[-61.287466841,-9.94113047299993,0],[-61.287325553,-9.94019258699996,0],[-61.2839564239999,-9.94184805099998,0],[-61.277504108,-9.94380394499996,0],[-61.274673304,-9.94490019399996,0],[-61.271840695,-9.94657996299999,0],[-61.268256943,-9.94965640899994,0],[-61.2655356499999,-9.94941340899993,0],[-61.258093437,-9.94988776699995,0],[-61.2514454829999,-9.95067830299996,0],[-61.246831368,-9.95156270899997,0],[-61.2420129459999,-9.95313540599994,0],[-61.238440853,-9.95476135099995,0],[-61.236353091,-9.95592552299997,0],[-61.234234312,-9.95735863499993,0],[-61.232439503,-9.95886307499995,0],[-61.229822546,-9.96189422499998,0],[-61.228530682,-9.96402843799996,0],[-61.2272670959999,-9.96565307299995,0],[-61.224339409,-9.96799716699995,0],[-61.221954324,-9.96893877299993,0],[-61.219635323,-9.96928287899993,0],[-61.216572119,-9.96867808599995,0],[-61.214663502,-9.96860025699992,0],[-61.213080566,-9.96982074099998,0],[-61.212644798,-9.97054805899994,0],[-61.2114515869999,-9.98081325599999,0],[-61.2110121119999,-9.98171321699993,0],[-61.207938352,-9.98510916599997,0],[-61.207335004,-9.98650384299998,0],[-61.207078639,-9.98990209299996,0],[-61.206657396,-9.99153322399997,0],[-61.206229373,-9.99230088899998,0],[-61.2038378249999,-9.99454591699994,0],[-61.199589277,-9.99686451699995,0],[-61.1983595149999,-9.99776098499997,0],[-61.1945806909999,-9.99891790799995,0],[-61.1909177649999,-9.99928214299996,0],[-61.189348512,-9.99999999399994,0],[-61.186938572,-10.0012083839999,0],[-61.184648626,-10.0017781789999,0],[-61.1820126109999,-10.0020438609999,0],[-61.181582323,-10.0019778729999,0],[-61.181100503,-10.002732437,0],[-61.180591051,-10.00425609,0],[-61.180002488,-10.007442543,0],[-61.180555894,-10.0118974289999,0],[-61.1803526419999,-10.013231199,0],[-61.1798667629999,-10.014266166,0],[-61.1784803899999,-10.015846574,0],[-61.1736974959999,-10.0198417509999,0],[-61.127853858,-10.049533271,0],[-61.128359482,-10.045356866,0],[-61.128938497,-10.04329124,0],[-61.12971655,-10.0416999989999,0],[-61.1308376169999,-10.040094128,0],[-61.131108432,-10.0392983309999,0],[-61.1361175339999,-10.03511027,0],[-61.13688962,-10.0335157109999,0],[-61.136885428,-10.032047947,0],[-61.136554766,-10.031158467,0],[-61.134905891,-10.0287753879999,0],[-61.132975663,-10.0271386909999,0],[-61.1304620889999,-10.025520118,0],[-61.127740058,-10.02471134,0],[-61.122476556,-10.024214259,0],[-61.1215540759999,-10.0239212999999,0],[-61.1201395739999,-10.023082605,0],[-61.120217435,-10.018403615,0],[-61.120303309,-10.0132468219999,0],[-61.120082743,-10.011351982,0],[-61.11821021,-10.0058114739999,0],[-61.115122963,-10.000000051,0],[-61.114683895,-9.99795136799997,0],[-61.114544843,-9.99639762799995,0],[-61.114909228,-9.99471076499998,0],[-61.1157177659999,-9.99276389399995,0],[-61.1155257459999,-9.99000114099995,0],[-61.114567952,-9.98922114499993,0],[-61.1134972789999,-9.98880592899997,0],[-61.112329146,-9.98907775399994,0],[-61.1091709409999,-9.99124802499995,0],[-61.107107035,-9.99176686199997,0],[-61.1056459289999,-9.99177871199993,0],[-61.1042017629999,-9.99137743799997,0],[-61.1021527029999,-9.99080809299994,0],[-61.101781865,-9.99084729599996,0],[-61.098199584,-9.98878621399997,0],[-61.096704206,-9.98814097899998,0],[-61.089605262,-9.98766019699997,0],[-61.0885252799999,-9.98732097399994,0],[-61.085015104,-9.98621840199996,0],[-61.083282367,-9.98517446099993,0],[-61.080551042,-9.98239729199997,0],[-61.079414495,-9.98152100199996,0],[-61.07924925,-9.98139359899994,0],[-61.076343654,-9.98030366199994,0],[-61.074169711,-9.97888957799994,0],[-61.072058144,-9.97573996699997,0],[-61.070830174,-9.97475296599993,0],[-61.066729368,-9.97485786099998,0],[-61.066385199,-9.97504739799995,0],[-61.065287632,-9.97514373899999,0],[-61.063882722,-9.97464528399996,0],[-61.0614963899999,-9.97257028999996,0],[-61.060216182,-9.97206548799994,0],[-61.059396513,-9.97217243899997,0],[-61.0583911419999,-9.97322377499995,0],[-61.057069444,-9.97592173999993,0],[-61.055952147,-9.97902050699997,0],[-61.054994369,-9.98007165799993,0],[-61.053686743,-9.98085003399996,0],[-61.050143485,-9.98203131899993,0],[-61.047513774,-9.98252068699998,0],[-61.046940374,-9.98228055999993,0],[-61.046195008,-9.98196841899994,0],[-61.045667425,-9.98129042899996,0],[-61.044201416,-9.97778659599992,0],[-61.042374148,-9.97550332199995,0],[-61.0390724119999,-9.97330014699997,0],[-61.036239552,-9.97140978399995,0],[-61.035032563,-9.97026296199993,0],[-61.034571007,-9.96540295999995,0],[-61.0345493519999,-9.96525854799994,0],[-61.033172344,-9.96280290399994,0],[-61.032220617,-9.96198763599995,0],[-61.030612134,-9.96106524999993,0],[-61.028698326,-9.96072536199995,0],[-61.0267696339999,-9.96069671899994,0],[-61.022582969,-9.96106696699997,0],[-61.0208918169999,-9.96085737099998,0],[-61.019673212,-9.96045683899997,0],[-61.017974269,-9.95922662099997,0],[-61.01543872,-9.95580045299994,0],[-61.014434329,-9.95503796999999,0],[-61.0115102789999,-9.95337902399996,0],[-61.010680158,-9.95267796099995,0],[-61.007647435,-9.94746106299992,0],[-61.00327394,-9.94319804399993,0],[-61.001812808,-9.94152120099993,0],[-61.0014160699999,-9.94064256199993,0],[-61.000228786,-9.93582804899996,0],[-60.997800653,-9.93170334899997,0],[-60.9971528459999,-9.92725464899996,0],[-60.996851109,-9.92672630799996,0],[-60.995599028,-9.92547156499996,0],[-60.9941883669999,-9.92507931399996,0],[-60.9933338819999,-9.92493328899997,0],[-60.9919511639999,-9.92442846499995,0],[-60.990291558,-9.92319423399994,0],[-60.988498638,-9.92277201199994,0],[-60.986902071,-9.92323518699993,0],[-60.985455606,-9.92333514799998,0],[-60.98522238,-9.92317329099996,0],[-60.98433411,-9.92259458699994,0],[-60.9824556189999,-9.91987585099996,0],[-60.981943768,-9.91882141999996,0],[-60.980507039,-9.91441724499998,0],[-60.9793169339999,-9.91258947599995,0],[-60.978120528,-9.91128414399998,0],[-60.9763567319999,-9.91000819499994,0],[-60.97521935,-9.90886662899992,0],[-60.9709018629999,-9.90133150799994,0],[-60.9692328579999,-9.89946267499994,0],[-60.96662012,-9.89713067199995,0],[-60.9657373919999,-9.89585758399994,0],[-60.965658482,-9.89569011799995,0],[-60.965031101,-9.89435875899994,0],[-60.9646186529999,-9.89233690699996,0],[-60.9638377269999,-9.89033253399998,0],[-60.96243757,-9.88924414199993,0],[-60.9590768689999,-9.88744764599994,0],[-60.957674442,-9.88584726599993,0],[-60.9559709769999,-9.88313275699995,0],[-60.9554159909999,-9.88245804799993,0],[-60.954658676,-9.88151138899997,0],[-60.953009438,-9.88112044399997,0],[-60.950974222,-9.88160214099997,0],[-60.949563481,-9.88160475399997,0],[-60.947763547,-9.88096502999997,0],[-60.9468857799999,-9.88005829899993,0],[-60.9462234119999,-9.87893087299993,0],[-60.944682998,-9.87403093899997,0],[-60.943679392,-9.87276307699996,0],[-60.940878512,-9.87069805599997,0],[-60.939785805,-9.86962260699994,0],[-60.938705676,-9.86765771799999,0],[-60.938364786,-9.86703759899996,0],[-60.937242117,-9.86644236999997,0],[-60.9342658899999,-9.86640914099996,0],[-60.9329090689999,-9.86479113799993,0],[-60.931758131,-9.86404279299996,0],[-60.9279062419999,-9.86310403199998,0],[-60.925789411,-9.86199223299996,0],[-60.924955611,-9.86121455299996,0],[-60.92268584,-9.85809749499998,0],[-60.921598268,-9.85691752299994,0],[-60.920800038,-9.85634513499997,0],[-60.9190292119999,-9.85578505299998,0],[-60.917831499,-9.85540622199994,0],[-60.917205001,-9.85494841199994,0],[-60.914809635,-9.85216832899995,0],[-60.9118453299999,-9.85011994299998,0],[-60.91061222,-9.84842530399993,0],[-60.9077850629999,-9.84563654699997,0],[-60.907372681,-9.84434151799996,0],[-60.907284982,-9.84226302499997,0],[-60.90760274,-9.84086812299994,0],[-60.908598995,-9.83919177399997,0],[-60.910430532,-9.83841779699999,0],[-60.9117499939999,-9.83831750299993,0],[-60.91581876,-9.83868139899994,0],[-60.918389826,-9.83868947199994,0],[-60.920712693,-9.83847018999995,0],[-60.923132616,-9.83767012099998,0],[-60.924393529,-9.83693485599997,0],[-60.92600155,-9.83488907499999,0],[-60.9260986859999,-9.83444092299993,0],[-60.9263217339999,-9.83341189599997,0],[-60.925749993,-9.83076736999993,0],[-60.9251062009999,-9.82955183699994,0],[-60.923765395,-9.82777594199997,0],[-60.921257106,-9.82286176799994,0],[-60.919528976,-9.82017317399993,0],[-60.9182862169999,-9.81891860399998,0],[-60.915018372,-9.81676846699997,0],[-60.914672778,-9.81624640799993,0],[-60.9142560019999,-9.81458690399995,0],[-60.913918043,-9.81421612499998,0],[-60.9114563219999,-9.81367218799994,0],[-60.910375901,-9.81325145299995,0],[-60.908747424,-9.81080694899992,0],[-60.907664252,-9.81023323899996,0],[-60.904270133,-9.81001776499994,0],[-60.9021602249999,-9.80872452199999,0],[-60.901217667,-9.80734279599993,0],[-60.899858721,-9.80386516499992,0],[-60.899095627,-9.80264289799994,0],[-60.8977206609999,-9.80151038899993,0],[-60.896064928,-9.80058042599995,0],[-60.895111648,-9.79915756599995,0],[-60.8946700819999,-9.79498638399998,0],[-60.8943131899999,-9.79363412299995,0],[-60.893893292,-9.79290651299993,0],[-60.891827598,-9.79146383199998,0],[-60.890631754,-9.79031732999994,0],[-60.8863265529999,-9.78153477499994,0],[-60.885584342,-9.78143890399997,0],[-60.885078951,-9.78119137999994,0],[-60.884827146,-9.78095054399996,0],[-60.882483598,-9.78040438199996,0],[-60.880786228,-9.77959892899998,0],[-60.8799850999999,-9.77865625899994,0],[-60.878072522,-9.77466111299998,0],[-60.8769764039999,-9.77331164899994,0],[-60.875192672,-9.77214340399997,0],[-60.873067164,-9.77147503899994,0],[-60.868542605,-9.77063431099998,0],[-60.8638857249999,-9.76928419099993,0],[-60.860904811,-9.76901067199998,0],[-60.856247116,-9.76805788299992,0],[-60.850919701,-9.76666884099995,0],[-60.8492540509999,-9.76603326899993,0],[-60.848969144,-9.76592456099996,0],[-60.845395191,-9.76413818399992,0],[-60.837978079,-9.76043070599998,0],[-60.835349929,-9.75804824899996,0],[-60.834112873,-9.75609404199997,0],[-60.8316632739999,-9.75381972899993,0],[-60.828182638,-9.75264913599996,0],[-60.823710234,-9.75151084499992,0],[-60.8218626569999,-9.75129704199998,0],[-60.819447321,-9.75069625999993,0],[-60.813125939,-9.74806399999993,0],[-60.806297549,-9.74381620199995,0],[-60.803154933,-9.74276342999997,0],[-60.799722962,-9.74029751699993,0],[-60.79551237,-9.73843201899996,0],[-60.7929629989999,-9.73845963699994,0],[-60.791222432,-9.73804902899997,0],[-60.787165833,-9.73671091599993,0],[-60.786619312,-9.73629995699997,0],[-60.7863967719999,-9.73521284799995,0],[-60.787883316,-9.73160581199993,0],[-60.788060715,-9.73013373299996,0],[-60.7874835439999,-9.72840760699995,0],[-60.7859253469999,-9.72679539199993,0],[-60.7846072,-9.72611377299995,0],[-60.7822622959999,-9.72548048399995,0],[-60.7763902519999,-9.72471115899998,0],[-60.7755914809999,-9.72406537299998,0],[-60.774320142,-9.72161960299997,0],[-60.773781255,-9.72102914899995,0],[-60.7729202739999,-9.72072156999997,0],[-60.7705251149999,-9.72098895399995,0],[-60.769276764,-9.72078078499994,0],[-60.768145881,-9.72012128599995,0],[-60.767006373,-9.71868124299992,0],[-60.7664336729999,-9.71742914399993,0],[-60.766147496,-9.71618819999998,0],[-60.7662111719999,-9.71516093099995,0],[-60.766576786,-9.71419776099999,0],[-60.767252384,-9.71334632399994,0],[-60.770053027,-9.71106159299995,0],[-60.775581082,-9.70694775199997,0],[-60.775903699,-9.70634318199996,0],[-60.775961926,-9.70566156999996,0],[-60.775746496,-9.70501175099998,0],[-60.7751973969999,-9.70443120099997,0],[-60.774557446,-9.70417663599994,0],[-60.7738681279999,-9.70419103699993,0],[-60.7710893509999,-9.70534067299998,0],[-60.76961607,-9.70561398899997,0],[-60.7673134899999,-9.70544011199996,0],[-60.7653318179999,-9.70481496899994,0],[-60.763940157,-9.70411181699995,0],[-60.7623073309999,-9.70272477799995,0],[-60.7611407639999,-9.70143910799993,0],[-60.758761718,-9.69705413799993,0],[-60.757983601,-9.69621688699994,0],[-60.756916217,-9.69577969699998,0],[-60.753946086,-9.69566175399997,0],[-60.752477418,-9.69535402599996,0],[-60.75110839,-9.69474329699995,0],[-60.748659701,-9.69308651099992,0],[-60.747334711,-9.69270594599993,0],[-60.746412761,-9.69274653499997,0],[-60.745532558,-9.69302171599997,0],[-60.744191749,-9.69411630599995,0],[-60.743704948,-9.69502538299997,0],[-60.7423916669999,-9.69923666499994,0],[-60.741436446,-9.70051505399994,0],[-60.7398788149999,-9.70122957799998,0],[-60.737239642,-9.70125045799996,0],[-60.733982521,-9.70076726199995,0],[-60.7324121249999,-9.70078486499994,0],[-60.730152565,-9.70126888999993,0],[-60.727884922,-9.70212702899994,0],[-60.725378241,-9.70360262599996,0],[-60.721805842,-9.70714564899993,0],[-60.720009053,-9.70949283599998,0],[-60.7189844379999,-9.71048303099997,0],[-60.7171512419999,-9.71183288099997,0],[-60.7145565769999,-9.71325012599994,0],[-60.713408047,-9.71331216299996,0],[-60.712315646,-9.71295498199993,0],[-60.7117004469999,-9.71251232899995,0],[-60.7113111479999,-9.71194485099994,0],[-60.71108027,-9.71049324199994,0],[-60.7113785,-9.70963129899998,0],[-60.713806253,-9.70589814699997,0],[-60.715514469,-9.70263732099994,0],[-60.715714251,-9.70151008599992,0],[-60.715637697,-9.70048225899995,0],[-60.715273047,-9.69939640999997,0],[-60.714712951,-9.69852841699997,0],[-60.713121534,-9.69712880099996,0],[-60.71235308,-9.69688823799993,0],[-60.711547916,-9.69691935499997,0],[-60.71061042,-9.69734900499999,0],[-60.708504155,-9.69929785099994,0],[-60.706592933,-9.70036853699997,0],[-60.703502869,-9.70135862699993,0],[-60.702816328,-9.70130928199995,0],[-60.701757207,-9.70019017299996,0],[-60.7018900149999,-9.69859357099995,0],[-60.701511441,-9.69777085999993,0],[-60.700729602,-9.69730589599993,0],[-60.698553045,-9.69717049299994,0],[-60.6979764389999,-9.69679794299998,0],[-60.697624533,-9.69621129199992,0],[-60.697601802,-9.69391174099996,0],[-60.698840806,-9.69038957599997,0],[-60.6985291619999,-9.68931183499996,0],[-60.697562072,-9.68873180699994,0],[-60.690206748,-9.68795979199996,0],[-60.689357655,-9.68691889799993,0],[-60.6893600179999,-9.68601206899996,0],[-60.691017931,-9.68440846199996,0],[-60.691195049,-9.68366932099998,0],[-60.6885318349999,-9.67969111099996,0],[-60.6862260739999,-9.67740046599995,0],[-60.678036768,-9.67198145499998,0],[-60.677038598,-9.67058339099997,0],[-60.67655673,-9.66882073299995,0],[-60.676551924,-9.66803810999994,0],[-60.6769892569999,-9.66593465899995,0],[-60.6779638099999,-9.66386038699993,0],[-60.679205367,-9.66235280699994,0],[-60.683029489,-9.65898241899994,0],[-60.684580824,-9.65715247599995,0],[-60.684861584,-9.65617307099997,0],[-60.684667396,-9.65540024599993,0],[-60.684055101,-9.65472569699995,0],[-60.6833007349999,-9.65445355199996,0],[-60.682369046,-9.65447683599997,0],[-60.6808597959999,-9.65501578799997,0],[-60.678914274,-9.65668231299997,0],[-60.677905459,-9.65683313599992,0],[-60.67719154,-9.65647520399995,0],[-60.675080904,-9.65429410999996,0],[-60.6740930249999,-9.65234245799996,0],[-60.673976059,-9.65086801799994,0],[-60.6743735119999,-9.64973938099997,0],[-60.676054388,-9.64781293199997,0],[-60.6773449529999,-9.64594918699993,0],[-60.677418726,-9.64459440999996,0],[-60.676793571,-9.64351302199998,0],[-60.672530114,-9.64132916999995,0],[-60.6690354839999,-9.64000134999998,0],[-60.667912418,-9.63973879999997,0],[-60.666644183,-9.63976653999992,0],[-60.665295601,-9.64018443299993,0],[-60.663392947,-9.64137910499995,0],[-60.661485735,-9.64321735799996,0],[-60.659568523,-9.64549607599998,0],[-60.65858617,-9.64629383399995,0],[-60.656888637,-9.64700254799993,0],[-60.655086302,-9.64707756199994,0],[-60.6539170409999,-9.64660011099994,0],[-60.653082392,-9.64581410099994,0],[-60.652171868,-9.64447575999997,0],[-60.6508980899999,-9.64130479799995,0],[-60.649911657,-9.64003901399998,0],[-60.649063648,-9.63939899099995,0],[-60.644261716,-9.63706099199993,0],[-60.644159322,-9.63703482899997,0],[-60.642681248,-9.63665715799992,0],[-60.642123123,-9.63651454899997,0],[-60.646090445,-9.63488286899996,0],[-60.6475256419999,-9.63393243399996,0],[-60.648518397,-9.63362870099996,0],[-60.653398518,-9.63287138799997,0],[-60.65561557,-9.63227092599992,0],[-60.656667931,-9.63179818699997,0],[-60.658454169,-9.63035746999998,0],[-60.659604558,-9.62851077599993,0],[-60.660052599,-9.62685248899992,0],[-60.660116499,-9.62447544999998,0],[-60.660350681,-9.61333876999993,0],[-60.659948554,-9.61108239499993,0],[-60.657925211,-9.60477589199996,0],[-60.656398168,-9.60194863899994,0],[-60.6543958409999,-9.59957765399996,0],[-60.642222934,-9.58964232599993,0],[-60.632381933,-9.57991261399998,0],[-60.6283448469999,-9.57684638299996,0],[-60.6195324019999,-9.57158292899992,0],[-60.61727166,-9.56962090399997,0],[-60.615431486,-9.56741192299994,0],[-60.612643108,-9.56240689099997,0],[-60.61190549,-9.56138062699994,0],[-60.6104248739999,-9.56010754199997,0],[-60.6080870129999,-9.55891197899996,0],[-60.606495718,-9.55866439599994,0],[-60.6050227499999,-9.55892799799993,0],[-60.6040878059999,-9.55937672899995,0],[-60.6016952099999,-9.56106179999996,0],[-60.600288727,-9.56157210599997,0],[-60.598563585,-9.56161628099993,0],[-60.597416078,-9.56114728199999,0],[-60.596127957,-9.56018017599996,0],[-60.5931577069999,-9.55710172899995,0],[-60.591667935,-9.55488090999994,0],[-60.5904942669999,-9.55263291899995,0],[-60.59020406,-9.55140694899995,0],[-60.5902051469999,-9.55026158499993,0],[-60.591238636,-9.54669349099992,0],[-60.5924972609999,-9.53792045499995,0],[-60.5929267289999,-9.53172472399995,0],[-60.59290405,-9.53081147099994,0],[-60.592438606,-9.52938132899993,0],[-60.5916200519999,-9.52813554699999,0],[-60.5875292439999,-9.52456369499993,0],[-60.5857189129999,-9.52273359999997,0],[-60.584901582,-9.52162311599995,0],[-60.584005195,-9.51939427899992,0],[-60.5834270409999,-9.51510584099997,0],[-60.5835239039999,-9.51315948399997,0],[-60.58391649,-9.51136701699995,0],[-60.585807686,-9.50720855299994,0],[-60.586571057,-9.50490249799998,0],[-60.588027713,-9.49815143599994,0],[-60.5882498519999,-9.49506543399998,0],[-60.588180575,-9.48812670599995,0],[-60.587777301,-9.48531610099997,0],[-60.5861935679999,-9.47983147999997,0],[-60.5861572909999,-9.47822900499995,0],[-60.586470203,-9.47677289999995,0],[-60.5871181319999,-9.47539463499992,0],[-60.5894255119999,-9.47188597599995,0],[-60.593483943,-9.46725435099994,0],[-60.597924157,-9.46105269899995,0],[-60.5988128929999,-9.45944554799996,0],[-60.5995020569999,-9.45696082999997,0],[-60.6004958679999,-9.44556749199996,0],[-60.600968274,-9.44204136699993,0],[-60.601879273,-9.43777623099993,0],[-60.603187874,-9.43349438399996,0],[-60.604757224,-9.42962059699994,0],[-60.606664915,-9.42634512599993,0],[-60.6088943779999,-9.42356371699998,0],[-60.612699662,-9.41981813899998,0],[-60.614760151,-9.41664177799993,0],[-60.615746385,-9.41407099999998,0],[-60.620158826,-9.40038253299996,0],[-60.620969961,-9.39692436199994,0],[-60.620973927,-9.39314556799997,0],[-60.619538765,-9.38473913399996,0],[-60.61950637,-9.38267467099996,0],[-60.619718233,-9.38062069099993,0],[-60.6202035649999,-9.37849537999995,0],[-60.62184402,-9.37377437799995,0],[-60.62226469,-9.37198634699996,0],[-60.622827359,-9.36847389599994,0],[-60.623163356,-9.36399684699996,0],[-60.6236679529999,-9.36175948499994,0],[-60.6246979279999,-9.35933612299993,0],[-60.6281592999999,-9.35368400499993,0],[-60.633669219,-9.34726894399995,0],[-60.639515917,-9.34092647299997,0],[-60.6416103879999,-9.33895220199997,0],[-60.643811565,-9.33727850299994,0],[-60.6468918429999,-9.33546727599998,0],[-60.65013822,-9.33409822999994,0],[-60.654120453,-9.33290784999997,0],[-60.6604049109999,-9.33152386899997,0],[-60.662042914,-9.33067924399995,0],[-60.663470046,-9.32951691999995,0],[-60.664497201,-9.32827832899993,0],[-60.6719525299999,-9.31920576799997,0],[-60.6737694239999,-9.31694747499995,0],[-60.681055402,-9.30526738499998,0],[-60.681767282,-9.30332936999996,0],[-60.682095534,-9.30140813799995,0],[-60.681729859,-9.29410757599994,0],[-60.6820521179999,-9.29223647899994,0],[-60.682078711,-9.29208207199998,0],[-60.6827687809999,-9.29076146499995,0],[-60.6837894189999,-9.28965034099997,0],[-60.6846543359999,-9.28904450099998,0],[-60.68505699,-9.28876245799995,0],[-60.68722478,-9.28811945199993,0],[-60.683546538,-9.28795544899998,0],[-60.660550002,-9.29084995099993,0],[-60.59628495,-9.30063907499994,0],[-60.477930035,-9.31756738599995,0],[-60.422362241,-9.31780649399996,0],[-60.368675073,-9.31830232699997,0],[-60.286374119,-9.31991878899992,0],[-60.2703093489999,-9.32023431499994,0],[-60.2695729449999,-9.32024877799996,0],[-60.266787474,-9.32063731599994,0],[-60.2655378599999,-9.32096104999994,0],[-60.2655129509999,-9.32146702399996,0],[-60.265170881,-9.32168965099993,0],[-60.263777548,-9.32232582599994,0],[-60.26086986,-9.32217055699993,0],[-60.2599024529999,-9.32268696299998,0],[-60.259365507,-9.32344177399996,0],[-60.2592931089999,-9.32481471899996,0],[-60.259534447,-9.32543167699994,0],[-60.2617108969999,-9.32830523099993,0],[-60.261617491,-9.32903472399994,0],[-60.260921974,-9.33088633099993,0],[-60.260315385,-9.33451410599997,0],[-60.2595957469999,-9.33601704599994,0],[-60.2594372089999,-9.33807263899997,0],[-60.258520631,-9.33857280399997,0],[-60.256947719,-9.33904990899993,0],[-60.255849691,-9.33983613999992,0],[-60.253500285,-9.34244778099998,0],[-60.2520673499999,-9.34372364199994,0],[-60.249739125,-9.34381629699992,0],[-60.2491163459999,-9.34370260799994,0],[-60.2482180279999,-9.34422727199996,0],[-60.246546726,-9.34588881599996,0],[-60.2448802719999,-9.34690589499996,0],[-60.242168372,-9.34811493899997,0],[-60.240504307,-9.34859647099996,0],[-60.2393110099999,-9.34894180499997,0],[-60.237551987,-9.34976861899997,0],[-60.234558466,-9.35182340399996,0],[-60.2323554449999,-9.35416044199997,0],[-60.2309603109999,-9.35519884899997,0],[-60.2300731829999,-9.35549820499995,0],[-60.2290337709999,-9.35548546799993,0],[-60.226424414,-9.35443031599993,0],[-60.224925791,-9.35443249999998,0],[-60.2232345629999,-9.35499902099997,0],[-60.22222046,-9.35571829499997,0],[-60.221239849,-9.35641376799999,0],[-60.220871696,-9.35689407599996,0],[-60.220915597,-9.35764178199997,0],[-60.222897631,-9.35936189199997,0],[-60.2228539079999,-9.35980443499994,0],[-60.222291546,-9.36060412299997,0],[-60.2196992629999,-9.36183943599998,0],[-60.213834259,-9.36405503899994,0],[-60.213086839,-9.36433736499992,0],[-60.2118836559999,-9.36419318299994,0],[-60.210881677,-9.36360599499994,0],[-60.210038891,-9.36269823499992,0],[-60.2094774029999,-9.36275742599997,0],[-60.208246973,-9.36464662199996,0],[-60.205536762,-9.36752701199992,0],[-60.2050927939999,-9.36838504099996,0],[-60.2047781809999,-9.36959319799996,0],[-60.203854172,-9.37106277399993,0],[-60.2014399449999,-9.37369988999995,0],[-60.2008872179999,-9.37487893399998,0],[-60.200775055,-9.37691707499993,0],[-60.200523467,-9.37742265899992,0],[-60.198540581,-9.37806296799995,0],[-60.197220054,-9.37848939099996,0],[-60.1955199079999,-9.37952673599995,0],[-60.195039774,-9.38019194499999,0],[-60.192821674,-9.38096992599998,0],[-60.191276145,-9.38151200699997,0],[-60.189135683,-9.38265793299996,0],[-60.1878212029999,-9.38400190899996,0],[-60.187161342,-9.38533620499992,0],[-60.187087001,-9.38909325499998,0],[-60.1862610869999,-9.39017767499996,0],[-60.183322259,-9.39232622599998,0],[-60.1813928239999,-9.39451976599996,0],[-60.179723699,-9.39532901599996,0],[-60.178461534,-9.39541370399996,0],[-60.1772004859999,-9.39549838599992,0],[-60.175614034,-9.39525488899993,0],[-60.173361557,-9.39490918099994,0],[-60.171806782,-9.39517869899992,0],[-60.1711023199999,-9.39587926399997,0],[-60.1695813389999,-9.39855858799996,0],[-60.168149862,-9.39988717299997,0],[-60.1667891869999,-9.40038326299998,0],[-60.165173876,-9.40030895999996,0],[-60.16394722,-9.39995443699995,0],[-60.1632352079999,-9.39991464199994,0],[-60.160597028,-9.39976732499998,0],[-60.155406837,-9.39715619599997,0],[-60.1543354689999,-9.39694060299997,0],[-60.153103436,-9.39699415799993,0],[-60.1525221209999,-9.39739016699997,0],[-60.151451907,-9.39880404699994,0],[-60.1509762319999,-9.40124251799995,0],[-60.1506323369999,-9.40165720299996,0],[-60.1501163679999,-9.40186353599995,0],[-60.1464290989999,-9.40221253899995,0],[-60.1429819969999,-9.40342766399992,0],[-60.141997761,-9.40411957199997,0],[-60.1399610289999,-9.40650875799997,0],[-60.13798593,-9.40742903099995,0],[-60.1367432449999,-9.40800797299994,0],[-60.135570974,-9.40758243599993,0],[-60.1353193309999,-9.40701213699998,0],[-60.135505539,-9.40415120899997,0],[-60.134883831,-9.40381693399997,0],[-60.132708936,-9.40396760699996,0],[-60.13151121,-9.40493535199995,0],[-60.1301725829999,-9.40655745399995,0],[-60.1298594,-9.40724825699994,0],[-60.1293374489999,-9.40772445499995,0],[-60.1278305449999,-9.40779871399996,0],[-60.126435008,-9.40680805399996,0],[-60.125895312,-9.40672270199997,0],[-60.124061449,-9.40782067699995,0],[-60.1223065139999,-9.40717758199996,0],[-60.121906794,-9.40724101399996,0],[-60.120752861,-9.40821988999993,0],[-60.1205132759999,-9.40863197199998,0],[-60.1195788859999,-9.40921261199998,0],[-60.117073892,-9.40880703399995,0],[-60.115991123,-9.40889249399994,0],[-60.114903624,-9.40897828399994,0],[-60.1130689839999,-9.40954558799996,0],[-60.1111078549999,-9.41056311599992,0],[-60.1088354899999,-9.41394293499997,0],[-60.106166759,-9.41459712799997,0],[-60.103817668,-9.41706302699993,0],[-60.1025604449999,-9.41743719199996,0],[-60.1016209869999,-9.41771683599995,0],[-60.09979344,-9.41657355999995,0],[-60.0968559729999,-9.41395764999993,0],[-60.0944111489999,-9.41409713399998,0],[-60.093054496,-9.41451524199995,0],[-60.09282647,-9.41570652799994,0],[-60.093038656,-9.41628923599995,0],[-60.0931666349999,-9.41664073499992,0],[-60.094097458,-9.41792893599994,0],[-60.093792836,-9.41892158099995,0],[-60.0921093269999,-9.41822664099993,0],[-60.091658664,-9.41819119199993,0],[-60.0912906729999,-9.41849832199995,0],[-60.0878006529999,-9.41899756299995,0],[-60.08637318,-9.42076514099995,0],[-60.085260594,-9.42152703299996,0],[-60.083741478,-9.42036989499996,0],[-60.082042493,-9.42022277399996,0],[-60.08089918,-9.41976089299993,0],[-60.079967852,-9.41975172999998,0],[-60.079024649,-9.42018248799997,0],[-60.07828039,-9.42023521399994,0],[-60.0765704839999,-9.42100784499996,0],[-60.074749496,-9.42238282199996,0],[-60.0741312869999,-9.42260325199993,0],[-60.073160876,-9.42263421899997,0],[-60.0714126079999,-9.42123195499994,0],[-60.070883846,-9.42118960199997,0],[-60.069500508,-9.42241742899995,0],[-60.0667026469999,-9.42376560099997,0],[-60.064827615,-9.42374083099998,0],[-60.064009169,-9.42271133199995,0],[-60.062521123,-9.42004423599997,0],[-60.060685582,-9.41765282499995,0],[-60.060122039,-9.41714324699996,0],[-60.05982604,-9.41596895099998,0],[-60.060258274,-9.41513842299996,0],[-60.060240555,-9.41442749499992,0],[-60.059456263,-9.41410578999994,0],[-60.057571649,-9.41422033799995,0],[-60.05658676,-9.41473856599993,0],[-60.0561441139999,-9.41441566399993,0],[-60.054498144,-9.41337747199998,0],[-60.0537779109999,-9.41269359099994,0],[-60.0534672859999,-9.41217761299992,0],[-60.053285761,-9.41187610099996,0],[-60.052701332,-9.41123859899993,0],[-60.0514846309999,-9.41052354599998,0],[-60.050583581,-9.40909714499998,0],[-60.049843133,-9.40792479999993,0],[-60.0475282589999,-9.40597274299995,0],[-60.044917292,-9.40485730699994,0],[-60.0444626039999,-9.40445530999995,0],[-60.04416825,-9.40353095399996,0],[-60.044143553,-9.40260465699992,0],[-60.0430130399999,-9.40072653499993,0],[-60.043027711,-9.39996459899993,0],[-60.043678542,-9.39860809899993,0],[-60.0438285829999,-9.39711630599993,0],[-60.0434561439999,-9.39690343899997,0],[-60.0425154129999,-9.39686719499996,0],[-60.041950491,-9.39709380899995,0],[-60.040707707,-9.39723479299994,0],[-60.039034629,-9.39648128399994,0],[-60.037757631,-9.39662125699994,0],[-60.037166349,-9.39685930599994,0],[-60.036031513,-9.39687434499996,0],[-60.0351998199999,-9.39688542099998,0],[-60.034051217,-9.39637181099993,0],[-60.032974597,-9.39544941299994,0],[-60.032871583,-9.39465342899997,0],[-60.0334650729999,-9.39356916899994,0],[-60.034831627,-9.39176179099995,0],[-60.035155244,-9.38998296899996,0],[-60.034185377,-9.38774901499994,0],[-60.0341160409999,-9.38741210399996,0],[-60.0323008999999,-9.38693030099996,0],[-60.029631803,-9.38760199099995,0],[-60.0289116289999,-9.38763326199994,0],[-60.0274742779999,-9.38725684599996,0],[-60.024014052,-9.38746522699994,0],[-60.023421844,-9.38723703499994,0],[-60.0228263559999,-9.38631423399993,0],[-60.022359334,-9.38307243499996,0],[-60.021703824,-9.38219247799998,0],[-60.020929709,-9.38180160599995,0],[-60.0195490899999,-9.38168049299999,0],[-60.017333643,-9.38227749699995,0],[-60.016098201,-9.38239698099993,0],[-60.01363807,-9.38173358399995,0],[-60.012213561,-9.38067966399996,0],[-60.011411089,-9.38039603199996,0],[-60.008272612,-9.38034872299993,0],[-60.007231072,-9.38058866899996,0],[-60.0056887389999,-9.38174910799996,0],[-60.005230162,-9.38193984899992,0],[-60.0016160059999,-9.38593742699993,0],[-60.0015245239999,-9.38657622999995,0],[-60.000504478,-9.38718456899994,0],[-60.000504403,-9.38737096899995,0],[-60.000503279,-9.39016892999996,0],[-60.000002552,-9.39096384499993,0],[-60.000031512,-9.39106620199993,0],[-60.000033952,-9.39122040599996,0],[-59.999988265,-9.39131295299994,0],[-59.9997087949999,-9.39202596699994,0],[-59.999326734,-9.39301382799994,0],[-59.9998751379999,-9.39401272099998,0],[-59.99857336,-9.39543632099998,0],[-59.99826381,-9.39611545899993,0],[-59.99820628,-9.39624032799997,0],[-59.9978838709999,-9.39782780799992,0],[-59.997894372,-9.39895241599992,0],[-59.99819568,-9.40057281299993,0],[-59.997809816,-9.40115785699993,0],[-59.9972795479999,-9.40153673999992,0],[-59.995723523,-9.40171922299993,0],[-59.994812527,-9.40250272899993,0],[-59.9944921159999,-9.40325907799996,0],[-59.994211889,-9.40485187099995,0],[-59.994336327,-9.40562532399997,0],[-59.995034015,-9.40733473099993,0],[-59.994935835,-9.40823337099994,0],[-59.994145701,-9.40938195399997,0],[-59.993268561,-9.41013398299999,0],[-59.9931171379999,-9.41054894299998,0],[-59.993106348,-9.41342473899993,0],[-59.991775993,-9.41457435199993,0],[-59.990984208,-9.41489987699992,0],[-59.988526521,-9.41552385799998,0],[-59.9855947729999,-9.41713873499999,0],[-59.982493033,-9.41673889099996,0],[-59.981777168,-9.41696462999995,0],[-59.981054511,-9.41793535699999,0],[-59.980705315,-9.41806077499995,0],[-59.9799134479999,-9.41788364899999,0],[-59.9775871909999,-9.41678850199997,0],[-59.9760717469999,-9.41664503799996,0],[-59.975108657,-9.41708305499997,0],[-59.974485885,-9.41707614099994,0],[-59.9738038039999,-9.41675608799994,0],[-59.9717631889999,-9.41491540799996,0],[-59.970943182,-9.41441250599995,0],[-59.969891063,-9.41434535199994,0],[-59.969095602,-9.41467444099992,0],[-59.968190366,-9.41467791699995,0],[-59.96764316,-9.41438094299996,0],[-59.9672229339999,-9.41382254299998,0],[-59.966787498,-9.41251291499998,0],[-59.9660174589999,-9.41128558499997,0],[-59.964279721,-9.41095491099999,0],[-59.9635490379999,-9.41063134599995,0],[-59.963295235,-9.41028535799994,0],[-59.9634147689999,-9.40854118499993,0],[-59.9632664489999,-9.40819949099996,0],[-59.9628645129999,-9.40808444899993,0],[-59.9603716569999,-9.40854410599997,0],[-59.958524642,-9.41004732099997,0],[-59.957983869,-9.41022962099993,0],[-59.9575455089999,-9.41025106999996,0],[-59.954782381,-9.41039076999995,0],[-59.9527697249999,-9.41113673099995,0],[-59.9516763,-9.41200935899997,0],[-59.949833237,-9.41416416799995,0],[-59.948257811,-9.41526834099994,0],[-59.947610353,-9.41530093299997,0],[-59.9468157589999,-9.41512824999996,0],[-59.9434975579999,-9.41227194799994,0],[-59.942205348,-9.41085075799998,0],[-59.9419461699999,-9.41056490599994,0],[-59.9409362439999,-9.41049312999995,0],[-59.939789302,-9.41071779199996,0],[-59.938500899,-9.41180256699994,0],[-59.938293949,-9.41197706599997,0],[-59.937315966,-9.41280008999996,0],[-59.935938613,-9.41340931399998,0],[-59.934772145,-9.41349667399993,0],[-59.9341361579999,-9.41377695499995,0],[-59.933299071,-9.41441931099996,0],[-59.933058753,-9.41489903799994,0],[-59.932120953,-9.41563761299994,0],[-59.931223557,-9.41591117699994,0],[-59.930236728,-9.41593447999999,0],[-59.929032745,-9.41558029499992,0],[-59.926291304,-9.41358720399995,0],[-59.9249265879999,-9.41310494499993,0],[-59.9238588869999,-9.41303772599997,0],[-59.921213254,-9.41324435699995,0],[-59.9176657469999,-9.41378645499998,0],[-59.91613111,-9.41416523099996,0],[-59.9149287129999,-9.41466907799998,0],[-59.914711328,-9.41465958599998,0],[-59.913818829,-9.41661154999997,0],[-59.9134793969999,-9.41807247799994,0],[-59.912020718,-9.41987554199994,0],[-59.911750888,-9.42329304299994,0],[-59.9116882669999,-9.42365666699992,0],[-59.9109453139999,-9.42564876899996,0],[-59.9099502999999,-9.42723112499993,0],[-59.908420704,-9.42788632399993,0],[-59.9071852929999,-9.42791001699993,0],[-59.90605584,-9.42819920299996,0],[-59.9053805839999,-9.42859261399997,0],[-59.905008069,-9.42902409399994,0],[-59.904961575,-9.42918035199995,0],[-59.904420123,-9.43103567299993,0],[-59.903914132,-9.43221506299994,0],[-59.902535786,-9.43384923899993,0],[-59.901428344,-9.43770354699997,0],[-59.900870632,-9.43869274299993,0],[-59.8999424579999,-9.43973374099994,0],[-59.8997927469999,-9.44012893399997,0],[-59.897925882,-9.44198116499996,0],[-59.895696428,-9.44419214999993,0],[-59.894622937,-9.44553587799992,0],[-59.893961926,-9.44673169499992,0],[-59.8930187839999,-9.44967738799994,0],[-59.8914313349999,-9.45240068799994,0],[-59.890911843,-9.45375424099995,0],[-59.888418687,-9.45627264299998,0],[-59.887238676,-9.45654213399996,0],[-59.883689588,-9.45690360699996,0],[-59.881216433,-9.45779102199998,0],[-59.877362046,-9.45980812799996,0],[-59.877237416,-9.45987386199993,0],[-59.8761103589999,-9.46001129299999,0],[-59.8742977799999,-9.45943269499998,0],[-59.872625974,-9.45805051099995,0],[-59.871654271,-9.45680448399997,0],[-59.870710721,-9.45486816399996,0],[-59.869709443,-9.45348754799993,0],[-59.868840061,-9.45252408999994,0],[-59.8663021639999,-9.45046206799998,0],[-59.865575109,-9.45011142199996,0],[-59.864130906,-9.44983287299994,0],[-59.861943986,-9.44969108399993,0],[-59.8606164939999,-9.45007205699994,0],[-59.8594692459999,-9.45019243099994,0],[-59.8576719829999,-9.44995483699996,0],[-59.856621897,-9.45003734599993,0],[-59.855079652,-9.45088630099997,0],[-59.8545655409999,-9.45168868799992,0],[-59.854428393,-9.45301644499995,0],[-59.854281941,-9.45319530499994,0],[-59.854302434,-9.45445099799997,0],[-59.8555476239999,-9.45902397599996,0],[-59.8556353779999,-9.46098956099996,0],[-59.85530274,-9.46224943099998,0],[-59.8543051189999,-9.46298978699997,0],[-59.853046422,-9.46339576599996,0],[-59.849571493,-9.46371828999997,0],[-59.8472210859999,-9.46348335399995,0],[-59.846820626,-9.46370750599992,0],[-59.846247634,-9.46442112699997,0],[-59.8460403,-9.46494296699995,0],[-59.8459839189999,-9.46577243799993,0],[-59.8462375559999,-9.46713457999994,0],[-59.846239281,-9.46977621199993,0],[-59.8457668849999,-9.47194019799997,0],[-59.844256097,-9.47354217399992,0],[-59.8429030189999,-9.47456942599996,0],[-59.842635231,-9.47460306999993,0],[-59.841205609,-9.47573646399998,0],[-59.8404913479999,-9.47630970899996,0],[-59.8397176949999,-9.47695535899993,0],[-59.8395840919999,-9.47706685699995,0],[-59.838222494,-9.47778028299996,0],[-59.837155797,-9.47827166399999,0],[-59.836769964,-9.47844939899994,0],[-59.833819245,-9.47965433599995,0],[-59.833228995,-9.47983308899994,0],[-59.832320463,-9.47983453899996,0],[-59.830276338,-9.47988224899996,0],[-59.830138,-9.47989181699996,0],[-59.8299401639999,-9.47991164199993,0],[-59.8297431779999,-9.47993863799996,0],[-59.829547303,-9.47997276899997,0],[-59.829352796,-9.48001398999997,0],[-59.8291599139999,-9.48006224599994,0],[-59.829004761,-9.48010653299996,0],[-59.8288182869999,-9.48015030299996,0],[-59.828562195,-9.48020399999995,0],[-59.8283047209999,-9.48025061999993,0],[-59.82804606,-9.48029012799998,0],[-59.8277864089999,-9.48032249299996,0],[-59.827525964,-9.48034769199995,0],[-59.827264924,-9.48036570499994,0],[-59.827003487,-9.48037651799996,0],[-59.826741851,-9.48038012299997,0],[-59.8265067359999,-9.48037721199995,0],[-59.826381738,-9.48031558099996,0],[-59.826242533,-9.48023938199998,0],[-59.826106941,-9.48015692699994,0],[-59.825975242,-9.48006838499998,0],[-59.825847709,-9.47997394099997,0],[-59.825724608,-9.47987378999994,0],[-59.825606192,-9.47976814099997,0],[-59.825492707,-9.47965721099996,0],[-59.825384389,-9.47954123099993,0],[-59.825281463,-9.47942044099995,0],[-59.82518414,-9.47929509099994,0],[-59.825092624,-9.47916544199995,0],[-59.825007103,-9.47903176199998,0],[-59.824927755,-9.47889432799998,0],[-59.824854745,-9.47875342399994,0],[-59.824788224,-9.47860934399995,0],[-59.824728329,-9.47846238599992,0],[-59.824675186,-9.47831285299998,0],[-59.82461473,-9.47816704899997,0],[-59.824515666,-9.47806539999992,0],[-59.824397904,-9.47798616499995,0],[-59.824266424,-9.47793269299996,0],[-59.824126787,-9.47790724699997,0],[-59.8239848969999,-9.47791090099997,0],[-59.8238539929999,-9.47796402599994,0],[-59.823757504,-9.47811660999996,0],[-59.823637789,-9.47825174099994,0],[-59.823497948,-9.47836591799995,0],[-59.823341602,-9.47845618399998,0],[-59.823172802,-9.47852020099997,0],[-59.8229959179999,-9.47855631299995,0],[-59.8228155319999,-9.47856358199994,0],[-59.8226363159999,-9.47854182099996,0],[-59.8224629119999,-9.47849159399992,0],[-59.8223695999999,-9.47843557599998,0],[-59.8222828729999,-9.47837301199996,0],[-59.822192119,-9.47831644499996,0],[-59.822097754,-9.47826613399997,0],[-59.822000208,-9.47822230799994,0],[-59.821899926,-9.47818516799999,0],[-59.821797365,-9.47815488199995,0],[-59.8216929939999,-9.47813158899993,0],[-59.8215872879999,-9.47811539599997,0],[-59.82148073,-9.47810637499998,0],[-59.8213738059999,-9.47810456899998,0],[-59.8212670039999,-9.47810998499995,0],[-59.821160812,-9.47812259999995,0],[-59.821055713,-9.47814235399994,0],[-59.820952188,-9.47816915799996,0],[-59.820850709,-9.47820289099996,0],[-59.820751738,-9.47824339699998,0],[-59.8206432599999,-9.47829721099993,0],[-59.820520147,-9.47833413699992,0],[-59.820392802,-9.47836480399997,0],[-59.820263949,-9.47838834599998,0],[-59.820133987,-9.47840468999993,0],[-59.820003317,-9.47841378699997,0],[-59.819872344,-9.47841560799997,0],[-59.819741473,-9.47841014699998,0],[-59.819611106,-9.47839742099996,0],[-59.819481649,-9.47837746999994,0],[-59.8193535,-9.47835035599997,0],[-59.819227057,-9.47831616099994,0],[-59.8191027089999,-9.47827499199997,0],[-59.818980841,-9.47822697599998,0],[-59.8188618299999,-9.47817226199994,0],[-59.818746044,-9.47811101799995,0],[-59.818553131,-9.47798932999996,0],[-59.8147258659999,-9.47720021099998,0],[-59.8146029069999,-9.47717347499996,0],[-59.812937252,-9.47725057599997,0],[-59.812018515,-9.47748269199996,0],[-59.811268996,-9.47798562099996,0],[-59.8103070449999,-9.47928685099992,0],[-59.809299477,-9.48130982899994,0],[-59.8080642849999,-9.48268688299992,0],[-59.8061637719999,-9.48389262199992,0],[-59.8044636399999,-9.48422018299993,0],[-59.8024839029999,-9.48408410399999,0],[-59.800096583,-9.48318387799998,0],[-59.7978112499999,-9.48295759199992,0],[-59.796678916,-9.48328335999997,0],[-59.7962097819999,-9.48360901199994,0],[-59.7957919579999,-9.48389867999999,0],[-59.79463421,-9.48381966099993,0],[-59.7917368239999,-9.48229813099994,0],[-59.788724595,-9.48181170299995,0],[-59.788302807,-9.48191646399994,0],[-59.7852164129999,-9.48267870299999,0],[-59.783966907,-9.48257915299995,0],[-59.77958291,-9.48123123299995,0],[-59.778426866,-9.48106331199996,0],[-59.776554732,-9.48109482699994,0],[-59.7739754249999,-9.48056997099997,0],[-59.772922616,-9.48072233099998,0],[-59.772328783,-9.48108943499994,0],[-59.771275534,-9.48214568399994,0],[-59.769387192,-9.48475782699995,0],[-59.769172047,-9.48562523799995,0],[-59.769086263,-9.48888998399997,0],[-59.769928358,-9.49246753499994,0],[-59.770527902,-9.49400696199995,0],[-59.7706854539999,-9.49504976199995,0],[-59.770459925,-9.49751226699994,0],[-59.769608564,-9.49983387699997,0],[-59.76695334,-9.50488602999997,0],[-59.765834621,-9.50815324399998,0],[-59.765418148,-9.51174168399996,0],[-59.765583539,-9.51431046599993,0],[-59.770965108,-9.51694966199994,0],[-59.773631858,-9.51695289399994,0],[-59.7751713069999,-9.51762832299994,0],[-59.776512252,-9.51866220099994,0],[-59.778507039,-9.52071930499994,0],[-59.779123822,-9.52268600899992,0],[-59.7791269419999,-9.52351003899996,0],[-59.778756782,-9.52497823499994,0],[-59.7776302999999,-9.52677430399996,0],[-59.7754337229999,-9.52947589299993,0],[-59.774305544,-9.53137519299997,0],[-59.773378167,-9.53498960299993,0],[-59.7733165179999,-9.53664765399998,0],[-59.773454557,-9.53751727399997,0],[-59.77325546,-9.53809475899993,0],[-59.773418622,-9.53919324299993,0],[-59.775740061,-9.54478577599997,0],[-59.776059034,-9.54637415499996,0],[-59.776067183,-9.54748544399997,0],[-59.775668961,-9.54980469299995,0],[-59.7748281739999,-9.55188761999996,0],[-59.773950957,-9.55296432299996,0],[-59.773432282,-9.55334121299994,0],[-59.772282892,-9.55342998999993,0],[-59.7756682409999,-9.55465566299996,0],[-59.779998238,-9.55685387099992,0],[-59.781339445,-9.55856820199996,0],[-59.783208309,-9.56445501099995,0],[-59.7844645609999,-9.56638222199997,0],[-59.787163301,-9.56905143099993,0],[-59.787954283,-9.57030339299996,0],[-59.788477273,-9.57149292199995,0],[-59.7890930899999,-9.57220384899995,0],[-59.790182482,-9.57301908699997,0],[-59.793213753,-9.57474969999994,0],[-59.79490759,-9.57603259999996,0],[-59.797276107,-9.57752541899993,0],[-59.799654795,-9.57791316699995,0],[-59.8033812529999,-9.57773598199998,0],[-59.804750425,-9.57850049199992,0],[-59.805193243,-9.57887234799995,0],[-59.8053614839999,-9.57908573599996,0],[-59.80660511,-9.58220865499993,0],[-59.808902738,-9.58577699499995,0],[-59.809478293,-9.58709121699997,0],[-59.809949316,-9.58957170299993,0],[-59.810507864,-9.59114359199999,0],[-59.811134427,-9.59222254299993,0],[-59.8153372359999,-9.59658327799997,0],[-59.816749546,-9.59731448699995,0],[-59.821214729,-9.59769438299998,0],[-59.823205397,-9.59806289199996,0],[-59.824072428,-9.59861360699995,0],[-59.824316741,-9.59876942099992,0],[-59.82575002,-9.59996288899993,0],[-59.8274628779999,-9.60210208799998,0],[-59.828077967,-9.60287044199992,0],[-59.8294820149999,-9.60357739599992,0],[-59.831703655,-9.60378302299996,0],[-59.8329228599999,-9.60423172399993,0],[-59.833833689,-9.60517375499995,0],[-59.834477917,-9.60689990799995,0],[-59.834592551,-9.60961079899994,0],[-59.834852288,-9.61130345999993,0],[-59.835766339,-9.61416030499992,0],[-59.836206444,-9.61616598599993,0],[-59.8362316079999,-9.61808783499994,0],[-59.826841585,-9.67305241199996,0],[-59.826658451,-9.67400378399998,0],[-59.811959383,-9.75048209099999,0],[-59.8067171069999,-9.75325932599997,0],[-59.80269233,-9.75413912699997,0],[-59.8015633959999,-9.75524877899994,0],[-59.800154263,-9.75733659099997,0],[-59.7984851969999,-9.76160473099998,0],[-59.7977541779999,-9.76304686799995,0],[-59.796980455,-9.76418829699998,0],[-59.795598516,-9.76551470999993,0],[-59.79289491,-9.76683505099994,0],[-59.791963005,-9.76778637599994,0],[-59.791755359,-9.76822663099995,0],[-59.791201357,-9.76845192999997,0],[-59.788362052,-9.77103930599998,0],[-59.787344871,-9.77263450499993,0],[-59.786555318,-9.77423923899994,0],[-59.7861400319999,-9.77571501799997,0],[-59.786026149,-9.77683479799997,0],[-59.786251605,-9.78186957199996,0],[-59.7858618659999,-9.78325284399996,0],[-59.785123277,-9.78459444499994,0],[-59.784289089,-9.78526280199997,0],[-59.783776195,-9.78537849699994,0],[-59.781934733,-9.78579696599995,0],[-59.7794101009999,-9.78603059399995,0],[-59.778609203,-9.78627600499994,0],[-59.777923281,-9.78667926599996,0],[-59.7770695569999,-9.78777771299997,0],[-59.776824698,-9.78850084799996,0],[-59.7766195089999,-9.78994400299997,0],[-59.775237385,-9.79300505099997,0],[-59.7742904,-9.79434695699997,0],[-59.773167069,-9.79561819499998,0],[-59.7717514409999,-9.79662409699995,0],[-59.7692888029999,-9.79721852599995,0],[-59.7672287999999,-9.79701864399992,0],[-59.766391351,-9.79738620199993,0],[-59.7652154799999,-9.79853000699995,0],[-59.7642838849999,-9.79975695299993,0],[-59.761231483,-9.80305567599993,0],[-59.759078544,-9.80633961599995,0],[-59.7584174839999,-9.80682273199994,0],[-59.7572470649999,-9.80735237899995,0],[-59.755589034,-9.80713570299996,0],[-59.752041682,-9.80610109899992,0],[-59.750327668,-9.80527483699996,0],[-59.748879605,-9.80490071199994,0],[-59.7487749269999,-9.80487392599997,0],[-59.7476984529999,-9.80439600999996,0],[-59.741535164,-9.80334981699997,0],[-59.738913419,-9.80253917499994,0],[-59.737728477,-9.80194377199996,0],[-59.7345060329999,-9.79772747199996,0],[-59.733622397,-9.79603894499997,0],[-59.7330533099999,-9.79415693699997,0],[-59.732589751,-9.79350484599996,0],[-59.731659583,-9.79262355999998,0],[-59.731156241,-9.79175424399995,0],[-59.730497027,-9.78911457899993,0],[-59.7299753999999,-9.78829108099995,0],[-59.7288584259999,-9.78769736699996,0],[-59.728196511,-9.78759773199993,0],[-59.724018018,-9.78792767299996,0],[-59.7228668029999,-9.78840243799993,0],[-59.721863599,-9.78904220099997,0],[-59.7206634089999,-9.79056392599995,0],[-59.718030293,-9.79390129399997,0],[-59.716634558,-9.79541161399993,0],[-59.7147829149999,-9.79647632099994,0],[-59.7118162629999,-9.79768799899994,0],[-59.710867693,-9.79868771299994,0],[-59.709817389,-9.79979530899992,0],[-59.7083892479999,-9.80049039999994,0],[-59.706578893,-9.80092113499995,0],[-59.704793013,-9.80113634499997,0],[-59.703418187,-9.80124325099995,0],[-59.7014788549999,-9.80199468099994,0],[-59.701035401,-9.80256272699995,0],[-59.700562039,-9.80471195299999,0],[-59.7000911649999,-9.80601987899996,0],[-59.6983654809999,-9.80794362899996,0],[-59.697253356,-9.80885465799996,0],[-59.696200357,-9.80938311399995,0],[-59.692389423,-9.81081131099996,0],[-59.685433507,-9.81406181699998,0],[-59.6848023979999,-9.81435714799995,0],[-59.6833175089999,-9.81455572999993,0],[-59.6795473669999,-9.81465178899998,0],[-59.677710062,-9.81523285999998,0],[-59.6751933369999,-9.81670684299996,0],[-59.674159171,-9.81761683199995,0],[-59.6721971819999,-9.81934508399996,0],[-59.670861537,-9.81996274799997,0],[-59.6696998429999,-9.82024527699997,0],[-59.667325504,-9.82115158599993,0],[-59.664377041,-9.82312170799997,0],[-59.663322702,-9.82407300899996,0],[-59.6617704179999,-9.82608444199997,0],[-59.661605822,-9.82655963199995,0],[-59.661514833,-9.82716492099996,0],[-59.6618289589999,-9.82800584099993,0],[-59.6639016679999,-9.82941288699992,0],[-59.664237514,-9.83001583999992,0],[-59.665613513,-9.83485280999997,0],[-59.665443172,-9.83652579899995,0],[-59.6644850599999,-9.83806780499997,0],[-59.6639766919999,-9.83888733199996,0],[-59.663837788,-9.84004669099994,0],[-59.663353679,-9.84185387499997,0],[-59.6626172269999,-9.84304362699993,0],[-59.6617660869999,-9.84358613999996,0],[-59.659960391,-9.84421785499995,0],[-59.656530807,-9.84483365199997,0],[-59.655000736,-9.84565535899999,0],[-59.654271002,-9.84638716599994,0],[-59.653383768,-9.84811853399997,0],[-59.6520316479999,-9.84955238099998,0],[-59.6493775769999,-9.85148618599993,0],[-59.648784233,-9.85263893799992,0],[-59.648581247,-9.85396360299994,0],[-59.648705627,-9.85572514399996,0],[-59.649433557,-9.85923327099994,0],[-59.6491657879999,-9.86156727999997,0],[-59.6482610589999,-9.86399905999997,0],[-59.6474372769999,-9.86514851899994,0],[-59.646437723,-9.86596506699993,0],[-59.6446220289999,-9.86675209399994,0],[-59.642626116,-9.86731665399999,0],[-59.6420718489999,-9.86747447199997,0],[-59.6403350749999,-9.86824881799994,0],[-59.638182624,-9.86988387499998,0],[-59.63617905,-9.87165522799996,0],[-59.6353296039999,-9.87214742699996,0],[-59.634606407,-9.87229736199993,0],[-59.633403793,-9.87227637599994,0],[-59.631120128,-9.87181401999992,0],[-59.629848567,-9.87171498999993,0],[-59.627276475,-9.87183930899994,0],[-59.625432479,-9.87279152599996,0],[-59.623345361,-9.87386973699994,0],[-59.6233355319999,-9.87408524999996,0],[-59.622694396,-9.87452779499995,0],[-59.621530618,-9.87620920199993,0],[-59.619492742,-9.87777940699993,0],[-59.617568518,-9.87846950099993,0],[-59.6168856859999,-9.87860948799993,0],[-59.615152907,-9.87896441999993,0],[-59.611537534,-9.88028413799998,0],[-59.608824457,-9.88076770399994,0],[-59.6066578109999,-9.88067235399996,0],[-59.605171016,-9.88024397299995,0],[-59.6037676079999,-9.87968798499998,0],[-59.601809455,-9.87891174399994,0],[-59.5970041799999,-9.87860209299994,0],[-59.5955028929999,-9.87832634899997,0],[-59.59523388,-9.87752750099996,0],[-59.594347222,-9.87610799199996,0],[-59.592216461,-9.87451480199996,0],[-59.5912213939999,-9.87378681599996,0],[-59.5910152019999,-9.87331563999993,0],[-59.590912005,-9.87221939199998,0],[-59.590707201,-9.87136839399994,0],[-59.5900999469999,-9.87098477099993,0],[-59.586398619,-9.87103653499997,0],[-59.583813504,-9.87180536199999,0],[-59.5811336249999,-9.87319025899996,0],[-59.580247744,-9.87397602999994,0],[-59.578120258,-9.87754136199993,0],[-59.5768448169999,-9.87885464699997,0],[-59.575528643,-9.87908237899995,0],[-59.573594929,-9.87796389499994,0],[-59.571031805,-9.87714061399993,0],[-59.5709335239999,-9.87709402899997,0],[-59.570248985,-9.87655243099993,0],[-59.56965134,-9.87492783799996,0],[-59.5700392489999,-9.87296275599994,0],[-59.571954148,-9.87050484199994,0],[-59.5727059399999,-9.86885992499998,0],[-59.5725878389999,-9.86753921499997,0],[-59.571538319,-9.86491665099994,0],[-59.5714083399999,-9.86364175299997,0],[-59.57180883,-9.86225403499999,0],[-59.572732754,-9.86022822699994,0],[-59.573409795,-9.85825566899996,0],[-59.573652306,-9.85680168599993,0],[-59.573388606,-9.85579362399994,0],[-59.572773868,-9.85526004399997,0],[-59.571342167,-9.85475339799995,0],[-59.5691909669999,-9.85441274899996,0],[-59.567732495,-9.85457685999996,0],[-59.567051759,-9.85492868299997,0],[-59.5658806829999,-9.85596614099994,0],[-59.564279912,-9.85855834499994,0],[-59.563424636,-9.85962149899997,0],[-59.562446703,-9.86018554599996,0],[-59.5617746139999,-9.86007403099994,0],[-59.5606634119999,-9.85886304599994,0],[-59.560313369,-9.85696793299997,0],[-59.560258861,-9.85665821299995,0],[-59.560057021,-9.85348881399996,0],[-59.559748895,-9.85213061299993,0],[-59.559057144,-9.85084555499998,0],[-59.5576347699999,-9.84880524499993,0],[-59.557340285,-9.84814470299994,0],[-59.557196862,-9.84630236299994,0],[-59.557341864,-9.84544920299992,0],[-59.55798965,-9.84518901699994,0],[-59.558883877,-9.84531196999995,0],[-59.559386272,-9.84555565999995,0],[-59.561431571,-9.84727024799997,0],[-59.562821023,-9.84778414699997,0],[-59.566285068,-9.84748678299997,0],[-59.5698538079999,-9.84964594299994,0],[-59.5705232409999,-9.84985352499996,0],[-59.571821986,-9.84970125499996,0],[-59.573179533,-9.84879647399993,0],[-59.5746594199999,-9.84731689899996,0],[-59.574945175,-9.84675359999993,0],[-59.5752133989999,-9.84531756199993,0],[-59.575310067,-9.84476614499995,0],[-59.57524769,-9.84321195099995,0],[-59.5748858979999,-9.84231175899993,0],[-59.574520547,-9.84071121199997,0],[-59.574107066,-9.83956146299994,0],[-59.573708709,-9.83878971199995,0],[-59.573448634,-9.83853140499996,0],[-59.5730821769999,-9.83835941199994,0],[-59.572726018,-9.83836159899993,0],[-59.5720225649999,-9.83889392399992,0],[-59.5709571319999,-9.83915548099997,0],[-59.569306564,-9.83906480199994,0],[-59.5657072179999,-9.83817890499994,0],[-59.562214508,-9.83741947299995,0],[-59.560713646,-9.83739415099997,0],[-59.559532554,-9.83766029799994,0],[-59.557844632,-9.83781474799997,0],[-59.555997227,-9.83736148899992,0],[-59.554573627,-9.83664917999994,0],[-59.553209222,-9.83550851099994,0],[-59.552339468,-9.83425777199994,0],[-59.552252697,-9.83299004399993,0],[-59.5533115809999,-9.83096328499993,0],[-59.553487844,-9.83015410199993,0],[-59.553474073,-9.82932446899996,0],[-59.5532093689999,-9.82818892499994,0],[-59.550732309,-9.82357642599993,0],[-59.549415068,-9.82187992399997,0],[-59.548369491,-9.82014183199993,0],[-59.547638008,-9.81938838299994,0],[-59.543488022,-9.81674668199997,0],[-59.542509084,-9.81548528899997,0],[-59.541549338,-9.81498796599994,0],[-59.540590741,-9.81470253899993,0],[-59.539499419,-9.81390905099993,0],[-59.539241089,-9.81353849599998,0],[-59.538984961,-9.81265704999993,0],[-59.538253711,-9.81039337399993,0],[-59.5381331149999,-9.80921549399993,0],[-59.538177734,-9.80888413399998,0],[-59.5384119949999,-9.80821767399993,0],[-59.538406741,-9.80760174199997,0],[-59.5379962919999,-9.80660822599997,0],[-59.53668276,-9.80571799799998,0],[-59.536034494,-9.80549419799996,0],[-59.535082976,-9.80494208999994,0],[-59.5344760369999,-9.80473799899995,0],[-59.5334730659999,-9.80499312199992,0],[-59.5326941869999,-9.80537012299993,0],[-59.531993187,-9.80647700999998,0],[-59.532067567,-9.80736761899993,0],[-59.532874438,-9.80827274399997,0],[-59.5356892889999,-9.80883910899996,0],[-59.536279082,-9.80931257799995,0],[-59.536449617,-9.80998670199995,0],[-59.536267895,-9.81171439199995,0],[-59.536018987,-9.81412992499996,0],[-59.534860962,-9.81703843099996,0],[-59.534979826,-9.81917435799994,0],[-59.534985231,-9.82079143099998,0],[-59.534284756,-9.82154726599999,0],[-59.533412562,-9.82223952599998,0],[-59.532392719,-9.82306123099995,0],[-59.531528107,-9.82398333899994,0],[-59.531047335,-9.82591158199994,0],[-59.530457752,-9.82651286599997,0],[-59.52953984,-9.82652187999997,0],[-59.528471661,-9.82592048399994,0],[-59.527235729,-9.82466200499993,0],[-59.525841221,-9.82186741099997,0],[-59.524293426,-9.81993583599997,0],[-59.523700106,-9.81872699099996,0],[-59.5220669679999,-9.81241118299993,0],[-59.5217909739999,-9.81181257899993,0],[-59.520959139,-9.81071980399997,0],[-59.520053575,-9.81021879799994,0],[-59.519399057,-9.81015929299996,0],[-59.5190267089999,-9.81046314399994,0],[-59.5178791499999,-9.81204453799995,0],[-59.515564899,-9.81359117099993,0],[-59.5136215859999,-9.81436166799995,0],[-59.51226954,-9.81438005699994,0],[-59.5111788569999,-9.81416653499997,0],[-59.510293502,-9.81367626599996,0],[-59.509535536,-9.81299103199995,0],[-59.50912518,-9.81203609699997,0],[-59.50918533,-9.81071347499993,0],[-59.50906968,-9.80981841099997,0],[-59.5082477999999,-9.80945647399994,0],[-59.507418248,-9.80967366799996,0],[-59.5061394209999,-9.81128030199995,0],[-59.503146731,-9.81456671699993,0],[-59.503150967,-9.81512608799995,0],[-59.50337933,-9.81584416799996,0],[-59.504513006,-9.81681906199997,0],[-59.505718955,-9.81845651899993,0],[-59.5056748169999,-9.81928530199998,0],[-59.5053069209999,-9.81946792799993,0],[-59.504681276,-9.81983217399993,0],[-59.501639363,-9.81986922799997,0],[-59.4997930069999,-9.81942834699993,0],[-59.499035065,-9.81876015399996,0],[-59.498759091,-9.81815884099995,0],[-59.4986040269999,-9.81730151699998,0],[-59.498910068,-9.81400871899997,0],[-59.498898665,-9.81270142699998,0],[-59.4986619439999,-9.81187920299994,0],[-59.497626828,-9.81122833699993,0],[-59.49515374,-9.81094157699995,0],[-59.494127337,-9.80981392799992,0],[-59.493644691,-9.80812459499999,0],[-59.492916274,-9.80758566599997,0],[-59.4920607409999,-9.80752092899996,0],[-59.49182225,-9.80768366799998,0],[-59.4906259429999,-9.80831060899993,0],[-59.489906,-9.80892093899996,0],[-59.4890081199999,-9.80966880899996,0],[-59.488511677,-9.80980754599993,0],[-59.4881911529999,-9.80962288499994,0],[-59.4877850509999,-9.80921922399994,0],[-59.487528733,-9.80710767699997,0],[-59.4874072389999,-9.80582743299993,0],[-59.4867746479999,-9.80377191199995,0],[-59.48654858,-9.80349468299993,0],[-59.4860407259999,-9.80322040999994,0],[-59.4853110719999,-9.80328124599993,0],[-59.4846403779999,-9.80356469699997,0],[-59.4836879499999,-9.80390587199997,0],[-59.4827839609999,-9.80403241099998,0],[-59.481358416,-9.80300028699997,0],[-59.4800576339999,-9.80093729899994,0],[-59.4769531109999,-9.79488947099997,0],[-59.476724674,-9.79404479699997,0],[-59.476885694,-9.79349695799993,0],[-59.477608526,-9.79303479799995,0],[-59.478978011,-9.79307484399993,0],[-59.479503268,-9.79332575999997,0],[-59.4805943059999,-9.79492294099997,0],[-59.481292842,-9.79496718899998,0],[-59.482365998,-9.79419763199997,0],[-59.4838056309999,-9.79274356799992,0],[-59.484463676,-9.79079012299997,0],[-59.4844903549999,-9.78990840699993,0],[-59.48417761,-9.78732108799994,0],[-59.483681669,-9.78606096699997,0],[-59.4826731489999,-9.78531309499995,0],[-59.481684507,-9.78518561599999,0],[-59.478568439,-9.78711706699993,0],[-59.4763432359999,-9.78772425499994,0],[-59.4744268279999,-9.78778974999993,0],[-59.473466715,-9.78774572999993,0],[-59.472444837,-9.78741714499994,0],[-59.4711645579999,-9.78657342599996,0],[-59.4694012739999,-9.78549220999997,0],[-59.4642087999999,-9.78328096799993,0],[-59.4626498929999,-9.78283702099998,0],[-59.4614449709999,-9.78305626599997,0],[-59.4608314989999,-9.78366734399998,0],[-59.4593041909999,-9.78663877599996,0],[-59.4583500319999,-9.78807617699994,0],[-59.45780059,-9.78845824599995,0],[-59.456105524,-9.78868329699998,0],[-59.454996041,-9.78789505499997,0],[-59.4545629909999,-9.78708018399993,0],[-59.4538244409999,-9.78642000899994,0],[-59.452215602,-9.78557024499997,0],[-59.4511200759999,-9.78497681799995,0],[-59.450509117,-9.78432101899994,0],[-59.449775952,-9.78147906799994,0],[-59.4503269649999,-9.77978794999995,0],[-59.4509433539999,-9.77833380799997,0],[-59.453210892,-9.77483295299993,0],[-59.453461863,-9.77325792399995,0],[-59.453410649,-9.77245081199993,0],[-59.453063705,-9.77143116999997,0],[-59.452526565,-9.77018184699994,0],[-59.45191454,-9.76934469699995,0],[-59.450874384,-9.76802936999997,0],[-59.4498372589999,-9.76701571299998,0],[-59.4489276589999,-9.76696172899995,0],[-59.447993937,-9.76764129499998,0],[-59.4472388949999,-9.76799568999996,0],[-59.446211219,-9.76830362999994,0],[-59.44421793,-9.76956319899996,0],[-59.442738197,-9.77139155499999,0],[-59.442404111,-9.77346315199998,0],[-59.442196807,-9.77671081699998,0],[-59.441688136,-9.77752918199996,0],[-59.440505,-9.77850972899995,0],[-59.4391797659999,-9.77864282999997,0],[-59.4346517389999,-9.77717865099992,0],[-59.433648621,-9.77726029199994,0],[-59.430583494,-9.77881879399996,0],[-59.429166489,-9.77896990199997,0],[-59.4281663689999,-9.77827130399992,0],[-59.427621705,-9.77674631699995,0],[-59.4276082499999,-9.77603972599996,0],[-59.428724141,-9.77475220399998,0],[-59.4294985989999,-9.77453428999996,0],[-59.433920095,-9.77491490499995,0],[-59.435152788,-9.77497493099998,0],[-59.436830954,-9.77436030299998,0],[-59.438263489,-9.77309853399993,0],[-59.439165434,-9.77174383499994,0],[-59.439675428,-9.77034457499997,0],[-59.439800706,-9.76877774599996,0],[-59.4393845779999,-9.76732899099995,0],[-59.437981968,-9.76606422599996,0],[-59.435137045,-9.76534115899994,0],[-59.434544644,-9.76486580199997,0],[-59.432486189,-9.76190467199996,0],[-59.431620567,-9.76068882999994,0],[-59.429895713,-9.75926629999998,0],[-59.428982054,-9.75874182399997,0],[-59.427799529,-9.75827143599997,0],[-59.423225429,-9.75741684699993,0],[-59.4218175079999,-9.75738746199994,0],[-59.4213992219999,-9.75765804499997,0],[-59.421107542,-9.75895653799996,0],[-59.421325552,-9.75953994999998,0],[-59.421976203,-9.76054499099997,0],[-59.422624841,-9.76133814699996,0],[-59.4232744889999,-9.76223634699993,0],[-59.423654035,-9.76281783299993,0],[-59.42429663,-9.76297353299998,0],[-59.4275381589999,-9.76172020799994,0],[-59.428499121,-9.76174814999995,0],[-59.429451156,-9.76206609599996,0],[-59.430250293,-9.76281871599997,0],[-59.4303508639999,-9.76343364699994,0],[-59.4292322869999,-9.76476515499995,0],[-59.429440223,-9.76855922899995,0],[-59.429319203,-9.77084611699995,0],[-59.428856359,-9.77160696599998,0],[-59.427356924,-9.77300972199993,0],[-59.426453051,-9.77322324999994,0],[-59.4256986039999,-9.77322745799995,0],[-59.4246013069999,-9.77264116599997,0],[-59.422189724,-9.77100726399993,0],[-59.421695428,-9.77040431699993,0],[-59.421085745,-9.77010672799996,0],[-59.4205523699999,-9.76995991399997,0],[-59.4199438919999,-9.77000170399999,0],[-59.419222651,-9.77019531999997,0],[-59.418467829,-9.77084236799994,0],[-59.418089911,-9.77110843099996,0],[-59.417524219,-9.77182805199993,0],[-59.4168059799999,-9.77232423299995,0],[-59.416085714,-9.77259326199992,0],[-59.415591991,-9.77267176799995,0],[-59.4151358359999,-9.77267482499996,0],[-59.414451115,-9.77264304699996,0],[-59.413995878,-9.77264610299994,0],[-59.4135012049999,-9.77268689799996,0],[-59.412894653,-9.77284180699996,0],[-59.4124009929999,-9.77299662599996,0],[-59.411491746,-9.77337982299996,0],[-59.410961465,-9.77364689999996,0],[-59.410468845,-9.77395255299995,0],[-59.4098257329999,-9.77429693199997,0],[-59.4093350699999,-9.77475252199996,0],[-59.408729679,-9.77520909999992,0],[-59.408162804,-9.77562793699997,0],[-59.40744354,-9.77601008199997,0],[-59.406534315,-9.77643098199998,0],[-59.405889208,-9.77658681099996,0],[-59.4048642129999,-9.77685785799997,0],[-59.4041804949999,-9.77693829699996,0],[-59.403460063,-9.77701876299994,0],[-59.402547806,-9.77710027299997,0],[-59.401711728,-9.77718172399995,0],[-59.4014078979999,-9.77714604399995,0],[-59.4009121509999,-9.77699917999996,0],[-59.400304551,-9.77700323799996,0],[-59.399009199,-9.77663521799998,0],[-59.398549986,-9.77626206699996,0],[-59.3982845369999,-9.77601536299994,0],[-59.397719589,-9.77549030899996,0],[-59.3976497519999,-9.77560218599996,0],[-59.397551339,-9.77574622799994,0],[-59.397447057,-9.77588607899997,0],[-59.3973370849999,-9.77602150099994,0],[-59.39722161,-9.77615226299998,0],[-59.3971008299999,-9.77627814199996,0],[-59.3969749519999,-9.77639892099995,0],[-59.39684419,-9.77651439599997,0],[-59.396708767,-9.77662436799994,0],[-59.396568916,-9.77672864999995,0],[-59.396424875,-9.77682706299993,0],[-59.39627689,-9.77691943999996,0],[-59.3961252139999,-9.77700562299999,0],[-59.3959701049999,-9.77708546399998,0],[-59.39581183,-9.77715882699993,0],[-59.395650659,-9.77722558599993,0],[-59.3954868659999,-9.77728562799997,0],[-59.395320732,-9.77733884999997,0],[-59.395152541,-9.77738516099993,0],[-59.394982579,-9.77742448199995,0],[-59.394811138,-9.77745674599993,0],[-59.3946385089999,-9.77748189699996,0],[-59.394464989,-9.77749989299997,0],[-59.3942954189999,-9.77751051299998,0],[-59.394183573,-9.77753940399998,0],[-59.394000567,-9.77758064399996,0],[-59.393816108,-9.77761480099998,0],[-59.3936304699999,-9.77764182399994,0],[-59.393443928,-9.77766167199996,0],[-59.39325676,-9.77767431699993,0],[-59.3930692439999,-9.77767973999994,0],[-59.392881658,-9.77767793199997,0],[-59.3926942809999,-9.77766889699996,0],[-59.392507391,-9.77765264699997,0],[-59.3923212669999,-9.77762920699996,0],[-59.392136184,-9.77759861099997,0],[-59.391952417,-9.77756090599996,0],[-59.39177024,-9.77751614599993,0],[-59.391589924,-9.77746439999993,0],[-59.391411735,-9.77740574199993,0],[-59.3912359399999,-9.77734026199995,0],[-59.391062798,-9.77726805499998,0],[-59.390892568,-9.77718922899992,0],[-59.390725502,-9.77710390199996,0],[-59.3905618479999,-9.77701219999993,0],[-59.3904018499999,-9.77691425899996,0],[-59.3902457459999,-9.77681022499997,0],[-59.3900937659999,-9.77670025199996,0],[-59.389946137,-9.77658450399997,0],[-59.3898030789999,-9.77646315299995,0],[-59.3896648039999,-9.77633637899993,0],[-59.389531517,-9.77620436999995,0],[-59.3894034159999,-9.77606732299995,0],[-59.3892806919999,-9.77592543999998,0],[-59.3891635259999,-9.77577893399995,0],[-59.389032023,-9.77550481099996,0],[-59.388958228,-9.77533847299998,0],[-59.3888778789999,-9.77517519899992,0],[-59.388791102,-9.77501524999997,0],[-59.388698034,-9.77485887599993,0],[-59.388598824,-9.77470632699993,0],[-59.3884936269999,-9.77455784199998,0],[-59.388382609,-9.77441365699998,0],[-59.388265948,-9.77427399999993,0],[-59.388143826,-9.77413909099995,0],[-59.388016437,-9.77400914299994,0],[-59.3878839829999,-9.77388436399998,0],[-59.387746673,-9.77376494799995,0],[-59.387604723,-9.77365108599998,0],[-59.3874583589999,-9.77354295799996,0],[-59.3873078129999,-9.77344073399995,0],[-59.387153321,-9.77334457599995,0],[-59.386995128,-9.77325463599992,0],[-59.386833484,-9.77317105599996,0],[-59.386668646,-9.77309396899994,0],[-59.3865008729999,-9.77302349599995,0],[-59.386330431,-9.77295974899995,0],[-59.38615759,-9.77290282799992,0],[-59.3858239899999,-9.77277522099996,0],[-59.3854560679999,-9.77256919399998,0],[-59.3846408809999,-9.77211931599994,0],[-59.383822241,-9.77167575199996,0],[-59.3830001979999,-9.77123852799996,0],[-59.3821748,-9.77080766999994,0],[-59.3813460969999,-9.77038320399993,0],[-59.3806473449999,-9.77003154899996,0],[-59.3804898559999,-9.76994046799996,0],[-59.3802675049999,-9.76981905599996,0],[-59.380041778,-9.76970404199993,0],[-59.379812859,-9.76959552199997,0],[-59.379580935,-9.76949358199995,0],[-59.3793461939999,-9.76939830699996,0],[-59.379108828,-9.76930977399996,0],[-59.37886903,-9.76922805499992,0],[-59.378626997,-9.76915321799993,0],[-59.378382925,-9.76908532199997,0],[-59.3781370149999,-9.76902442399996,0],[-59.377889465,-9.76897057299993,0],[-59.377640479,-9.76892381299996,0],[-59.377390259,-9.76888418199998,0],[-59.377139009,-9.76885171199995,0],[-59.376886934,-9.76882643099998,0],[-59.376634241,-9.76880835799994,0],[-59.376381134,-9.76879750799997,0],[-59.376127821,-9.76879389099997,0],[-59.37592634,-9.76879617899992,0],[-59.375829433,-9.76882361399993,0],[-59.375608745,-9.76889150699998,0],[-59.375390298,-9.76896629799995,0],[-59.3751743079999,-9.76904791399994,0],[-59.3749609879999,-9.76913627399995,0],[-59.3747505489999,-9.76923129099992,0],[-59.374543199,-9.76933287099996,0],[-59.374339141,-9.76944091399997,0],[-59.374138578,-9.76955531299996,0],[-59.373941707,-9.76967595599996,0],[-59.3737487229999,-9.76980272299993,0],[-59.373559816,-9.76993548899998,0],[-59.373375172,-9.77007412299997,0],[-59.3731949739999,-9.77021848899994,0],[-59.3730194,-9.77036844399993,0],[-59.3728486219999,-9.77052383899995,0],[-59.37268281,-9.77068452199996,0],[-59.372522127,-9.77085033499998,0],[-59.3723667309999,-9.77102111199997,0],[-59.372226954,-9.77117588999993,0],[-59.372001741,-9.77133907199993,0],[-59.3717808219999,-9.77150802299996,0],[-59.371564345,-9.77168262799996,0],[-59.371352454,-9.77186277299995,0],[-59.3711452919999,-9.77204833499997,0],[-59.370942997,-9.77223918999995,0],[-59.370745703,-9.77243521299993,0],[-59.370553543,-9.77263626999995,0],[-59.370366646,-9.77284222899993,0],[-59.370185136,-9.77305294999996,0],[-59.370009135,-9.77326829399992,0],[-59.3698387599999,-9.77348811599994,0],[-59.369674125,-9.77371226999999,0],[-59.36951534,-9.77394060499995,0],[-59.369362512,-9.77417296899994,0],[-59.369215743,-9.77440920599997,0],[-59.3690751299999,-9.77464915899998,0],[-59.368940768,-9.77489266699997,0],[-59.3688127459999,-9.77513956799993,0],[-59.368691151,-9.77538969599993,0],[-59.3685760619999,-9.77564288399999,0],[-59.368467559,-9.77589896299996,0],[-59.368365712,-9.77615776099998,0],[-59.36827059,-9.77641910699998,0],[-59.3681822569999,-9.77668282399998,0],[-59.3681007709999,-9.77694873599995,0],[-59.368026188,-9.77721666699995,0],[-59.3679891309999,-9.77736079999995,0],[-59.367184702,-9.77933218999992,0],[-59.3671548309999,-9.77945926299997,0],[-59.367101313,-9.77966131599992,0],[-59.367040854,-9.77986140199995,0],[-59.3669735239999,-9.78005928199997,0],[-59.366899404,-9.78025471999996,0],[-59.366818582,-9.78044748399999,0],[-59.366731156,-9.78063734199998,0],[-59.3666372279999,-9.78082407099993,0],[-59.366536911,-9.78100744499993,0],[-59.366430324,-9.78118724799997,0],[-59.3663175949999,-9.78136326499997,0],[-59.366198857,-9.78153528599996,0],[-59.366074253,-9.78170310599995,0],[-59.36594393,-9.78186652499994,0],[-59.3658080449999,-9.78202534899997,0],[-59.365666759,-9.78217938799996,0],[-59.365520239,-9.78232845799994,0],[-59.365368662,-9.78247238199999,0],[-59.3652122079999,-9.78261098899998,0],[-59.365051062,-9.78274411299998,0],[-59.364885418,-9.78287159499997,0],[-59.3647154719999,-9.78299328399993,0],[-59.3645414269999,-9.78310903499995,0],[-59.3643634909999,-9.78321870899992,0],[-59.364181875,-9.78332217599995,0],[-59.363996796,-9.78341931299996,0],[-59.363808475,-9.78351000399994,0],[-59.363617135,-9.78359414099998,0],[-59.363423005,-9.78367162299998,0],[-59.3632263169999,-9.78374235799994,0],[-59.3630473539999,-9.78381337799993,0],[-59.362852964,-9.78392699899995,0],[-59.362662315,-9.78404679099998,0],[-59.3624756039999,-9.78417263199998,0],[-59.3622930229999,-9.78430439399995,0],[-59.362114758,-9.78444193899997,0],[-59.361940994,-9.78458512799994,0],[-59.361771908,-9.78473381199995,0],[-59.361607674,-9.78488783899996,0],[-59.3614484619999,-9.78504705099994,0],[-59.3612944349999,-9.78521128499995,0],[-59.3611457499999,-9.78538037099998,0],[-59.361002562,-9.78555413499993,0],[-59.360865017,-9.78573239999997,0],[-59.360733255,-9.78591498199995,0],[-59.360607414,-9.78610169299999,0],[-59.3604876219999,-9.78629234099997,0],[-59.360374001,-9.78648673099997,0],[-59.36026667,-9.78668466299996,0],[-59.360165738,-9.78688593299996,0],[-59.360071309,-9.78709033499995,0],[-59.3599834789999,-9.78729765899993,0],[-59.35990234,-9.78750769099997,0],[-59.359827974,-9.78772021599998,0],[-59.359760459,-9.78793501499996,0],[-59.359707438,-9.78812265399995,0],[-59.3595879,-9.78839591799994,0],[-59.359462202,-9.78866524099993,0],[-59.359330008,-9.78893143499994,0],[-59.359191396,-9.78919434499994,0],[-59.359046448,-9.78945381499993,0],[-59.358895248,-9.78970969199997,0],[-59.358737886,-9.78996182699996,0],[-59.3585744539999,-9.79021006999994,0],[-59.3584050489999,-9.79045427499995,0],[-59.3582297689999,-9.79069429999994,0],[-59.358048719,-9.79093000199998,0],[-59.357862005,-9.79116124299998,0],[-59.357669737,-9.79138788699993,0],[-59.357472027,-9.79160980099994,0],[-59.3572689929999,-9.79182685299998,0],[-59.357060753,-9.79203891599997,0],[-59.3568474309999,-9.79224586599997,0],[-59.3566291509999,-9.79244757999992,0],[-59.3564060429999,-9.79264393999995,0],[-59.3561782369999,-9.79283483099994,0],[-59.356084734,-9.79291050699992,0],[-59.355652724,-9.79321240999998,0],[-59.3551500949999,-9.79357180399995,0],[-59.35465169,-9.79393703299996,0],[-59.354157576,-9.79430804699996,0],[-59.3536678199999,-9.79468479499996,0],[-59.3531824899999,-9.79506722699995,0],[-59.35270165,-9.79545528999994,0],[-59.352225367,-9.79584893199995,0],[-59.351753704,-9.79624809899997,0],[-59.3512867269999,-9.79665273699993,0],[-59.350824498,-9.79706279099996,0],[-59.3503670809999,-9.79747820599994,0],[-59.349914537,-9.79789892399998,0],[-59.349466928,-9.79832488899996,0],[-59.349238497,-9.79854614899996,0],[-59.3491457339999,-9.79861542999993,0],[-59.349010415,-9.79872400299995,0],[-59.348879729,-9.79883811099995,0],[-59.348703041,-9.79901003199996,0],[-59.347361188,-9.79915976199992,0],[-59.3460579119999,-9.79930518399993,0],[-59.344145623,-9.79877671199994,0],[-59.343166202,-9.79869924399998,0],[-59.342352771,-9.79840976999999,0],[-59.341221956,-9.79706731399995,0],[-59.339249721,-9.79610160699996,0],[-59.338613864,-9.79507846299997,0],[-59.337609648,-9.79225625599997,0],[-59.336962253,-9.79180505399994,0],[-59.335107082,-9.79153330199994,0],[-59.334001874,-9.79137149899998,0],[-59.332546199,-9.79006246199998,0],[-59.332044093,-9.79000262499994,0],[-59.330960267,-9.79024304099993,0],[-59.330046464,-9.79081734899994,0],[-59.328405473,-9.79102129999995,0],[-59.327094862,-9.79255386299996,0],[-59.326456835,-9.79237738599995,0],[-59.325657927,-9.79180774799993,0],[-59.325258622,-9.79175143199996,0],[-59.323832142,-9.79155030299995,0],[-59.322658845,-9.79112365199995,0],[-59.321673609,-9.79053885999997,0],[-59.319758554,-9.78989897099995,0],[-59.3177007099999,-9.78987419199996,0],[-59.3156284359999,-9.79025254899994,0],[-59.313929489,-9.79025357499995,0],[-59.312568942,-9.78979558899994,0],[-59.308608098,-9.78781728799993,0],[-59.3079608959999,-9.78762553099995,0],[-59.3071468599999,-9.78629090699997,0],[-59.306561089,-9.78599136999998,0],[-59.3042087169999,-9.78610318399997,0],[-59.3023759659999,-9.78641400799996,0],[-59.299725343,-9.78661306599997,0],[-59.297417771,-9.78644020499996,0],[-59.2945170359999,-9.78586812599997,0],[-59.2933685089999,-9.78535610099993,0],[-59.291737467,-9.78373370699994,0],[-59.290788231,-9.78341190999992,0],[-59.2903445599999,-9.78280431499996,0],[-59.289610119,-9.78093271499995,0],[-59.288768149,-9.78039088399994,0],[-59.2881054379999,-9.78033468599995,0],[-59.287349273,-9.78056225799997,0],[-59.285651284,-9.78218110899995,0],[-59.2839294579999,-9.78225208199996,0],[-59.282827826,-9.78347554799995,0],[-59.2820049169999,-9.78417272399997,0],[-59.280996913,-9.78379706999992,0],[-59.27922652,-9.78238032099995,0],[-59.277587403,-9.78263977599994,0],[-59.276723679,-9.78257469199998,0],[-59.2754036109999,-9.78218752199996,0],[-59.2747565339999,-9.78218696499994,0],[-59.2732863809999,-9.78259895199993,0],[-59.2720004719999,-9.78257179099995,0],[-59.2693168659999,-9.78116536199997,0],[-59.2673157099999,-9.78066090499994,0],[-59.265746346,-9.78091579799998,0],[-59.264489285,-9.78162573499998,0],[-59.263606366,-9.78170339699995,0],[-59.263042469,-9.78105094799997,0],[-59.261508245,-9.77831149999997,0],[-59.2610964479999,-9.77715079599994,0],[-59.261342042,-9.77641623799997,0],[-59.262050249,-9.77573711499997,0],[-59.262250841,-9.77495409699998,0],[-59.2621071259999,-9.77393601899996,0],[-59.261753614,-9.77365158199996,0],[-59.260657769,-9.77372126399996,0],[-59.259952109,-9.77400174299994,0],[-59.257882185,-9.77533336999993,0],[-59.256830612,-9.77583039499997,0],[-59.2558531299999,-9.77583895599996,0],[-59.253845422,-9.77501661799994,0],[-59.2524961469999,-9.77487810799995,0],[-59.251783981,-9.77500953699996,0],[-59.245505307,-9.77723019999995,0],[-59.244703495,-9.77798745799993,0],[-59.2430231709999,-9.78033430999994,0],[-59.242210353,-9.78112748599995,0],[-59.241835136,-9.78149398099993,0],[-59.2399417789999,-9.78179204299995,0],[-59.2374956629999,-9.78163244899998,0],[-59.236699985,-9.78181776699995,0],[-59.235923688,-9.78222753699993,0],[-59.234278763,-9.78384978999998,0],[-59.232735154,-9.78624773799993,0],[-59.2318069629999,-9.78768920099997,0],[-59.2310931379999,-9.78825516399996,0],[-59.2300598909999,-9.78880331099998,0],[-59.2282967359999,-9.78888668799993,0],[-59.227150159,-9.78849033899995,0],[-59.226205288,-9.78760277499994,0],[-59.224628893,-9.78457052199997,0],[-59.223379998,-9.78316861999996,0],[-59.2221873129999,-9.78225153099992,0],[-59.220689189,-9.78177541099996,0],[-59.2192242899999,-9.78171138499994,0],[-59.218414901,-9.78204033599998,0],[-59.2175736039999,-9.78286850299997,0],[-59.217062012,-9.78416341199994,0],[-59.21626488,-9.78525462899995,0],[-59.215734558,-9.78570018199996,0],[-59.214343184,-9.78588661099998,0],[-59.213443641,-9.78576128099997,0],[-59.2124146739999,-9.78561714799997,0],[-59.211245403,-9.78576846199996,0],[-59.2094451689999,-9.78714738799994,0],[-59.208511942,-9.78768647199996,0],[-59.2081595069999,-9.78773240299996,0],[-59.2068642949999,-9.78742675199994,0],[-59.206502526,-9.78709828199992,0],[-59.2054660649999,-9.78658691799995,0],[-59.2042838479999,-9.78651645199994,0],[-59.2006425599999,-9.78833062699994,0],[-59.200025766,-9.78833355799998,0],[-59.197837927,-9.78913168499998,0],[-59.1972351709999,-9.78982236199994,0],[-59.196815299,-9.79110196199997,0],[-59.1965967259999,-9.79311593199998,0],[-59.196761511,-9.79668125899997,0],[-59.1971940399999,-9.79722070799993,0],[-59.1974662219999,-9.79846773199995,0],[-59.197448094,-9.80600170699995,0],[-59.196107565,-9.80726820499996,0],[-59.195671341,-9.80749231299995,0],[-59.198149047,-9.83233035499995,0],[-59.19639914,-9.90146084099996,0],[-59.1839098309999,-9.96698252599998,0],[-59.178975953,-9.97857235899994,0],[-59.1794429459999,-9.97956481899995,0],[-59.179605248,-9.98150358199996,0],[-59.1791769229999,-9.98283010199997,0],[-59.1791220809999,-9.98608364799998,0],[-59.178580735,-9.98720007599996,0],[-59.1783988289999,-9.98948830299997,0],[-59.1780854529999,-9.98875472399993,0],[-59.1773129269999,-9.98789917099997,0],[-59.1768197809999,-9.98772242799994,0],[-59.176107271,-9.98779630699993,0],[-59.174915571,-9.98821428899993,0],[-59.173707565,-9.98927166799996,0],[-59.173157784,-9.98994357299996,0],[-59.1724842579999,-9.99123874999998,0],[-59.1721038599999,-9.99316424599995,0],[-59.171361726,-9.99523534499997,0],[-59.170338204,-9.99612922099993,0],[-59.169712072,-9.99643116399993,0],[-59.168379758,-9.99655552399997,0],[-59.16766166,-9.99643811399995,0],[-59.1662739189999,-9.99556926499997,0],[-59.165756785,-9.99505934899998,0],[-59.165283624,-9.99423690399992,0],[-59.1649876819999,-9.99064219399997,0],[-59.164167584,-9.98747332499994,0],[-59.1637615229999,-9.98683855099995,0],[-59.162335173,-9.98572814399995,0],[-59.1614101,-9.98439576899995,0],[-59.160364068,-9.98380609299994,0],[-59.158939038,-9.98390800599998,0],[-59.1583267409999,-9.98437695899997,0],[-59.1563238959999,-9.98658310399999,0],[-59.155675749,-9.98694160899992,0],[-59.1535291929999,-9.98769838099997,0],[-59.1529416399999,-9.98804249699998,0],[-59.1522944119999,-9.98842165199994,0],[-59.15132528,-9.99009046399994,0],[-59.149960616,-9.99557241999997,0],[-59.1482082489999,-9.99737886199995,0],[-59.147223982,-9.99765393899997,0],[-59.145091556,-9.99668196899995,0],[-59.142401822,-9.99588525999996,0],[-59.141726922,-9.99588634199995,0],[-59.138599025,-9.99775688499994,0],[-59.13791866,-9.99793128399994,0],[-59.1372997189999,-9.99774914699998,0],[-59.1361488759999,-9.99667450499993,0],[-59.135352214,-9.99463887799993,0],[-59.1351790259999,-9.99257166199993,0],[-59.134471634,-9.99124366299998,0],[-59.1334035259999,-9.99044559299995,0],[-59.132734097,-9.99027603699995,0],[-59.1314788719999,-9.99021888199997,0],[-59.130745253,-9.99036993499992,0],[-59.1297500639999,-9.99099880199998,0],[-59.126309561,-9.99493480599994,0],[-59.121973516,-9.99803045399996,0],[-59.120628328,-9.99814751199994,0],[-59.119490516,-9.99765924499997,0],[-59.117415487,-9.99454085599996,0],[-59.116674901,-9.99243514599992,0],[-59.1167168869999,-9.99136109699998,0],[-59.1165239969999,-9.99109083399998,0],[-59.1159620079999,-9.99093470299994,0],[-59.115074208,-9.99146024599997,0],[-59.114883285,-9.99175304399994,0],[-59.114528906,-9.99199558999992,0],[-59.114411483,-9.99247426399996,0],[-59.114676453,-9.99473633899993,0],[-59.114527842,-9.99535421599995,0],[-59.113913597,-9.99558065499997,0],[-59.1135738259999,-9.99547296499999,0],[-59.1128656389999,-9.99445295799994,0],[-59.112624619,-9.99248991999997,0],[-59.1121340679999,-9.99152015699996,0],[-59.110583799,-9.99014291699996,0],[-59.108765471,-9.98899921599996,0],[-59.1070556299999,-9.98846165399993,0],[-59.106182383,-9.98836125499996,0],[-59.1050539089999,-9.98844230599997,0],[-59.103065402,-9.99015164399998,0],[-59.1015862689999,-9.99074912199995,0],[-59.1004064269999,-9.99112113399997,0],[-59.100143697,-9.99053028299994,0],[-59.0999682469999,-9.99018816899997,0],[-59.099904673,-9.98910426499997,0],[-59.100070569,-9.98760632999995,0],[-59.102523503,-9.98497195399995,0],[-59.103818697,-9.98303736299995,0],[-59.1038287329999,-9.98272844199995,0],[-59.103969193,-9.98260538599992,0],[-59.104000188,-9.98153224799995,0],[-59.103573465,-9.97828420799993,0],[-59.1035685369999,-9.97666688599999,0],[-59.103747421,-9.97587480299995,0],[-59.104455086,-9.97462103599998,0],[-59.1055528959999,-9.97297386299994,0],[-59.105517009,-9.97260658399995,0],[-59.1052552199999,-9.97210913999992,0],[-59.1042689029999,-9.97123916799994,0],[-59.103343265,-9.97072838599995,0],[-59.101412293,-9.97059765699993,0],[-59.100457406,-9.97072625699997,0],[-59.0980923389999,-9.97164357499996,0],[-59.09547213,-9.97319672099997,0],[-59.093424746,-9.97416335199994,0],[-59.09184382,-9.97525292099995,0],[-59.0897216019999,-9.97884534599996,0],[-59.0855386649999,-9.98108929599994,0],[-59.084124757,-9.98184745299994,0],[-59.080942292,-9.98208144299997,0],[-59.078452048,-9.98165885799994,0],[-59.076933347,-9.98173631499997,0],[-59.0760124669999,-9.98226179099994,0],[-59.07469501,-9.98339438299996,0],[-59.0741863339999,-9.98348066599993,0],[-59.073005483,-9.98324555199997,0],[-59.072107385,-9.98262963599995,0],[-59.070886918,-9.98144621599994,0],[-59.069791397,-9.98071897099992,0],[-59.0678604139999,-9.98073090099996,0],[-59.065807434,-9.98167228699999,0],[-59.064164814,-9.98206582399996,0],[-59.063169483,-9.98210635699996,0],[-59.0626359669999,-9.98180648299996,0],[-59.059770052,-9.98020026799997,0],[-59.058104414,-9.98005857099997,0],[-59.056530659,-9.98045566799992,0],[-59.0547567899999,-9.98136375299993,0],[-59.053599022,-9.98219274499996,0],[-59.05111557,-9.98509359799992,0],[-59.050279138,-9.98567380099996,0],[-59.0489918449999,-9.98610407699993,0],[-59.047853259,-9.98610508099994,0],[-59.046886339,-9.98567232299996,0],[-59.045759448,-9.98304302099996,0],[-59.045110165,-9.98183883499996,0],[-59.0445940819999,-9.98126953599996,0],[-59.043503244,-9.98114929499997,0],[-59.0421103739999,-9.98170258799997,0],[-59.0413942389999,-9.98249649399997,0],[-59.039162247,-9.98465370999998,0],[-59.038458931,-9.98510187499994,0],[-59.0376297879999,-9.98513875499998,0],[-59.037418584,-9.98493312399995,0],[-59.036973159,-9.98369927599999,0],[-59.035845466,-9.98188086699997,0],[-59.035080595,-9.98180728199997,0],[-59.034785862,-9.98197433399996,0],[-59.0346564349999,-9.98254727799997,0],[-59.034660145,-9.98307621099997,0],[-59.035267227,-9.98512814499998,0],[-59.0349202749999,-9.98700772799997,0],[-59.033629321,-9.98784836299996,0],[-59.0324319699999,-9.98792656699993,0],[-59.031223558,-9.98733484499996,0],[-59.030680837,-9.98644044699994,0],[-59.030181167,-9.98379760099993,0],[-59.03004974,-9.98177706599995,0],[-59.030196533,-9.97980052199995,0],[-59.030058712,-9.97831700899997,0],[-59.0292359549999,-9.97747741299998,0],[-59.027912807,-9.97703925499997,0],[-59.025249129,-9.97729712199998,0],[-59.024589863,-9.97730164399997,0],[-59.023918678,-9.97767973899994,0],[-59.0236744979999,-9.97822118499994,0],[-59.0228882819999,-9.97822670199997,0],[-59.0217545579999,-9.97855835399996,0],[-59.020081722,-9.97936084799993,0],[-59.01931394,-9.97940034099997,0],[-59.0186548679999,-9.97910767699993,0],[-59.01722068,-9.97743765199994,0],[-59.0163004579999,-9.97726776999997,0],[-59.015708105,-9.97772874399992,0],[-59.014908384,-9.97784989899998,0],[-59.014100247,-9.97767123999995,0],[-59.013314511,-9.97689350099995,0],[-59.0138126579999,-9.97444456199996,0],[-59.014285614,-9.97310115099999,0],[-59.0147411089999,-9.96892351399993,0],[-59.015596774,-9.96615504099997,0],[-59.015858458,-9.96530931799999,0],[-59.015931839,-9.96428437299994,0],[-59.01520991,-9.96033426599995,0],[-59.014757061,-9.95894759999993,0],[-59.0138474949999,-9.95783444699994,0],[-59.012369135,-9.95702495099994,0],[-59.010904776,-9.95561912599993,0],[-59.009876976,-9.95426207099996,0],[-59.009163567,-9.95303107099993,0],[-59.008969086,-9.95180499499997,0],[-59.0090352029999,-9.95124100899993,0],[-59.009505917,-9.95036844099997,0],[-59.012238361,-9.94903104499998,0],[-59.012938253,-9.94759448799994,0],[-59.0128894709999,-9.94654928499994,0],[-59.0121031739999,-9.94364608899997,0],[-59.011928832,-9.94112873599994,0],[-59.011881182,-9.94041513099996,0],[-59.011734871,-9.93826719499999,0],[-59.012181357,-9.93278143399993,0],[-59.012131451,-9.93148577399995,0],[-59.011902802,-9.93075299799995,0],[-59.011518372,-9.93012161899999,0],[-59.009957159,-9.92913401499993,0],[-59.008621788,-9.92854923999993,0],[-59.007002867,-9.92750024399993,0],[-59.0063914849999,-9.92594700199993,0],[-59.006148809,-9.92300548199995,0],[-59.005777834,-9.92179588599992,0],[-59.004845384,-9.92088225599997,0],[-59.003541421,-9.92031775099997,0],[-59.002417898,-9.92002124999992,0],[-59.00153533,-9.91944413299996,0],[-59.00052276,-9.91811505899994,0],[-59.00025771,-9.91735981599994,0],[-59.0002481829999,-9.91596442499997,0],[-59.000397236,-9.91519109699993,0],[-59.0012142259999,-9.91297524699995,0],[-59.0011509029999,-9.91208627799996,0],[-59.001592456,-9.91113866599995,0],[-59.0020020649999,-9.90971094599996,0],[-59.002666631,-9.90869537299995,0],[-59.0040814929999,-9.90717173699995,0],[-59.006307721,-9.90548805399993,0],[-59.0083383849999,-9.90433599099993,0],[-59.015121807,-9.90190955299994,0],[-59.014652762,-9.90054269599994,0],[-58.99976011,-9.78862780299995,0],[-58.999844141,-9.78699639399997,0],[-59.000035172,-9.78508331199994,0],[-59.0000368509999,-9.78336313099993,0],[-58.9996755189999,-9.78172679799997,0],[-58.999721456,-9.78001484199996,0],[-58.9998239719999,-9.77879828099998,0],[-59.000378568,-9.77606705199997,0],[-59.0012154949999,-9.77319499299996,0],[-59.001770082,-9.77187596199997,0],[-59.0029520809999,-9.77054980599996,0],[-59.005525592,-9.76973107799995,0],[-59.007337244,-9.76945815299996,0],[-59.007629099,-9.76918031499996,0],[-59.008250873,-9.76703106999997,0],[-59.0082424559999,-9.76619976299996,0],[-59.007565713,-9.76376230099992,0],[-59.0075225649999,-9.76290852999995,0],[-59.007704614,-9.76223120899993,0],[-59.00861209,-9.76112315599994,0],[-59.009873036,-9.76010606199998,0],[-59.0103144249999,-9.75852674499994,0],[-59.011120491,-9.75719894999997,0],[-59.0121943239999,-9.75620213299992,0],[-59.013502881,-9.75571932199996,0],[-59.0178145319999,-9.75527915599997,0],[-59.0188463499999,-9.75467688099997,0],[-59.019301748,-9.75406804899994,0],[-59.019555458,-9.75286959199997,0],[-59.019438355,-9.75217913299997,0],[-59.0186087009999,-9.75110182199996,0],[-59.018164482,-9.75097306099997,0],[-59.017220547,-9.74957518199995,0],[-59.0169297909999,-9.74872252699994,0],[-59.0168765139999,-9.74694377199995,0],[-59.0172332459999,-9.74429535599995,0],[-59.0180778979999,-9.74231930399997,0],[-59.018529907,-9.74125784799998,0],[-59.019985702,-9.73983030299996,0],[-59.022050381,-9.73847177599993,0],[-59.023443371,-9.73600580899994,0],[-59.023543557,-9.73429775699998,0],[-59.022650555,-9.73165490399998,0],[-59.0227065129999,-9.73041866699998,0],[-59.0238642589999,-9.72883825399998,0],[-59.024617634,-9.72844038899997,0],[-59.025075811,-9.72801842699993,0],[-59.0242837449999,-9.72756145399995,0],[-59.023574572,-9.72690446599996,0],[-59.021135584,-9.72393291299994,0],[-59.018695561,-9.72245074299996,0],[-59.0176822299999,-9.72126277699994,0],[-59.0172968099999,-9.71995313999997,0],[-59.015549138,-9.71835312299993,0],[-59.014809753,-9.71802545899992,0],[-59.0125344969999,-9.71814497699996,0],[-59.011791187,-9.71757401099994,0],[-59.0111139369999,-9.71537447899992,0],[-59.011994949,-9.71243242199995,0],[-59.0128446259999,-9.71108933599993,0],[-59.0141916219999,-9.70750067599993,0],[-59.0140717199999,-9.70621899199994,0],[-59.013876782,-9.70565952599998,0],[-59.014572345,-9.70210706599994,0],[-59.014968881,-9.70127634499993,0],[-59.01606556,-9.70056286699996,0],[-59.017557677,-9.69988663399994,0],[-59.018446011,-9.69977153199993,0],[-59.0207889759999,-9.70015391899995,0],[-59.021675075,-9.70015388199994,0],[-59.02294427,-9.69973463799995,0],[-59.024352344,-9.69875427199997,0],[-59.025193588,-9.69791146999994,0],[-59.0258074239999,-9.69705278699995,0],[-59.026308603,-9.69483352999992,0],[-59.0274023489999,-9.69225314199997,0],[-59.0288152529999,-9.68816147899997,0],[-59.028890243,-9.68708200499997,0],[-59.028626835,-9.68428636099998,0],[-59.0287662389999,-9.68326113399996,0],[-59.029122305,-9.68064957599995,0],[-59.029871596,-9.67881992599996,0],[-59.03015264,-9.67683413999994,0],[-59.03045442,-9.67510863199993,0],[-59.030455989,-9.67328889699995,0],[-59.0304558779999,-9.67147793199996,0],[-59.038033652,-9.64806446799996,0],[-59.038282286,-9.64767925199994,0],[-59.039625718,-9.64596904699995,0],[-59.040126301,-9.64468245999997,0],[-59.0406564529999,-9.64204740999998,0],[-59.040624481,-9.64144249499998,0],[-59.0414149229999,-9.63732254099995,0],[-59.0419966169999,-9.63508091499996,0],[-59.042299933,-9.63243275299993,0],[-59.041530264,-9.63029425599996,0],[-59.041060336,-9.62958363299998,0],[-59.040241511,-9.62888344799995,0],[-59.038862649,-9.62809947199997,0],[-59.037977728,-9.62718121499995,0],[-59.0376080309999,-9.62616867699995,0],[-59.037067325,-9.62245488999998,0],[-59.036086547,-9.62006875799995,0],[-59.034366599,-9.61835990899992,0],[-59.033707948,-9.61738300999997,0],[-59.032786557,-9.61499249499997,0],[-59.032267839,-9.61280578499998,0],[-59.032853479,-9.61076530299993,0],[-59.035413142,-9.60862058899994,0],[-59.036288333,-9.60718498899995,0],[-59.0378349659999,-9.60574221799994,0],[-59.038899981,-9.60423647099998,0],[-59.039214078,-9.60341074099995,0],[-59.039383636,-9.60185520299996,0],[-59.0387887919999,-9.60029588899994,0],[-59.0386375259999,-9.59945266399995,0],[-59.038784081,-9.59733497599996,0],[-59.039383186,-9.59618157899996,0],[-59.04035792,-9.59349017299995,0],[-59.040661928,-9.59265184899993,0],[-59.040871817,-9.59133849699999,0],[-59.040441011,-9.58921100699996,0],[-59.0390050199999,-9.58690223999997,0],[-59.0384700079999,-9.58399619199997,0],[-59.038015753,-9.58255907299997,0],[-59.037291625,-9.58159974699993,0],[-59.0359542209999,-9.57921208199997,0],[-59.0359905669999,-9.57849377999996,0],[-59.0360878669999,-9.57662378599997,0],[-59.0370188589999,-9.57334179999997,0],[-59.0371682919999,-9.57227886499994,0],[-59.037104856,-9.57014425799997,0],[-59.0367139319999,-9.56923696699994,0],[-59.035742327,-9.56834451099997,0],[-59.035074267,-9.56803225499994,0],[-59.0321494839999,-9.56666434799996,0],[-59.030241033,-9.56507392199994,0],[-59.029566761,-9.56374915099996,0],[-59.0295499539999,-9.56362313599994,0],[-59.029010483,-9.55968874099995,0],[-59.0283250969999,-9.55967288999994,0],[-59.025250876,-9.55834988999992,0],[-59.0245542929999,-9.55832088499995,0],[-59.022500431,-9.55938553299996,0],[-59.020504778,-9.55999103799996,0],[-59.019484,-9.56051267199996,0],[-59.0187325639999,-9.56117784199995,0],[-59.016581307,-9.56405929199996,0],[-59.0159519219999,-9.56437709099994,0],[-59.015511234,-9.56438970599992,0],[-59.014188581,-9.56347037699992,0],[-59.0134298309999,-9.56327644199996,0],[-59.012298713,-9.56327044399995,0],[-59.0108674319999,-9.56211496799995,0],[-59.009870124,-9.56095235799995,0],[-59.0076543559999,-9.55966977799994,0],[-59.0069471319999,-9.55962924399994,0],[-59.006297586,-9.55977389699995,0],[-59.004986738,-9.56049493899996,0],[-59.004153526,-9.56073821099994,0],[-59.003547093,-9.56074643399994,0],[-59.00270323,-9.55926493699997,0],[-59.002022325,-9.55907756099998,0],[-59.001543564,-9.55925507999995,0],[-59.0008077849999,-9.55992131999995,0],[-59.000518851,-9.56188003899997,0],[-59.0000680859999,-9.56201536899995,0],[-58.9987712239999,-9.56170580899993,0],[-58.995339825,-9.55950216399998,0],[-58.994049698,-9.55867264299997,0],[-58.993422552,-9.55849018699995,0],[-58.990738133,-9.55854877199993,0],[-58.9896170919999,-9.55920403099998,0],[-58.9889490479999,-9.56006037399993,0],[-58.9878240479999,-9.56213741399995,0],[-58.986723153,-9.56282170699995,0],[-58.985024231,-9.56305725599998,0],[-58.982477568,-9.56220027199993,0],[-58.982148875,-9.56213012999996,0],[-58.980539617,-9.56054994899995,0],[-58.980062615,-9.55850245599993,0],[-58.9796209039999,-9.55622868799997,0],[-58.979143909,-9.55418996799996,0],[-58.978450191,-9.55283117399995,0],[-58.9782100419999,-9.55123954599998,0],[-58.977734788,-9.54805793999998,0],[-58.97714747,-9.54672435799996,0],[-58.978111296,-9.54284481899998,0],[-58.9793936189999,-9.54114916799995,0],[-58.982037689,-9.53944644199993,0],[-58.984120132,-9.53771465099993,0],[-58.9852764,-9.53732239999995,0],[-58.98784649,-9.53685128699993,0],[-58.988184131,-9.53666994499996,0],[-58.9889551759999,-9.53562679499993,0],[-58.989099659,-9.53461869599994,0],[-58.989457468,-9.53389440499995,0],[-58.991332676,-9.53298879199996,0],[-58.991743669,-9.53250063799993,0],[-58.992039324,-9.53149802199993,0],[-58.9918831379999,-9.52945662199993,0],[-58.992083614,-9.52790612999996,0],[-58.992804249,-9.52652384499993,0],[-58.9937622749999,-9.52598364999994,0],[-58.994083115,-9.52537222299997,0],[-58.994510909,-9.52372257099995,0],[-58.994507013,-9.52146422899994,0],[-58.9948995299999,-9.51951434699992,0],[-58.9955731119999,-9.51840490899997,0],[-58.997011522,-9.51756283699996,0],[-58.9974135379999,-9.51714371599996,0],[-58.9978004399999,-9.51558282899997,0],[-58.997804366,-9.51399947999993,0],[-58.998771327,-9.51042846199994,0],[-58.9988407559999,-9.50939079699998,0],[-58.9986845459999,-9.50880293299997,0],[-58.998629676,-9.50859474299996,0],[-58.998246148,-9.50804248999997,0],[-58.997593309,-9.50766445799997,0],[-58.9947882279999,-9.50756691799995,0],[-58.993980865,-9.50684536799997,0],[-58.9933313989999,-9.50583070899995,0],[-58.9926287559999,-9.50410108299997,0],[-58.992017959,-9.50114697999993,0],[-58.991894804,-9.49983484099994,0],[-58.9920342409999,-9.49822247699996,0],[-58.9955403229999,-9.48936413499996,0],[-58.996540274,-9.48756058799995,0],[-58.9974741569999,-9.48463064599996,0],[-58.9976062969999,-9.48232854999997,0],[-58.997525684,-9.48054582399993,0],[-58.9979181579999,-9.47853245699996,0],[-58.9968320409999,-9.47525463899995,0],[-58.9970817499999,-9.47309555099996,0],[-58.970118901,-9.41798802799997,0],[-58.9887072829999,-9.37706780199995,0],[-58.988903201,-9.37682896099995,0],[-58.9892552749999,-9.37721572199995,0],[-58.989664444,-9.37767095899995,0],[-58.990306478,-9.37770657899995,0],[-58.991282129,-9.37738557899996,0],[-58.991735536,-9.37682736899995,0],[-58.992729681,-9.37480432499995,0],[-58.9934506439999,-9.37423351699994,0],[-58.994393261,-9.37397496299997,0],[-58.9949692399999,-9.37397058599993,0],[-58.9971315399999,-9.37454196499993,0],[-58.998056243,-9.37458962799998,0],[-58.9992792909999,-9.37430696199992,0],[-58.9997528379999,-9.37368574699997,0],[-59.000150816,-9.37112255599993,0],[-59.000366876,-9.37060652199995,0],[-59.0013363479999,-9.36959691299996,0],[-59.002199468,-9.36915866499992,0],[-59.0030273249999,-9.36907374999992,0],[-59.003803128,-9.36917070599997,0],[-59.00486832,-9.36953663199995,0],[-59.0055092329999,-9.37035066499993,0],[-59.005780723,-9.37157117599998,0],[-59.006259308,-9.37181658699997,0],[-59.0071453849999,-9.37190531999994,0],[-59.00890129,-9.37115315399996,0],[-59.012428739,-9.36894048999993,0],[-59.013723391,-9.36787606999997,0],[-59.014663172,-9.36710309099993,0],[-59.0156309239999,-9.36594555099997,0],[-59.016458168,-9.36449329599998,0],[-59.014758821,-9.36488447899995,0],[-59.0129816529999,-9.36474483799999,0],[-59.010638017,-9.36388757899994,0],[-59.008943675,-9.36269997299996,0],[-59.007867844,-9.36130473699995,0],[-59.007657936,-9.36082705699994,0],[-59.007413867,-9.35915681199999,0],[-59.007580639,-9.35733043999995,0],[-59.007503388,-9.35678757099993,0],[-59.007042155,-9.35563664899996,0],[-59.005815221,-9.35445286899993,0],[-59.005072463,-9.35416582999994,0],[-59.0047662919999,-9.35404805699994,0],[-59.003253915,-9.35388756399993,0],[-59.001997334,-9.35400753899995,0],[-59.001051961,-9.35447097999997,0],[-58.999565331,-9.35520065099995,0],[-58.997810025,-9.35641785899998,0],[-58.995095879,-9.35946745099993,0],[-58.994604432,-9.35981310899997,0],[-58.99283064,-9.36011602299993,0],[-58.991053504,-9.35950410199997,0],[-58.9892579099999,-9.35842599499995,0],[-58.988357322,-9.35768096699996,0],[-58.9876235519999,-9.35631090099996,0],[-58.9873028549999,-9.35521036299997,0],[-58.987412637,-9.35215090699996,0],[-58.9871966119999,-9.35105037499993,0],[-58.986413064,-9.34874467499997,0],[-58.986281006,-9.34742776799992,0],[-58.9863655469999,-9.34657156499998,0],[-58.9864299179999,-9.34642639999992,0],[-58.985030678,-9.34471943099993,0],[-58.9784754189999,-9.34206787799997,0],[-58.97638332,-9.33990838599994,0],[-58.975174387,-9.33912662999995,0],[-58.97303799,-9.33897807299996,0],[-58.972399374,-9.33878357299993,0],[-58.968947801,-9.33647772299997,0],[-58.966842801,-9.33570739999994,0],[-58.96357416,-9.33527935799998,0],[-58.9605770749999,-9.34079048099993,0],[-58.959805347,-9.33938697599996,0],[-58.9580262059999,-9.33734466599999,0],[-58.957553275,-9.33709976499996,0],[-58.956681881,-9.33631689899994,0],[-58.955295564,-9.33550714699993,0],[-58.953157023,-9.33457188099992,0],[-58.951827768,-9.33417132499994,0],[-58.951141623,-9.33365085999998,0],[-58.950013943,-9.33245876199992,0],[-58.9484716269999,-9.33032990299995,0],[-58.947591385,-9.32877464299998,0],[-58.9470872759999,-9.32708904899993,0],[-58.946651103,-9.32344238699994,0],[-58.9463265589999,-9.32272804099995,0],[-58.947071807,-9.31987415599996,0],[-58.947440313,-9.31765292899997,0],[-58.9482789149999,-9.31575658699995,0],[-58.9485250349999,-9.31166029799994,0],[-58.9489980879999,-9.31042619499993,0],[-58.950019664,-9.30874625099996,0],[-58.952567405,-9.30762189699993,0],[-58.957023716,-9.30530955899996,0],[-58.9646148539999,-9.30057787799997,0],[-58.967826256,-9.29986268899995,0],[-58.969159374,-9.29988632299994,0],[-58.9704723309999,-9.30012741999997,0],[-58.972544719,-9.30102259899996,0],[-58.972975661,-9.30101604799995,0],[-58.973683668,-9.30044365799995,0],[-58.9741292049999,-9.29958312299992,0],[-58.97427421,-9.29854892999997,0],[-58.974192058,-9.29625593999997,0],[-58.9747989059999,-9.29272392499997,0],[-58.9753530519999,-9.29094314299994,0],[-58.976097431,-9.29011823299994,0],[-58.97756485,-9.28991671699992,0],[-58.9762810249999,-9.28952062199994,0],[-58.975906645,-9.28894161099993,0],[-58.975811526,-9.28848750399992,0],[-58.976286715,-9.28753933399996,0],[-58.9769029409999,-9.28640985899995,0],[-58.9785662789999,-9.28495450499997,0],[-58.980486457,-9.28423371499997,0],[-58.981568303,-9.28287692999993,0],[-58.9820451909999,-9.28087211399999,0],[-58.9826776309999,-9.27959857599995,0],[-58.983855174,-9.27780358099994,0],[-58.984377927,-9.27617015799995,0],[-58.985844825,-9.27298330099996,0],[-58.987352578,-9.26899233299998,0],[-58.9883023049999,-9.26744273499996,0],[-58.989393601,-9.26635216399995,0],[-58.990981829,-9.26590083699995,0],[-58.992287446,-9.26525449899997,0],[-58.9930188829999,-9.26469031499994,0],[-58.9940424499999,-9.26351976299998,0],[-58.9951331629999,-9.26268882099993,0],[-58.9968243449999,-9.26219365899994,0],[-58.999176995,-9.26197017999992,0],[-59.0014882299999,-9.26175107399996,0],[-59.005107279,-9.25971119399997,0],[-59.007871754,-9.25709177799996,0],[-59.0085701479999,-9.25670997899994,0],[-59.010065434,-9.25635664799995,0],[-59.011562966,-9.25645137899994,0],[-59.012593215,-9.25632591799996,0],[-59.0162132899999,-9.25403838299997,0],[-59.017727016,-9.25333282299995,0],[-59.020628007,-9.25243987299996,0],[-59.022029835,-9.25251869199997,0],[-59.0231775889999,-9.25235321899993,0],[-59.0261887999999,-9.25133479799996,0],[-59.0279974329999,-9.25087951799999,0],[-59.0344916829999,-9.25069617599997,0],[-59.0359595099999,-9.25032743699995,0],[-59.036971787,-9.24959008799992,0],[-59.0394825079999,-9.24658985399998,0],[-59.0414655119999,-9.24379780299995,0],[-59.0418644119999,-9.24266337699993,0],[-59.042332684,-9.24133175499998,0],[-59.0426945089999,-9.23859516399995,0],[-59.044095141,-9.23189608099995,0],[-59.044352222,-9.22820205699998,0],[-59.042872754,-9.22902708599996,0],[-59.042082637,-9.22921721899996,0],[-59.0413652399999,-9.22910608399996,0],[-59.03967576,-9.22792363299993,0],[-59.0380417549999,-9.22763728399996,0],[-59.037341187,-9.22803938099998,0],[-59.034741535,-9.23051099199996,0],[-59.033624075,-9.23100622899995,0],[-59.033407514,-9.23098871499997,0],[-59.032572027,-9.23062506399999,0],[-59.030927286,-9.22875680199996,0],[-59.029616131,-9.22793580799993,0],[-59.027904368,-9.22797698399995,0],[-59.027200401,-9.22777545099996,0],[-59.02591331,-9.22681312899994,0],[-59.023730319,-9.22553808399995,0],[-59.021744342,-9.22496632599996,0],[-59.0197824479999,-9.22479167499995,0],[-59.017785326,-9.22530607899994,0],[-59.016187749,-9.22607680899996,0],[-59.014096089,-9.22798466699993,0],[-59.0134078099999,-9.22829635299996,0],[-59.0098292439999,-9.22689913599994,0],[-59.0091582979999,-9.22650531899995,0],[-59.008025142,-9.22636675899998,0],[-59.006649134,-9.22654370099998,0],[-59.003850112,-9.22727223099997,0],[-59.001018068,-9.22887001999993,0],[-58.9974350489999,-9.22884755799993,0],[-58.994742898,-9.22798429199996,0],[-58.991270169,-9.22533042199996,0],[-58.99043976,-9.22484839299994,0],[-58.988809713,-9.22445179399995,0],[-58.9853347329999,-9.22416359599993,0],[-58.982656086,-9.22246222299998,0],[-58.979890692,-9.22155560999994,0],[-58.977232202,-9.22030171899996,0],[-58.976959139,-9.22009958999996,0],[-58.976742628,-9.21912514799993,0],[-58.9762899679999,-9.21838731899992,0],[-58.975935788,-9.21777273699997,0],[-58.97595992,-9.21628726499996,0],[-58.975743442,-9.21472345599993,0],[-58.976084826,-9.21372110699997,0],[-58.976530264,-9.21324787999993,0],[-58.97791803,-9.21232280899993,0],[-58.9785929019999,-9.21148479599998,0],[-58.979511754,-9.21035922999993,0],[-58.980771374,-9.20924572599995,0],[-58.98258831,-9.20817879599997,0],[-58.98465143,-9.20757196699997,0],[-58.9862595979999,-9.20791653799996,0],[-58.990922412,-9.20829567199996,0],[-58.9934158,-9.20966669599995,0],[-58.994662497,-9.21057212099993,0],[-58.9954290919999,-9.21141674099994,0],[-58.995950044,-9.21169773499996,0],[-58.9970630179999,-9.21189766699996,0],[-58.997682459,-9.21137841299999,0],[-58.9992263029999,-9.20759190499996,0],[-58.999958208,-9.20630088899999,0],[-59.001605543,-9.20449226099993,0],[-59.0030861239999,-9.20345319899997,0],[-59.005337767,-9.20252148199995,0],[-59.0068742989999,-9.20214900399998,0],[-59.0098416169999,-9.20214566799996,0],[-59.0110452179999,-9.20214454799998,0],[-59.013721543,-9.20127522799993,0],[-59.0145978039999,-9.20128834999998,0],[-59.015417543,-9.20105937299996,0],[-59.0184374199999,-9.20021521499996,0],[-59.0198849609999,-9.19970905499997,0],[-59.021071193,-9.19929437299993,0],[-59.023467656,-9.19728134999997,0],[-59.025215492,-9.19344659499996,0],[-59.0267491069999,-9.19165434199994,0],[-59.029778886,-9.18923320999994,0],[-59.030510692,-9.18806376499998,0],[-59.030762431,-9.18719779099996,0],[-59.030803737,-9.18559403899996,0],[-59.030607258,-9.18425978599993,0],[-59.0279358669999,-9.18118061599995,0],[-59.026778668,-9.17953311799995,0],[-59.025454135,-9.17704103499995,0],[-59.025245942,-9.17607924099997,0],[-59.025159684,-9.17428599799996,0],[-59.025424276,-9.17307387299996,0],[-59.028343031,-9.16832551899995,0],[-59.028512453,-9.16640081899994,0],[-59.0283612969999,-9.16487268899994,0],[-59.0284361349999,-9.16248079499995,0],[-59.0286654729999,-9.16141820899997,0],[-59.028701799,-9.16069083699995,0],[-59.028985996,-9.16013872199994,0],[-59.030311421,-9.15934007299995,0],[-59.0310734609999,-9.15921788699995,0],[-59.0326098859999,-9.15953820699997,0],[-59.030921205,-9.15808905099994,0],[-59.029989039,-9.15758739799998,0],[-59.0277050729999,-9.15635790099998,0],[-59.025375201,-9.15439829399998,0],[-59.023386675,-9.15312878399993,0],[-59.0196664009999,-9.14906928199998,0],[-59.019050364,-9.14820337099997,0],[-59.018643563,-9.14691187899996,0],[-59.0188085149999,-9.14433817499996,0],[-59.0185376439999,-9.14226619399994,0],[-59.017504742,-9.13975278899994,0],[-59.0172775189999,-9.13769341099992,0],[-59.016507084,-9.13687022999994,0],[-59.0156197319999,-9.13640360999995,0],[-59.013469629,-9.13572834699993,0],[-59.0125291269999,-9.13511329499994,0],[-59.011949492,-9.13450699699995,0],[-59.009841315,-9.13147110299997,0],[-59.008598148,-9.13076129799997,0],[-59.007019863,-9.13020320999993,0],[-59.004559295,-9.13000770799994,0],[-59.002656524,-9.12985600699993,0],[-58.998450964,-9.12903226499999,0],[-58.997501541,-9.12856561599995,0],[-58.9951109319999,-9.12691536599993,0],[-58.992507753,-9.12450653499997,0],[-58.990536783,-9.12268429499993,0],[-58.989369188,-9.12222639399995,0],[-58.9884561709999,-9.12088779099996,0],[-58.9874352159999,-9.11823305799992,0],[-58.9859555159999,-9.11562213299993,0],[-58.985725045,-9.11469487199996,0],[-58.9859007599999,-9.11306273299993,0],[-58.9861172839999,-9.11251996899995,0],[-58.9876205899999,-9.11034180999997,0],[-58.987730246,-9.11019557799995,0],[-58.9874315389999,-9.10858205399995,0],[-58.986504005,-9.10730644499994,0],[-58.98486879,-9.10558170599996,0],[-58.984078875,-9.10483133899993,0],[-58.982119138,-9.10481155999997,0],[-58.981145719,-9.10438267999996,0],[-58.980419587,-9.10366462499996,0],[-58.9800531769999,-9.10301559299996,0],[-58.9796555,-9.10086313799997,0],[-58.9796443819999,-9.09909901599997,0],[-58.979926936,-9.09816301999997,0],[-58.981720023,-9.09571763799994,0],[-58.9820501259999,-9.09470715799995,0],[-58.982009379,-9.09211657799996,0],[-58.982365269,-9.08950903699998,0],[-58.982317753,-9.08848156999994,0],[-58.9816470869999,-9.08608759999993,0],[-58.9809484149999,-9.08478298299998,0],[-58.976274099,-9.08005899399997,0],[-58.975498805,-9.07884692999994,0],[-58.975002139,-9.07690864999995,0],[-58.9745753559999,-9.07592334499998,0],[-58.972482178,-9.07325875799994,0],[-58.972212595,-9.07230084699995,0],[-58.972821461,-9.06805798599993,0],[-58.973499498,-9.06731317399993,0],[-58.973915731,-9.06661435499996,0],[-58.9747998409999,-9.06154452699997,0],[-58.976183514,-9.05551575799996,0],[-58.976239081,-9.05154401799996,0],[-58.976411442,-9.05004120699994,0],[-58.9766682219999,-9.04955926499997,0],[-58.978605418,-9.04837034799993,0],[-58.979934516,-9.04821595599998,0],[-58.983230393,-9.04830862799996,0],[-58.98392459,-9.04818651899996,0],[-58.984480065,-9.04791050799997,0],[-58.9852939849999,-9.04721389099996,0],[-58.985789056,-9.04656436399994,0],[-58.987372751,-9.04294374399996,0],[-58.98825267,-9.04209049199995,0],[-58.9888467289999,-9.04196563599993,0],[-58.9903514439999,-9.04216063599995,0],[-58.9911267319999,-9.04253361399998,0],[-58.991969696,-9.04354134299997,0],[-58.992686796,-9.04501239999997,0],[-58.993185195,-9.04552831399998,0],[-58.994052229,-9.04585583199997,0],[-58.995162599,-9.04571399599997,0],[-58.9975052849999,-9.04442259999996,0],[-58.999191809,-9.04437221899997,0],[-59.0004252379999,-9.04467562899993,0],[-59.0022107779999,-9.04579835199996,0],[-59.003083412,-9.04602508399995,0],[-59.004098681,-9.04551354999994,0],[-59.004971304,-9.04467012699996,0],[-59.006302623,-9.04462191699998,0],[-59.0083756939999,-9.04552609399997,0],[-59.0087471219999,-9.04553265999995,0],[-59.0091476329999,-9.04530536899995,0],[-59.009322717,-9.04520514099995,0],[-59.009643228,-9.04456709699997,0],[-59.010784347,-9.04403418999992,0],[-59.011028226,-9.04357797399996,0],[-59.0111160439999,-9.04341586099997,0],[-59.0112133489999,-9.04225534299997,0],[-59.0125569049999,-9.03974478999993,0],[-59.013659913,-9.03706008499996,0],[-59.013690084,-9.03576977599994,0],[-59.013267706,-9.03373300899995,0],[-59.01326879,-9.03245256199996,0],[-59.0137280069999,-9.03169074499993,0],[-59.01529586,-9.03028922099998,0],[-59.0169391909999,-9.02812479299996,0],[-59.0192593319999,-9.02598991199994,0],[-59.020162058,-9.02411467399997,0],[-59.020087571,-9.02183913399995,0],[-59.0203800849999,-9.02116001999997,0],[-59.021893054,-9.01940469899996,0],[-59.0226285539999,-9.01842928099995,0],[-59.02288636,-9.01724577199997,0],[-59.021365969,-9.01530383099993,0],[-59.021068924,-9.01452233099997,0],[-59.020224814,-9.01307270799997,0],[-59.0200312499999,-9.01230434899998,0],[-59.020171601,-9.01122928799997,0],[-59.019838753,-9.01021722699994,0],[-59.0195360819999,-9.00849813799994,0],[-59.020945003,-9.00728775899995,0],[-59.023755592,-9.00570490699995,0],[-59.024315487,-9.00573335899998,0],[-59.0246013139999,-9.00588340399996,0],[-59.0250522589999,-9.00827171699996,0],[-59.0254986269999,-9.00859755199997,0],[-59.0262710769999,-9.00868732899993,0],[-59.0271464049999,-9.00803557099994,0],[-59.0285564549999,-9.00734927999997,0],[-59.0309832259999,-9.00432333399993,0],[-59.0336192679999,-9.00292445499997,0],[-59.0346550469999,-9.00145721699993,0],[-59.035180796,-9.00116144699996,0],[-59.035450407,-9.00135036999995,0],[-59.0350025389999,-9.00356128799996,0],[-59.035302932,-9.00400924999997,0],[-59.035744807,-9.00403988899996,0],[-59.0363281479999,-9.00344399799997,0],[-59.037398533,-9.00109721599994,0],[-59.038389051,-9.00039450199995,0],[-59.038717876,-8.99962502199998,0],[-59.039312761,-8.99658549599997,0],[-59.0386799939999,-8.99438397699992,0],[-59.038743132,-8.99354825499995,0],[-59.037991796,-8.99135551099994,0],[-59.0381673529999,-8.99045570599998,0],[-59.0407928189999,-8.99081421799997,0],[-59.040950497,-8.99021397999996,0],[-59.039960987,-8.98924033299993,0],[-59.040003976,-8.98826605899995,0],[-59.0400347149999,-8.98798073099995,0],[-59.040199639,-8.98706176099995,0],[-59.0403690909999,-8.98682078199994,0],[-59.040699073,-8.98666631899993,0],[-59.041640343,-8.98601563599992,0],[-59.0427080279999,-8.98552047399995,0],[-59.045553082,-8.98370860799997,0],[-59.0443727969999,-8.98212217199995,0],[-59.0437210699999,-8.98060688599998,0],[-59.0421839539999,-8.97893723599998,0],[-59.0416156209999,-8.97798054299994,0],[-59.042334237,-8.97693776599992,0],[-59.0431066089999,-8.97666168799999,0],[-59.043458421,-8.97678159399993,0],[-59.0441044569999,-8.97725799099993,0],[-59.044830475,-8.97773438199994,0],[-59.044406962,-8.97638775599996,0],[-59.045094841,-8.97570423399998,0],[-59.0448134219999,-8.97469439999998,0],[-59.045128765,-8.97357224699994,0],[-59.0435407579999,-8.97175967899995,0],[-59.0437335989999,-8.97043983999993,0],[-59.0432626799999,-8.97051545399995,0],[-59.0414521709999,-8.96967003999993,0],[-59.038892678,-8.96758864699997,0],[-59.0385413979999,-8.96700817199996,0],[-59.037937329,-8.96656407799999,0],[-59.037549054,-8.96487901099995,0],[-59.0367239249999,-8.96246178099994,0],[-59.0363709709999,-8.96185721099993,0],[-59.035318332,-8.96096353399996,0],[-59.0272268969999,-8.95609495999997,0],[-59.02381243,-8.95467017399994,0],[-59.023330319,-8.95436516099994,0],[-59.023238036,-8.95430875899996,0],[-59.021705547,-8.95272834299992,0],[-59.021221177,-8.95184831099994,0],[-59.0206159689999,-8.95008549299997,0],[-59.0199464629999,-8.94866878399995,0],[-59.0163569159999,-8.94420130499998,0],[-59.015374777,-8.94199601399994,0],[-59.015264584,-8.94140457299994,0],[-59.013826122,-8.94001472199994,0],[-59.0115023669999,-8.93895730099995,0],[-59.011351922,-8.93875139399995,0],[-59.010832367,-8.93864133199997,0],[-59.0098995019999,-8.93763644599994,0],[-59.009901653,-8.93338628199997,0],[-59.009787548,-8.93250350399996,0],[-59.0093295,-8.93146411199996,0],[-59.0082814419999,-8.93020348699997,0],[-59.006510282,-8.92912085099993,0],[-59.004657486,-8.92861486299994,0],[-59.00158162,-8.92851849999994,0],[-58.998669615,-8.92884981699996,0],[-58.9963828469999,-8.92891552199995,0],[-58.9950171629999,-8.92880653399993,0],[-58.99366882,-8.92839744099996,0],[-58.992483227,-8.92751026799993,0],[-58.9918434649999,-8.92648728999995,0],[-58.9910024229999,-8.92286965199997,0],[-58.990632224,-8.92181546599993,0],[-58.9905774339999,-8.92097212099999,0],[-58.991294604,-8.92119255399997,0],[-58.9940453099999,-8.91860574899995,0],[-59.003153644,-8.91838372099994,0],[-59.008846654,-8.91051223099994,0],[-59.0196182609999,-8.90426799399995,0],[-59.0195682949999,-8.90061304899997,0],[-59.0108259359999,-8.89356855199998,0],[-59.013208284,-8.88623974799998,0],[-59.019354537,-8.88495928099996,0],[-59.0215723329999,-8.88350622099994,0],[-59.019229809,-8.87581199599998,0],[-59.0191131349999,-8.86724654399996,0],[-59.030574864,-8.85754786899997,0],[-59.038683151,-8.85810488599998,0],[-59.0526256589999,-8.85122554399993,0],[-59.053766485,-8.84097624899995,0],[-59.0629059029999,-8.83771955799995,0],[-59.0669310649999,-8.82972141999993,0],[-59.073429629,-8.83352529899997,0],[-59.0920379039999,-8.83416500099997,0],[-59.108791235,-8.81486706799996,0],[-59.116318327,-8.81434266399998,0],[-59.127217936,-8.80327916499994,0],[-59.2886869499999,-8.80334427799994,0],[-59.412748812,-8.80334754799998,0],[-59.7136778839999,-8.80191162599994,0],[-60.309232908,-8.79775757899995,0],[-60.420111667,-8.79663722199997,0],[-60.420465,-8.79663888899995,0],[-60.515046667,-8.79702222199995,0],[-60.8351066669999,-8.79814277799994,0],[-61.5830644439999,-8.79870388899996,0],[-61.582924444,-8.79985444399994,0],[-61.581814444,-8.80155333299996,0],[-61.580028333,-8.80270888899996,0],[-61.574256667,-8.80232999999993,0],[-61.5713466669999,-8.80096333299997,0],[-61.568285556,-8.80109777799992,0],[-61.566532222,-8.80232999999993,0],[-61.565393333,-8.80495555599997,0],[-61.5648105559999,-8.80570499999994,0],[-61.564034444,-8.80631611099994,0],[-61.563131111,-8.80669111099996,0],[-61.557532222,-8.80742555599994,0],[-61.553098333,-8.80955222199999,0],[-61.546817222,-8.81594444399997,0],[-61.544888333,-8.81667222199998,0],[-61.5430083329999,-8.81911277799997,0],[-61.539232222,-8.81992333299996,0],[-61.537040556,-8.81978277799993,0],[-61.533069444,-8.82025222199996,0],[-61.527124444,-8.81687277799995,0],[-61.526005556,-8.81685055599996,0],[-61.523506111,-8.81861277799993,0],[-61.520757222,-8.82160055599995,0],[-61.520473889,-8.82759555599994,0],[-61.5179561109999,-8.83143055599992,0],[-61.514929444,-8.83451388899993,0],[-61.5136511109999,-8.83696666699996,0],[-61.513952778,-8.84158999999994,0],[-61.514584444,-8.84354833299995,0],[-61.5141183329999,-8.84699388899998,0],[-61.51437,-8.84904333299994,0],[-61.512261111,-8.85534388899992,0],[-61.512395,-8.86056999999994,0],[-61.511422222,-8.86365611099995,0],[-61.509876111,-8.86501499999997,0],[-61.505147778,-8.87208499999996,0],[-61.502623333,-8.87417999999998,0],[-61.5014044439999,-8.87580222199994,0],[-61.5004811109999,-8.87558833299994,0],[-61.497729444,-8.87799277799997,0],[-61.492067778,-8.88484944399995,0],[-61.489034444,-8.89304499999996,0],[-61.486981111,-8.90169499999995,0],[-61.484400556,-8.90614111099994,0],[-61.482621111,-8.90762944399995,0],[-61.4803372219999,-8.90843722199997,0],[-61.476705556,-8.91141611099995,0],[-61.4721777779999,-8.91366888899995,0],[-61.470178889,-8.91509833299995,0],[-61.468423889,-8.91738388899995,0],[-61.469143889,-8.92012888899995,0],[-61.4767027779999,-8.92726333299993,0],[-61.4797011109999,-8.92974333299999,0],[-61.4826755559999,-8.93119833299994,0],[-61.485094444,-8.93379555599995,0],[-61.4894588889999,-8.93728722199995,0],[-61.4929549999999,-8.94256333299995,0],[-61.4976383329999,-8.95128666699998,0],[-61.499285,-8.95652333299994,0],[-61.501507222,-8.95931444399997,0],[-61.503313889,-8.96284833299995,0],[-61.505652222,-8.96620444399996,0],[-61.510172778,-8.97543333299997,0],[-61.51098,-8.97620888899995,0],[-61.51192,-8.98022277799993,0],[-61.512072222,-8.98538444399998,0],[-61.513575556,-8.99015222199994,0],[-61.514846667,-8.99201277799994,0],[-61.518440556,-8.99553944399996,0],[-61.518885,-8.99622888899995,0],[-61.52054,-9.00056555599996,0],[-61.521150556,-9.00216555599997,0],[-61.521716667,-9.00706388899994,0],[-61.522564444,-9.01008666699994,0],[-61.524680556,-9.01398999999998,0],[-61.5268166669999,-9.01653999999996,0],[-61.527895556,-9.01936611099995,0],[-61.528482222,-9.02418611099995,0],[-61.529797222,-9.03939944399997,0],[-61.5305922219999,-9.04203944399996,0],[-61.5316288889999,-9.04373722199994,0],[-61.537040556,-9.04701833299993,0],[-61.5402549999999,-9.05147166699993,0],[-61.5415372219999,-9.05399555599996,0],[-61.542838333,-9.05930333299994,0],[-61.546032222,-9.06526944399997,0],[-61.546412222,-9.06732166699994,0],[-61.547486111,-9.07479333299995,0],[-61.549323333,-9.08115611099993,0],[-61.552126111,-9.08564111099997,0],[-61.5545922219999,-9.08901444399992,0],[-61.555672778,-9.09241722199994,0],[-61.5556766669999,-9.10074999999996,0],[-61.55627,-9.10695277799994,0],[-61.556846111,-9.10878444399999,0],[-61.5584249999999,-9.11114722199994,0],[-61.558782778,-9.11314944399992,0],[-61.558818889,-9.11761555599997,0],[-61.557398889,-9.12273555599996,0],[-61.557072222,-9.12531666699994,0],[-61.555956667,-9.12811333299993,0],[-61.555298889,-9.13151166699993,0],[-61.5516388889999,-9.13752499999993,0],[-61.5498949999999,-9.13987555599993,0],[-61.543103333,-9.14699388899993,0],[-61.539415,-9.15197944399996,0],[-61.5387466669999,-9.15324499999997,0],[-61.5343322219999,-9.16160944399996,0],[-61.532707778,-9.16916833299996,0],[-61.5318211109999,-9.17106166699995,0],[-61.524206111,-9.17794333299997,0],[-61.5235611109999,-9.17903388899999,0],[-61.5223999999999,-9.18834444399994,0],[-61.5202294439999,-9.19183166699997,0],[-61.5195494439999,-9.19521333299997,0],[-61.5195122219999,-9.19735444399993,0],[-61.520399444,-9.20029999999996,0],[-61.5221533329999,-9.21242333299995,0],[-61.524095556,-9.21874277799998,0],[-61.5273472219999,-9.22650388899996,0],[-61.528012222,-9.23118111099996,0],[-61.5272527779999,-9.23619166699996,0],[-61.5251872219999,-9.24015499999996,0],[-61.524782778,-9.24287055599997,0],[-61.526123889,-9.24586277799995,0],[-61.5292327779999,-9.24868833299995,0],[-61.5326327779999,-9.24890666699996,0],[-61.5372338889999,-9.24496666699996,0],[-61.5390233329999,-9.24403277799995,0],[-61.5448655559999,-9.24442888899995,0],[-61.551903889,-9.24386611099992,0],[-61.5579844439999,-9.24163555599995,0],[-61.564707222,-9.23809999999998,0],[-61.568316667,-9.23710277799995,0],[-61.5740377779999,-9.23697333299998,0],[-61.5749855559999,-9.23716111099998,0],[-61.5768977779999,-9.23754111099994,0],[-61.584611111,-9.24049722199993,0],[-61.58901,-9.24368944399993,0],[-61.595229444,-9.25264333299998,0],[-61.5968772219999,-9.25437166699993,0],[-61.599533889,-9.25604999999995,0],[-61.602515556,-9.25657888899996,0],[-61.608648333,-9.25565111099995,0],[-61.6120922219999,-9.25622444399995,0],[-61.616347778,-9.25557055599995,0],[-61.6183944439999,-9.25603055599992,0],[-61.625370556,-9.25641944399996,0],[-61.62826,-9.25711277799996,0],[-61.629867222,-9.25931944399997,0],[-61.632404444,-9.26430611099994,0],[-61.633086111,-9.26799333299995,0],[-61.6332772219999,-9.27062166699994,0],[-61.633312222,-9.27430111099993,0],[-61.632762778,-9.27649499999995,0],[-61.6307572219999,-9.27987888899997,0],[-61.6285644439999,-9.28173999999995,0],[-61.627336111,-9.28351333299997,0],[-61.626232778,-9.28409888899994,0],[-61.625232222,-9.28413777799994,0],[-61.6153544439999,-9.27867388899995,0],[-61.6139872219999,-9.27858611099998,0],[-61.612403333,-9.27980999999994,0],[-61.611922222,-9.28071611099995,0],[-61.611790556,-9.28307666699992,0],[-61.612731111,-9.28994111099995,0],[-61.612627222,-9.29460777799993,0],[-61.615341111,-9.30624833299993,0],[-61.6139233329999,-9.31038833299993,0],[-61.611451667,-9.31355999999994,0],[-61.611263333,-9.31574222199993,0],[-61.6132361109999,-9.32146666699997,0],[-61.61614,-9.32683999999995,0],[-61.61753,-9.32877055599993,0],[-61.623645,-9.33455055599994,0],[-61.624707222,-9.33643944399994,0],[-61.6258427779999,-9.34015666699998,0],[-61.627190556,-9.34575944399996,0],[-61.627792222,-9.35165222199993,0],[-61.627041111,-9.35905666699995,0],[-61.625845,-9.36302611099996,0],[-61.6238144439999,-9.36261222199995,0],[-61.621231111,-9.36108833299994,0],[-61.6147072219999,-9.35631444399997,0],[-61.6135677779999,-9.35579055599993,0],[-61.612177222,-9.35594833299997,0],[-61.6113177779999,-9.35662833299996,0],[-61.6112233329999,-9.35993611099996,0],[-61.610908889,-9.36111388899998,0],[-61.610058889,-9.36253055599997,0],[-61.608281667,-9.36352888899996,0],[-61.5986799999999,-9.36750388899999,0],[-61.594562778,-9.36871999999994,0],[-61.58307,-9.36816999999995,0],[-61.5802277779999,-9.36823666699996,0],[-61.5792844439999,-9.36844944399995,0],[-61.573749444,-9.37072999999999,0],[-61.569459444,-9.37331555599997,0],[-61.563246667,-9.37817111099997,0],[-61.561005,-9.38177111099998,0],[-61.558868333,-9.38549444399995,0],[-61.553262778,-9.38653055599996,0],[-61.552621111,-9.38743722199996,0],[-61.5524305559999,-9.38834666699995,0],[-61.5530727779999,-9.38907388899997,0],[-61.5581516669999,-9.39183833299994,0],[-61.559599444,-9.39311777799997,0],[-61.56129,-9.39744277799996,0],[-61.561412778,-9.40056666699996,0],[-61.560236667,-9.40347111099993,0],[-61.557595556,-9.40596833299998,0],[-61.550455556,-9.41471888899996,0],[-61.550256111,-9.41630499999997,0],[-61.550526111,-9.41776333299993,0],[-61.554595556,-9.42028499999998,0],[-61.55582,-9.42180555599999,0],[-61.555762778,-9.43117833299994,0],[-61.556649444,-9.43562944399996,0],[-61.5622127779999,-9.43701444399993,0],[-61.5645977779999,-9.43836944399993,0],[-61.571063333,-9.44495777799995,0],[-61.574121667,-9.45158444399993,0],[-61.581648333,-9.45914055599997,0],[-61.581482222,-9.46027388899995,0],[-61.5802338889999,-9.46068611099997,0],[-61.573926667,-9.46084888899997,0],[-61.573174444,-9.46144722199995,0],[-61.572403889,-9.46362388899997,0],[-61.573563889,-9.46548111099997,0],[-61.578397778,-9.46953166699996,0],[-61.5785722219999,-9.47162611099998,0],[-61.576893889,-9.47449111099996,0],[-61.5736249999999,-9.47444888899997,0],[-61.569738333,-9.47623611099993,0],[-61.568987222,-9.47687166699996,0],[-61.5666483329999,-9.48147666699998,0],[-61.562654444,-9.48578555599994,0],[-61.560290556,-9.48627111099995,0],[-61.553928889,-9.48998999999998,0],[-61.551901667,-9.48935277799994,0],[-61.54982,-9.48955833299993,0],[-61.545008889,-9.49202055599994,0],[-61.542755556,-9.49356555599996,0],[-61.541008333,-9.49524388899995,0],[-61.538483333,-9.49724222199996,0],[-61.5365711109999,-9.49727555599998,0],[-61.53329,-9.49926555599995,0],[-61.526426111,-9.50108722199998,0],[-61.525730556,-9.50181222199995,0],[-61.5255688889999,-9.50279222199994,0],[-61.5260966669999,-9.50356111099996,0],[-61.5284444439999,-9.50414611099995,0],[-61.533645,-9.50502222199998,0],[-61.541590556,-9.50968666699992,0],[-61.5454322219999,-9.51041333299996,0],[-61.547324444,-9.51123611099996,0],[-61.549037778,-9.51250444399995,0],[-61.549489444,-9.51332833299994,0],[-61.549761667,-9.51422999999994,0],[-61.549483333,-9.51523166699997,0],[-61.5471805559999,-9.51826611099995,0],[-61.5445999999999,-9.52017833299993,0],[-61.5361227779999,-9.52444388899994,0],[-61.531651111,-9.52992555599998,0],[-61.527042222,-9.53328111099995,0],[-61.5248411109999,-9.53343388899997,0],[-61.523067778,-9.53273666699995,0],[-61.52143,-9.53118444399996,0],[-61.5169255559999,-9.52977333299997,0],[-61.514356111,-9.52846277799994,0],[-61.513372222,-9.52854555599993,0],[-61.51401,-9.53926166699995,0],[-61.512478889,-9.54048888899996,0],[-61.509041667,-9.53866944399994,0],[-61.508209444,-9.53935166699996,0],[-61.507961111,-9.54047722199994,0],[-61.5098477779999,-9.54842722199993,0],[-61.509207222,-9.55189166699995,0],[-61.510314444,-9.56298333299998,0],[-61.5102883329999,-9.56510666699995,0],[-61.5084294439999,-9.56633999999997,0],[-61.506231667,-9.56670333299996,0],[-61.5045933329999,-9.56795666699998,0],[-61.503091667,-9.57301166699995,0],[-61.501315,-9.57341777799996,0],[-61.500202222,-9.57215888899998,0],[-61.498956667,-9.57229388899998,0],[-61.496370556,-9.57439222199997,0],[-61.495116111,-9.57877333299996,0],[-61.494731111,-9.58247999999998,0],[-61.4948449999999,-9.58494388899993,0],[-61.498089444,-9.59944111099997,0],[-61.499257222,-9.60240277799994,0],[-61.4999549999999,-9.60299944399998,0],[-61.501015556,-9.60924333299994,0],[-61.5026505559999,-9.61075166699993,0],[-61.5036216669999,-9.61263277799997,0],[-61.502949444,-9.61535999999995,0],[-61.500410556,-9.62008166699996,0],[-61.496773333,-9.62407388899993,0],[-61.4956627779999,-9.62479166699994,0],[-61.491985556,-9.62621777799995,0],[-61.4873994439999,-9.62655944399995,0],[-61.484483333,-9.62566166699997,0],[-61.482347222,-9.62349333299995,0],[-61.480879444,-9.62342388899999,0],[-61.478513333,-9.62435499999998,0],[-61.477037222,-9.62629555599995,0],[-61.476725,-9.62873777799996,0],[-61.4768833329999,-9.62986999999993,0],[-61.478114444,-9.63245888899996,0],[-61.480453333,-9.63419944399994,0],[-61.4811255559999,-9.63620166699996,0],[-61.480873333,-9.64005444399993,0],[-61.481645,-9.64115166699997,0],[-61.484650556,-9.64312111099997,0],[-61.486097222,-9.64466999999997,0],[-61.487788333,-9.64817611099994,0],[-61.4882311109999,-9.65005722199993,0],[-61.490625,-9.65320999999993,0],[-61.491819444,-9.65606999999993,0],[-61.493989444,-9.65939611099998,0],[-61.494930556,-9.65989777799995,0],[-61.497845556,-9.65902611099995,0],[-61.4987616669999,-9.65964277799998,0],[-61.506812222,-9.66196999999995,0],[-61.506956111,-9.66306166699998,0],[-61.506566111,-9.66393222199996,0],[-61.504146667,-9.66741944399996,0],[-61.5021988889999,-9.67986222199994,0],[-61.502066111,-9.68283388899994,0],[-61.5052016669999,-9.69139555599997,0],[-61.508706111,-9.69396444399996,0],[-61.512232222,-9.69440055599994,0],[-61.519591667,-9.69704777799996,0],[-61.5217872219999,-9.69892722199996,0],[-61.524348333,-9.70207277799994,0],[-61.527047222,-9.70747611099995,0],[-61.5295399999999,-9.71011222199995,0],[-61.5323472219999,-9.71179055599994,0],[-61.5429011109999,-9.71505111099998,0],[-61.5460105559999,-9.71542055599997,0],[-61.546761111,-9.71475777799998,0],[-61.548427778,-9.71067722199996,0],[-61.550041667,-9.70804833299997,0],[-61.551868333,-9.70720222199998,0],[-61.5529799999999,-9.70720611099995,0],[-61.559288889,-9.70965833299994,0],[-61.562182778,-9.71150666699998,0],[-61.5636777779999,-9.71309611099996,0],[-61.5677422219999,-9.71442111099998,0],[-61.572261667,-9.71705944399996,0],[-61.5745666669999,-9.71780722199997,0],[-61.574431111,-9.72064555599997,0],[-61.5729311109999,-9.72400499999998,0],[-61.571496111,-9.72567444399994,0],[-61.5686811109999,-9.72744277799995,0],[-61.566706111,-9.72939722199994,0],[-61.5645672219999,-9.72985666699997,0],[-61.558738333,-9.72844055599995,0],[-61.5551788889999,-9.72909333299999,0],[-61.552791111,-9.73160888899997,0],[-61.5499599999999,-9.73251444399994,0],[-61.539320556,-9.73809388899997,0],[-61.534602778,-9.73949499999999,0],[-61.531431111,-9.73992555599994,0],[-61.531010556,-9.74105666699996,0],[-61.533258889,-9.74600166699996,0],[-61.533221667,-9.74823111099993,0],[-61.532262778,-9.75490055599994,0],[-61.532540556,-9.75799833299992,0],[-61.5392849999999,-9.77081277799994,0],[-61.5419805559999,-9.77957555599994,0],[-61.542978889,-9.78130111099995,0],[-61.5461472219999,-9.78480055599994,0],[-61.547285556,-9.78755555599997,0],[-61.5469866669999,-9.78841444399994,0],[-61.54615,-9.78890944399996,0],[-61.5424883329999,-9.78861333299993,0],[-61.541514444,-9.78909111099995,0],[-61.538321111,-9.79344722199994,0],[-61.536425556,-9.79385833299995,0],[-61.528095556,-9.79366499999997,0],[-61.5262316669999,-9.79426777799995,0],[-61.5248427779999,-9.79574388899994,0],[-61.5245416669999,-9.80211222199994,0],[-61.525203889,-9.80764722199997,0],[-61.5277616669999,-9.81191333299995,0],[-61.5307861109999,-9.81537166699996,0],[-61.532207222,-9.81854888899993,0],[-61.532044444,-9.81977222199993,0],[-61.531209444,-9.82156722199995,0],[-61.5303733329999,-9.82208666699994,0],[-61.528173333,-9.82239999999996,0],[-61.524916111,-9.82140277799995,0],[-61.52437,-9.82134722199993,0],[-61.5196627779999,-9.82154999999996,0],[-61.518173889,-9.82303611099997,0],[-61.516208889,-9.82793555599994,0],[-61.515902222,-9.83326888899995,0],[-61.516451667,-9.83820888899992,0],[-61.515432222,-9.84342888899995,0],[-61.5130444439999,-9.85070611099997,0],[-61.512596667,-9.85355611099993,0],[-61.509680556,-9.85764888899996,0],[-61.507843333,-9.86109555599995,0],[-61.507688889,-9.87006333299996,0],[-61.508207222,-9.87262944399993,0],[-61.509817778,-9.87566999999997,0],[-61.510201111,-9.87900277799997,0],[-61.508678889,-9.88491388899996,0],[-61.5083488889999,-9.88881444399992,0],[-61.509116111,-9.89160888899993,0],[-61.510993889,-9.89557611099996,0],[-61.518348889,-9.89985055599994,0],[-61.523396111,-9.90440944399996,0],[-61.524898889,-9.90659055599996,0],[-61.526016667,-9.91480777799995,0],[-61.5255133329999,-9.91870999999998,0],[-61.5230722219999,-9.92804611099996,0],[-61.5247355559999,-9.93013555599992,0],[-61.526127222,-9.93070611099994,0],[-61.52768,-9.93208944399993,0],[-61.528698333,-9.93490666699995,0],[-61.52865,-9.93609277799992,0],[-61.524483333,-9.93939666699993,0],[-61.523625556,-9.94135388899997,0],[-61.522735,-9.94670777799996,0],[-61.5232599999999,-9.94850055599995,0],[-61.524315556,-9.94879888899993,0],[-61.524927222,-9.94956555599998,0],[-61.529961667,-9.95073444399998,0],[-61.53234,-9.95264611099998,0],[-61.535738333,-9.95952888899997,0],[-61.537262222,-9.96198055599996,0],[-61.539345,-9.96411333299994,0],[-61.538845,-9.96488555599996,0],[-61.536452222,-9.96597166699996,0],[-61.5339855559999,-9.96615333299997,0],[-61.529822222,-9.96723999999996,0],[-61.528212222,-9.96860388899995,0],[-61.527902222,-9.97044499999994,0],[-61.528568889,-9.97892777799995,0],[-61.531118889,-9.98986499999995,0],[-61.5324605559999,-9.99183444399995,0],[-61.536576111,-9.99448388899998,0],[-61.538550556,-9.99538611099996,0],[-61.54151,-9.99565888899997,0],[-61.5416283329999,-9.99765666699993,0],[-61.540038889,-9.99953999999997,0],[-61.5401446019999,-10.0002090429999,0]]]]},"properties":{"name":"Colniza"}},
{"type":"Feature","geometry":{"type":"MultiPolygon","coordinates":[[[[-59.1013106116044,-9.28700320875119,0],[-59.1675772812769,-9.28648976256985,0],[-59.1175883660093,-9.30616659752236,0],[-59.1138042353997,-9.30036399718393,0],[-59.1118965247541,-9.30285810951832,0],[-59.1094812250876,-9.30086705079171,0],[-59.1082343846098,-9.30135188697805,0],[-59.1013106116044,-9.28700320875119,0]]],[[[-59.0811644760971,-9.22180071046511,0],[-59.0805173909985,-9.23411763399994,0],[-59.1027910289984,-9.23394204199993,0],[-59.0963027232609,-9.28010702051549,0],[-59.0907093653293,-9.28035083194253,0],[-59.0900229051222,-9.27806298467115,0],[-59.0683903210871,-9.22814908459432,0],[-59.0811644760971,-9.22180071046511,0]]],[[[-59.0820972930883,-9.20404672086985,0],[-59.0815654204385,-9.2141694280134,0],[-59.0680938505982,-9.21850572054174,0],[-59.06813605523,-9.20924238700053,0],[-59.0779351754552,-9.20851751743604,0],[-59.0794483309527,-9.20430699743018,0],[-59.0820972930883,-9.20404672086985,0]]],[[[-59.3767187252945,-9.09422953468738,0],[-59.3765798059962,-9.09249253099985,0],[-59.3747443119963,-9.08864365299987,0],[-59.3761715599962,-9.08734765199987,0],[-59.3701464169963,-9.06517086499989,0],[-59.3700950449963,-9.06427152799985,0],[-59.3725602749963,-9.05869155299988,0],[-59.3754241409962,-9.05591560399987,0],[-59.3811418119962,-9.05282373499985,0],[-59.3850639239961,-9.04911373799985,0],[-59.3898009119961,-9.04714076599982,0],[-59.396481109996,-9.04462595299987,0],[-59.399520900996,-9.04235586499984,0],[-59.4013804519959,-9.03812929799984,0],[-59.4049133739959,-9.03119096999986,0],[-59.4057645789959,-9.02689965299984,0],[-59.4060041859959,-9.02280999399985,0],[-59.4068224419959,-9.02010448599987,0],[-59.4086877759959,-9.01629318599982,0],[-59.4110173839958,-9.01329753599984,0],[-59.4141874179958,-9.01041459699987,0],[-59.4182469299957,-9.00846869199985,0],[-59.4210395649957,-9.00630941199984,0],[-59.4244188349957,-9.00480111999986,0],[-59.4261680339956,-9.00303184099983,0],[-59.4266309786747,-9.00026718731159,0],[-59.4385173675499,-9.00022955897939,0],[-59.4536515597955,-9.00011667395934,0],[-59.4803387886642,-8.99992853218098,0],[-59.513207320722,-8.99966513352687,0],[-59.5329417740467,-8.99947699151367,0],[-59.5397231112896,-8.99887493641391,0],[-59.542969113559,-8.99843189112639,0],[-59.543799696551,-9.0004087019225,0],[-59.543871459678,-9.0009386935751,0],[-59.543963059856,-9.0015764014275,0],[-59.543982876189,-9.0022781926274,0],[-59.544130807782,-9.0036261450318,0],[-59.544185075568,-9.004201403817,0],[-59.544212888838,-9.00483106578439,0],[-59.54428630781,-9.00546904516601,0],[-59.544428486809,-9.00584496096951,0],[-59.544781054864,-9.006298732287,0],[-59.545243296608,-9.0067868626375,0],[-59.546111159561,-9.0076289522064,0],[-59.546801707983,-9.0081766615937,0],[-59.547592012813,-9.00870486952179,0],[-59.548408907306,-9.009781740352,0],[-59.549269486,-9.01074093704309,0],[-59.549641082369,-9.01124841801159,0],[-59.549920641685,-9.0116852716704,0],[-59.550227069564,-9.0120947181178,0],[-59.547380688738,-9.09203100453,0],[-59.5199903484668,-9.09116988315258,0],[-59.5372552642493,-9.07058780308986,0],[-59.5270989547559,-9.06034774015726,0],[-59.5173529846986,-9.06757502578247,0],[-59.5055133363753,-9.0803354970842,0],[-59.4965731464522,-9.09006639585569,0],[-59.4702605420192,-9.09116988315258,0],[-59.4705653212211,-9.06789561300491,0],[-59.4513708834729,-9.06716232400353,0],[-59.452011407962,-9.09073967336993,0],[-59.4067795140152,-9.09237769730277,0],[-59.3767187252945,-9.09422953468738,0]]],[[[-59.2520781188811,-9.03813758852299,0],[-59.2523931279974,-9.08456032499987,0],[-59.2524106389974,-9.08549189899992,0],[-59.2535982449974,-9.14858884699988,0],[-59.1916748659979,-9.14620165199992,0],[-59.183473881998,-9.14588469399992,0],[-59.1047223245385,-9.1455057914965,0],[-59.1047135635578,-9.14533610659796,0],[-59.1054790735443,-9.12842922982837,0],[-59.1055533051244,-9.12470453313018,0],[-59.1054230619238,-9.11888015138477,0],[-59.1098299185229,-9.11665824915293,0],[-59.1098125353349,-9.11369804182261,0],[-59.1112335438878,-9.11025202321951,0],[-59.1132483982352,-9.10976286081122,0],[-59.1158346589233,-9.10841092574058,0],[-59.1158737079599,-9.10688280291898,0],[-59.1133375330111,-9.10040396548037,0],[-59.1191785049632,-9.097027768633,0],[-59.1168306060025,-9.08987940163993,0],[-59.1110443766817,-9.08618867884444,0],[-59.1144693924585,-9.08043922494851,0],[-59.1187594964008,-9.07478023855531,0],[-59.1242258791291,-9.07312510885624,0],[-59.1320814799334,-9.06935513683004,0],[-59.1346594833527,-9.06666629818879,0],[-59.1363960138409,-9.06789755715547,0],[-59.1410428612283,-9.07388637738309,0],[-59.1410513582461,-9.07531870978912,0],[-59.1405925454861,-9.07895010100536,0],[-59.1405282157409,-9.08429803833892,0],[-59.1491796500831,-9.08510661424012,0],[-59.150695126542,-9.08146900692469,0],[-59.1697201140748,-9.08192936331451,0],[-59.1721167433783,-9.06510881893497,0],[-59.2520781188811,-9.03813758852299,0]]],[[[-59.1347256406709,-9.00088052572116,0],[-59.2552635057645,-9.00036411304362,0],[-59.2552703064844,-9.00048660341817,0],[-59.2518238409974,-9.00049698999987,0],[-59.2519414495928,-9.01792527586178,0],[-59.244848399834,-9.02036407163819,0],[-59.1718042109863,-9.0450576938646,0],[-59.1366488220919,-9.04564632970997,0],[-59.1360521842615,-9.04221207522522,0],[-59.1270147143303,-9.04092772280085,0],[-59.1250319416888,-9.03043496086108,0],[-59.1278610188395,-9.02144221427736,0],[-59.1306855244949,-9.01168555580141,0],[-59.1347256406709,-9.00088052572116,0]]]]},"properties":{"name":"Leakage belt (as per updated baseline)"}},
{"type":"Feature","geometry":{"type":"MultiPolygon","coordinates":[[[[-59.3508278878607,-9.27491034620011,0],[-59.3508260820923,-9.27463922740934,0],[-59.3510990005439,-9.27463743347209,0],[-59.3511008065214,-9.27490855220953,0],[-59.3508278878607,-9.27491034620011,0]]],[[[-59.3543161751951,-9.26594010856573,0],[-59.3543143685283,-9.26566899032202,0],[-59.3545872793642,-9.265667195446,0],[-59.3545890862398,-9.2659383136363,0],[-59.3543161751951,-9.26594010856573,0]]],[[[-59.3359933753363,-9.26036633702177,0],[-59.3359915838197,-9.26009521512048,0],[-59.3365374040277,-9.26009165520469,0],[-59.336539195962,-9.26036277699998,0],[-59.3359933753363,-9.26036633702177,0]]],[[[-59.3362609106644,-9.25955119155643,0],[-59.3362591191032,-9.25928006969482,0],[-59.3365320285534,-9.25927828979219,0],[-59.3365338203234,-9.25954941160079,0],[-59.3362609106644,-9.25955119155643,0]]],[[[-59.3378876117342,-9.25791377938312,0],[-59.3378894042744,-9.25818490094881,0],[-59.3376164959332,-9.25818668167659,0],[-59.3376182883194,-9.25845780329088,0],[-59.3373453797147,-9.25845958386425,0],[-59.3373417954147,-9.2579173405252,0],[-59.3378876117342,-9.25791377938312,0]]],[[[-59.3378858192488,-9.257642657813,0],[-59.3378822344424,-9.25710041465944,0],[-59.3381551418937,-9.25709863393638,0],[-59.3381587271176,-9.25764087698386,0],[-59.3378858192488,-9.257642657813,0]]],[[[-59.3569783959623,-9.25589079172505,0],[-59.3569765892497,-9.25561967385134,0],[-59.3572494918066,-9.25561787887782,0],[-59.357251298728,-9.25588899669807,0],[-59.3569783959623,-9.25589079172505,0]]],[[[-59.3594309017372,-9.25533239422812,0],[-59.3591579998311,-9.25533419080698,0],[-59.3591561915592,-9.25506307335231,0],[-59.3594290932567,-9.25506127682697,0],[-59.3594309017372,-9.25533239422812,0]]],[[[-59.3572476849404,-9.25534676105314,0],[-59.3569747825922,-9.25534855597319,0],[-59.35697297599,-9.25507743809059,0],[-59.3572458781295,-9.25507564322402,0],[-59.3572476849404,-9.25534676105314,0]]],[[[-59.3591471510291,-9.25370748601234,0],[-59.359145343089,-9.25343636853103,0],[-59.3594182435343,-9.2534345723268,0],[-59.3594200516832,-9.25370568975459,0],[-59.3591471510291,-9.25370748601234,0]]],[[[-59.3621309553177,-9.25097654665219,0],[-59.3621291456356,-9.25070542971551,0],[-59.3624020433863,-9.25070363176674,0],[-59.3624038532769,-9.25097474864984,0],[-59.3621309553177,-9.25097654665219,0]]],[[[-59.3611749305039,-9.23037702737015,0],[-59.361173125652,-9.23010590993572,0],[-59.3614460077337,-9.23010411667948,0],[-59.3614478127938,-9.23037523406035,0],[-59.3611749305039,-9.23037702737015,0]]],[[[-59.3570762844979,-9.2295905474786,0],[-59.3570744829333,-9.22931942922822,0],[-59.3573473652197,-9.22931763923404,0],[-59.3573491669924,-9.22958875743095,0],[-59.3570762844979,-9.2295905474786,0]]],[[[-59.3483803332516,-9.06886580360396,0],[-59.3481075714462,-9.06886755606901,0],[-59.3481058085139,-9.06859643366843,0],[-59.348378570115,-9.06859468125662,0],[-59.3483803332516,-9.06886580360396,0]]],[[[-59.3478312841848,-9.06832706341897,0],[-59.3481040456365,-9.0683253112635,0],[-59.3481058085139,-9.06859643366843,0],[-59.3478330468579,-9.06859818587713,0],[-59.3478312841848,-9.06832706341897,0]]],[[[-59.3609166824471,-9.06715825123723,0],[-59.3609149102429,-9.06688713131959,0],[-59.3611876680303,-9.06688536968325,0],[-59.3611894404388,-9.06715648954736,0],[-59.3609166824471,-9.06715825123723,0]]],[[[-59.3614604257624,-9.06688360784385,0],[-59.3611876680303,-9.06688536968325,0],[-59.361185895677,-9.06661424981479,0],[-59.3614586532048,-9.06661248802893,0],[-59.3614604257624,-9.06688360784385,0]]],[[[-59.3527162587735,-9.06449979210408,0],[-59.3521707434034,-9.06450330162378,0],[-59.3521689782863,-9.06423217995287,0],[-59.3527144932479,-9.06422867053984,0],[-59.3527162587735,-9.06449979210408,0]]],[[[-59.3109802327507,-9.06422366587083,0],[-59.3109784985816,-9.06395253620866,0],[-59.3112512639147,-9.0639508123642,0],[-59.311252998288,-9.06422194197397,0],[-59.3109802327507,-9.06422366587083,0]]],[[[-59.3087946414905,-9.06369518957004,0],[-59.3087929090632,-9.06342405948021,0],[-59.30906567442,-9.06342233736463,0],[-59.3090674070515,-9.06369346740211,0],[-59.3087946414905,-9.06369518957004,0]]],[[[-59.3128843837428,-9.06339820643058,0],[-59.3128826483063,-9.06312707712233,0],[-59.3134281769362,-9.06312362670281,0],[-59.3134299127812,-9.06339475590616,0],[-59.3128843837428,-9.06339820643058,0]]],[[[-59.3156033399178,-9.06202530172727,0],[-59.3156016027098,-9.06175417292206,0],[-59.3158743654896,-9.06175244604633,0],[-59.3158761029017,-9.06202357479904,0],[-59.3156033399178,-9.06202530172727,0]]],[[[-59.3213278682629,-9.06144673820318,0],[-59.3213261268756,-9.06117561049321,0],[-59.3215988881085,-9.06117387946047,0],[-59.3216006296999,-9.0614450071178,0],[-59.3213278682629,-9.06144673820318,0]]],[[[-59.4129150351249,-9.01123873953775,0],[-59.4129132352664,-9.01096762911846,0],[-59.413458645879,-9.0109640501072,0],[-59.4134604461434,-9.01123516041709,0],[-59.4129150351249,-9.01123873953775,0]]],[[[-59.3441198068629,-9.00056716317065,0],[-59.344118060397,-9.00029603898632,0],[-59.344390771423,-9.00029430260934,0],[-59.3443925180916,-9.00056542674052,0],[-59.3441198068629,-9.00056716317065,0]]],[[[-59.2324412828089,-9.28597268806532,0],[-59.232168332827,-9.2859743935677,0],[-59.2321666160782,-9.28570325233113,0],[-59.2324395658506,-9.28570154687939,0],[-59.2324412828089,-9.28597268806532,0]]],[[[-59.2310765323761,-9.285981213496,0],[-59.2305306318369,-9.28598462221141,0],[-59.2305272009056,-9.28544233912634,0],[-59.2310731006068,-9.28543893061339,0],[-59.2310765323761,-9.285981213496,0]]],[[[-59.224192918075,-9.27653376538257,0],[-59.2241912092266,-9.2762626225254,0],[-59.2244641531853,-9.27626092487547,0],[-59.2244658622429,-9.27653206768217,0],[-59.224192918075,-9.27653376538257,0]]],[[[-59.2318147620013,-9.27323245358834,0],[-59.2318130479209,-9.27296131209359,0],[-59.2320859879063,-9.27295960923002,0],[-59.2320877021959,-9.27323075067414,0],[-59.2318147620013,-9.27323245358834,0]]],[[[-59.2320859879063,-9.27295960923002,0],[-59.232082559484,-9.27241732632853,0],[-59.2323554989988,-9.27241562335843,0],[-59.2323589278395,-9.27295790615863,0],[-59.2320859879063,-9.27295960923002,0]]],[[[-59.2328996631111,-9.27214107548937,0],[-59.233445541356,-9.27213766819579,0],[-59.2334489717654,-9.27267995059954,0],[-59.2326301530646,-9.27268506153216,0],[-59.2326284384612,-9.27241392018051,0],[-59.2329013778713,-9.27241221679478,0],[-59.2328996631111,-9.27214107548937,0]]],[[[-59.233169172478,-9.27159708942375,0],[-59.2328962337477,-9.27159879286531,0],[-59.2328945191445,-9.27132765154666,0],[-59.2331674576656,-9.27132594815576,0],[-59.233169172478,-9.27159708942375,0]]],[[[-59.2675398816729,-9.26839830985864,0],[-59.2675381410926,-9.26812717497486,0],[-59.267811070615,-9.26812544576231,0],[-59.2678128114044,-9.26839658059464,0],[-59.2675398816729,-9.26839830985864,0]]],[[[-59.2669922818883,-9.26813063277688,0],[-59.2669940220506,-9.26840176776353,0],[-59.2667210921597,-9.26840349640442,0],[-59.2667176123064,-9.26786122632385,0],[-59.2669905417792,-9.26785949778581,0],[-59.2669888017232,-9.26758836279033,0],[-59.2675346600912,-9.26758490519405,0],[-59.2675364005653,-9.26785604008667,0],[-59.2672634711988,-9.26785776904009,0],[-59.267265211517,-9.26812890397972,0],[-59.2669922818883,-9.26813063277688,0]]],[[[-59.2475348351363,-9.25578046507997,0],[-59.2475331122939,-9.25550932624996,0],[-59.2478060358596,-9.25550761459639,0],[-59.2478077589108,-9.25577875337541,0],[-59.2475348351363,-9.25578046507997,0]]],[[[-59.2433653546652,-9.24387596944665,0],[-59.2430924392292,-9.24387767559318,0],[-59.2430907220401,-9.24360653575431,0],[-59.2433636372676,-9.24360482965867,0],[-59.2433653546652,-9.24387596944665,0]]],[[[-59.2493574281615,-9.2419404110523,0],[-59.2490845153428,-9.24194212139906,0],[-59.2490793512792,-9.24112870513974,0],[-59.2493522634726,-9.24112699494606,0],[-59.2493574281615,-9.2419404110523,0]]],[[[-59.2488064390331,-9.24113041512634,0],[-59.2488047179925,-9.24085927631341,0],[-59.2490776300301,-9.24085756637783,0],[-59.2490793512792,-9.24112870513974,0],[-59.2488064390331,-9.24113041512634,0]]],[[[-59.2730224048981,-9.22958977315653,0],[-59.2730206675443,-9.22931863872332,0],[-59.2732935661191,-9.22931691252373,0],[-59.2732953036811,-9.22958804690538,0],[-59.2730224048981,-9.22958977315653,0]]],[[[-59.2724748702347,-9.22932209050207,0],[-59.2724731333504,-9.22905095596134,0],[-59.2730189302437,-9.2290475042857,0],[-59.2730206675443,-9.22931863872332,0],[-59.2724748702347,-9.22932209050207,0]]],[[[-59.2727442947845,-9.22877809573334,0],[-59.2727425577985,-9.22850696123536,0],[-59.2730154558022,-9.22850523539725,0],[-59.2730171929963,-9.22877636984368,0],[-59.2727442947845,-9.22877809573334,0]]],[[[-59.2730154558022,-9.22850523539725,0],[-59.2730137186614,-9.22823410094642,0],[-59.2732866164037,-9.2282323749531,0],[-59.2732883537527,-9.22850350935236,0],[-59.2730154558022,-9.22850523539725,0]]],[[[-59.2711086401858,-9.22905958153138,0],[-59.2711069043955,-9.22878844672859,0],[-59.2713798029267,-9.22878672207971,0],[-59.2713780669814,-9.22851558732402,0],[-59.2716509652512,-9.22851386251987,0],[-59.2716440211696,-9.22742932365921,0],[-59.2721898158848,-9.22742587384283,0],[-59.2721915522416,-9.22769700846153,0],[-59.2719186547025,-9.22769873352464,0],[-59.2719203909044,-9.22796986819048,0],[-59.2721932886516,-9.22796814307582,0],[-59.2721950251149,-9.22823927768571,0],[-59.2719221271595,-9.2282410028519,0],[-59.2719273362443,-9.22905440680977,0],[-59.2711086401858,-9.22905958153138,0]]],[[[-59.2693828527971,-9.21524202907794,0],[-59.2693811209668,-9.21497089374175,0],[-59.2696540092106,-9.21496917295925,0],[-59.2696557412487,-9.21524030824397,0],[-59.2693828527971,-9.21524202907794,0]]],[[[-59.1873660529128,-9.14714609309332,0],[-59.1876389045862,-9.14714444656323,0],[-59.1876372476547,-9.14687329505828,0],[-59.1879100990706,-9.14687164837282,0],[-59.1879067849487,-9.14632934544913,0],[-59.1876339339453,-9.14633099203535,0],[-59.1876322771674,-9.14605984051737,0],[-59.1909064833517,-9.14604006855104,0],[-59.1909081426045,-9.14631121947316,0],[-59.19145384333,-9.14630792117665,0],[-59.1914555030465,-9.14657907199502,0],[-59.1917283535385,-9.14657742248961,0],[-59.191731673538,-9.14711972401393,0],[-59.1920045243912,-9.14711807420412,0],[-59.1920194687848,-9.14955843040105,0],[-59.1917466160749,-9.14956008065828,0],[-59.1917482766134,-9.14983123137482,0],[-59.1914754236459,-9.14983288147673,0],[-59.1914737633138,-9.14956173071048,0],[-59.1898366456699,-9.1495716267179,0],[-59.189834986627,-9.14930047564918,0],[-59.1892892807481,-9.1493037725787,0],[-59.1892876221691,-9.14903262140632,0],[-59.1871047982548,-9.14904580052606,0],[-59.1871031413774,-9.14877464895228,0],[-59.186830288364,-9.14877629537003,0],[-59.1868253186579,-9.14796284047384,0],[-59.1870981710525,-9.1479611942049,0],[-59.1870965143799,-9.14769004261376,0],[-59.187369366517,-9.14768839618943,0],[-59.1873660529128,-9.14714609309332,0]]],[[[-59.1838156684655,-9.14662517492861,0],[-59.1821785558364,-9.1466350332215,0],[-59.1821769031322,-9.14636388071673,0],[-59.1813583467467,-9.14636880694756,0],[-59.1813566947123,-9.14609765429,0],[-59.181083842688,-9.14609929590753,0],[-59.1810821909109,-9.14582814319616,0],[-59.1846292605622,-9.14580678682482,0],[-59.1846309150203,-9.14607793889256,0],[-59.1843580636091,-9.14607958296964,0],[-59.1843597179121,-9.14635073508259,0],[-59.1838140145238,-9.14635402272093,0],[-59.1838156684655,-9.14662517492861,0]]],[[[-59.3471213761153,-9.00081917494859,0],[-59.3471196273645,-9.0005480513535,0],[-59.3473923379903,-9.00054631270623,0],[-59.3473905890917,-9.00027518916003,0],[-59.3585716691337,-9.00020373327065,0],[-59.3585699119787,-8.99993261190708,0],[-59.4210185720762,-8.99952728671594,0],[-59.4210203756467,-8.99979839567391,0],[-59.4207476802649,-8.99980018867953,0],[-59.4207494836893,-9.00007129768804,0],[-59.4229310467807,-9.00005694756206,0],[-59.422932851883,-9.00032805612705,0],[-59.4234782424952,-9.00032446647067,0],[-59.4234764369875,-9.00005335801554,0],[-59.423749132006,-9.00005156294003,0],[-59.4237509377164,-9.00032267134022,0],[-59.4248417180346,-9.00031548880335,0],[-59.4248471379377,-9.00112881331845,0],[-59.425392528973,-9.00112522051114,0],[-59.4253907218766,-9.00085411245373,0],[-59.4256634171066,-9.00085231580277,0],[-59.4256670317615,-9.00139453180329,0],[-59.4259397273401,-9.00139273484084,0],[-59.4259324974463,-9.00030830304237,0],[-59.4267505814099,-9.00030291160582,0],[-59.4267523894064,-9.00057401939695,0],[-59.4264796946059,-9.00057581679898,0],[-59.4264887344253,-9.00193135596453,0],[-59.4262160385546,-9.00193315344005,0],[-59.4262232706198,-9.00301758491433,0],[-59.4259505738815,-9.00301938240828,0],[-59.4259523818368,-9.00329049032099,0],[-59.425679684839,-9.00329228766835,0],[-59.4256814926482,-9.00356339563171,0],[-59.4254087953911,-9.00356519283249,0],[-59.4254106030542,-9.00383630084648,0],[-59.4251379055376,-9.00383809790065,0],[-59.4251397130547,-9.00410920596528,0],[-59.4248670152787,-9.00411100287283,0],[-59.4248688226496,-9.00438211098808,0],[-59.4245961246141,-9.00438390774901,0],[-59.424597931839,-9.00465501591489,0],[-59.4243252335441,-9.00465681252916,0],[-59.4243270406228,-9.00492792074565,0],[-59.4237816434575,-9.0049315134793,0],[-59.4237834501873,-9.00520262180134,0],[-59.4232380523899,-9.0052062138384,0],[-59.4232398587707,-9.00547732226598,0],[-59.4226944603412,-9.00548091360642,0],[-59.4226962663731,-9.00575202213949,0],[-59.4218781676959,-9.00575740780268,0],[-59.4218799731759,-9.00602851649614,0],[-59.4213345733691,-9.00603210603989,0],[-59.4213363785001,-9.00630321483879,0],[-59.4207909780614,-9.00630680368575,0],[-59.4207927828434,-9.00657791259007,0],[-59.4205200823363,-9.00657970676596,0],[-59.420521886972,-9.00685081572081,0],[-59.4202491862056,-9.00685260974991,0],[-59.420250990695,-9.00712371875528,0],[-59.4197055885868,-9.00712730631821,0],[-59.419707392727,-9.00739841542895,0],[-59.4194346913853,-9.00740020896277,0],[-59.4194364953793,-9.00767131812401,0],[-59.4191637937781,-9.007673111511,0],[-59.4191655976258,-9.00794422072275,0],[-59.4186201938482,-9.00794780700135,0],[-59.4186219973466,-9.00821891631842,0],[-59.4183492951702,-9.00822070921002,0],[-59.4183510985223,-9.00849181857757,0],[-59.4178056935942,-9.00849540386532,0],[-59.417807496597,-9.00876651333815,0],[-59.4172620910371,-9.00877009792871,0],[-59.4172638936907,-9.00904120750681,0],[-59.4167184874991,-9.00904479140014,0],[-59.4167202898034,-9.00931590108347,0],[-59.4161748829801,-9.00931948427951,0],[-59.4161766849351,-9.00959059406805,0],[-59.4156312774802,-9.00959417656676,0],[-59.4156330790858,-9.00986528646049,0],[-59.4150876709993,-9.0098688682618,0],[-59.4150894722556,-9.01013997826069,0],[-59.4145440635375,-9.01014355936457,0],[-59.4145458644443,-9.0104146694686,0],[-59.4140004550947,-9.01041824987498,0],[-59.4140022556521,-9.01068936008412,0],[-59.4137295506898,-9.01069115003942,0],[-59.4137313511007,-9.01096226029894,0],[-59.413458645879,-9.0109640501072,0],[-59.413456845671,-9.01069293979297,0],[-59.4129114354643,-9.01069651869482,0],[-59.4129132352664,-9.01096762911846,0],[-59.4123678244283,-9.01097120732269,0],[-59.4123696238809,-9.01124231785137,0],[-59.4129150351249,-9.01123873953775,0],[-59.4129186350112,-9.01178096036331,0],[-59.4126459290115,-9.01178274973038,0],[-59.4126477288362,-9.01205386019134,0],[-59.4121023162617,-9.01205743842954,0],[-59.4121041157369,-9.01232854899553,0],[-59.4118314091621,-9.01233033786663,0],[-59.4118332084907,-9.01260144848295,0],[-59.4115605016566,-9.01260323720694,0],[-59.4115623008386,-9.01287434787358,0],[-59.4112895937452,-9.01287613645044,0],[-59.4112913927805,-9.0131472471674,0],[-59.4110186854278,-9.01314903559712,0],[-59.4110204843165,-9.0134201463644,0],[-59.4107477767044,-9.01342193464696,0],[-59.4107495754465,-9.01369304546455,0],[-59.4104768675751,-9.01369483359994,0],[-59.410475069036,-9.0134237227277,0],[-59.4096569456927,-9.01342908575905,0],[-59.4096605416092,-9.01397130782698,0],[-59.4099332498526,-9.01396952024242,0],[-59.4099350480983,-9.01424063121525,0],[-59.4096623396519,-9.01424241885443,0],[-59.4096695323859,-9.0153268629208,0],[-59.409396823071,-9.01532865057664,0],[-59.4093986211923,-9.01559976163699,0],[-59.4091259116181,-9.01560154914559,0],[-59.4091277095926,-9.01587266025622,0],[-59.408854999759,-9.01587444761755,0],[-59.4088567975868,-9.01614555877845,0],[-59.4085840874939,-9.01614734599252,0],[-59.4085876829121,-9.01668956841048,0],[-59.4083149723568,-9.01669135553187,0],[-59.4083185675941,-9.01723357804165,0],[-59.4080458565763,-9.01723536507033,0],[-59.4080494516325,-9.01777758767192,0],[-59.4077767401523,-9.01777937460787,0],[-59.4077803350274,-9.01832159730124,0],[-59.4075076230847,-9.01832338414444,0],[-59.4075112177787,-9.0188656069296,0],[-59.4072385053735,-9.01886739368001,0],[-59.4072420998863,-9.01940961655694,0],[-59.4069693870186,-9.01941140321455,0],[-59.4069729813501,-9.01995362618323,0],[-59.4067002680199,-9.01995541274801,0],[-59.4067074565453,-9.02103985885147,0],[-59.4064347423462,-9.02104164543251,0],[-59.4064401337213,-9.02185498012815,0],[-59.4061674188564,-9.02185676667085,0],[-59.4061728101282,-9.02267010149102,0],[-59.4059000945974,-9.02267188799533,0],[-59.4059252577121,-9.02646745073586,0],[-59.4056525392795,-9.02646923780167,0],[-59.4056633256256,-9.028095907614,0],[-59.4053906059168,-9.0280976948049,0],[-59.4053995950681,-9.02945325313492,0],[-59.4051268742863,-9.0294550403963,0],[-59.4051358638262,-9.03081059889023,0],[-59.4048631419713,-9.03081238622204,0],[-59.4048685357596,-9.03162572142976,0],[-59.4045958132382,-9.0316275087229,0],[-59.4045994089713,-9.032169732282,0],[-59.4043266859869,-9.03217151948192,0],[-59.4043302815379,-9.03271374313264,0],[-59.4040575580903,-9.03271553023933,0],[-59.4040611534592,-9.03325775398165,0],[-59.4037884295486,-9.03325954099508,0],[-59.4037902271139,-9.03353065291421,0],[-59.4035175029436,-9.03353243977986,0],[-59.4035210978358,-9.03407466371405,0],[-59.4032483732024,-9.0340764504864,0],[-59.4032519679123,-9.03461867451216,0],[-59.4029792428157,-9.03462046119117,0],[-59.4029828373433,-9.03516268530849,0],[-59.4027101117836,-9.03516447189415,0],[-59.4027137061289,-9.03570669610301,0],[-59.4024409801059,-9.03570848259529,0],[-59.4024445742688,-9.03625070689568,0],[-59.4021718477827,-9.03625249329455,0],[-59.4021754417631,-9.03679471768646,0],[-59.4019027148137,-9.03679650399191,0],[-59.4019063086117,-9.03733872847532,0],[-59.401633581199,-9.03734051468731,0],[-59.4016371748144,-9.03788273926222,0],[-59.4013644469385,-9.03788452538073,0],[-59.4013680403713,-9.03842675004712,0],[-59.4010953120321,-9.03842853607213,0],[-59.4010989052823,-9.03897076082997,0],[-59.4008261764798,-9.03897254676146,0],[-59.4008315661651,-9.03978588402888,0],[-59.4005588366957,-9.03978766992125,0],[-59.4005624296926,-9.04032989485328,0],[-59.4002896997598,-9.04033168065207,0],[-59.4002932925739,-9.04087390567553,0],[-59.4000205621777,-9.0408756913807,0],[-59.400024154809,-9.04141791649558,0],[-59.3997514239494,-9.04141970210712,0],[-59.3997568127061,-9.04223303991001,0],[-59.3994840811795,-9.0422348254823,0],[-59.3994858773402,-9.04250593812896,0],[-59.3992131455537,-9.04250772355317,0],[-59.3992149415669,-9.04277883624987,0],[-59.3986694774184,-9.04278240659961,0],[-59.3986712730802,-9.04305351940073,0],[-59.3983985407181,-9.04305530432624,0],[-59.3984003362324,-9.04332641717738,0],[-59.3981276036105,-9.04332820195478,0],[-59.3981293989771,-9.04359931485593,0],[-59.3975839331579,-9.04360288391193,0],[-59.3975857281731,-9.04387399691746,0],[-59.3973129949757,-9.04387578119605,0],[-59.3973147898433,-9.04414689425157,0],[-59.397042056386,-9.044148678382,0],[-59.3970438511059,-9.04441979148752,0],[-59.396498383616,-9.04442335924947,0],[-59.3965001779845,-9.04469447245931,0],[-59.395954709863,-9.04469803951981,0],[-59.39595650388,-9.04496915283394,0],[-59.3951383006664,-9.04497450206862,0],[-59.3951400941282,-9.04524561554132,0],[-59.3945946246317,-9.04524918079366,0],[-59.394596417742,-9.0455202943706,0],[-59.3937782124662,-9.04552564089283,0],[-59.3937800050212,-9.04579675462826,0],[-59.3929617986304,-9.04580209949029,0],[-59.39296359063,-9.04607321338414,0],[-59.3921453831245,-9.04607855658586,0],[-59.3921471745687,-9.04634967063808,0],[-59.3916017022112,-9.04635323186817,0],[-59.3916034933038,-9.0466243460245,0],[-59.3907852837368,-9.04662968651296,0],[-59.390787074274,-9.04690080082757,0],[-59.3899688635926,-9.04690613965539,0],[-59.3899706535743,-9.04717725412821,0],[-59.3894251790998,-9.04718081244217,0],[-59.3894269687298,-9.04745192701901,0],[-59.3886087559876,-9.04745726313299,0],[-59.388610545062,-9.04772837786794,0],[-59.3880650692137,-9.04773193437256,0],[-59.3880668579363,-9.04800304921145,0],[-59.3875213814571,-9.0480066050139,0],[-59.3875231698279,-9.04827771995672,0],[-59.386704954079,-9.04828305230315,0],[-59.3867067418941,-9.04855416740397,0],[-59.3861612640415,-9.04855772139669,0],[-59.3861630515048,-9.04882883660137,0],[-59.385344833696,-9.04883416623301,0],[-59.3853466206035,-9.0491052815956,0],[-59.3848011413778,-9.04910883377834,0],[-59.3848029279334,-9.04937994924472,0],[-59.384530188033,-9.04938172508619,0],[-59.3845319744405,-9.04965284060228,0],[-59.3842592342806,-9.04965461629517,0],[-59.38426102054,-9.04992573186097,0],[-59.3839882801204,-9.04992750740525,0],[-59.3839900662317,-9.05019862302074,0],[-59.3837173255525,-9.05020039841641,0],[-59.3837191115156,-9.0504715140816,0],[-59.3834463705769,-9.05047328932864,0],[-59.3834481563919,-9.05074440504352,0],[-59.3831754151935,-9.05074618014192,0],[-59.3831772008603,-9.05101729590648,0],[-59.3829044594023,-9.05101907085623,0],[-59.382906244921,-9.05129018667046,0],[-59.3826335032034,-9.05129196147155,0],[-59.3826352885738,-9.05156307733545,0],[-59.3823625465966,-9.05156485198786,0],[-59.3823643318189,-9.05183596790142,0],[-59.3820915895821,-9.05183774240514,0],[-59.3820933746561,-9.05210885836836,0],[-59.3818206321597,-9.05211063272337,0],[-59.3818224170855,-9.05238174873625,0],[-59.3815496743295,-9.05238352294255,0],[-59.3815514591071,-9.05265463900507,0],[-59.3812787160914,-9.05265641306264,0],[-59.3812805007207,-9.0529275291748,0],[-59.3807350141146,-9.05293107678974,0],[-59.3807367983917,-9.05320219300551,0],[-59.3801913111551,-9.05320573991748,0],[-59.3801930950799,-9.05347685623682,0],[-59.3796476072128,-9.05348040244576,0],[-59.3796493907854,-9.05375151886866,0],[-59.3791039022878,-9.05375506437452,0],[-59.3791056855081,-9.05402618090096,0],[-59.3785601963801,-9.05402972570368,0],[-59.3785619792481,-9.05430084233364,0],[-59.3782892343967,-9.05430261448478,0],[-59.3782910171163,-9.05457373116431,0],[-59.3777455268388,-9.05457727496615,0],[-59.3777473092061,-9.05484839174915,0],[-59.3772018182982,-9.05485193484772,0],[-59.3772036003131,-9.05512305173417,0],[-59.3766581087749,-9.05512659412942,0],[-59.3766598904374,-9.05539771111929,0],[-59.3761143982689,-9.05540125281116,0],[-59.376116179579,-9.05567236990444,0],[-59.3755706867803,-9.05567591089289,0],[-59.3755724677379,-9.05594702808954,0],[-59.3752997210512,-9.05594879833343,0],[-59.3753015018604,-9.05621991557959,0],[-59.3750287549141,-9.05622168567452,0],[-59.3750305355748,-9.05649280297018,0],[-59.374757788369,-9.05649457291615,0],[-59.3747595688812,-9.05676569026129,0],[-59.3744868214159,-9.05676746005828,0],[-59.3744886017795,-9.05703857745292,0],[-59.3742158540546,-9.05704034710092,0],[-59.3742176342698,-9.05731146454503,0],[-59.3739448862853,-9.05731323404403,0],[-59.3739466663519,-9.05758435153761,0],[-59.3736739181079,-9.0575861208876,0],[-59.373675698026,-9.05785723843065,0],[-59.3734029495224,-9.05785900763161,0],[-59.3734047292919,-9.05813012522412,0],[-59.3731319805288,-9.05813189427604,0],[-59.3731337601497,-9.058403011918,0],[-59.372588262049,-9.05840654952088,0],[-59.3725918206409,-9.05894878500694,0],[-59.3723190710992,-9.05895055361166,0],[-59.3723226295049,-9.05949278918788,0],[-59.3720498794995,-9.0594945576973,0],[-59.3720534377188,-9.06003679336368,0],[-59.3717806872498,-9.06003856177777,0],[-59.3717860243825,-9.06085191540601,0],[-59.3715132732456,-9.06085368377851,0],[-59.371516831203,-9.06139591961645,0],[-59.3712440796024,-9.06139768789357,0],[-59.3712476373734,-9.06193992382161,0],[-59.370974885309,-9.06194169200332,0],[-59.3709784428935,-9.06248392802146,0],[-59.3707056903654,-9.06248569610774,0],[-59.3707110265453,-9.06329905026355,0],[-59.3704382733492,-9.06330081830811,0],[-59.3704418306713,-9.06384305449771,0],[-59.3701690770114,-9.06384482244678,0],[-59.3701761915039,-9.06492929498868,0],[-59.3696306823841,-9.06493283070772,0],[-59.3696342391459,-9.06547506716747,0],[-59.3690887289876,-9.06547860228935,0],[-59.3690905070431,-9.06574972062013,0],[-59.3688177516766,-9.06575148793025,0],[-59.3688195295833,-9.06602260631038,0],[-59.3680012625387,-9.06602790718366,0],[-59.3679994852447,-9.06575678864243,0],[-59.3674539740133,-9.06576032143541,0],[-59.3674521971832,-9.06548920278246,0],[-59.366088419157,-9.06549803094358,0],[-59.3660919708301,-9.06604026878173,0],[-59.3658192146504,-9.06604203391217,0],[-59.3658245419622,-9.06685539079767,0],[-59.3660972987547,-9.0668536255063,0],[-59.3661008509811,-9.06739586330091,0],[-59.3663736081268,-9.06739409769919,0],[-59.3663753845273,-9.06766521653631,0],[-59.366648141822,-9.06766345067787,0],[-59.3666499184821,-9.06793456945698,0],[-59.3669226759257,-9.0679328033418,0],[-59.3669297839368,-9.06901727820003,0],[-59.3663842673596,-9.06902081065657,0],[-59.3663860440921,-9.06929192946756,0],[-59.3661132855162,-9.06929369544482,0],[-59.3661150620997,-9.0695648143051,0],[-59.3663878208799,-9.06956304827419,0],[-59.3663895977231,-9.06983416707645,0],[-59.3666623566523,-9.06983240078877,0],[-59.3666605796048,-9.06956128204015,0],[-59.3669333382744,-9.069559515603,0],[-59.3669315610779,-9.06928839690369,0],[-59.3672043194878,-9.0692866303171,0],[-59.3671936562453,-9.06765991835177,0],[-59.3669208990613,-9.06766168461635,0],[-59.3669173454986,-9.06711944715239,0],[-59.3663718317817,-9.06712297885771,0],[-59.3663665030783,-9.06630962230716,0],[-59.3666392593516,-9.06630785671699,0],[-59.3666357067509,-9.06576561910216,0],[-59.3669084625604,-9.06576385341627,0],[-59.3669102390373,-9.0660349721722,0],[-59.3674557508987,-9.066031440084,0],[-59.3674575278395,-9.06630255872824,0],[-59.3690940633204,-9.06629195726862,0],[-59.3690922851541,-9.06602083894655,0],[-59.3693650406694,-9.06601907137969,0],[-59.3693632623542,-9.06574795310698,0],[-59.3699087728102,-9.0657444174716,0],[-59.369906994142,-9.06547329930199,0],[-59.3701797490826,-9.0654715312335,0],[-59.3701815279551,-9.06574264934937,0],[-59.3704542830446,-9.06574088102411,0],[-59.370466738134,-9.06763870733708,0],[-59.3707394945979,-9.06763693843256,0],[-59.3707412743224,-9.06790805640609,0],[-59.3710140309351,-9.06790628724475,0],[-59.3710229314107,-9.06926187677829,0],[-59.3712956889896,-9.06926010714507,0],[-59.3712992499766,-9.06980234282046,0],[-59.3715720079087,-9.06980057287659,0],[-59.3715791313655,-9.07088504396002,0],[-59.3718518900596,-9.07088327359794,0],[-59.3718590152213,-9.07196774439653,0],[-59.3721317746774,-9.07196597361618,0],[-59.3721389015442,-9.0730504441299,0],[-59.3724116617623,-9.07304867293124,0],[-59.3724187903344,-9.07413314316006,0],[-59.3726915513149,-9.07413137154304,0],[-59.3726968989398,-9.07494472400749,0],[-59.3729696604781,-9.07494295202586,0],[-59.3729767922394,-9.07602742170221,0],[-59.3732495545401,-9.07602564930211,0],[-59.3732566880073,-9.07711011869345,0],[-59.3735294510705,-9.07710834587485,0],[-59.3735365862438,-9.07819281498115,0],[-59.3738093500696,-9.07819104174399,0],[-59.3738164869493,-9.07927551056521,0],[-59.3740892515377,-9.07927373690943,0],[-59.3740946053941,-9.08008708831806,0],[-59.3743673705407,-9.08008531429746,0],[-59.3743745106116,-9.08116978256588,0],[-59.374647276521,-9.08116800812658,0],[-59.3746544182988,-9.08225247610981,0],[-59.3749271849712,-9.08225070125175,0],[-59.3749343284562,-9.08333516894977,0],[-59.3752070958916,-9.08333339367291,0],[-59.375214241084,-9.08441786108568,0],[-59.3754870092825,-9.08441608538996,0],[-59.3754923693741,-9.08522943574212,0],[-59.3757651381312,-9.08522765968136,0],[-59.3757722865167,-9.08631212654099,0],[-59.376045056037,-9.08631035006128,0],[-59.3760539937928,-9.0876659332682,0],[-59.3757812232488,-9.08766771001727,0],[-59.375783010762,-9.08793882669942,0],[-59.3752374690977,-9.0879423796947,0],[-59.3752392562569,-9.08821349648021,0],[-59.3749664851367,-9.08821527272641,0],[-59.3749682721467,-9.0884863895614,0],[-59.3746955007661,-9.08848816565791,0],[-59.3746972876268,-9.08875928254239,0],[-59.3749700592122,-9.08875750639203,0],[-59.3749736335098,-9.08929974004018,0],[-59.3752464054491,-9.08929796357857,0],[-59.3752517679266,-9.09011131385647,0],[-59.3755245404248,-9.09010953702972,0],[-59.3755281160973,-9.09065177041876,0],[-59.3758008889495,-9.0906499932807,0],[-59.3758044652539,-9.09119222654453,0],[-59.3760772384602,-9.09119044909514,0],[-59.3760808153965,-9.09173268223375,0],[-59.376353588957,-9.091730904473,0],[-59.3763571665253,-9.09227313748637,0],[-59.37662994044,-9.09227135941423,0],[-59.3766406757082,-9.09389805802617,0],[-59.3769134507966,-9.09389627942705,0],[-59.3769259792401,-9.0957940938982,0],[-59.3771987557073,-9.09579231471814,0],[-59.3772023361728,-9.09633454727704,0],[-59.3774751129943,-9.09633276778546,0],[-59.3774786940923,-9.09687500021907,0],[-59.377751471268,-9.09687322041595,0],[-59.3777550529984,-9.09741545272424,0],[-59.3780278305285,-9.09741367260956,0],[-59.3780314128913,-9.09795590479252,0],[-59.3783041907758,-9.09795412436625,0],[-59.3783077737711,-9.09849635642388,0],[-59.37858055201,-9.09849457568599,0],[-59.3785841356378,-9.09903680761826,0],[-59.3788569142311,-9.09903502656873,0],[-59.3788604984915,-9.09957725837564,0],[-59.3791332774392,-9.09957547701445,0],[-59.3791440327864,-9.10120217200654,0],[-59.3788712526085,-9.10120395369139,0],[-59.3788820087287,-9.10283064884964,0],[-59.3786092272645,-9.10283243065428,0],[-59.3786199841573,-9.10445912597864,0],[-59.3783472014067,-9.104460907903,0],[-59.3783525799889,-9.1052742556679,0],[-59.3786253633549,-9.10527247358174,0],[-59.3786271565321,-9.10554358944069,0],[-59.3788999400477,-9.10554180709667,0],[-59.3789017334856,-9.10581292289731,0],[-59.3791745171508,-9.10581114029541,0],[-59.3791763108496,-9.10608225603773,0],[-59.3794490946642,-9.10608047317795,0],[-59.3794508886238,-9.10635158886193,0],[-59.379723672588,-9.10634980574426,0],[-59.3797254668085,-9.10662092136991,0],[-59.3799982509222,-9.10661913799434,0],[-59.3800018399407,-9.10716136912458,0],[-59.3802746244091,-9.10715958543711,0],[-59.380276419207,-9.10743070094169,0],[-59.380549203825,-9.10742891699628,0],[-59.3805509988839,-9.10770003244251,0],[-59.3808237836513,-9.10769824823915,0],[-59.3808255789711,-9.10796936362702,0],[-59.3810983638881,-9.10796757916569,0],[-59.3811019551052,-9.10850980982032,0],[-59.3816475255931,-9.10850624006974,0],[-59.3816493216957,-9.10877735528249,0],[-59.3819221070613,-9.10877557004719,0],[-59.3819256998442,-9.10931780035155,0],[-59.3821984855645,-9.10931601480423,0],[-59.3822002822448,-9.10958712989582,0],[-59.3824730681147,-9.10958534409048,0],[-59.382474865056,-9.10985645912367,0],[-59.3827476510755,-9.10985467306028,0],[-59.3827512455358,-9.11039690300547,0],[-59.3830240319101,-9.11039511662999,0],[-59.3830294246345,-9.11120846135285,0],[-59.3833022115689,-9.11120667461121,0],[-59.3833291857979,-9.11527339682343,0],[-59.3830563957832,-9.11527518437564,0],[-59.3830635902081,-9.11635964368186,0],[-59.3833363810444,-9.11635785591349,0],[-59.3833399790023,-9.11690008543222,0],[-59.3836127701937,-9.11689829735159,0],[-59.3836163687855,-9.1174405267447,0],[-59.383889160332,-9.11743873835178,0],[-59.383890959917,-9.1177098529877,0],[-59.3841637516132,-9.11770806433652,0],[-59.3841709513328,-9.11879252262015,0],[-59.3844437437952,-9.11879073354851,0],[-59.3844527457272,-9.12014630603407,0],[-59.3847255391613,-9.12014451648784,0],[-59.3847327425332,-9.12122897418107,0],[-59.3844599482771,-9.12123076394358,0],[-59.384461749054,-9.12150187840999,0],[-59.3841889545366,-9.12150366802229,0],[-59.3841907551637,-9.12177478253838,0],[-59.3836451655504,-9.12177836125823,0],[-59.3836469658222,-9.12204947587804,0],[-59.3833741707263,-9.12205126498557,0],[-59.3833759708484,-9.12232237965505,0],[-59.3831031754912,-9.12232416861232,0],[-59.3831049754634,-9.12259528333145,0],[-59.3825593841705,-9.12259886074112,0],[-59.3825611837874,-9.12286997556394,0],[-59.3820155918604,-9.12287355226439,0],[-59.3820173911219,-9.12314466719087,0],[-59.3811990021966,-9.12315003087114,0],[-59.381195404963,-9.12260780068979,0],[-59.3803770167698,-9.1226131622072,0],[-59.380378814742,-9.12288427746203,0],[-59.3801060183606,-9.12288606427985,0],[-59.380104220594,-9.12261494897104,0],[-59.3792858317325,-9.12262030803666,0],[-59.379289426088,-9.12316253897365,0],[-59.378743832413,-9.12316611087826,0],[-59.3787474261689,-9.12370834201349,0],[-59.3784746288367,-9.12371012776718,0],[-59.3784764255925,-9.12398124338215,0],[-59.3782036279991,-9.12398302898543,0],[-59.378205424605,-9.12425414464995,0],[-59.3779326267503,-9.1242559301028,0],[-59.3779362197177,-9.12479816152653,0],[-59.3782090179836,-9.12479637596583,0],[-59.3782108147564,-9.12506749161719,0],[-59.3779380162849,-9.12506927723182,0],[-59.3779416095861,-9.12561150862924,0],[-59.3776688106476,-9.12561329414733,0],[-59.3776724037601,-9.12615552563504,0],[-59.3773996043547,-9.12615731105657,0],[-59.3774014007888,-9.12642842684776,0],[-59.3771286011221,-9.1264302121188,0],[-59.3771321937457,-9.12697244379584,0],[-59.376859393612,-9.12697422897027,0],[-59.3768629860468,-9.12751646073756,0],[-59.3765901854461,-9.12751824581537,0],[-59.3765937776919,-9.1280604776729,0],[-59.3763209766243,-9.12806226265406,0],[-59.3763245686811,-9.12860449460183,0],[-59.3760517671464,-9.1286062794863,0],[-59.3760535630525,-9.12887739550749,0],[-59.3757807612565,-9.12887918024138,0],[-59.3757843528241,-9.12942141237835,0],[-59.375511550561,-9.12942319701553,0],[-59.3755133462224,-9.1296943131313,0],[-59.375240543698,-9.12969609761787,0],[-59.3752423392093,-9.12996721378312,0],[-59.3749695364236,-9.12996899811906,0],[-59.3749731272013,-9.13051123054412,0],[-59.3747003239485,-9.13051301478328,0],[-59.374702119215,-9.13078413104308,0],[-59.3744293157009,-9.13078591513159,0],[-59.3744311108171,-9.13105703144085,0],[-59.3741583070417,-9.1310588153787,0],[-59.3741601020077,-9.1313299317374,0],[-59.3738872979709,-9.13133171552457,0],[-59.3738890927867,-9.13160283193273,0],[-59.3733434841349,-9.13160639900116,0],[-59.3733452785947,-9.13187751551257,0],[-59.3730724739797,-9.13187929879382,0],[-59.3730742682892,-9.13215041535467,0],[-59.3728014634129,-9.13215219848519,0],[-59.3728032575721,-9.13242331509546,0],[-59.3725304524345,-9.13242509807524,0],[-59.3725322464434,-9.13269621473493,0],[-59.3722594410444,-9.13269799756397,0],[-59.3722630288172,-9.13324023097778,0],[-59.3719902229511,-9.13324201370985,0],[-59.3719956044092,-9.13405536395903,0],[-59.37172279787,-9.13405714664789,0],[-59.3717281792101,-9.13487049701893,0],[-59.3714553719978,-9.13487227966455,0],[-59.3714589594236,-9.13541451333087,0],[-59.3711861517441,-9.13541629587943,0],[-59.3711897389801,-9.13595852963574,0],[-59.3709169308334,-9.13596031208723,0],[-59.3709205178795,-9.13650254593351,0],[-59.3706477092655,-9.1365043282879,0],[-59.3706495026659,-9.13677544525822,0],[-59.3703766937905,-9.13677722746172,0],[-59.3703802803459,-9.13731946149671,0],[-59.3701074710031,-9.13732124360307,0],[-59.3701092641581,-9.13759236066773,0],[-59.369836454554,-9.13759414262317,0],[-59.3698382475585,-9.13786525973718,0],[-59.369565437693,-9.1378670415417,0],[-59.3695690234565,-9.13840927586403,0],[-59.3692962131236,-9.13841105757135,0],[-59.3692980058826,-9.13868217477966,0],[-59.3690251952883,-9.13868395633601,0],[-59.3690269878968,-9.13895507359366,0],[-59.3687541770411,-9.13895685499905,0],[-59.3687577620124,-9.13949908960862,0],[-59.3684849506894,-9.13950087091673,0],[-59.3684867430522,-9.13977198826864,0],[-59.3682139314677,-9.13977376942576,0],[-59.36821572368,-9.14004488682698,0],[-59.3679429118341,-9.14004666783309,0],[-59.3679447038958,-9.14031778528363,0],[-59.3673990796259,-9.14032134678905,0],[-59.367400871331,-9.14059246434259,0],[-59.3671280589069,-9.14059424484189,0],[-59.3671298504614,-9.14086536244472,0],[-59.3665842250351,-9.14086892293648,0],[-59.3665860162329,-9.14114004064226,0],[-59.366040390173,-9.14114360042238,0],[-59.3660421810142,-9.1414147182311,0],[-59.3654965543208,-9.14141827729953,0],[-59.3654983448053,-9.14168939521115,0],[-59.3649527174784,-9.14169295356784,0],[-59.3649545076062,-9.14196407158235,0],[-59.3646816936536,-9.14196585050719,0],[-59.3646834836308,-9.14223696857093,0],[-59.3644106694169,-9.14223874734462,0],[-59.3644124592433,-9.14250986545759,0],[-59.3638668302374,-9.14251342249788,0],[-59.363868619707,-9.14278454071369,0],[-59.363595804915,-9.14278631898027,0],[-59.3635975942339,-9.14305743724529,0],[-59.3633247791805,-9.14305921536068,0],[-59.3633265683487,-9.14333033367491,0],[-59.3630537530339,-9.1433321116391,0],[-59.363057331124,-9.14387434836157,0],[-59.3627845153418,-9.14387612622813,0],[-59.3627880932409,-9.14441836304021,0],[-59.3625152769912,-9.14442014080912,0],[-59.3625170658176,-9.14469125926215,0],[-59.3622442493066,-9.14469303687981,0],[-59.362247826713,-9.14523527387984,0],[-59.3619750097344,-9.14523705139981,0],[-59.3619785869498,-9.14577928848941,0],[-59.3617057695037,-9.14578106591165,0],[-59.3617093465279,-9.14632330309082,0],[-59.3614365286142,-9.14632508041532,0],[-59.3614383170031,-9.14659619905187,0],[-59.361165498828,-9.14659797622504,0],[-59.3611690753593,-9.14714021359207,0],[-59.3614418939466,-9.14713843631181,0],[-59.3614436825013,-9.14740955493519,0],[-59.3617165012396,-9.14740777739648,0],[-59.3617200789271,-9.14795001452296,0],[-59.3619928980224,-9.14794823667223,0],[-59.3619946871553,-9.14821935517532,0],[-59.3622675064015,-9.14821757706612,0],[-59.3622710852454,-9.14875981395199,0],[-59.3625439048487,-9.14875803553074,0],[-59.3625456945598,-9.14902915391351,0],[-59.3628185143141,-9.14902737523376,0],[-59.3628220943146,-9.14956961187897,0],[-59.363094914426,-9.14956783288711,0],[-59.3630967047154,-9.14983895114954,0],[-59.3658249048482,-9.14982114942312,0],[-59.3658266972552,-9.15009226714496,0],[-59.3669179765832,-9.15008514050129,0],[-59.3669143901748,-9.14954290548254,0],[-59.3674600286816,-9.14953934114573,0],[-59.3674636159149,-9.15008157594975,0],[-59.3677364354976,-9.15007979336657,0],[-59.3677418173817,-9.15089314537856,0],[-59.3680146375277,-9.15089136242933,0],[-59.3680343776392,-9.15387365221089,0],[-59.3677615552242,-9.1538754357508,0],[-59.3677669394359,-9.15468878757819,0],[-59.3674941163464,-9.15469057107415,0],[-59.3674977056853,-9.15523280571115,0],[-59.3672248821277,-9.15523458910942,0],[-59.3672284712756,-9.15577682383621,0],[-59.3669556472499,-9.15577860713678,0],[-59.3669610307681,-9.15659195935502,0],[-59.3666882060679,-9.15659374261153,0],[-59.3666917949443,-9.15713597750905,0],[-59.366418969776,-9.15713776066781,0],[-59.3664225584611,-9.15767999565508,0],[-59.3661497328246,-9.15768177871605,0],[-59.3661533213185,-9.15822401379306,0],[-59.3658804952137,-9.15822579675621,0],[-59.3658822893373,-9.15849691434178,0],[-59.3656094629708,-9.15849869715345,0],[-59.3656112569433,-9.15876981478827,0],[-59.3653384303149,-9.15877159744845,0],[-59.3653402241365,-9.15904271513251,0],[-59.3650673972463,-9.15904449764117,0],[-59.3650691909167,-9.15931561537448,0],[-59.3647963637647,-9.15931739773162,0],[-59.364798157284,-9.15958851551416,0],[-59.3645253298703,-9.15959029771977,0],[-59.3645271232385,-9.15986141555154,0],[-59.3642542955629,-9.1598631976056,0],[-59.36425608878,-9.16013431548659,0],[-59.3639832608427,-9.16013609738909,0],[-59.3639850539086,-9.1604072153193,0],[-59.3637122257095,-9.16040899707023,0],[-59.3637140186243,-9.16068011504965,0],[-59.3634411901633,-9.16068189664899,0],[-59.363442982927,-9.16095301467761,0],[-59.3631701542042,-9.16095479612536,0],[-59.3631719468167,-9.16122591420318,0],[-59.3628991178321,-9.16122769549931,0],[-59.3629009102935,-9.16149881362632,0],[-59.3626280810471,-9.16150059477084,0],[-59.3626316657227,-9.16204283111882,0],[-59.362358836008,-9.16204461216529,0],[-59.3623606282223,-9.16231573038626,0],[-59.3620877982457,-9.16231751128107,0],[-59.3620895903088,-9.16258862955121,0],[-59.3618167600704,-9.16259041029435,0],[-59.3618185519822,-9.16286152861367,0],[-59.3615457214821,-9.16286330920513,0],[-59.3615475132426,-9.16313442757361,0],[-59.3612746824807,-9.16313620801338,0],[-59.3612782657545,-9.16367844484424,0],[-59.3610054345242,-9.16368022518585,0],[-59.3610072260375,-9.16395134364824,0],[-59.3607343945453,-9.16395312383813,0],[-59.3607361859073,-9.16422424234965,0],[-59.3599176904796,-9.1642295818483,0],[-59.3599194812772,-9.16450070051602,0],[-59.3591009847326,-9.16450603832772,0],[-59.3591027749657,-9.16477715715156,0],[-59.3580114446402,-9.16478427157383,0],[-59.3580132341022,-9.16505539060723,0],[-59.3571947351587,-9.1650607244288,0],[-59.3572001020165,-9.1658740819838,0],[-59.3569272683052,-9.1658758596741,0],[-59.356930846073,-9.16641809812903,0],[-59.3566580118933,-9.1664198757209,0],[-59.3566615894687,-9.16696211426513,0],[-59.3561159201173,-9.16696566904666,0],[-59.3561177085744,-9.16723678841906,0],[-59.3558448736093,-9.16723856555525,0],[-59.355846661915,-9.16750968497667,0],[-59.355028156069,-9.16751501531341,0],[-59.3550299438099,-9.16778613489069,0],[-59.3547571082109,-9.16778791131231,0],[-59.3547588958003,-9.1680590309386,0],[-59.3550317316059,-9.16805725446358,0],[-59.3550370953247,-9.16887061315584,0],[-59.3553099316951,-9.16886883631522,0],[-59.3553135081967,-9.16941107531457,0],[-59.3550406714129,-9.16941285226202,0],[-59.3550424595397,-9.1696839718085,0],[-59.354769622494,-9.16968574860396,0],[-59.3547714104693,-9.16995686819945,0],[-59.3544985731618,-9.16995864484291,0],[-59.3545003609855,-9.17022976448741,0],[-59.3542275234162,-9.17023154097885,0],[-59.3542293110882,-9.17050266067234,0],[-59.3539564732571,-9.17050443701176,0],[-59.3539600483532,-9.17104667649231,0],[-59.3536872100535,-9.17104845273307,0],[-59.3536889974774,-9.17131957252014,0],[-59.3534161589159,-9.17132134860884,0],[-59.3534179461882,-9.17159246844487,0],[-59.3531451073649,-9.1715942443815,0],[-59.3531468944856,-9.17186536426651,0],[-59.3528740554004,-9.17186714005106,0],[-59.3528776293935,-9.1724093799146,0],[-59.3526047898398,-9.17241115560041,0],[-59.3526065767122,-9.17268227557894,0],[-59.3523337368966,-9.17268405111263,0],[-59.3523355236173,-9.17295517114012,0],[-59.3520626835398,-9.17295694652168,0],[-59.3520644701088,-9.17322806659811,0],[-59.3517916297696,-9.17322984182754,0],[-59.3517934161868,-9.1735009619529,0],[-59.3515205755857,-9.17350273703018,0],[-59.3515223618513,-9.17377385720448,0],[-59.352068043412,-9.17377030673776,0],[-59.3520698301462,-9.17404142680099,0],[-59.3523426710508,-9.17403965120603,0],[-59.3523444580468,-9.17431077121151,0],[-59.3526172991031,-9.1743089953577,0],[-59.3526190863611,-9.17458011530543,0],[-59.3528919275691,-9.17457833919275,0],[-59.3528955026638,-9.17512057896828,0],[-59.3526226610422,-9.17512235518767,0],[-59.3526244484653,-9.17539347512219,0],[-59.3523516065818,-9.17539525118941,0],[-59.3523551811797,-9.17593749115195,0],[-59.3520823388274,-9.17593926712033,0],[-59.3520841260021,-9.17621038714834,0],[-59.3518112833879,-9.17621216296451,0],[-59.3518148574888,-9.17675440311401,0],[-59.3515420144058,-9.1767561788313,0],[-59.3515455883132,-9.17729841906987,0],[-59.3518184318099,-9.17729664324591,0],[-59.3518220063513,-9.17783888336019,0],[-59.3520948502068,-9.17783710722398,0],[-59.352096637767,-9.17810822722117,0],[-59.3523694817742,-9.17810645082601,0],[-59.3523730574736,-9.17864869070051,0],[-59.3526459018396,-9.17864691399305,0],[-59.3526476899788,-9.17891803387033,0],[-59.3529205344967,-9.1789162569039,0],[-59.3529241113542,-9.17945849653854,0],[-59.3531969562307,-9.17945671925976,0],[-59.3531987449491,-9.17972783901712,0],[-59.354017279869,-9.17972250578689,0],[-59.3540190692632,-9.1799936253797,0],[-59.3545647593481,-9.17999006875794,0],[-59.3545665492113,-9.18026118823955,0],[-59.3553850845461,-9.18025585160439,0],[-59.3553868750853,-9.18052697092137,0],[-59.3570239455073,-9.18051629177807,0],[-59.3570257373433,-9.18078741077001,0],[-59.3581171173489,-9.1807802870143,0],[-59.358115324685,-9.18050916823622,0],[-59.3583881693415,-9.18050738683664,0],[-59.3583899622123,-9.18077850556123,0],[-59.3586628070204,-9.18077672390252,0],[-59.3586646001534,-9.18104784256921,0],[-59.3589374451133,-9.18104606065134,0],[-59.3589392385084,-9.18131717926014,0],[-59.3592120836201,-9.18131539708311,0],[-59.3592138772774,-9.18158651563399,0],[-59.3594867225408,-9.18158473319778,0],[-59.3594885164603,-9.18185585169075,0],[-59.3597613618754,-9.18185406899535,0],[-59.3597631560572,-9.1821251874304,0],[-59.360036001624,-9.18212340447581,0],[-59.3600395905673,-9.18266564122563,0],[-59.3603124364929,-9.18266385795831,0],[-59.3603178209433,-9.1834772128894,0],[-59.3605906674346,-9.18347542925578,0],[-59.3605996436591,-9.18483102045177,0],[-59.3603267961326,-9.18483280435307,0],[-59.3603321819093,-9.18564615917837,0],[-59.3600593337064,-9.18564794303451,0],[-59.3600665146875,-9.1867324162873,0],[-59.3595208164593,-9.18673598381044,0],[-59.3595226114285,-9.18700710221966,0],[-59.3592497620244,-9.18700888572606,0],[-59.3592515568418,-9.18728000418437,0],[-59.3589787071754,-9.18728178753848,0],[-59.3589805018409,-9.1875529060459,0],[-59.3587076519121,-9.1875546892477,0],[-59.3587094464257,-9.18782580780421,0],[-59.3581637459883,-9.18782937369738,0],[-59.3581655401429,-9.18810049235645,0],[-59.3578926896342,-9.18810227504779,0],[-59.3578944836369,-9.18837339375593,0],[-59.3573487820397,-9.1883769586281,0],[-59.3573505756833,-9.18864807743877,0],[-59.356804873451,-9.18865164159455,0],[-59.3568066667356,-9.18892276050773,0],[-59.3562609638682,-9.18892632394706,0],[-59.3562627567937,-9.18919744296273,0],[-59.3559899050701,-9.18919922442707,0],[-59.3559916978435,-9.18947034349176,0],[-59.3554459938166,-9.18947390590976,0],[-59.3554477862309,-9.18974502507691,0],[-59.3551749339275,-9.18974680603054,0],[-59.3551767261898,-9.19001792524669,0],[-59.3546310210033,-9.19002148664321,0],[-59.3546328129063,-9.19029260596177,0],[-59.3543599600232,-9.19029438640463,0],[-59.3543617517742,-9.19056550577219,0],[-59.3540888986288,-9.19056728606257,0],[-59.3540906902277,-9.1908384054791,0],[-59.3510892997121,-9.19085797567219,0],[-59.351091089087,-9.19112909567125,0],[-59.3508182348661,-9.19113087359771,0],[-59.3508236026995,-9.19194423372839,0],[-59.350550747802,-9.19194601160891,0],[-59.3505543262183,-9.19248825178061,0],[-59.3502814708513,-9.19249002956183,0],[-59.3502850490733,-9.19303226982251,0],[-59.3500121932368,-9.19303404750441,0],[-59.3500175603608,-9.19384740802228,0],[-59.3497447038475,-9.19384918565813,0],[-59.349750070845,-9.1946625462962,0],[-59.3494772136548,-9.19466432388596,0],[-59.3494825805256,-9.19547768464421,0],[-59.3492097226585,-9.19547946218785,0],[-59.3492150894025,-9.19629282306627,0],[-59.3494879478916,-9.19629104536277,0],[-59.3495022632883,-9.19846000708486,0],[-59.3497751233812,-9.19845822874902,0],[-59.3497769132607,-9.19872934889114,0],[-59.3500497735059,-9.19872757029594,0],[-59.3500533538449,-9.19926981046035,0],[-59.3503262144498,-9.19926803155247,0],[-59.3503280049093,-9.19953915157475,0],[-59.3506008656666,-9.19953737240749,0],[-59.3506062379973,-9.20035073228793,0],[-59.3503333766178,-9.20035251161512,0],[-59.3503405396664,-9.20143699160716,0],[-59.3506134018757,-9.20143521206672,0],[-59.3506151929829,-9.20170633200039,0],[-59.3508880553445,-9.20170455220051,0],[-59.3508898467142,-9.20197567207644,0],[-59.350344121521,-9.2019792315767,0],[-59.3503477035957,-9.20252147152859,0],[-59.3500748405016,-9.20252325107612,0],[-59.3500766314141,-9.20279437109875,0],[-59.3503494947157,-9.20279259149791,0],[-59.3503566597458,-9.20387707133107,0],[-59.3500837956142,-9.20387885114512,0],[-59.3500891693422,-9.20469221113355,0],[-59.3498163045331,-9.20469399090132,0],[-59.3498180956784,-9.20496511094194,0],[-59.350090960695,-9.20496333112087,0],[-59.3500927521028,-9.20523445110377,0],[-59.350638482386,-9.20523089073638,0],[-59.3506438581848,-9.20604425033874,0],[-59.3509167238665,-9.20604246968577,0],[-59.3509221007834,-9.20685582908843,0],[-59.3514678332269,-9.20685226684382,0],[-59.3514696260579,-9.20712338652922,0],[-59.3520153586962,-9.20711982335293,0],[-59.3520171519974,-9.20739094292724,0],[-59.3525628848306,-9.20738737881921,0],[-59.352564678602,-9.20765849828238,0],[-59.35311041163,-9.20765493324258,0],[-59.3531122058717,-9.20792605259461,0],[-59.3539308056231,-9.20792070332774,0],[-59.3539326005427,-9.20819182251521,0],[-59.3542054672238,-9.20819003896031,0],[-59.3542072624062,-9.20846115808997,0],[-59.3544801292398,-9.20845937427539,0],[-59.3544837201851,-9.20900161241466,0],[-59.3547565873788,-9.20899982828699,0],[-59.3547601789599,-9.20954206630177,0],[-59.3550330465137,-9.20954028186098,0],[-59.3550348425946,-9.20981140080833,0],[-59.3547619748332,-9.20981318530254,0],[-59.3547655667452,-9.21035542329082,0],[-59.3544926985133,-9.21035720768553,0],[-59.3544962902306,-9.21089944576294,0],[-59.3542234215283,-9.21090123005812,0],[-59.3542377889417,-9.21307018261822,0],[-59.3547835296143,-9.21306661296707,0],[-59.3547853262045,-9.21333773191038,0],[-59.3550581966658,-9.21333594672181,0],[-59.3550599935189,-9.21360706560729,0],[-59.3553328641327,-9.2136052801589,0],[-59.3553346612487,-9.21387639898654,0],[-59.3558804027264,-9.21387282736369,0],[-59.355882200313,-9.21414394608006,0],[-59.3564279419855,-9.21414037352469,0],[-59.3564261439833,-9.21386925491521,0],[-59.3572447554548,-9.21386389469441,0],[-59.3572429568847,-9.21359277624087,0],[-59.3580615672361,-9.21358741432283,0],[-59.358059768098,-9.2133162960253,0],[-59.3591512469624,-9.21330914412563,0],[-59.3591494470487,-9.21303802603766,0],[-59.3599680549937,-9.21303266010632,0],[-59.3599662545121,-9.21276154217449,0],[-59.3602391235089,-9.21275975317146,0],[-59.3602373228749,-9.21248863528874,0],[-59.3607830602871,-9.21248505677062,0],[-59.360781259293,-9.21221393899056,0],[-59.3610541277085,-9.21221214947549,0],[-59.361052326562,-9.21194103174455,0],[-59.3615980628117,-9.21193745220243,0],[-59.3615962613052,-9.21166633457418,0],[-59.3648706716635,-9.21164484063034,0],[-59.3648724756623,-9.21191595761537,0],[-59.3651453430399,-9.21191416505844,0],[-59.3651471473017,-9.21218528198541,0],[-59.3654200148317,-9.21218348916848,0],[-59.3654218193566,-9.21245460603737,0],[-59.3656946870389,-9.21245281296042,0],[-59.3656964918269,-9.21272392977124,0],[-59.3659693596614,-9.21272213643426,0],[-59.3659711647125,-9.212993253187,0],[-59.3662440326994,-9.21299145958997,0],[-59.3662458380136,-9.21326257628462,0],[-59.3665187061527,-9.21326078242754,0],[-59.3665223173629,-9.21380301569622,0],[-59.366795185862,-9.21380122152539,0],[-59.366796991758,-9.21407233809941,0],[-59.3670698604094,-9.21407054366851,0],[-59.3670716665685,-9.21434166018442,0],[-59.3673445353723,-9.21433986549341,0],[-59.3673463417946,-9.21461098195121,0],[-59.3676192107506,-9.21460918700009,0],[-59.3676210174361,-9.21488030339977,0],[-59.3678938865444,-9.21487850818852,0],[-59.3678956934931,-9.21514962453008,0],[-59.3681685627537,-9.2151478290587,0],[-59.368172177233,-9.2156900616211,0],[-59.3684450468537,-9.21568826583586,0],[-59.3684468543843,-9.21595938205671,0],[-59.3687197241572,-9.2159575860113,0],[-59.3687233398005,-9.21649981833228,0],[-59.3689962099335,-9.21649802197297,0],[-59.3689998262142,-9.21704025416878,0],[-59.3692726967074,-9.21703845749554,0],[-59.3692745051388,-9.21730957353307,0],[-59.3695473757843,-9.21730777659961,0],[-59.3695509932291,-9.21785000855391,0],[-59.3698238642347,-9.21784821130648,0],[-59.3698274823173,-9.21839044313558,0],[-59.370100353683,-9.21838864557415,0],[-59.3701021630154,-9.2186597614283,0],[-59.3703750345334,-9.2186579636066,0],[-59.3703786537804,-9.21920019519412,0],[-59.3706515256586,-9.21919839705838,0],[-59.3706533355732,-9.21946951279172,0],[-59.3703804634871,-9.21947131098123,0],[-59.3703840830672,-9.22001354254217,0],[-59.3701112105099,-9.22001534063268,0],[-59.3701130201753,-9.22028645646027,0],[-59.3698401473546,-9.22028825439799,0],[-59.3698419568677,-9.22055937027491,0],[-59.3695690837836,-9.22056116805983,0],[-59.3695763215594,-9.22164563173822,0],[-59.3698491954751,-9.2216438337383,0],[-59.3698546250135,-9.22245718128936,0],[-59.3706732482987,-9.2224517855663,0],[-59.3706750588797,-9.22272290124651,0],[-59.3717665566476,-9.22271570384163,0],[-59.3717683681158,-9.22298681930228,0],[-59.3720412426268,-9.22298501938075,0],[-59.3720448661458,-9.22352725018116,0],[-59.3723177410172,-9.22352544994542,0],[-59.3723195530679,-9.22379656528517,0],[-59.3725924280917,-9.223794764789,0],[-59.3725960527759,-9.22433699534759,0],[-59.37286892816,-9.22433519453716,0],[-59.3728707407934,-9.224606309756,0],[-59.3731436163299,-9.22460450868511,0],[-59.3731454292269,-9.22487562384568,0],[-59.3734183049158,-9.22487382251432,0],[-59.3734201180764,-9.22514493761663,0],[-59.3739658697033,-9.22514133422628,0],[-59.3739676833355,-9.22541244921649,0],[-59.3742405592735,-9.22541064715748,0],[-59.3742423731693,-9.2256817620894,0],[-59.3745152492597,-9.22567995976988,0],[-59.3745170634191,-9.22595107464352,0],[-59.3747899396619,-9.22594927206347,0],[-59.3747917540849,-9.22622038687881,0],[-59.3750646304801,-9.22621858403822,0],[-59.3750664451668,-9.22648969879527,0],[-59.3753393217144,-9.22648789569412,0],[-59.3753411366647,-9.22675901039286,0],[-59.3756140133646,-9.22675720703115,0],[-59.3756158285786,-9.22702832167158,0],[-59.3758887054309,-9.22702651804929,0],[-59.3758905209086,-9.2272976326314,0],[-59.3761633979133,-9.22729582874852,0],[-59.3761652136547,-9.2275669432723,0],[-59.3764380908118,-9.22756513912882,0],[-59.3764399068168,-9.22783625359427,0],[-59.3767127841263,-9.22783444919018,0],[-59.3767146003951,-9.2281055635973,0],[-59.3769874778569,-9.22810375893258,0],[-59.3769892943894,-9.22837487328135,0],[-59.3772621720037,-9.22837306835599,0],[-59.3772639887999,-9.22864418264641,0],[-59.3775368665665,-9.2286423774604,0],[-59.3775386836265,-9.22891349169246,0],[-59.3772658056519,-9.22891529693239,0],[-59.3772712565418,-9.22972863976374,0],[-59.3769983778871,-9.22973044495868,0],[-59.3770201839612,-9.23298381653198,0],[-59.3772930651134,-9.23298201069001,0],[-59.377296700655,-9.23352423911563,0],[-59.3775695821679,-9.23352243295898,0],[-59.3775732183486,-9.234064661259,0],[-59.37811898204,-9.23406104810942,0],[-59.3781208006303,-9.23433216214491,0],[-59.3789394463742,-9.23432674070727,0],[-59.3789412656448,-9.23459785457647,0],[-59.3794870296118,-9.23459423914248,0],[-59.3794888493546,-9.23486535289931,0],[-59.3800346135151,-9.23486173652989,0],[-59.38003643373,-9.23513285017433,0],[-59.3808550801772,-9.23512742390668,0],[-59.3808569010725,-9.23539853738469,0],[-59.3814026655082,-9.23539491873052,0],[-59.3814044868759,-9.23566603209607,0],[-59.3816773692182,-9.23566422240464,0],[-59.3816882998449,-9.23729090218068,0],[-59.381961183381,-9.23728909195821,0],[-59.3819757623408,-9.23945799764547,0],[-59.3822486474875,-9.23945618678381,0],[-59.3822522932021,-9.23999841305316,0],[-59.3825251787096,-9.23999660187645,0],[-59.3825288250641,-9.24053882801997,0],[-59.3828017109325,-9.24053701652818,0],[-59.382805357927,-9.24107924254584,0],[-59.3830782441562,-9.24107743073895,0],[-59.3830818917908,-9.24161965663074,0],[-59.3833547783809,-9.24161784450873,0],[-59.3833584266555,-9.24216007027464,0],[-59.3836313136065,-9.24215825783747,0],[-59.3836349625213,-9.24270048347748,0],[-59.3839078498333,-9.24269867072514,0],[-59.3839133242494,-9.24351200898964,0],[-59.3836404363122,-9.24351382190419,0],[-59.383647735482,-9.24459827307761,0],[-59.3839206242529,-9.24459645994677,0],[-59.3839242745897,-9.24513868539868,0],[-59.3841971637217,-9.2451368719526,0],[-59.3842008146988,-9.24567909727858,0],[-59.3844737041918,-9.24567728351722,0],[-59.3844755299727,-9.24594839611946,0],[-59.3847484196182,-9.2459465820969,0],[-59.3847502456634,-9.24621769464061,0],[-59.3852960252039,-9.24621406586592,0],[-59.3852978517219,-9.24648517829698,0],[-59.3858436314558,-9.24648154858556,0],[-59.3858454584467,-9.24675266090396,0],[-59.386391238374,-9.24674903025575,0],[-59.3863930658378,-9.24702014246145,0],[-59.386665955926,-9.2470183267725,0],[-59.3866696114383,-9.24756055106232,0],[-59.3869425018876,-9.24755873505795,0],[-59.3869443299361,-9.24782984714204,0],[-59.3872172205381,-9.24782803087637,0],[-59.3872208772199,-9.24837025492294,0],[-59.387493768183,-9.24836843834179,0],[-59.3874974255056,-9.24891066226228,0],[-59.3877703168298,-9.24890884536564,0],[-59.3877739747932,-9.24945106916002,0],[-59.3880468664785,-9.24944925194786,0],[-59.3880505250829,-9.24999147561613,0],[-59.3883234171294,-9.24998965808843,0],[-59.3883270763747,-9.25053188163056,0],[-59.3885999687824,-9.2505300637873,0],[-59.3886036286687,-9.25107228720329,0],[-59.3888765214375,-9.25107046904444,0],[-59.3888801819649,-9.25161269233427,0],[-59.389153075095,-9.2516108738598,0],[-59.3891549056512,-9.25188198544385,0],[-59.3888820123125,-9.25188380397251,0],[-59.3888911648903,-9.25323936209701,0],[-59.3886182704525,-9.25324118068934,0],[-59.3886274233864,-9.25459673897355,0],[-59.3883545278493,-9.25459855762948,0],[-59.3883636811389,-9.25595411607336,0],[-59.3880907845025,-9.25595593479284,0],[-59.3880962765217,-9.25676926996829,0],[-59.3883691737843,-9.25676745108629,0],[-59.3883728358276,-9.257309674406,0],[-59.3886457334517,-9.25730785520827,0],[-59.388647564766,-9.25757896680727,0],[-59.3889204625429,-9.25757714734798,0],[-59.388925957448,-9.25839048195571,0],[-59.3886530590449,-9.25839230157756,0],[-59.3886548905832,-9.25866341315875,0],[-59.3883819919154,-9.25866523262737,0],[-59.3883838233008,-9.2589363442583,0],[-59.3881109243683,-9.25893816357368,0],[-59.3881127556009,-9.25920927525433,0],[-59.3878398564036,-9.25921109441647,0],[-59.3878435186192,-9.25975331787274,0],[-59.3875706189484,-9.25975513693578,0],[-59.3875724499313,-9.2600262487114,0],[-59.3872995499957,-9.26002806762116,0],[-59.3873013808258,-9.26029917944649,0],[-59.3870284806255,-9.26030099820295,0],[-59.3870303113027,-9.26057211007798,0],[-59.3864845103167,-9.26057574707685,0],[-59.3864863406322,-9.2608468590557,0],[-59.3859405390048,-9.26085049533301,0],[-59.3859423689586,-9.26112160741567,0],[-59.3856694678522,-9.26112342529724,0],[-59.3856712976531,-9.26139453742957,0],[-59.385125494855,-9.26139817267855,0],[-59.3851273242941,-9.26166928491464,0],[-59.3845815208547,-9.26167291944191,0],[-59.384583349932,-9.26194403178175,0],[-59.3843104479197,-9.26194584878825,0],[-59.384312276844,-9.26221696117773,0],[-59.383766472234,-9.26222059467643,0],[-59.3837683007965,-9.26249170716961,0],[-59.3832224955454,-9.26249533994648,0],[-59.383224323746,-9.26276645254334,0],[-59.3829514208278,-9.26276826867457,0],[-59.3829532488753,-9.26303938132104,0],[-59.3824074424537,-9.2630430130691,0],[-59.3824092701394,-9.26331412581921,0],[-59.3818634630766,-9.26331775684528,0],[-59.3818652904004,-9.26358886969902,0],[-59.3813194826966,-9.26359250000306,0],[-59.3813213096584,-9.26386361296039,0],[-59.3810484055139,-9.26386542785514,0],[-59.3810502323226,-9.26413654086203,0],[-59.3805044234484,-9.26414017013694,0],[-59.3805062498951,-9.26441128324739,0],[-59.37996044038,-9.26441491180012,0],[-59.379964092605,-9.26495713822365,0],[-59.3794182820312,-9.26496076616211,0],[-59.3794219336436,-9.26550299278376,0],[-59.378876122011,-9.26550662010787,0],[-59.3788815985941,-9.26631996033077,0],[-59.3786086920674,-9.26632177384334,0],[-59.3786105174976,-9.26659288729604,0],[-59.3783376107062,-9.26659470065497,0],[-59.378341261316,-9.2671369276549,0],[-59.37779544673,-9.26714055396577,0],[-59.3778009218088,-9.26795389475594,0],[-59.3775280138053,-9.26795570776177,0],[-59.377529838734,-9.26822682140352,0],[-59.3772569304658,-9.26822863425565,0],[-59.3772587552412,-9.26849974794688,0],[-59.3769858467083,-9.2685015606453,0],[-59.3769894960082,-9.26904378812226,0],[-59.3767165870016,-9.26904560072087,0],[-59.3767184115261,-9.26931671450658,0],[-59.3764455022547,-9.26931852695145,0],[-59.3764473266259,-9.26958964078662,0],[-59.3761744170898,-9.26959145307774,0],[-59.3761780655811,-9.27013368084254,0],[-59.3759051555713,-9.27013549303378,0],[-59.3759069796914,-9.27040660696341,0],[-59.3756340694168,-9.27040841900086,0],[-59.3756395414842,-9.27122176092469,0],[-59.375912452386,-9.27121994872555,0],[-59.3759161011275,-9.27176217654472,0],[-59.3756431898075,-9.27176398885164,0],[-59.3756468383535,-9.27230621676078,0],[-59.3759197500917,-9.27230440434607,0],[-59.3759215746573,-9.27257551824007,0],[-59.3761944865488,-9.27257370556373,0],[-59.3761999612071,-9.27338704705729,0],[-59.3764728736702,-9.2733852340115,0],[-59.3764746988768,-9.27365634777987,0],[-59.3767476114934,-9.27365453447242,0],[-59.3767494369649,-9.27392564818243,0],[-59.3770223497349,-9.27392383461329,0],[-59.3770241754711,-9.27419494826493,0],[-59.3772970883946,-9.2741931344341,0],[-59.3772989143957,-9.27446424802736,0],[-59.3775718274726,-9.27446243393483,0],[-59.3775736537386,-9.2747335474697,0],[-59.3778465669689,-9.27473173311546,0],[-59.3778502200863,-9.27527396006396,0],[-59.3781231336792,-9.27527214539404,0],[-59.3781267874379,-9.27581437221683,0],[-59.3783997013934,-9.27581255723123,0],[-59.378405183077,-9.27662589727013,0],[-59.3786780976044,-9.27662408191485,0],[-59.3786817527572,-9.27716630847726,0],[-59.3789546676472,-9.27716449280623,0],[-59.3789583234415,-9.27770671924289,0],[-59.3792312386942,-9.27770490325608,0],[-59.3792367234315,-9.27851824271573,0],[-59.3795096392561,-9.27851642635915,0],[-59.3795132964449,-9.27905865253534,0],[-59.3800591287638,-9.27905501898263,0],[-59.3800609578603,-9.27932613195607,0],[-59.3806067903746,-9.27932249746386,0],[-59.3806086199455,-9.27959361032484,0],[-59.381154452655,-9.27958997489306,0],[-59.3811562827002,-9.27986108764157,0],[-59.3817021156051,-9.27985745127018,0],[-59.3817076073313,-9.28067078916482,0],[-59.3819805243279,-9.28066897050518,0],[-59.3819896793679,-9.28202453330356,0],[-59.3822625973551,-9.28202271416582,0],[-59.3822680916771,-9.28283605162922,0],[-59.3825410102365,-9.2828342321214,0],[-59.382546505689,-9.28364756938251,0],[-59.3828194248206,-9.28364574950457,0],[-59.3828212569591,-9.28391686186197,0],[-59.3830941762443,-9.28391504172199,0],[-59.383096008648,-9.28418615402087,0],[-59.3833689280867,-9.28418433361884,0],[-59.3833707607557,-9.2844554458592,0],[-59.3836436803478,-9.2844536251951,0],[-59.3836455132821,-9.28472473737692,0],[-59.3839184330277,-9.28472291645075,0],[-59.3839202662272,-9.28499402857404,0],[-59.3841931861264,-9.28499220738578,0],[-59.3841950195911,-9.28526331945052,0],[-59.3844679396438,-9.28526149800016,0],[-59.3844697733739,-9.28553261000635,0],[-59.38474269358,-9.28553078829387,0],[-59.3847481957338,-9.28634412412338,0],[-59.3850211165123,-9.28634230204058,0],[-59.3850247853132,-9.2868845257964,0],[-59.3852977064546,-9.28688270339734,0],[-59.3852995411484,-9.28715381521445,0],[-59.3855724624433,-9.28715199255321,0],[-59.3855761324174,-9.28769421606582,0],[-59.3858490540754,-9.28769239308828,0],[-59.3858508893557,-9.28796350478377,0],[-59.3861238111672,-9.28796168154403,0],[-59.3861274823146,-9.28850390481336,0],[-59.3864004044891,-9.28850208125728,0],[-59.3864022403562,-9.28877319283111,0],[-59.3817625522265,-9.2888041659033,0],[-59.3817607199205,-9.28853305341005,0],[-59.3733000771341,-9.28858937721856,0],[-59.3732982513776,-9.28831826304885,0],[-59.3651104879325,-9.28837257793572,0],[-59.3651086685159,-9.28810146214914,0],[-59.3618335516714,-9.2881231350194,0],[-59.3618317348239,-9.28785201858496,0],[-59.3607400282748,-9.28785923600169,0],[-59.3607382123206,-9.28758811934852,0],[-59.3604652857544,-9.28758992312892,0],[-59.3604671014992,-9.28786103983564,0],[-59.3588295396837,-9.28787185846943,0],[-59.3588277251958,-9.28760074144153,0],[-59.3582818712338,-9.28760434588104,0],[-59.3582836853028,-9.28787546301595,0],[-59.3558273378532,-9.28789167317465,0],[-59.3558255256694,-9.28762055555849,0],[-59.3560984531754,-9.28761875531557,0],[-59.3560966408373,-9.2873476377484,0],[-59.3552778587824,-9.28735303769256,0],[-59.355279670492,-9.28762415542005,0],[-59.3547338150937,-9.28762775444927,0],[-59.354732003803,-9.28735663661492,0],[-59.3541861486029,-9.28736023470495,0],[-59.3541897704016,-9.28790247058283,0],[-59.3530980576634,-9.28790966469303,0],[-59.3530944375405,-9.28736742838799,0],[-59.3528215096369,-9.28736922628854,0],[-59.3528233194614,-9.28764034449666,0],[-59.3525503912932,-9.2876421422425,0],[-59.3525485816783,-9.287371023981,0],[-59.3522756536645,-9.28737282146538,0],[-59.3522792725306,-9.28791505809065,0],[-59.3509146295398,-9.28792404292473,0],[-59.3509110127684,-9.28738180576597,0],[-59.3506380844239,-9.28738360200184,0],[-59.3506417007763,-9.28792583926726,0],[-59.3490041270385,-9.28793661295229,0],[-59.3490005131998,-9.28739437504718,0],[-59.3492734418748,-9.28739258005984,0],[-59.3492716348286,-9.2871214611539,0],[-59.3498174915945,-9.28711787066156,0],[-59.3498120695295,-9.28630451423682,0],[-59.3500849972015,-9.28630271883847,0],[-59.3500831897472,-9.28603160007462,0],[-59.3509019718044,-9.28602621279115,0],[-59.3509001637769,-9.28575509418283,0],[-59.3511730908096,-9.28575329805889,0],[-59.3511694745011,-9.28521106093556,0],[-59.3508965478872,-9.28521285695282,0],[-59.3508911244659,-9.28439950107442,0],[-59.3511640504516,-9.28439770521716,0],[-59.3511622425453,-9.28412658663546,0],[-59.3514351682665,-9.28412479062352,0],[-59.3514315522006,-9.28358255355344,0],[-59.3511586268981,-9.2835843494587,0],[-59.3511568191572,-9.28331323086364,0],[-59.3514297442503,-9.28331143501173,0],[-59.3514225130002,-9.28222696080034,0],[-59.3511495887445,-9.2822287564389,0],[-59.3511405519687,-9.28087316330782,0],[-59.3514134751777,-9.28087136793597,0],[-59.3514098604345,-9.28032913075907,0],[-59.3516827831697,-9.28032733528597,0],[-59.3516773608404,-9.27951397964727,0],[-59.3522232048898,-9.27951038839744,0],[-59.352214166684,-9.27815479611084,0],[-59.3519412457331,-9.27815659157292,0],[-59.3519430530548,-9.2784277100925,0],[-59.3516701318396,-9.27842950540005,0],[-59.3516719390071,-9.27870062396853,0],[-59.3511260959929,-9.27870421406668,0],[-59.35112248255,-9.2781619767119,0],[-59.3508495613787,-9.27816377134248,0],[-59.3508459485747,-9.27762153386324,0],[-59.3519376312552,-9.27761435452041,0],[-59.3519358240989,-9.27734323598749,0],[-59.3522087444221,-9.27734144068548,0],[-59.3522051298564,-9.27679920371299,0],[-59.3519322099518,-9.27680099890829,0],[-59.3519304029609,-9.27652988036201,0],[-59.3522033226563,-9.27652808522008,0],[-59.3521906737991,-9.27463025564512,0],[-59.3510990005439,-9.27463743347209,0],[-59.3510971946215,-9.2743663147302,0],[-59.3508242763791,-9.27436810861412,0],[-59.3508206651178,-9.27382587101033,0],[-59.3494560751709,-9.27383483677994,0],[-59.3494578797282,-9.27410595585063,0],[-59.3491849613645,-9.27410774843451,0],[-59.3491867657677,-9.27437886755404,0],[-59.3489138471398,-9.27438065998343,0],[-59.3489156513889,-9.2746517791518,0],[-59.3486427324967,-9.27465357142668,0],[-59.3486445365917,-9.27492469064389,0],[-59.3480986982239,-9.2749282746768,0],[-59.3481005019556,-9.2751993939961,0],[-59.3475546629493,-9.27520297730432,0],[-59.3475564663176,-9.27547409672571,0],[-59.3478293860575,-9.27547230512224,0],[-59.3478311896901,-9.27574342448593,0],[-59.3470124296779,-9.27574879883261,0],[-59.3470142327379,-9.2760199183516,0],[-59.3475600732194,-9.27601633555514,0],[-59.3475618767528,-9.27628745496318,0],[-59.3467431153204,-9.27629282900587,0],[-59.346746721297,-9.27683506812809,0],[-59.3464738002911,-9.27683685916645,0],[-59.3464756031527,-9.27710797877413,0],[-59.3462026818826,-9.27710976965786,0],[-59.3462044845899,-9.27738088931432,0],[-59.3459315630556,-9.27738268004342,0],[-59.3459333656087,-9.27765379974865,0],[-59.3456604438101,-9.27765559032311,0],[-59.3456658511716,-9.27846894957176,0],[-59.3453929286903,-9.27847074009798,0],[-59.3453947310448,-9.27874185989185,0],[-59.3451218082992,-9.27874365026338,0],[-59.3451254127547,-9.27928588994418,0],[-59.3448524895356,-9.27928768021421,0],[-59.3448542916365,-9.27955880010114,0],[-59.3445813681532,-9.27956059021646,0],[-59.3445849721012,-9.28010283008335,0],[-59.3443120481444,-9.28010462009713,0],[-59.3443156518937,-9.28064686005259,0],[-59.3440427274632,-9.2806486499648,0],[-59.344044529211,-9.28091976998904,0],[-59.3437716045163,-9.2809215597465,0],[-59.3437734061097,-9.28119267981946,0],[-59.3435004811508,-9.28119446942214,0],[-59.3435040840836,-9.28173670966105,0],[-59.3432311586511,-9.2817384991621,0],[-59.343234761385,-9.28228073948955,0],[-59.3429618354789,-9.28228252888894,0],[-59.3429654380138,-9.28282476930491,0],[-59.342692511634,-9.28282655860262,0],[-59.3426979152201,-9.28363991935265,0],[-59.3421520610396,-9.28364349764296,0],[-59.3421556628673,-9.28418573833329,0],[-59.341882735276,-9.28418752727269,0],[-59.3418845360628,-9.28445864766432,0],[-59.3416116082071,-9.28446043644883,0],[-59.3416152095266,-9.28500267732498,0],[-59.3413422811972,-9.28500446600771,0],[-59.3413476829598,-9.28581782744791,0],[-59.3410747539473,-9.28581961608194,0],[-59.3410765544351,-9.28609073660622,0],[-59.3408036251583,-9.28609252508529,0],[-59.3408072258797,-9.28663476622672,0],[-59.3405342961291,-9.28663655460394,0],[-59.3405378966511,-9.28717879583377,0],[-59.3402649664267,-9.2871805841091,0],[-59.3402667665606,-9.28745170477043,0],[-59.3399938360718,-9.28745349289076,0],[-59.339995636051,-9.28772461360073,0],[-59.339722705298,-9.28772640156605,0],[-59.3397209055283,-9.28745528080299,0],[-59.3315329637474,-9.28750882140501,0],[-59.3315311703168,-9.28723769904791,0],[-59.3230702519646,-9.28729282594052,0],[-59.3230684650823,-9.28702170194222,0],[-59.3197932593354,-9.28704298706285,0],[-59.3197861224051,-9.28595848849727,0],[-59.3186943887669,-9.28596557603654,0],[-59.3187015223458,-9.28705007544396,0],[-59.3156992411415,-9.28706955132393,0],[-59.3156956788517,-9.28652730047258,0],[-59.3159686133592,-9.2865255310836,0],[-59.3159632697033,-9.28571215493087,0],[-59.3162362035281,-9.28571038549145,0],[-59.3162308597325,-9.28489700945636,0],[-59.3156849932851,-9.28490054781189,0],[-59.3156867740772,-9.28517167326644,0],[-59.3143221059617,-9.28518051577697,0],[-59.3143256656142,-9.28572276719795,0],[-59.3140527314095,-9.28572453518089,0],[-59.3140580706668,-9.28653791243654,0],[-59.3137851357794,-9.28653968036889,0],[-59.3137869154309,-9.28681080616439,0],[-59.3096928824733,-9.28683730096555,0],[-59.3096911059639,-9.28656617438336,0],[-59.3034135699276,-9.28660670760242,0],[-59.3034117982903,-9.28633557981224,0],[-59.2974071764833,-9.28637424656148,0],[-59.2974054095083,-9.28610311761869,0],[-59.2911278272959,-9.2861434330612,0],[-59.2911260651924,-9.28587230291683,0],[-59.2848484593868,-9.28591250708419,0],[-59.2848467021548,-9.28564137574149,0],[-59.278842013827,-9.28567972775742,0],[-59.2788385087398,-9.28513746278089,0],[-59.2791114492608,-9.28513572179577,0],[-59.2791079439683,-9.28459345690492,0],[-59.2788350038662,-9.28459519778664,0],[-59.2788332515096,-9.28432406528286,0],[-59.2793791312415,-9.28432058341479,0],[-59.2793773785194,-9.28404945101,0],[-59.2791044388896,-9.28405119199635,0],[-59.2790974293732,-9.28296666212604,0],[-59.2788244905276,-9.28296840269753,0],[-59.2788227384914,-9.28269727016716,0],[-59.2785497998019,-9.28269901047893,0],[-59.2785515516286,-9.28297014306099,0],[-59.2782786126762,-9.28297188321642,0],[-59.2782803643469,-9.28324301584574,0],[-59.2780074251317,-9.28324475584483,0],[-59.2780126798361,-9.28405815386125,0],[-59.2777397399392,-9.28405989380734,0],[-59.2777414914047,-9.2843310265223,0],[-59.277468551245,-9.28433276631201,0],[-59.2774720539172,-9.28487503183198,0],[-59.2771991132852,-9.28487677151697,0],[-59.2772026157522,-9.28541903712254,0],[-59.2725626097246,-9.28544858168686,0],[-59.2725608620253,-9.28517744800889,0],[-59.266010244105,-9.28521905436694,0],[-59.266008501486,-9.28494791944892,0],[-59.2600037461202,-9.28498595218928,0],[-59.2600020081624,-9.2847148161373,0],[-59.2569996231637,-9.28473379417663,0],[-59.2570013588174,-9.28500493079226,0],[-59.2567284141996,-9.28500665487129,0],[-59.2567318852468,-9.28554892819167,0],[-59.2564589401571,-9.28555065216501,0],[-59.2564606755506,-9.28582178886976,0],[-59.2469075568012,-9.28588199862051,0],[-59.2469058287397,-9.28561086012774,0],[-59.2466328817498,-9.28561257660938,0],[-59.2466346096018,-9.28588371515312,0],[-59.2463616623498,-9.28588543147762,0],[-59.2463599347072,-9.28561429288291,0],[-59.246086987612,-9.28561600894833,0],[-59.246088715045,-9.28588714759401,0],[-59.2458157676877,-9.28588886350228,0],[-59.2458140404641,-9.28561772480565,0],[-59.2449951987046,-9.28562287112895,0],[-59.2449969252997,-9.28589400997842,0],[-59.241448602814,-9.28591628973113,0],[-59.2414468789424,-9.28564515022003,0],[-59.2411739309004,-9.2856468625395,0],[-59.2411756545625,-9.28591800210145,0],[-59.2340789816011,-9.28596245068046,0],[-59.2340772633858,-9.28569130979855,0],[-59.2335313644168,-9.28569472299129,0],[-59.2335330822131,-9.28596586397457,0],[-59.2327142327385,-9.28597098235482,0],[-59.2327073643813,-9.28488641778723,0],[-59.2321614661457,-9.28488982859491,0],[-59.2321597496062,-9.28461868734066,0],[-59.2318868006194,-9.28462039238172,0],[-59.2318885169494,-9.2848915336866,0],[-59.2316155677008,-9.2848932385702,0],[-59.2316190000989,-9.28543552126798,0],[-59.231346050379,-9.28543722604474,0],[-59.2313443343633,-9.28516608464743,0],[-59.2299795860269,-9.28517460515649,0],[-59.2299830160157,-9.2857168884528,0],[-59.2297100657725,-9.28571859203148,0],[-59.2297117806358,-9.2859897337236,0],[-59.1863119980664,-9.28625796330742,0],[-59.1863069535697,-9.28544451432142,0],[-59.1860339954636,-9.28544618449956,0],[-59.1860323142767,-9.28517503477914,0],[-59.1857593563289,-9.28517670469955,0],[-59.1857610373063,-9.28544785446956,0],[-59.1854880790977,-9.28544952423142,0],[-59.1854897599168,-9.28572067404661,0],[-59.1852168014474,-9.28572234364992,0],[-59.1852201628203,-9.28626464336626,0],[-59.1573780882241,-9.28643385954622,0],[-59.1573797476134,-9.28670501442291,0],[-59.1000561359063,-9.28704659081168,0],[-59.1000545205285,-9.28677542579162,0],[-59.0997815459171,-9.28677703033244,0],[-59.0997799307981,-9.28650586526036,0],[-59.0992339818467,-9.28650907362208,0],[-59.0992355965465,-9.28678023878945,0],[-59.0989626217875,-9.28678184270563,0],[-59.0989642363269,-9.28705300791625,0],[-59.0962344839344,-9.28706903610229,0],[-59.0962312590967,-9.28652670472474,0],[-59.0959582840062,-9.286528306303,0],[-59.0959550597843,-9.2859859748128,0],[-59.0956820850638,-9.28598757608774,0],[-59.0956788614575,-9.28544524448489,0],[-59.0959518357589,-9.28544364330506,0],[-59.095953447747,-9.28571480906112,0],[-59.0962264222087,-9.28571320762555,0],[-59.096224810011,-9.28544204191705,0],[-59.096497784214,-9.28544044032085,0],[-59.0964961718559,-9.28516927465554,0],[-59.0967691458002,-9.28516767289874,0],[-59.0967675332817,-9.28489650727661,0],[-59.0970405069673,-9.28489490535921,0],[-59.0970388942884,-9.28462373978029,0],[-59.0973118677152,-9.28462213770231,0],[-59.0973150935413,-9.28516446876059,0],[-59.0975880673381,-9.28516286637925,0],[-59.0975864541909,-9.28489170089989,0],[-59.097859427729,-9.28489009835797,0],[-59.0978578144215,-9.28461893292184,0],[-59.0975848410929,-9.28462053541615,0],[-59.0975832280441,-9.28434936992803,0],[-59.0984021472535,-9.2843445619634,0],[-59.0984005336252,-9.28407339661371,0],[-59.0986735063871,-9.28407179359014,0],[-59.098668665169,-9.28325829765764,0],[-59.0981227208532,-9.28326150321095,0],[-59.0981243341243,-9.28353266862139,0],[-59.0978513616831,-9.28353427113345,0],[-59.0978465226458,-9.28272077474615,0],[-59.0981194944585,-9.28271917237691,0],[-59.0981178813349,-9.28244800695332,0],[-59.0978449097317,-9.28244960927496,0],[-59.0978432968668,-9.28217844379938,0],[-59.0972973539319,-9.28218164772312,0],[-59.0972957415351,-9.28191048214798,0],[-59.0970227702034,-9.2819120837501,0],[-59.0970243823907,-9.28218324937283,0],[-59.096205467472,-9.2821880530733,0],[-59.09620707908,-9.28245921883438,0],[-59.0964800509782,-9.28245761776143,0],[-59.0964816628448,-9.28272878347055,0],[-59.0962086907371,-9.28273038459107,0],[-59.0962103024433,-9.28300155034339,0],[-59.095937330077,-9.28300315130334,0],[-59.0959308843849,-9.28191848807755,0],[-59.0962038559132,-9.28191688730784,0],[-59.0961990215317,-9.28110338998518,0],[-59.0970179339366,-9.2810985868556,0],[-59.097016321946,-9.28082742121534,0],[-59.0978352332801,-9.28082261635578,0],[-59.0978336207103,-9.28055145085392,0],[-59.0981065908471,-9.28054984886551,0],[-59.0981033654362,-9.28000751794385,0],[-59.0972844561347,-9.28001232299927,0],[-59.0972828441313,-9.27974115738907,0],[-59.0970098744752,-9.2797427586105,0],[-59.0970082627304,-9.27947159294834,0],[-59.0967352932346,-9.27947319391414,0],[-59.0967320703113,-9.27893086248153,0],[-59.0970050393883,-9.27892926161089,0],[-59.0970066510348,-9.27920042728181,0],[-59.0975525894601,-9.27919722482124,0],[-59.0975509773948,-9.2789260592455,0],[-59.0980969152045,-9.27892285604797,0],[-59.0980953027696,-9.27865169056305,0],[-59.0983682713913,-9.27865008869985,0],[-59.0983698840356,-9.27892125413716,0],[-59.0986428528176,-9.27891965201831,0],[-59.0986444657205,-9.27919081740362,0],[-59.0989174346627,-9.27918921502911,0],[-59.098920661035,-9.27973154569135,0],[-59.0994665996094,-9.27972834012769,0],[-59.0994682132882,-9.27999950535698,0],[-59.1000141520845,-9.27999629886582,0],[-59.1000157662315,-9.28026746399543,0],[-59.1002887357652,-9.28026586039011,0],[-59.1002903501709,-9.28053702546769,0],[-59.1005633198648,-9.28053542160664,0],[-59.1005520185935,-9.2786372663052,0],[-59.1002790503655,-9.27863886983263,0],[-59.1002774363045,-9.27836770472438,0],[-59.1005504043231,-9.27836610124461,0],[-59.1005471759301,-9.2778237711103,0],[-59.1002742083303,-9.27782537449475,0],[-59.1002693667383,-9.27701187911745,0],[-59.0999963997174,-9.27701348215093,0],[-59.0999947861612,-9.27674231696876,0],[-59.0997218193004,-9.2767439197466,0],[-59.0997202060028,-9.2764727545124,0],[-59.0980824050608,-9.27648236652603,0],[-59.0980807930685,-9.2762112010017,0],[-59.0975348594463,-9.27621440324721,0],[-59.0975364710198,-9.27648556886674,0],[-59.0978094380649,-9.27648396780038,0],[-59.0978126617783,-9.27702629893111,0],[-59.0980856291928,-9.27702469756156,0],[-59.0980888535217,-9.27756702857957,0],[-59.0978158856883,-9.27756863004434,0],[-59.0978142737087,-9.27729746448992,0],[-59.0972683383133,-9.27730066670023,0],[-59.097265115339,-9.27675833538788,0],[-59.0969921479863,-9.27675993608587,0],[-59.0969953705418,-9.2773022674934,0],[-59.0967224027212,-9.27730386807856,0],[-59.0967159586442,-9.27621920505568,0],[-59.0969889256274,-9.27621760466083,0],[-59.0969776489198,-9.27431944453527,0],[-59.0972506143885,-9.27431784426554,0],[-59.0972393386247,-9.27241968425857,0],[-59.0975123025793,-9.27241808411405,0],[-59.0975010277598,-9.27051992422575,0],[-59.0977739902006,-9.27051832420651,0],[-59.0977627163261,-9.26862016443696,0],[-59.0980356772534,-9.26861856454308,0],[-59.0980260145952,-9.26699157056988,0],[-59.0982989742184,-9.26698997075385,0],[-59.0982877018911,-9.26509181125266,0],[-59.0985606600014,-9.26509021156216,0],[-59.0985493886206,-9.26319205217995,0],[-59.0988223452183,-9.26319045261506,0],[-59.0988110747846,-9.26129229335191,0],[-59.09908402987,-9.26129069391272,0],[-59.0990727603841,-9.25939253476871,0],[-59.0993457139574,-9.2593909354553,0],[-59.0993344454197,-9.25749277643051,0],[-59.0996073974814,-9.25749117724296,0],[-59.0995961298925,-9.25559301833746,0],[-59.0998690804428,-9.25559141927586,0],[-59.0998594231756,-9.25396442604372,0],[-59.1001323724236,-9.2539628270605,0],[-59.1001211063896,-9.25206466842442,0],[-59.1003940541268,-9.25206306956731,0],[-59.1003827890432,-9.25016491105076,0],[-59.1006557352699,-9.25016331231983,0],[-59.1006444711374,-9.24826515392289,0],[-59.1009174158539,-9.24826355531823,0],[-59.100906152673,-9.24636539704098,0],[-59.1011790958796,-9.24636379856268,0],[-59.1011678336509,-9.2444656404052,0],[-59.1014407753479,-9.24446404205334,0],[-59.1014295140719,-9.2425658840157,0],[-59.1017024542597,-9.24256428579037,0],[-59.101691193937,-9.24066612787265,0],[-59.1019641326158,-9.24066452977392,0],[-59.1019544815805,-9.23903753738897,0],[-59.102227418959,-9.23903593936924,0],[-59.1022161601999,-9.23713778172215,0],[-59.1024890960701,-9.23713618382919,0],[-59.1024778382658,-9.23523802630224,0],[-59.1027507726279,-9.23523642853614,0],[-59.1027427317754,-9.23388060183886,0],[-59.0806349737581,-9.23400933086064,0],[-59.0806095212691,-9.22967062319395,0],[-59.0808824551774,-9.2296690429827,0],[-59.0808554220431,-9.22505916566841,0],[-59.0811283523632,-9.22505758605287,0],[-59.0811029189549,-9.22071887759912,0],[-59.0813758458967,-9.22071729853228,0],[-59.081374256515,-9.22044612926416,0],[-59.0819201098361,-9.22044297060477,0],[-59.0819185200872,-9.22017180142676,0],[-59.082464372797,-9.22016864203501,0],[-59.0824627826808,-9.21989747294714,0],[-59.0827357087545,-9.21989589298845,0],[-59.0827325282524,-9.21935355489415,0],[-59.0830054538613,-9.21935197482328,0],[-59.0829927321407,-9.21718262265018,0],[-59.0832656560369,-9.21718104275071,0],[-59.083259295516,-9.21609636674885,0],[-59.0835322185316,-9.21609478683181,0],[-59.0835290381481,-9.21555244889934,0],[-59.0832561155484,-9.21555402872184,0],[-59.0832545256378,-9.21528285970181,0],[-59.0829816031973,-9.21528443927045,0],[-59.0829800135434,-9.21501327019882,0],[-59.0832529357761,-9.21501169067743,0],[-59.0832513459631,-9.21474052164871,0],[-59.0824325797425,-9.21474525945134,0],[-59.0824309906021,-9.21447409027651,0],[-59.0821580686389,-9.21447566908366,0],[-59.0821596575714,-9.21474683830573,0],[-59.0816138130829,-9.21474999539476,0],[-59.0815915782862,-9.2109536245678,0],[-59.0818644976447,-9.21095204678777,0],[-59.081837507566,-9.20634216758456,0],[-59.0821104233438,-9.20634059040102,0],[-59.0820834438289,-9.20173071074576,0],[-59.0823563560277,-9.20172913415888,0],[-59.0823341452812,-9.19793276239749,0],[-59.0831528728677,-9.19792803338367,0],[-59.0831496994393,-9.19738569477468,0],[-59.0828767907076,-9.1973872712243,0],[-59.0828736178893,-9.19684493250345,0],[-59.0831465262061,-9.19684335614834,0],[-59.0831259049472,-9.19331815465413,0],[-59.0833988105184,-9.19331657870725,0],[-59.0833940523152,-9.19250307070781,0],[-59.0839398620667,-9.19249991847937,0],[-59.0839382756818,-9.19222874923209,0],[-59.0844840848234,-9.19222559627394,0],[-59.0844824980725,-9.19195442711688,0],[-59.0847554023627,-9.191952850376,0],[-59.0847538154533,-9.1916816812619,0],[-59.0839351030584,-9.19168641072452,0],[-59.08393351682,-9.19141524146424,0],[-59.0831148046079,-9.19141996893058,0],[-59.0831132190403,-9.19114879952416,0],[-59.0828403150793,-9.19115037488692,0],[-59.0828149559497,-9.18681166303847,0],[-59.0833607571891,-9.1868085136191,0],[-59.0833560024991,-9.18599500530753,0],[-59.0836289024239,-9.18599343043072,0],[-59.0836320725829,-9.18653576921491,0],[-59.084450773308,-9.18653104306531,0],[-59.0844523590824,-9.18680221230907,0],[-59.0847252594337,-9.1868006364667,0],[-59.0847268454642,-9.18707180565884,0],[-59.0852726464348,-9.18706865326169,0],[-59.0852694735936,-9.18652631506228,0],[-59.0858152735399,-9.18652316203059,0],[-59.0858136867781,-9.186251993019,0],[-59.0866323857093,-9.18624726206893,0],[-59.0866307983747,-9.18597609319499,0],[-59.0869036977135,-9.18597451584712,0],[-59.0869021102204,-9.18570334701619,0],[-59.087447908337,-9.18570019179738,0],[-59.0874463204784,-9.1854290230568,0],[-59.0879921179849,-9.18542586710905,0],[-59.0879905297608,-9.18515469845887,0],[-59.0888092250322,-9.18514996313506,0],[-59.0888076362353,-9.18487879462266,0],[-59.0890805343541,-9.18487721581698,0],[-59.0890757676355,-9.18406371039596,0],[-59.0893486650838,-9.18406213152656,0],[-59.089343898184,-9.18324862620872,0],[-59.0896167949618,-9.18324704727565,0],[-59.089613616859,-9.18270471047022,0],[-59.0898865131736,-9.1827031314261,0],[-59.0898753899052,-9.18080495280243,0],[-59.090148284721,-9.18080337388435,0],[-59.0901403399621,-9.17944753211738,0],[-59.0904132336934,-9.17944595323058,0],[-59.0904116446815,-9.17917478491161,0],[-59.0901387511572,-9.17917636375098,0],[-59.0901371624012,-9.17890519538026,0],[-59.0898642690351,-9.17890677396645,0],[-59.0898706235244,-9.17999144761301,0],[-59.089597729281,-9.17999302618306,0],[-59.0896024950406,-9.18080653151471,0],[-59.0882380199833,-9.18081442198905,0],[-59.0882364323834,-9.18054325331257,0],[-59.0865990619435,-9.18055271480615,0],[-59.0865974756351,-9.18028154584121,0],[-59.0857787903767,-9.18028627366775,0],[-59.0857772047384,-9.18001510455651,0],[-59.0849585196616,-9.18001983038899,0],[-59.0849569346934,-9.1797486611315,0],[-59.0846840397773,-9.17975023595013,0],[-59.0846856245384,-9.18002140525492,0],[-59.0833211481901,-9.18002927649773,0],[-59.0833195644644,-9.17975810695656,0],[-59.0830466692554,-9.1797596805405,0],[-59.0830450857856,-9.17948851094774,0],[-59.0824992956354,-9.17949165740378,0],[-59.0823712300721,-9.15752689836575,0],[-59.0829169867175,-9.15752375956343,0],[-59.0829185662366,-9.15779492950656,0],[-59.0831914446926,-9.15779335975023,0],[-59.083189864967,-9.15752218985435,0],[-59.0834627431677,-9.15752061994,0],[-59.0834643231,-9.15779178978863,0],[-59.0837372014585,-9.15779021962174,0],[-59.0837356213197,-9.15751904982038,0],[-59.0840084994229,-9.15751747949548,0],[-59.0840053388785,-9.15697513997433,0],[-59.0842782165198,-9.15697356953871,0],[-59.0842766361143,-9.15670239981893,0],[-59.0845495135002,-9.15670082922533,0],[-59.0845479329369,-9.15642965954852,0],[-59.0848208100675,-9.15642808879695,0],[-59.0848192293465,-9.15615691916311,0],[-59.0850921062218,-9.15615534825358,0],[-59.0850889445132,-9.15561300906752,0],[-59.0842703149802,-9.15561772089663,0],[-59.0842718951905,-9.15588889063369,0],[-59.0839990183754,-9.1558904608802,0],[-59.0839974383715,-9.15561929109587,0],[-59.083451685008,-9.15562243087866,0],[-59.0834485259727,-9.15508009110797,0],[-59.0837214022659,-9.15507852141372,0],[-59.083719822615,-9.15480735156915,0],[-59.084265574642,-9.15480421165953,0],[-59.0842639946268,-9.1545330419052,0],[-59.0845368703606,-9.15453147168985,0],[-59.0845352901878,-9.15426030197848,0],[-59.0848081656663,-9.15425873160522,0],[-59.0848050050541,-9.15371639226409,0],[-59.0842592548742,-9.15371953261627,0],[-59.0842560952831,-9.15317719306872,0],[-59.0845289699845,-9.15317562308979,0],[-59.0845273900557,-9.15290445335682,0],[-59.0853460132478,-9.15289974233084,0],[-59.0853428522979,-9.1523574031357,0],[-59.0850699783622,-9.15235897358827,0],[-59.0850683981669,-9.15208780393692,0],[-59.0847955243889,-9.15208937413703,0],[-59.0847971043777,-9.15236054383567,0],[-59.0845242303444,-9.15236211387792,0],[-59.0845210708284,-9.15181977438175,0],[-59.0839753234412,-9.15182291366167,0],[-59.0839705857717,-9.15100940410136,0],[-59.0842434588704,-9.1510078347058,0],[-59.0842418795384,-9.15073666489099,0],[-59.0853333706199,-9.15073038544665,0],[-59.0853349507775,-9.15100155507229,0],[-59.0858806964381,-9.15099841402479,0],[-59.0858838577255,-9.15154075307387,0],[-59.0861567308954,-9.15153918214779,0],[-59.0861551500209,-9.15126801267273,0],[-59.0864280229355,-9.15126644158884,0],[-59.0864296040164,-9.15153761101658,0],[-59.0867024770886,-9.15153603968023,0],[-59.0867040584248,-9.15180720905632,0],[-59.0869769316546,-9.1518056374675,0],[-59.086975350112,-9.15153446813875,0],[-59.0872482230865,-9.15153289639212,0],[-59.0872434781326,-9.15071938852197,0],[-59.087516350439,-9.15071781671226,0],[-59.0875179322478,-9.15098898595928,0],[-59.0877908047118,-9.15098741389709,0],[-59.0877939688889,-9.15152975228346,0],[-59.0875210960121,-9.15153132444036,0],[-59.0875242599719,-9.15207366290417,0],[-59.0872513866334,-9.15207523495063,0],[-59.0872529684802,-9.1523464042234,0],[-59.0869800948864,-9.15234797611205,0],[-59.0869816765756,-9.15261914542785,0],[-59.0872545503758,-9.15261757349186,0],[-59.087260878447,-9.15370225052248,0],[-59.0883523764624,-9.15369595996915,0],[-59.0883492106774,-9.15315362184135,0],[-59.0886220846462,-9.1531520487848,0],[-59.088617335716,-9.15233854170282,0],[-59.0888902090165,-9.15233696858324,0],[-59.0888886259311,-9.15206579959465,0],[-59.0891614989763,-9.1520642263173,0],[-59.0891599157334,-9.15179305737178,0],[-59.0894327885232,-9.15179148393668,0],[-59.0894343719725,-9.15206265283481,0],[-59.0897072449199,-9.15206107914717,0],[-59.0897024940994,-9.15124757258202,0],[-59.0894296217713,-9.15124914612747,0],[-59.0894264552151,-9.15070680830098,0],[-59.0899721989967,-9.15070366119456,0],[-59.0899674482909,-9.14989015470683,0],[-59.0902403194892,-9.14988858098818,0],[-59.0902371521839,-9.14934624340293,0],[-59.0905100229205,-9.14934466957401,0],[-59.0905068553982,-9.14880233206631,0],[-59.0910525958991,-9.14879918398293,0],[-59.0910494277472,-9.14825684664766,0],[-59.0913222975115,-9.14825527239323,0],[-59.0913207133027,-9.14798410376655,0],[-59.0915935828117,-9.1479825293545,0],[-59.0915919984455,-9.14771136077095,0],[-59.0918648676992,-9.14770978620129,0],[-59.091861698701,-9.14716744911612,0],[-59.0921345674932,-9.14716587443632,0],[-59.0921329828612,-9.14689470593471,0],[-59.0926787198859,-9.14689155605494,0],[-59.0926771348903,-9.14662038764394,0],[-59.0929500031229,-9.14661881244398,0],[-59.0929468328661,-9.14607647570396,0],[-59.0932197006371,-9.14607490039394,0],[-59.0932181153759,-9.14580373206493,0],[-59.0937638503583,-9.14580058092483,0],[-59.0937606791579,-9.1452582444438,0],[-59.0951250136932,-9.14525036348109,0],[-59.0951266003003,-9.14552153148623,0],[-59.094853733285,-9.14552310813627,0],[-59.0948569062337,-9.14606544422861,0],[-59.0945840387569,-9.14606702076869,0],[-59.0945856250985,-9.1463381888559,0],[-59.0943127573663,-9.14633976523848,0],[-59.0943159297841,-9.14688210149496,0],[-59.0940430615902,-9.14688367776753,0],[-59.0940446476664,-9.14715484593679,0],[-59.0948632527197,-9.14715011636149,0],[-59.0948648394638,-9.14742128438392,0],[-59.0951377079231,-9.14741970740123,0],[-59.0951392949225,-9.14769087537182,0],[-59.0956850321067,-9.14768772069627,0],[-59.0956834446946,-9.14741655282074,0],[-59.09622918127,-9.1474133974201,0],[-59.0962260057677,-9.14687106184627,0],[-59.0970446090247,-9.14686632749287,0],[-59.0970477857648,-9.14740866278136,0],[-59.0978663898179,-9.14740392629728,0],[-59.0978648008044,-9.14713275879792,0],[-59.0981376685175,-9.14713117960741,0],[-59.0981344902252,-9.14658884469093,0],[-59.0978616229247,-9.14659042378626,0],[-59.0978600340585,-9.14631925627395,0],[-59.0975871669151,-9.14632083511668,0],[-59.097588755575,-9.14659200267657,0],[-59.0970430207283,-9.14659515984215,0],[-59.097041432481,-9.14632399218711,0],[-59.0973142997226,-9.1463224137544,0],[-59.0973127113181,-9.14605124614261,0],[-59.0981313121294,-9.14604650975716,0],[-59.0981297231551,-9.1457753422838,0],[-59.0986754563712,-9.14577218376366,0],[-59.098677045758,-9.14604335114183,0],[-59.0989499124986,-9.14604177152665,0],[-59.0989530918322,-9.14658410617481,0],[-59.0994988259911,-9.14658094613898,0],[-59.0994972358872,-9.1463097789123,0],[-59.0997701026867,-9.14630819863448,0],[-59.0997669222136,-9.1457658642634,0],[-59.10031265484,-9.14576270328328,0],[-59.1003158361381,-9.14630503746382,0],[-59.1005887027901,-9.14630345657097,0],[-59.1005871119102,-9.14603228953051,0],[-59.1008599783067,-9.1460307084803,0],[-59.1008583872697,-9.14575954148316,0],[-59.1011312534107,-9.14575796027561,0],[-59.1011296622166,-9.14548679332181,0],[-59.1014025281022,-9.14548521195692,0],[-59.1014041195026,-9.14575637886306,0],[-59.1016769855453,-9.14575479724551,0],[-59.1016785772012,-9.14602596409966,0],[-59.1019514434009,-9.14602438222943,0],[-59.1019562192827,-9.14683788262293,0],[-59.101683352464,-9.14683946463618,0],[-59.101694496466,-9.14873763240351,0],[-59.1019673647289,-9.14873605005653,0],[-59.1019721420868,-9.14954955032041,0],[-59.1016992732049,-9.14955113281041,0],[-59.1017008655495,-9.14982229960406,0],[-59.1011551272253,-9.14982546406415,0],[-59.1011535352933,-9.14955429717516,0],[-59.1014264042737,-9.14955271509533,0],[-59.1014248121846,-9.14928154824968,0],[-59.1011519434106,-9.14928313028185,0],[-59.1011487597926,-9.14874079648227,0],[-59.1006030229225,-9.14874395974076,0],[-59.100606205715,-9.14928629373096,0],[-59.1003333367935,-9.1492878751479,0],[-59.100338110732,-9.15010137624373,0],[-59.1006109802727,-9.15009979468386,0],[-59.1006093887043,-9.14982862770388,0],[-59.1008822579894,-9.14982704598656,0],[-59.1008838497641,-9.15009821291889,0],[-59.1014295885995,-9.15009504877366,0],[-59.1014327731221,-9.1506373824347,0],[-59.1011599033163,-9.15063896470519,0],[-59.101161495445,-9.15091013157689,0],[-59.1008886253835,-9.15091171368993,0],[-59.1008870334612,-9.15064054677057,0],[-59.0995226834483,-9.15064845402084,0],[-59.0995258652782,-9.15119078833163,0],[-59.0992529947153,-9.1511923692616,0],[-59.0992545854976,-9.15146353645813,0],[-59.0989817146792,-9.15146511723059,0],[-59.0989833053042,-9.15173628447042,0],[-59.0987104342302,-9.15173786508536,0],[-59.0987183870601,-9.1530937014577,0],[-59.0981726427004,-9.15309686254816,0],[-59.0981710524491,-9.15282569518714,0],[-59.097898180402,-9.15282727537703,0],[-59.0979013605409,-9.15336961018994,0],[-59.0973556154737,-9.15337277014456,0],[-59.0973587949832,-9.1539151051305,0],[-59.097085921963,-9.1539166848952,0],[-59.0970906909761,-9.15473018748441,0],[-59.0968178172873,-9.15473176718662,0],[-59.0968225861228,-9.15554526987962,0],[-59.0970954604311,-9.1555436900347,0],[-59.0970986403132,-9.15608602504662,0],[-59.0973715149854,-9.15608444490135,0],[-59.0973731052066,-9.15635561235325,0],[-59.0976459800362,-9.15635403195515,0],[-59.0976475705131,-9.15662519935515,0],[-59.0979204455001,-9.15662361870423,0],[-59.0979156735972,-9.15581011663403,0],[-59.0981885479155,-9.15580853592063,0],[-59.0981837758352,-9.15499503395429,0],[-59.0984566494849,-9.15499345317846,0],[-59.0984518772272,-9.15417995131599,0],[-59.0989976231403,-9.15417678943435,0],[-59.098996032073,-9.15390562223342,0],[-59.0992689047494,-9.15390404103242,0],[-59.0992673135248,-9.1536328738748,0],[-59.0995401859456,-9.15363129251624,0],[-59.0995354119474,-9.15281779116027,0],[-59.0998082836997,-9.15281620973942,0],[-59.0998066922588,-9.15254504265975,0],[-59.1000795637554,-9.15254346108137,0],[-59.1000763806083,-9.15200112700432,0],[-59.100349251643,-9.15199954531607,0],[-59.1003460682797,-9.15145721131701,0],[-59.1006189388523,-9.15145562951891,0],[-59.100617347038,-9.15118446256055,0],[-59.1011630876229,-9.15118129844427,0],[-59.10116467985,-9.15145246530733,0],[-59.1014375502751,-9.15145088289385,0],[-59.1014391427577,-9.15172204970492,0],[-59.1011662721263,-9.15172363216607,0],[-59.1011742342456,-9.1530794663949,0],[-59.1014471059092,-9.15307788369543,0],[-59.1014486986871,-9.15334905048057,0],[-59.101175826817,-9.1533506332277,0],[-59.1011790121074,-9.15389296688032,0],[-59.1009061397752,-9.1538945495176,0],[-59.1009077322878,-9.15416571638509,0],[-59.1014534773159,-9.15416255081002,0],[-59.1014566633144,-9.15470488434138,0],[-59.101183790412,-9.15470646732684,0],[-59.1011869761944,-9.15524880093622,0],[-59.1009141028298,-9.1552503838118,0],[-59.1009156955882,-9.15552155065767,0],[-59.1014614426812,-9.15551838460598,0],[-59.1014598495098,-9.15524721785544,0],[-59.101732722776,-9.15524563456944,0],[-59.1017295361677,-9.15470330115072,0],[-59.1020024089717,-9.15470171775486,0],[-59.1019992221472,-9.15415938441421,0],[-59.1022720944891,-9.15415780090851,0],[-59.1022673140021,-9.15334430100815,0],[-59.1019944422796,-9.15334588437079,0],[-59.1019896628549,-9.15253238428846,0],[-59.1022625339581,-9.15253080106887,0],[-59.1022641272569,-9.15280196771961,0],[-59.1025369985172,-9.15280038424718,0],[-59.102535405012,-9.15252921764412,0],[-59.1028082760167,-9.15252763401422,0],[-59.1028066823542,-9.15225646745454,0],[-59.1022609407085,-9.15225963441379,0],[-59.1022593475081,-9.1519884677544,0],[-59.1019864768178,-9.15199005087863,0],[-59.1019848838731,-9.15171888416723,0],[-59.102257754357,-9.15171730109068,0],[-59.1022545682023,-9.15117496775027,0],[-59.1019816981313,-9.15117655073145,0],[-59.1019769198876,-9.15036305054538,0],[-59.1022497893395,-9.15036146770724,0],[-59.102227493836,-9.14656513365883,0],[-59.1025003603499,-9.14656355128323,0],[-59.1024987679768,-9.14629238458076,0],[-59.1027716342352,-9.14629080204784,0],[-59.1027732268146,-9.14656196870261,0],[-59.1030460932301,-9.14656038591698,0],[-59.1030476860651,-9.14683155251972,0],[-59.1033205526376,-9.14682996948137,0],[-59.1033221457281,-9.14710113603209,0],[-59.1035950124577,-9.147099552741,0],[-59.1035934191609,-9.146828386238,0],[-59.103866285635,-9.1468268027896,0],[-59.1038615054212,-9.1460133033978,0],[-59.1041343712271,-9.14601171988755,0],[-59.1041311842516,-9.14546938703353,0],[-59.1123171231207,-9.14542178927038,0],[-59.1123187227718,-9.14569295426494,0],[-59.1120458586526,-9.14569454387726,0],[-59.1120474581469,-9.14596570891541,0],[-59.1112288648739,-9.1459704766661,0],[-59.1112304637988,-9.14624164184362,0],[-59.1109575990694,-9.14624323073174,0],[-59.1109560003507,-9.14597206550633,0],[-59.1101374064847,-9.14597683079705,0],[-59.1101390045845,-9.14624799616607,0],[-59.1087746794551,-9.14625593445654,0],[-59.1087762765729,-9.14652710006049,0],[-59.1085034111926,-9.1465286871514,0],[-59.1085050081535,-9.14679985279886,0],[-59.1082321425175,-9.14680143973258,0],[-59.1082337393214,-9.14707260542353,0],[-59.1079608734299,-9.14707419220005,0],[-59.1079640667731,-9.14761652366463,0],[-59.1082369330773,-9.14761493679247,0],[-59.1082401270306,-9.14815726814413,0],[-59.109058726885,-9.14815250601046,0],[-59.1090619222737,-9.14869483705784,0],[-59.1093347892057,-9.14869324917417,0],[-59.1093315934044,-9.14815091822247,0],[-59.1096044598744,-9.14814933022944,0],[-59.1096012638579,-9.14760699935615,0],[-59.1104198617336,-9.14760223443393,0],[-59.1104182631805,-9.14733106913438,0],[-59.1112368599927,-9.14732630251048,0],[-59.1112352608701,-9.14705513735025,0],[-59.1117809914185,-9.14705195867164,0],[-59.1117793919328,-9.14678079360287,0],[-59.1123251218708,-9.14677761419999,0],[-59.1123235220219,-9.14650644922271,0],[-59.1134149804795,-9.14650008814846,0],[-59.1134117792797,-9.14595775856434,0],[-59.1125931867484,-9.14596252938997,0],[-59.1125899869842,-9.14542019950099,0],[-59.1136814419435,-9.14541383837361,0],[-59.113683042626,-9.14568500312853,0],[-59.1139559064484,-9.14568341228628,0],[-59.1139575073866,-9.14595457698894,0],[-59.1142303713658,-9.14595298589374,0],[-59.1142287702213,-9.14568182123904,0],[-59.1169574052275,-9.14566589949226,0],[-59.1169590084346,-9.1459370636671,0],[-59.1177775985892,-9.14593228300172,0],[-59.1177759947633,-9.14566111897097,0],[-59.1390591655819,-9.14553617787832,0],[-59.1390607854962,-9.14580733814344,0],[-59.1641636397902,-9.14565836435662,0],[-59.1641652787295,-9.14592952012757,0],[-59.1783536699225,-9.14584454760409,0],[-59.1783553196372,-9.14611570080985,0],[-59.1786281721718,-9.14611406124196,0],[-59.1786265222509,-9.14584290808561,0],[-59.1797179310545,-9.1458363479621,0],[-59.1797195818004,-9.14610750092074,0],[-59.1808109906125,-9.1461009373201,0],[-59.1808126422344,-9.1463720900766,0],[-59.1813583467467,-9.14636880694756,0],[-59.1813599988321,-9.14663995960078,0],[-59.1819057035527,-9.1466366755529,0],[-59.1819073561017,-9.14690782810281,0],[-59.1840901745905,-9.1468946833162,0],[-59.1840885203914,-9.14662353116239,0],[-59.1843613722663,-9.1466218871912,0],[-59.1843597179121,-9.14635073508259,0],[-59.1846325695296,-9.14634909095597,0],[-59.1846309150203,-9.14607793889256,0],[-59.1868137244687,-9.14606477889739,0],[-59.1868153806279,-9.1463359305642,0],[-59.1876339339453,-9.14633099203535,0],[-59.1876372476547,-9.14687329505828,0],[-59.1870915446693,-9.14687658781426,0],[-59.1870932011883,-9.14714773941843,0],[-59.1868203494125,-9.14714938553856,0],[-59.1868236621916,-9.14769168883309,0],[-59.1865508099521,-9.14769333484742,0],[-59.1865590917641,-9.14904909325572,0],[-59.1871047982548,-9.14904580052606,0],[-59.1871064551834,-9.14931695209548,0],[-59.1873793085582,-9.1493153053735,0],[-59.1873809657443,-9.14958645688898,0],[-59.1895637925498,-9.14957327533484,0],[-59.1895654514376,-9.14984442644887,0],[-59.1906568644357,-9.14983783055219,0],[-59.1906585242002,-9.15010898146318,0],[-59.1912042308042,-9.15010568218519,0],[-59.1912058910326,-9.15037683299245,0],[-59.1917515978441,-9.15037353279486,0],[-59.1917499372031,-9.15010238208701,0],[-59.1920227903256,-9.15010073173035,0],[-59.1920194687848,-9.14955843040105,0],[-59.1922923214433,-9.14955677993878,0],[-59.1922856781523,-9.14847217742692,0],[-59.1925585299343,-9.14847052695852,0],[-59.192553547386,-9.14765707517818,0],[-59.1922806962229,-9.1476587254974,0],[-59.1922757147553,-9.14684527352878,0],[-59.1920028641596,-9.14684692349385,0],[-59.1919995438503,-9.14630462206028,0],[-59.1971836885499,-9.14627323956511,0],[-59.1971853525974,-9.14654438933833,0],[-59.2031880277991,-9.14650795817835,0],[-59.2031896964354,-9.14677910684937,0],[-59.2091923512138,-9.14674257538768,0],[-59.2091940244391,-9.14701372295352,0],[-59.2151966587263,-9.14697709118612,0],[-59.2151983365407,-9.14724823764378,0],[-59.2212009502688,-9.14721150556669,0],[-59.2212026326725,-9.14748265091318,0],[-59.2274780703156,-9.14744414196568,0],[-59.2274797575151,-9.14771528614749,0],[-59.2334823287728,-9.14767834892967,0],[-59.233484020562,-9.14794949199419,0],[-59.2394865710537,-9.14791245445469,0],[-59.2394882674329,-9.14818359639893,0],[-59.2454907970908,-9.1481464585338,0],[-59.2454924980601,-9.14841759935476,0],[-59.2509493252551,-9.14838375055002,0],[-59.2509544408542,-9.14919716992736,0],[-59.2525914886181,-9.14918699837841,0],[-59.2525880756908,-9.14864471941072,0],[-59.2536794381622,-9.14863793468701,0],[-59.2536504227738,-9.14402856623225,0],[-59.2533775857406,-9.14403026185179,0],[-59.2532412638574,-9.12233909518943,0],[-59.2529684432431,-9.12234078651611,0],[-59.2528324752425,-9.10064958793059,0],[-59.2525596710064,-9.10065127496588,0],[-59.2524697888337,-9.08628083789812,0],[-59.253015375527,-9.08627746903877,0],[-59.2530170704567,-9.08654860937133,0],[-59.2535626573488,-9.08654523959554,0],[-59.2535660481855,-9.08708752004329,0],[-59.2532932543562,-9.08708920513517,0],[-59.253296644994,-9.08763148566779,0],[-59.2530238507024,-9.08763317065827,0],[-59.2530306317912,-9.08871773187589,0],[-59.2533034269023,-9.08871604668102,0],[-59.253298340392,-9.0879026259276,0],[-59.2535711348358,-9.08790094068242,0],[-59.2535677436829,-9.08735866026066,0],[-59.2538405376643,-9.0873569749141,0],[-59.2538320596804,-9.08600127403942,0],[-59.253559266723,-9.08600295913046,0],[-59.2535575714892,-9.08573181889141,0],[-59.2532847786839,-9.0857335037278,0],[-59.2532830837075,-9.08546236343333,0],[-59.2527374983483,-9.08546573239327,0],[-59.2527391929151,-9.08573687278992,0],[-59.2524663999517,-9.08573855701565,0],[-59.2521403640564,-9.03340837048706,0],[-59.2524131176155,-9.03340669611853,0],[-59.2523356896945,-9.02093419506225,0],[-59.2520629454922,-9.0209358670818,0],[-59.2519386363068,-9.00087138598581,0],[-59.2524840946111,-9.00086804930205,0],[-59.2524857729495,-9.00113919099316,0],[-59.2533039606195,-9.00113418430215,0],[-59.2533022816728,-9.00086304276426,0],[-59.2530295527049,-9.00086471181181,0],[-59.2530278740136,-9.00059357021855,0],[-59.2535733314912,-9.00059023202401,0],[-59.253575010588,-9.0008613735151,0],[-59.2552113829733,-9.00085135378619,0],[-59.2552097026597,-9.00058021260176,0],[-59.2573915279327,-9.00056684208198,0],[-59.2573932098686,-9.00083798285719,0],[-59.2587568499638,-9.0008296194741,0],[-59.2587585329664,-9.00110075998903,0],[-59.2598494449036,-9.00109406544864,0],[-59.2598477610899,-9.00082292513859,0],[-59.260938671371,-9.00081622757729,0],[-59.260936986799,-9.00054508746792,0],[-59.3288444206456,-9.0001218272583,0],[-59.328846155704,-9.0003929544131,0],[-59.3343004270296,-9.00035841432196,0],[-59.3343021661972,-9.00062954041532,0],[-59.3334840262799,-9.00063472672754,0],[-59.3334857648937,-9.00090585297531,0],[-59.3348493321636,-9.00089720784921,0],[-59.3348458529629,-9.00035495587849,0],[-59.3356639914537,-9.0003497667016,0],[-59.3356674718708,-9.00089201835468,0],[-59.3397581630351,-9.00086604366998,0],[-59.339754676536,-9.00032379360676,0],[-59.3419363702177,-9.00030992274629,0],[-59.3419398599605,-9.00085217196046,0],[-59.3430307071101,-9.00084523126809,0],[-59.3430289614003,-9.00057410687557,0],[-59.3433016728481,-9.00057237125168,0],[-59.3432999269904,-9.00030124690796,0],[-59.3438453493162,-9.00029777516175,0],[-59.3438470955794,-9.00056889939922,0],[-59.3435743842411,-9.00057063542623,0],[-59.3435761303563,-9.0008417597125,0],[-59.344394264815,-9.00083655086738,0],[-59.3443925180916,-9.00056542674052,0],[-59.3446652292655,-9.00056369010883,0],[-59.3446634823942,-9.0002925660308,0],[-59.3468451681908,-9.00027866614659,0],[-59.346846916684,-9.00054978979921,0],[-59.3463014951583,-9.00055326608596,0],[-59.3463032433008,-9.00082438984065,0],[-59.3471213761153,-9.00081917494859,0]],[[-59.3449379403847,-9.00056195327558,0],[-59.3446652292655,-9.00056369010883,0],[-59.3446669761916,-9.00083481418254,0],[-59.3449396875135,-9.00083307729614,0],[-59.3449379403847,-9.00056195327558,0]],[[-59.2573948918572,-9.00110912362809,0],[-59.2573932098686,-9.00083798285719,0],[-59.2571204816912,-9.00083965492896,0],[-59.257122163477,-9.00111079575104,0],[-59.2573948918572,-9.00110912362809,0]],[[-59.2535762219606,-9.08871436128255,0],[-59.2533034269023,-9.08871604668102,0],[-59.2533068181726,-9.08925832716164,0],[-59.2530340226519,-9.08926001245869,0],[-59.2530357181613,-9.08953115274359,0],[-59.2535813095598,-9.08952778184367,0],[-59.2535762219606,-9.08871436128255,0]],[[-59.2543996962621,-9.08952272396652,0],[-59.2535813095598,-9.08952778184367,0],[-59.2535830055316,-9.08979892202204,0],[-59.2544013928486,-9.08979386399155,0],[-59.2543996962621,-9.08952272396652,0]],[[-59.2543979997284,-9.08925158393715,0],[-59.2543996962621,-9.08952272396652,0],[-59.2546724917241,-9.0895210376002,0],[-59.2546707949855,-9.08924989762195,0],[-59.2543979997284,-9.08925158393715,0]],[[-59.2546674016666,-9.08870761765246,0],[-59.2546707949855,-9.08924989762195,0],[-59.2549435901899,-9.08924821110313,0],[-59.2549418932992,-9.08897707117169,0],[-59.255214688246,-9.08897538450037,0],[-59.2552129912032,-9.08870424461573,0],[-59.2554857858923,-9.08870255779194,0],[-59.2554840886974,-9.0884314179541,0],[-59.254938499676,-9.08843479129579,0],[-59.2549401964613,-9.0887059312359,0],[-59.2546674016666,-9.08870761765246,0]],[[-59.2554823915553,-9.08816027811193,0],[-59.2554840886974,-9.0884314179541,0],[-59.255756883129,-9.08842973097785,0],[-59.255755185782,-9.08815859118683,0],[-59.2554823915553,-9.08816027811193,0]],[[-59.1139591083743,-9.14622574168727,0],[-59.1139575073866,-9.14595457698894,0],[-59.1136846433579,-9.14595616787914,0],[-59.1136862441393,-9.14622733262541,0],[-59.1139591083743,-9.14622574168727,0]],[[-59.1009172883959,-9.15579271749921,0],[-59.1009156955882,-9.15552155065767,0],[-59.1006428219679,-9.15552313337568,0],[-59.1006444145691,-9.15579430026487,0],[-59.1009172883959,-9.15579271749921,0]],[[-59.1006475999189,-9.15633663403029,0],[-59.1006444145691,-9.15579430026487,0],[-59.1003715406931,-9.15579588282531,0],[-59.1003699482985,-9.15552471588847,0],[-59.1000970745798,-9.15552629819604,0],[-59.1000986667679,-9.15579746518052,0],[-59.0998257927936,-9.1557990473305,0],[-59.0998226088795,-9.15525671326195,0],[-59.0995497352691,-9.15525829511145,0],[-59.099551326995,-9.15552946219552,0],[-59.0992784531289,-9.15553104388743,0],[-59.0992800446975,-9.15580221101479,0],[-59.0995529187701,-9.15580062927526,0],[-59.0995561024678,-9.15634296342178,0],[-59.0992832279821,-9.15634454525655,0],[-59.0992848196982,-9.15661571237095,0],[-59.0990119449568,-9.1566172940481,0],[-59.0990151281233,-9.15715962835915,0],[-59.098469377667,-9.15716279128814,0],[-59.0984709689109,-9.15743395853239,0],[-59.097925217845,-9.15743712073553,0],[-59.0979283996538,-9.15797945540143,0],[-59.0976555236341,-9.15798103629028,0],[-59.0976571144056,-9.15825220366433,0],[-59.0968384854321,-9.15825694524191,0],[-59.0968432561821,-9.15907044776628,0],[-59.0971161331755,-9.15906886730301,0],[-59.0971145426698,-9.15879769984678,0],[-59.0976602960961,-9.15879453839946,0],[-59.0976587052263,-9.15852337103406,0],[-59.0979315816592,-9.15852179005005,0],[-59.097929990632,-9.15825062272791,0],[-59.0982028668092,-9.15824904158619,0],[-59.0982012756245,-9.15797787430731,0],[-59.0987470274183,-9.15797471150324,0],[-59.0987454358697,-9.15770354431524,0],[-59.0992911870539,-9.15770038078529,0],[-59.0992880032777,-9.15715804658677,0],[-59.0998337534391,-9.15715488242623,0],[-59.0998305690334,-9.15661254840091,0],[-59.100376318172,-9.15660938360989,0],[-59.1003747256299,-9.15633821668602,0],[-59.1006475999189,-9.15633663403029,0]],[[-59.0968464369277,-9.1596127827609,0],[-59.0968432561821,-9.15907044776628,0],[-59.0962975020481,-9.15907360807693,0],[-59.0962990919832,-9.15934477567152,0],[-59.0960262146359,-9.15934635556643,0],[-59.0960278044134,-9.15961752320425,0],[-59.0954820491586,-9.15962068247322,0],[-59.0954836385719,-9.15989185020179,0],[-59.0952107606643,-9.15989342957584,0],[-59.0952123499201,-9.16016459734761,0],[-59.0949394717568,-9.16016617656386,0],[-59.0949410608551,-9.16043734437883,0],[-59.0946681824361,-9.16043892343727,0],[-59.0946697713768,-9.16071009129543,0],[-59.0952155285789,-9.16070693287818,0],[-59.095213939225,-9.16043576511506,0],[-59.0957596958177,-9.16043260597151,0],[-59.0957581060995,-9.16016143829913,0],[-59.0963038620827,-9.16015827842934,0],[-59.0963022720005,-9.15988711084772,0],[-59.0965751497118,-9.15988553065239,0],[-59.096573559472,-9.159614363114,0],[-59.0968464369277,-9.1596127827609,0]],[[-59.0946713603665,-9.16098125914927,0],[-59.0946697713768,-9.16071009129543,0],[-59.0943968927021,-9.16071167019605,0],[-59.0943984814852,-9.1609828380974,0],[-59.0946713603665,-9.16098125914927,0]],[[-59.0965656090094,-9.1582585253572,0],[-59.0968384854321,-9.15825694524191,0],[-59.0968353051775,-9.15771461020405,0],[-59.0965624291679,-9.15771619022422,0],[-59.0965656090094,-9.1582585253572,0]],[[-59.0960166770015,-9.15771934964874,0],[-59.0965624291679,-9.15771619022422,0],[-59.0965608393208,-9.15744502265123,0],[-59.0960150875675,-9.15744818198066,0],[-59.0960166770015,-9.15771934964874,0]],[[-59.0970795639662,-9.15283201471575,0],[-59.097898180402,-9.15282727537703,0],[-59.0978965904062,-9.1525561079641,0],[-59.0970779745897,-9.15256084716008,0],[-59.0970795639662,-9.15283201471575,0]],[[-59.0981694622468,-9.15255452782179,0],[-59.0981710524491,-9.15282569518714,0],[-59.098443924447,-9.15282411479209,0],[-59.0984423340383,-9.15255294747434,0],[-59.0981694622468,-9.15255452782179,0]],[[-59.1003397021432,-9.15037254326703,0],[-59.100338110732,-9.15010137624373,0],[-59.1000652411422,-9.15010295759851,0],[-59.100066832347,-9.15037412466945,0],[-59.1003397021432,-9.15037254326703,0]],[[-59.0850668180205,-9.15181663428126,0],[-59.0850683981669,-9.15208780393692,0],[-59.0856141455766,-9.15208466292125,0],[-59.0856125650173,-9.15181349336019,0],[-59.0850668180205,-9.15181663428126,0]],[[-59.0847939444489,-9.15181820443408,0],[-59.0850668180205,-9.15181663428126,0],[-59.0850652379228,-9.15154546462127,0],[-59.0853381112392,-9.15154389431061,0],[-59.0853365309839,-9.15127272469361,0],[-59.085063657874,-9.15127429495697,0],[-59.0850620778739,-9.15100312528836,0],[-59.0847892049216,-9.1510046952993,0],[-59.0847907847152,-9.1512758650152,0],[-59.0845179115076,-9.15127743486831,0],[-59.0845194911436,-9.15154860462719,0],[-59.0847923645576,-9.1515470347268,0],[-59.0847939444489,-9.15181820443408,0]],[[-59.0845384505823,-9.15480264139691,0],[-59.084265574642,-9.15480421165953,0],[-59.0842671547059,-9.15507538140955,0],[-59.0845400308527,-9.15507381109965,0],[-59.0845384505823,-9.15480264139691,0]],[[-59.0901339850361,-9.17836285862581,0],[-59.0901371624012,-9.17890519538026,0],[-59.0904100557184,-9.1789036165883,0],[-59.0904084668043,-9.17863244826066,0],[-59.0906813598655,-9.17863086931037,0],[-59.0906750038705,-9.17754619614619,0],[-59.0909478960546,-9.17754461717986,0],[-59.0909399511274,-9.17618877586432,0],[-59.0912128422274,-9.17618719692945,0],[-59.0912080752377,-9.17537369223045,0],[-59.0914809656678,-9.17537211323221,0],[-59.0914777875056,-9.17482977683944,0],[-59.0917506774728,-9.17482819773042,0],[-59.0917459099759,-9.17401469325113,0],[-59.0920187992732,-9.1740131140788,0],[-59.0920172099986,-9.17374194595783,0],[-59.09229009904,-9.17374036662732,0],[-59.0922885096075,-9.17346919854947,0],[-59.092561398393,-9.17346761906079,0],[-59.0925598088025,-9.17319645102608,0],[-59.0931055858126,-9.17319329152675,0],[-59.0931039958573,-9.17292212358267,0],[-59.0933768840819,-9.17292054357205,0],[-59.0933752939687,-9.17264937567112,0],[-59.0928295178843,-9.17265253539177,0],[-59.0928311075836,-9.17292370338767,0],[-59.092558219261,-9.17292528298705,0],[-59.0925566297685,-9.17265411494368,0],[-59.0920108533901,-9.17265727343065,0],[-59.0919997312111,-9.17075909634139,0],[-59.0922726179766,-9.17075751753292,0],[-59.0922614967501,-9.16885934056376,0],[-59.0925343820187,-9.16885776188198,0],[-59.0925280272827,-9.1677730894228,0],[-59.092800911675,-9.16777151072538,0],[-59.0927961455171,-9.16695800647797,0],[-59.0925232617451,-9.16695958503298,0],[-59.0925248502086,-9.16723075316725,0],[-59.0922519661809,-9.16723233156424,0],[-59.0922583196977,-9.1683170042479,0],[-59.0919854347938,-9.16831858262923,0],[-59.0919917882672,-9.16940325543347,0],[-59.091718902487,-9.1694048337991,0],[-59.0917300215034,-9.17130301137204,0],[-59.0914571342262,-9.17130458986425,0],[-59.0914650768157,-9.17266043109515,0],[-59.0917379651274,-9.17265885236571,0],[-59.0917427318895,-9.17347235690995,0],[-59.0914698429571,-9.17347393578174,0],[-59.0914714317688,-9.17374510400194,0],[-59.0911985425805,-9.17374668271553,0],[-59.0912033086887,-9.17456018749248,0],[-59.0909304188305,-9.17456176614274,0],[-59.090933596067,-9.17510410273392,0],[-59.0906607057459,-9.17510568127338,0],[-59.0906702373884,-9.17673269122756,0],[-59.0903973457764,-9.17673426984588,0],[-59.0904068779392,-9.17836127992869,0],[-59.0901339850361,-9.17836285862581,0]],[[-59.0847522285928,-9.19141051214347,0],[-59.0847538154533,-9.1916816812619,0],[-59.0852996234725,-9.19167852725655,0],[-59.0852964489707,-9.19113618920455,0],[-59.0855693524923,-9.19113461198742,0],[-59.0855661777713,-9.19059227401269,0],[-59.0852932746644,-9.1905938511352,0],[-59.0852916875844,-9.19032268209402,0],[-59.085564590484,-9.19032110501882,0],[-59.0855598289153,-9.18950759801119,0],[-59.0852869266377,-9.18950917494447,0],[-59.0852885135711,-9.18978034399866,0],[-59.0850156110373,-9.18978192077323,0],[-59.0850251324194,-9.19140893529112,0],[-59.0847522285928,-9.19141051214347,0]],[[-59.2340755452228,-9.28542016891222,0],[-59.2340772633858,-9.28569130979855,0],[-59.2343502127917,-9.28568960289,0],[-59.2343484944193,-9.28541846205437,0],[-59.2340755452228,-9.28542016891222,0]],[[-59.2414451551232,-9.28537401070452,0],[-59.2414468789424,-9.28564515022003,0],[-59.2425386705849,-9.28563829886105,0],[-59.2425369459278,-9.285367159549,0],[-59.2419910506306,-9.28537058554297,0],[-59.2419893264451,-9.28509944612475,0],[-59.2414434313566,-9.28510287118459,0],[-59.2414417076426,-9.28483173166023,0],[-59.241168760229,-9.28483344382715,0],[-59.2411722072907,-9.28537572297314,0],[-59.2414451551232,-9.28537401070452,0]],[[-59.3023943473357,-9.00083046229465,0],[-59.3015761884059,-9.00083557785304,0],[-59.3015779032976,-9.00110671024782,0],[-59.3048505385441,-9.00108623650194,0],[-59.3048488212192,-9.00081510473373,0],[-59.3051215402703,-9.00081339733014,0],[-59.3051198227965,-9.00054226560988,0],[-59.3023926318894,-9.00055933005213,0],[-59.3023943473357,-9.00083046229465,0]],[[-59.3004835950528,-9.00057126316754,0],[-59.2988472756675,-9.00058148369041,0],[-59.2988489884779,-9.00085261661097,0],[-59.2991217087126,-9.00085091364233,0],[-59.2991234217794,-9.00112204650646,0],[-59.3004870231604,-9.00111352837874,0],[-59.3004835950528,-9.00057126316754,0]],[[-59.2961217831778,-9.00086963520976,0],[-59.2963945039494,-9.00086793425705,0],[-59.2963962149886,-9.00113906764209,0],[-59.2966689359093,-9.00113736643573,0],[-59.2966672246673,-9.00086623310274,0],[-59.2969399453315,-9.00086453174684,0],[-59.2969382339405,-9.00059339846162,0],[-59.2958473517726,-9.00060020246742,0],[-59.2958490623526,-9.00087133596088,0],[-59.2955763414737,-9.00087303651041,0],[-59.2955780519046,-9.00114417005161,0],[-59.2961234940143,-9.00114076864687,0],[-59.2961217831778,-9.00086963520976,0]],[[-59.2944837478555,-9.00060870293895,0],[-59.2942110269113,-9.00061040242849,0],[-59.2942127362747,-9.00088153623413,0],[-59.293940015074,-9.0008832355741,0],[-59.2939417242883,-9.00115436942744,0],[-59.2953053307693,-9.00114587045158,0],[-59.2953019103667,-9.0006036032608,0],[-59.2947564687462,-9.00060700324782,0],[-59.2947581785152,-9.00087813694942,0],[-59.2944854574218,-9.00087983669258,0],[-59.2944837478555,-9.00060870293895,0]],[[-59.2860310769614,-9.00093242873849,0],[-59.2857583541553,-9.00093412203052,0],[-59.2857600572864,-9.00120525744124,0],[-59.2901236190144,-9.00117813974683,0],[-59.2901219126389,-9.00090700516602,0],[-59.2873946901905,-9.00092395925431,0],[-59.2873929858963,-9.00065282415032,0],[-59.2868475411705,-9.00065621244509,0],[-59.2868492450592,-9.00092734765278,0],[-59.2865765224134,-9.00092904154962,0],[-59.2865748187274,-9.00065790629009,0],[-59.286029373681,-9.0006612933753,0],[-59.2860310769614,-9.00093242873849,0]],[[-59.2794857148846,-9.00097301210523,0],[-59.2811220582838,-9.0009628771501,0],[-59.2811203586532,-9.00069174085504,0],[-59.2794840164706,-9.00070187549999,0],[-59.2794857148846,-9.00097301210523,0]],[[-59.282487377015,-9.00122556184217,0],[-59.2833055478034,-9.00122048846364,0],[-59.2833072491629,-9.00149162433618,0],[-59.2838526964939,-9.00148824097225,0],[-59.2838509947289,-9.00121710520325,0],[-59.2841237181115,-9.00121541327064,0],[-59.2841220161971,-9.00094427754912,0],[-59.2824856763173,-9.00095442581006,0],[-59.282487377015,-9.00122556184217,0]],[[-59.2904202388835,-9.00497232612975,0],[-59.2912384135408,-9.00496723303026,0],[-59.2912367056046,-9.00469609871744,0],[-59.2915094301804,-9.00469440066618,0],[-59.2915111383195,-9.00496553492705,0],[-59.2917838630446,-9.00496383662216,0],[-59.2917804464144,-9.00442156820001,0],[-59.2909622732954,-9.00442666219795,0],[-59.2909639809752,-9.00469779656702,0],[-59.2904185315559,-9.00470119166113,0],[-59.2904202388835,-9.00497232612975,0]],[[-59.2887804759563,-9.00444023731865,0],[-59.2882350260865,-9.00444362908205,0],[-59.2882367317377,-9.00471476397019,0],[-59.2879640065198,-9.00471645960124,0],[-59.287967417577,-9.00525872946835,0],[-59.2887855942876,-9.00525364165886,0],[-59.2887804759563,-9.00444023731865,0]],[[-59.3021490789588,-9.00517028381218,0],[-59.3013309101326,-9.0051754012705,0],[-59.3013326256821,-9.00544653364854,0],[-59.3016053488809,-9.00544482797861,0],[-59.301607064687,-9.00571596030017,0],[-59.3021525113288,-9.00571254825087,0],[-59.3021490789588,-9.00517028381218,0]],[[-59.3209720186011,-9.00586546709294,0],[-59.3212447383165,-9.00586374679627,0],[-59.3212464688375,-9.00613487533633,0],[-59.3215191887015,-9.00613315478534,0],[-59.3215174579777,-9.00586202629791,0],[-59.3217901775846,-9.00586030559786,0],[-59.321786715894,-9.00531804871533,0],[-59.3215139966928,-9.00531976931011,0],[-59.3215157273081,-9.00559089780617,0],[-59.3209702883373,-9.00559433849594,0],[-59.3209720186011,-9.00586546709294,0]],[[-59.3136102906432,-9.00618296887341,0],[-59.3133375692086,-9.00618468357505,0],[-59.313341018646,-9.00672694368918,0],[-59.3136137404864,-9.00672522888265,0],[-59.3136120155378,-9.00645409888019,0],[-59.3141574586506,-9.00645066876689,0],[-59.314154008104,-9.00590840895885,0],[-59.3136085658027,-9.00591183886232,0],[-59.3136102906432,-9.00618296887341,0]],[[-59.3018986676846,-9.0086967090551,0],[-59.3024441186828,-9.00869329545418,0],[-59.302437250979,-9.00760876695796,0],[-59.3018918016042,-9.00761218014135,0],[-59.3018986676846,-9.0086967090551,0]],[[-59.28935152817,-9.00850386450524,0],[-59.2888060724271,-9.00850725863221,0],[-59.2888077792864,-9.008778393352,0],[-59.2885350511318,-9.00878009016471,0],[-59.2885367578416,-9.00905122493209,0],[-59.2893549427539,-9.00904613373293,0],[-59.28935152817,-9.00850386450524,0]],[[-59.2711125280221,-9.01403988916774,0],[-59.2697488501139,-9.01404831052379,0],[-59.2697505438271,-9.0143194487747,0],[-59.2705687513405,-9.01431439641239,0],[-59.2705704457161,-9.01458553450459,0],[-59.2711159175325,-9.01458216515051,0],[-59.2711125280221,-9.01403988916774,0]],[[-59.30002733506,-9.01467356612881,0],[-59.3008455260053,-9.01466844621982,0],[-59.300842092115,-9.01412618154386,0],[-59.3000239023882,-9.01413130113993,0],[-59.30002733506,-9.01467356612881,0]],[[-59.2970255833272,-9.01442119051619,0],[-59.2967528525168,-9.01442289447567,0],[-59.2967545664426,-9.01469402759324,0],[-59.297572759322,-9.01468891495287,0],[-59.297571044787,-9.01441778199154,0],[-59.297298314084,-9.01441948635481,0],[-59.2972965998057,-9.01414835333708,0],[-59.2970238692521,-9.01415005744638,0],[-59.2970255833272,-9.01442119051619,0]],[[-59.2978454901745,-9.0146872103356,0],[-59.297572759322,-9.01468891495287,0],[-59.2975744739108,-9.01496004790989,0],[-59.2978472049663,-9.01495834324053,0],[-59.2978454901745,-9.0146872103356,0]],[[-59.3082075002575,-9.014351154343,0],[-59.3079347716534,-9.01435286658027,0],[-59.3079364939055,-9.01462399755777,0],[-59.3076637650445,-9.01462570964546,0],[-59.3076654871475,-9.01489684067097,0],[-59.3093018607231,-9.01488656480231,0],[-59.3092984141341,-9.01434430337501,0],[-59.3090256857459,-9.01434601641985,0],[-59.3090274088104,-9.01461714718801,0],[-59.3082092227127,-9.01462228526818,0],[-59.3082075002575,-9.014351154343,0]],[[-59.3117546922938,-9.0146000071307,0],[-59.3109365078158,-9.01460515126782,0],[-59.3109382323558,-9.01487628166508,0],[-59.3112109607722,-9.01487456710221,0],[-59.3112126855693,-9.01514569744276,0],[-59.3117581426463,-9.0151422676065,0],[-59.3117546922938,-9.0146000071307,0]],[[-59.3821291639804,-9.01604862972541,0],[-59.3810383021426,-9.01605569801498,0],[-59.3810400792577,-9.01632681471362,0],[-59.381585510694,-9.01632328086465,0],[-59.3815872882709,-9.01659439745099,0],[-59.3821327198908,-9.01659086268644,0],[-59.3821291639804,-9.01604862972541,0]],[[-59.2584711358647,-9.04258856983316,0],[-59.2576528577357,-9.04259361090932,0],[-59.2576562380188,-9.04313589112118,0],[-59.2582017576393,-9.04313253040152,0],[-59.2582000670638,-9.04286139040014,0],[-59.2584728265911,-9.04285970978765,0],[-59.2584711358647,-9.04258856983316,0]],[[-59.2544151926082,-9.04830771123748,0],[-59.2546879569509,-9.0483060324386,0],[-59.2546896459316,-9.04857717301879,0],[-59.2552351748665,-9.04857381471069,0],[-59.2552301068591,-9.04776039326393,0],[-59.2549573430297,-9.04776207236594,0],[-59.2549556540032,-9.04749093182392,0],[-59.254410126594,-9.04749428931763,0],[-59.2544151926082,-9.04830771123748,0]],[[-59.280917527203,-9.05519344935948,0],[-59.2820085848926,-9.05518664892562,0],[-59.2820068741884,-9.05491551359669,0],[-59.2817341100501,-9.05491721395768,0],[-59.2817323996033,-9.05464607857269,0],[-59.2814596356156,-9.05464777867911,0],[-59.2814579254262,-9.05437664323806,0],[-59.280912397699,-9.05438004273898,0],[-59.280917527203,-9.05519344935948,0]],[[-59.2858375625674,-9.05678962938237,0],[-59.2855647977482,-9.05679133294575,0],[-59.2855630840708,-9.05652019831596,0],[-59.2852903194023,-9.05652190162465,0],[-59.2852886059824,-9.05625076693872,0],[-59.2850158414645,-9.05625246999273,0],[-59.2850141283021,-9.05598133525065,0],[-59.2847413639349,-9.05598303804999,0],[-59.2847430768932,-9.05625417284388,0],[-59.2844703122685,-9.05625587549217,0],[-59.2844737379373,-9.05679814517056,0],[-59.2852920328757,-9.05679303630626,0],[-59.2852937464024,-9.05706417098355,0],[-59.2855665114791,-9.05706246757122,0],[-59.2855716529924,-9.05787587142163,0],[-59.28611718421,-9.05787246367737,0],[-59.2861188985628,-9.05814359818185,0],[-59.2858461327766,-9.05814530220727,0],[-59.2858547043222,-9.05950097492395,0],[-59.286127471129,-9.05949927063938,0],[-59.2861291858027,-9.05977040511789,0],[-59.2864019527602,-9.05976870057854,0],[-59.286386520785,-9.0573284905826,0],[-59.2858409904907,-9.05733189852532,0],[-59.2858375625674,-9.05678962938237,0]],[[-59.2866747196642,-9.05976699583625,0],[-59.2864019527602,-9.05976870057854,0],[-59.2864053826761,-9.06031096941891,0],[-59.2866781499885,-9.06030926457293,0],[-59.2866815805266,-9.06085153329228,0],[-59.2869543481939,-9.06084982813965,0],[-59.2869560637473,-9.06112096244098,0],[-59.2872288315653,-9.06111925703353,0],[-59.2872305473764,-9.06139039127867,0],[-59.2875033153451,-9.06138868561639,0],[-59.2875050314139,-9.06165981980534,0],[-59.2877777995332,-9.0616581138882,0],[-59.2877795158597,-9.06192924802095,0],[-59.2883250523464,-9.06192583547397,0],[-59.2883267691348,-9.06219696949863,0],[-59.288599537502,-9.06219526286877,0],[-59.2886012545481,-9.06246639683721,0],[-59.2888740230661,-9.06246468995247,0],[-59.2888757403699,-9.06273582386468,0],[-59.2896940462153,-9.06273070183672,0],[-59.2896957641853,-9.06300183558888,0],[-59.2913323756555,-9.06299158574024,0],[-59.2913306564601,-9.06272045229969,0],[-59.2918761927797,-9.06271703416332,0],[-59.2918744732295,-9.06244590082236,0],[-59.2926927766944,-9.0624407722512,0],[-59.2926910565851,-9.06216963906184,0],[-59.2929638240953,-9.06216792918411,0],[-59.2929621038354,-9.06189679604241,0],[-59.2932348710878,-9.06189508601368,0],[-59.2932279897678,-9.06081055361152,0],[-59.2937735224781,-9.06080713336114,0],[-59.2937752431361,-9.06107826636418,0],[-59.294048009615,-9.06107655588254,0],[-59.2940497305307,-9.06134768882923,0],[-59.2943224971602,-9.06134597809261,0],[-59.2943207760403,-9.06107484519794,0],[-59.2948663087299,-9.06107142321984,0],[-59.2948697518401,-9.06161368879674,0],[-59.2956880516971,-9.06160855399511,0],[-59.2956897739453,-9.06187968662093,0],[-59.2965080739317,-9.06187454983633,0],[-59.296506351071,-9.06160341736669,0],[-59.2973246499615,-9.06159827891149,0],[-59.2973212031759,-9.0610560142717,0],[-59.297593968957,-9.06105430115154,0],[-59.297588798569,-9.06024090431563,0],[-59.2981343287449,-9.06023747777903,0],[-59.2981360525622,-9.06050860995779,0],[-59.2986815829315,-9.06050518250519,0],[-59.2986850315438,-9.06104744664126,0],[-59.2992305625148,-9.06104401816836,0],[-59.2992322873099,-9.06131515012564,0],[-59.299505052919,-9.06131343553261,0],[-59.299501602974,-9.06077117171798,0],[-59.2997743681209,-9.06076945702626,0],[-59.2997691929943,-9.05995606142824,0],[-59.2994964284599,-9.05995777596353,0],[-59.2994947037294,-9.05968664403671,0],[-59.2989491749076,-9.05969007239422,0],[-59.2989474506391,-9.0594189403588,0],[-59.2986746863517,-9.05942065418103,0],[-59.298676410416,-9.05969178626857,0],[-59.2978581166189,-9.05969692667406,0],[-59.2978598401245,-9.0599680589136,0],[-59.2973143102495,-9.05997148494013,0],[-59.2973160334005,-9.06024261727952,0],[-59.2970432681782,-9.06024433004046,0],[-59.2970449911788,-9.06051546242761,0],[-59.2967722256987,-9.06051717503769,0],[-59.2967739485488,-9.06078830747258,0],[-59.2962284170191,-9.06079173218803,0],[-59.2962301395146,-9.06106286472273,0],[-59.295957373465,-9.06106457682808,0],[-59.2959556511737,-9.06079344424131,0],[-59.2940462887529,-9.06080542293152,0],[-59.2940445679444,-9.06053428997616,0],[-59.2937718018739,-9.06053600035378,0],[-59.2937700813232,-9.06026486734208,0],[-59.2926790173213,-9.06027170661501,0],[-59.2926807370553,-9.0605428398347,0],[-59.2924079707166,-9.06054454919755,0],[-59.2924148493719,-9.06162908224089,0],[-59.2921420821629,-9.06163079160869,0],[-59.2921455214038,-9.06217305820832,0],[-59.2915999860082,-9.06217647654284,0],[-59.2916017053006,-9.06244760994008,0],[-59.2910561692822,-9.06245102756655,0],[-59.2910578882198,-9.06272216106338,0],[-59.2902395831778,-9.0627272861364,0],[-59.2902378648528,-9.06245615248375,0],[-59.2891467915305,-9.06246298286472,0],[-59.2891433566749,-9.06192071513111,0],[-59.2885978205094,-9.06192412889601,0],[-59.2885961035703,-9.06165299491891,0],[-59.2880505675991,-9.06165640776808,0],[-59.2880488511219,-9.06138527368288,0],[-59.2877760832602,-9.06138697975112,0],[-59.2877743670407,-9.06111584560971,0],[-59.2875015993298,-9.06111755142311,0],[-59.2874998833679,-9.06084641722549,0],[-59.2872271158077,-9.06084812278405,0],[-59.2872254001035,-9.06057698853025,0],[-59.2869526326939,-9.06057869383399,0],[-59.2869492018544,-9.06003642520968,0],[-59.2866764347996,-9.06003813020675,0],[-59.2866747196642,-9.05976699583625,0]],[[-59.2994929790527,-9.05941551210556,0],[-59.2994947037294,-9.05968664403671,0],[-59.2997674680596,-9.05968492955356,0],[-59.2997622935784,-9.05887153390353,0],[-59.3003078208527,-9.05886810464135,0],[-59.300306095725,-9.05859697285364,0],[-59.2994878053451,-9.05860211628611,0],[-59.2994895298605,-9.05887324823026,0],[-59.2992167660889,-9.05887496235407,0],[-59.2992202148728,-9.05941722633364,0],[-59.2994929790527,-9.05941551210556,0]],[[-59.2844771638198,-9.05734041483164,0],[-59.2844737379373,-9.05679814517056,0],[-59.284200972851,-9.05679984771958,0],[-59.2842026855614,-9.05707098260408,0],[-59.2839299202176,-9.05707268500201,0],[-59.2839333453906,-9.0576149548616,0],[-59.2842061111425,-9.05761325236009,0],[-59.2842043983253,-9.05734211748425,0],[-59.2844771638198,-9.05734041483164,0]],[[-59.2839367707771,-9.05815722470388,0],[-59.2839333453906,-9.0576149548616,0],[-59.2836605795851,-9.05761665716023,0],[-59.2836622920476,-9.05788779213531,0],[-59.2828439936987,-9.05789289796914,0],[-59.2828422818486,-9.05762176283874,0],[-59.2825695158296,-9.0576234643258,0],[-59.2825729391751,-9.05816573468578,0],[-59.283118471976,-9.05816233130174,0],[-59.283120184137,-9.05843346637172,0],[-59.2833929506616,-9.05843176432357,0],[-59.2833946630801,-9.05870289933745,0],[-59.2839401963772,-9.05869949452885,0],[-59.2839419092574,-9.05897062943485,0],[-59.2844874427492,-9.058967223711,0],[-59.2844840162257,-9.05842495410186,0],[-59.2842112499148,-9.05842665696165,0],[-59.2842095369373,-9.05815552209879,0],[-59.2839367707771,-9.05815722470388,0]],[[-59.283396375552,-9.058974034347,0],[-59.2833946630801,-9.05870289933745,0],[-59.2831218963515,-9.05870460143737,0],[-59.2831236086192,-9.05897573649869,0],[-59.283396375552,-9.058974034347,0]],[[-59.2806721248436,-9.05953331777334,0],[-59.2809448926649,-9.05953161734453,0],[-59.2809431819235,-9.05926048187792,0],[-59.2823070192093,-9.0592519769485,0],[-59.2823053075006,-9.05898084173623,0],[-59.2828508416331,-9.05897743844746,0],[-59.2828491295694,-9.05870630333437,0],[-59.2809397606008,-9.05871821093171,0],[-59.2809414712355,-9.05898934640698,0],[-59.2806687038224,-9.05899104673236,0],[-59.2806669933918,-9.05871991120537,0],[-59.2803942261296,-9.05872161127612,0],[-59.2803959363561,-9.05899274685481,0],[-59.2801231688363,-9.05899444677434,0],[-59.2801282992232,-9.05980785363956,0],[-59.2798555310377,-9.05980955351125,0],[-59.2798572410691,-9.06008068917603,0],[-59.2790389355804,-9.0600857877285,0],[-59.2790406450526,-9.06035692354401,0],[-59.2784951073853,-9.06036032166758,0],[-59.2784968165025,-9.0606314575821,0],[-59.2782240473847,-9.06063315639111,0],[-59.278225756351,-9.06090429235296,0],[-59.2768619089424,-9.06091278361175,0],[-59.276863616941,-9.06118391982748,0],[-59.2763180771964,-9.06118731501344,0],[-59.2763197848399,-9.06145845132809,0],[-59.2752287038952,-9.0614652394707,0],[-59.275235531734,-9.06254978551164,0],[-59.2757810739465,-9.06254639143354,0],[-59.2757776591038,-9.06200411862811,0],[-59.2760504297217,-9.06200242138775,0],[-59.276048722176,-9.06173128503015,0],[-59.2774125734464,-9.06172279604157,0],[-59.2774108649329,-9.06145165993775,0],[-59.2782291744434,-9.06144656426368,0],[-59.2782274653706,-9.06117542831048,0],[-59.2787730043696,-9.06117203028285,0],[-59.2787712949416,-9.06090089442865,0],[-59.279044064157,-9.06089919516204,0],[-59.2790423545782,-9.06062805935519,0],[-59.2793151235361,-9.0606263599373,0],[-59.2793134138064,-9.06035522417779,0],[-59.2804044882882,-9.06034842468336,0],[-59.2804027777951,-9.0600772891263,0],[-59.2806755460781,-9.06007558879701,0],[-59.2806721248436,-9.05953331777334,0]],[[-59.3008585248428,-9.05967806959167,0],[-59.3011312889041,-9.05967635409387,0],[-59.3011399192191,-9.06103201211992,0],[-59.3014126842474,-9.0610302961583,0],[-59.3014023268059,-9.05940350682712,0],[-59.3011295630026,-9.05940522247566,0],[-59.3011278371548,-9.05913409085312,0],[-59.3008550735018,-9.05913580624657,0],[-59.3008585248428,-9.05967806959167,0]],[[-59.3016854492219,-9.06102857999372,0],[-59.3014126842474,-9.0610302961583,0],[-59.301414410676,-9.06130142769832,0],[-59.3016871758546,-9.06129971148156,0],[-59.3016854492219,-9.06102857999372,0]],[[-59.2812245047486,-9.06061445832907,0],[-59.2817700417578,-9.06061105604292,0],[-59.2817683301906,-9.0603399207488,0],[-59.282041098411,-9.06033821935303,0],[-59.2820376750282,-9.05979594885529,0],[-59.2817649072161,-9.05979765014758,0],[-59.2817631958089,-9.05952651484049,0],[-59.2814904281476,-9.0595282158781,0],[-59.2814921393506,-9.05979935123694,0],[-59.2812193714318,-9.05980105212335,0],[-59.2812245047486,-9.06061445832907,0]],[[-59.2689481637533,-9.06041965741387,0],[-59.2692209344746,-9.06041796555718,0],[-59.2692192323525,-9.06014682788535,0],[-59.2694920028166,-9.06014513587715,0],[-59.2694903005435,-9.05987399825246,0],[-59.2697630707503,-9.05987230609276,0],[-59.2697613683261,-9.0596011685152,0],[-59.2692158282676,-9.05960455252872,0],[-59.2692175302835,-9.0598756902092,0],[-59.2683992191854,-9.05988076486171,0],[-59.2684009206418,-9.0601519026922,0],[-59.2678553792362,-9.06015528488197,0],[-59.2678570803374,-9.060426422811,0],[-59.2681298512709,-9.06042473176616,0],[-59.2681332540408,-9.06096700750837,0],[-59.2686787965655,-9.06096362460407,0],[-59.2686770947456,-9.060692486838,0],[-59.2689498657242,-9.06069079513283,0],[-59.2689481637533,-9.06041965741387,0]],[[-59.2681349555052,-9.06123814537299,0],[-59.2681332540408,-9.06096700750837,0],[-59.2678604826988,-9.06096869865606,0],[-59.2678621839591,-9.0612398365721,0],[-59.2681349555052,-9.06123814537299,0]],[[-59.283681132659,-9.06087027657561,0],[-59.2839539009141,-9.06086857365559,0],[-59.2839556142216,-9.06113970852695,0],[-59.2845011509799,-9.06113630197442,0],[-59.2844977236017,-9.06059403243454,0],[-59.2839521876601,-9.0605974387799,0],[-59.2839470482184,-9.05978403412685,0],[-59.28367428078,-9.05978573683974,0],[-59.2836759936697,-9.0600568717802,0],[-59.2831304582243,-9.0600602767007,0],[-59.283132170759,-9.06033141174038,0],[-59.2836777066127,-9.06032800671633,0],[-59.283681132659,-9.06087027657561,0]],[[-59.3229609509004,-9.06089409385411,0],[-59.3232337116033,-9.06089236165633,0],[-59.323230226242,-9.06035010695186,0],[-59.3229574659474,-9.06035183904429,0],[-59.3229557235524,-9.06008071163286,0],[-59.3226829634076,-9.0600824434697,0],[-59.3226812212711,-9.05981131600127,0],[-59.3224084612761,-9.05981304758251,0],[-59.3224102032086,-9.0600841751036,0],[-59.3218646826475,-9.06008763776263,0],[-59.321866424226,-9.06035876538468,0],[-59.3221391847378,-9.06035703410398,0],[-59.3221409265747,-9.06062816166904,0],[-59.3229592083968,-9.06062296645136,0],[-59.3229609509004,-9.06089409385411,0]],[[-59.3218681658587,-9.06062989300238,0],[-59.321866424226,-9.06035876538468,0],[-59.3215936636598,-9.06036049646244,0],[-59.3215954050884,-9.06063162413279,0],[-59.3218681658587,-9.06062989300238,0]],[[-59.3286941549437,-9.0616710539428,0],[-59.3292396752357,-9.06166758050391,0],[-59.3292379278731,-9.06139645432722,0],[-59.3295106877332,-9.06139471735616,0],[-59.3295054453599,-9.06058133895848,0],[-59.3286871674535,-9.06058654878755,0],[-59.3286854207171,-9.06031542248789,0],[-59.3281399022489,-9.06031889458701,0],[-59.328141648577,-9.06059002099226,0],[-59.327323369854,-9.06059522777731,0],[-59.3273268614486,-9.06113748089146,0],[-59.3275996214857,-9.06113574539383,0],[-59.327597875457,-9.0608646188917,0],[-59.3281433949596,-9.06086114739317,0],[-59.3281451413966,-9.06113227378974,0],[-59.3284179012704,-9.06113053768327,0],[-59.328419647966,-9.06140166402271,0],[-59.3286924079895,-9.0613999276605,0],[-59.3286941549437,-9.0616710539428,0]],[[-59.3273286073276,-9.06140860744202,0],[-59.3273268614486,-9.06113748089146,0],[-59.3248720186667,-9.06115309123744,0],[-59.3248702746796,-9.06088196420788,0],[-59.324051993386,-9.06088716384535,0],[-59.3240502500657,-9.06061603665334,0],[-59.32377748973,-9.06061776940725,0],[-59.3237809760166,-9.06116002389232,0],[-59.3243264974504,-9.06115655797078,0],[-59.3243282410835,-9.06142768510142,0],[-59.325146523439,-9.06142248453885,0],[-59.325148267739,-9.06169361150702,0],[-59.3270575927611,-9.06168146938844,0],[-59.3270558470319,-9.06141034278946,0],[-59.3273286073276,-9.06140860744202,0]],[[-59.3297834475389,-9.06139298018214,0],[-59.3295106877332,-9.06139471735616,0],[-59.3295124353,-9.06166584348003,0],[-59.3297851953098,-9.06166410625319,0],[-59.3297834475389,-9.06139298018214,0]],[[-59.3300579552652,-9.0616623688234,0],[-59.3297851953098,-9.06166410625319,0],[-59.3297869431352,-9.0619352323199,0],[-59.3300597032947,-9.06193349483728,0],[-59.3300614513788,-9.06220462084682,0],[-59.330334211688,-9.0622028831084,0],[-59.3303324633997,-9.06193175715169,0],[-59.3306052234503,-9.06193001926314,0],[-59.3306034750124,-9.06165889335493,0],[-59.3311489945416,-9.06165541707463,0],[-59.3311507433879,-9.06192654287714,0],[-59.3314235032749,-9.0619248043797,0],[-59.3314200052285,-9.06138255287605,0],[-59.3311472457498,-9.06138429126777,0],[-59.3311454970126,-9.06111316545658,0],[-59.3305999783,-9.06111664152548,0],[-59.3306017266289,-9.06138776744237,0],[-59.3300562072901,-9.06139124280517,0],[-59.3300579552652,-9.0616623688234,0]],[[-59.3316962631074,-9.0619230656793,0],[-59.3314235032749,-9.0619248043797,0],[-59.3314252523799,-9.06219593012501,0],[-59.3311524922886,-9.06219766867531,0],[-59.3311612376102,-9.06355329760101,0],[-59.3314339987224,-9.06355155878643,0],[-59.3314357481545,-9.06382268450568,0],[-59.3317085094164,-9.06382094543522,0],[-59.3317120088525,-9.06436319675497,0],[-59.3319847704683,-9.06436145737576,0],[-59.3319795207832,-9.06354808054824,0],[-59.3317067597801,-9.06354981976884,0],[-59.3317050101983,-9.0632786940981,0],[-59.3314322493449,-9.06328043306283,0],[-59.3314305000218,-9.06300930733489,0],[-59.3317032606711,-9.06300756842303,0],[-59.3316962631074,-9.0619230656793,0]],[[-59.3005909375304,-9.06049318002818,0],[-59.300318172749,-9.0604948952766,0],[-59.3003233494233,-9.06130829053571,0],[-59.3000505839756,-9.06131000573765,0],[-59.3000540349524,-9.06185226932637,0],[-59.3005995666107,-9.06184883851091,0],[-59.3005909375304,-9.06049318002818,0]],[[-59.3188782318623,-9.06227569336262,0],[-59.3186054692702,-9.06227742257613,0],[-59.3186002509081,-9.06146403789422,0],[-59.3188730128877,-9.06146230883843,0],[-59.3188695338424,-9.06092005246728,0],[-59.3185967722711,-9.06092178141792,0],[-59.318595033034,-9.06065065317326,0],[-59.3172312253855,-9.06065929461947,0],[-59.3172364401971,-9.06147268012876,0],[-59.3153271029262,-9.06148477073277,0],[-59.3153288398759,-9.06175589959482,0],[-59.3150560769878,-9.06175762606461,0],[-59.3150595506412,-9.06229988388068,0],[-59.3147867872906,-9.06230161025248,0],[-59.3147885239942,-9.06257273920649,0],[-59.3153340510497,-9.06256928615493,0],[-59.3153305768797,-9.06202702845253,0],[-59.3156033399178,-9.06202530172727,0],[-59.3156050771799,-9.06229643052814,0],[-59.3169688925791,-9.06228779359464,0],[-59.3169706309164,-9.06255892212859,0],[-59.3180616830774,-9.06255200871797,0],[-59.3180634222856,-9.06282313703738,0],[-59.3183361853946,-9.06282140812471,0],[-59.3183379248613,-9.06309253638722,0],[-59.3197017406137,-9.06308388851607,0],[-59.319700000126,-9.06281276051646,0],[-59.3188817114498,-9.06281794969038,0],[-59.3188782318623,-9.06227569336262,0]],[[-59.3196982596925,-9.06254163251251,0],[-59.319700000126,-9.06281276051646,0],[-59.3199727629096,-9.06281103038584,0],[-59.3199710222719,-9.06253990243449,0],[-59.3196982596925,-9.06254163251251,0]],[[-59.3199692816884,-9.0622687744788,0],[-59.3199710222719,-9.06253990243449,0],[-59.320243784797,-9.06253817215349,0],[-59.3202420440094,-9.0622670442504,0],[-59.3199692816884,-9.0622687744788,0]],[[-59.3147902607521,-9.06284386815617,0],[-59.3147885239942,-9.06257273920649,0],[-59.3145157603853,-9.06257446542779,0],[-59.3145174969389,-9.06284559442995,0],[-59.3147902607521,-9.06284386815617,0]],[[-59.3145192335467,-9.06311672342776,0],[-59.3145174969389,-9.06284559442995,0],[-59.3139719691503,-9.06284904636853,0],[-59.3139737053497,-9.06312017547129,0],[-59.3134281769362,-9.06312362670281,0],[-59.3134264411453,-9.06285249749513,0],[-59.3128809129238,-9.06285594780976,0],[-59.3128826483063,-9.06312707712233,0],[-59.3123371194601,-9.06313052672985,0],[-59.3123388544882,-9.06340165614296,0],[-59.3126116191426,-9.06339993138827,0],[-59.312613354429,-9.06367106074462,0],[-59.3123405895704,-9.06367278555174,0],[-59.3123423247066,-9.06394391495617,0],[-59.3117967944188,-9.06394736406623,0],[-59.311795059691,-9.06367623455695,0],[-59.3107039992835,-9.06368313013119,0],[-59.3107074671593,-9.06422538956466,0],[-59.3101619358144,-9.06422883634324,0],[-59.3101636694248,-9.06449996615823,0],[-59.3104364353285,-9.06449824281807,0],[-59.3104381691972,-9.06476937257635,0],[-59.3115292330887,-9.06476247697578,0],[-59.311527498403,-9.0644913474271,0],[-59.3123457951413,-9.06448617375203,0],[-59.3123475304398,-9.06475730314345,0],[-59.3126202961154,-9.06475557812659,0],[-59.3126185606126,-9.06448444878761,0],[-59.313164091393,-9.06448099824967,0],[-59.3131606197328,-9.06393873976844,0],[-59.3134333846334,-9.06393701429983,0],[-59.3134316486802,-9.06366588510516,0],[-59.3142499424446,-9.0636607076386,0],[-59.3142464694752,-9.06311844955103,0],[-59.3145192335467,-9.06311672342776,0]],[[-59.3096164042534,-9.06423228230971,0],[-59.3101619358144,-9.06422883634324,0],[-59.310160202258,-9.0639577065239,0],[-59.3104329677532,-9.0639559832885,0],[-59.310429500394,-9.06341372374159,0],[-59.30906567442,-9.06342233736463,0],[-59.3090639418426,-9.06315120732281,0],[-59.3074273501174,-9.06316153665712,0],[-59.3074290814695,-9.06343266701296,0],[-59.3079746126689,-9.06342922460889,0],[-59.3079798082744,-9.06424261533645,0],[-59.3082525744059,-9.06424089367289,0],[-59.3082508422792,-9.06396976348705,0],[-59.3085236081524,-9.0639680416728,0],[-59.3085253404833,-9.06423917180631,0],[-59.3090708724763,-9.06423572746407,0],[-59.3090674070515,-9.06369346740211,0],[-59.3093401725585,-9.06369174503116,0],[-59.3093419054482,-9.06396287501195,0],[-59.3096146711055,-9.06396115238562,0],[-59.3096164042534,-9.06423228230971,0]],[[-59.3134247054085,-9.06258136828311,0],[-59.3134264411453,-9.06285249749513,0],[-59.3136992051749,-9.06285077203332,0],[-59.3136974692339,-9.06257964287376,0],[-59.3134247054085,-9.06258136828311,0]],[[-59.3221496365736,-9.06198379942924,0],[-59.3224223982562,-9.06198206762968,0],[-59.3224189136853,-9.06143981264393,0],[-59.3218733910827,-9.06144327582947,0],[-59.3218716492871,-9.06117214822478,0],[-59.3215988881085,-9.06117387946047,0],[-59.3215971465713,-9.0609027517988,0],[-59.3213243855426,-9.06090448277891,0],[-59.3213261268756,-9.06117561049321,0],[-59.320780604247,-9.06117907194984,0],[-59.320782345226,-9.06145019976505,0],[-59.3205095836261,-9.06145193024155,0],[-59.3205113244552,-9.06172305810505,0],[-59.3207840862592,-9.06172132757593,0],[-59.3207858273467,-9.06199245538247,0],[-59.3205130653385,-9.06199418596421,0],[-59.320514806276,-9.06226531381902,0],[-59.3207875684884,-9.06226358318467,0],[-59.3207893096845,-9.06253471098253,0],[-59.3210620720468,-9.06253298009258,0],[-59.3210638135013,-9.06280410783347,0],[-59.3216093384716,-9.06280064533935,0],[-59.3216075966086,-9.06252951770372,0],[-59.3218803588081,-9.06252778620482,0],[-59.3218786167953,-9.06225665861749,0],[-59.3221513787364,-9.06225492696826,0],[-59.3221496365736,-9.06198379942924,0]],[[-59.3205078428513,-9.06118080237372,0],[-59.320780604247,-9.06117907194984,0],[-59.3207788633224,-9.06090794413028,0],[-59.3205061021308,-9.06090967450155,0],[-59.3205078428513,-9.06118080237372,0]],[[-59.3030665522468,-9.06373130819962,0],[-59.3033393189403,-9.06372959029506,0],[-59.303335862309,-9.06318732801956,0],[-59.303063096024,-9.06318904581967,0],[-59.3030596400165,-9.06264678342237,0],[-59.3022413420637,-9.06265193529139,0],[-59.3022327060505,-9.06129627843914,0],[-59.3019599409795,-9.06129799506183,0],[-59.3019651218133,-9.06211138934278,0],[-59.3016923560759,-9.06211310591909,0],[-59.3017044451427,-9.06401102612158,0],[-59.3019772123096,-9.06400930917993,0],[-59.3019789397387,-9.0642804405679,0],[-59.3030700086851,-9.06427357056223,0],[-59.3030665522468,-9.06373130819962,0]],[[-59.3033341340741,-9.0629161968753,0],[-59.303335862309,-9.06318732801956,0],[-59.3036086285402,-9.06318561001644,0],[-59.3036069001011,-9.06291447892441,0],[-59.3033341340741,-9.0629161968753,0]],[[-59.3036051717159,-9.06264334782805,0],[-59.3036069001011,-9.06291447892441,0],[-59.3038796660742,-9.06291276077052,0],[-59.3038779374847,-9.0626416297264,0],[-59.3036051717159,-9.06264334782805,0]],[[-59.3464304940974,-9.06264224293576,0],[-59.3461577366057,-9.06264399275547,0],[-59.3461542161803,-9.06210174700486,0],[-59.3458814590421,-9.06210349651522,0],[-59.3458796991159,-9.0618323735802,0],[-59.345606942127,-9.06183412283441,0],[-59.3456051824598,-9.06156299984187,0],[-59.3447869117766,-9.06156824622725,0],[-59.3447886708313,-9.06183936937931,0],[-59.3453341850833,-9.06183587188566,0],[-59.345337704174,-9.06237811796407,0],[-59.345610461626,-9.06237636880646,0],[-59.3456122214578,-9.06264749178596,0],[-59.3458849790592,-9.0626457423722,0],[-59.34588673915,-9.06291686529417,0],[-59.3461594969008,-9.06291511562425,0],[-59.3461665386294,-9.06399960705589,0],[-59.3464392971421,-9.0639978569702,0],[-59.3464463405655,-9.06508234811947,0],[-59.3461735812359,-9.06508409841796,0],[-59.3461753420247,-9.06535522124761,0],[-59.3459025824359,-9.06535697139626,0],[-59.3459078645187,-9.06617034001868,0],[-59.3456351042623,-9.06617209012385,0],[-59.3456403862259,-9.0669854588667,0],[-59.3459131470951,-9.06698370860196,0],[-59.345916669087,-9.0675259543024,0],[-59.3461894303099,-9.06752420372821,0],[-59.3461911915925,-9.06779532651871,0],[-59.3464639529648,-9.06779357568825,0],[-59.3464657145065,-9.0680646984212,0],[-59.3467384760283,-9.06806294733444,0],[-59.3467402378292,-9.06833407000984,0],[-59.3470129995005,-9.06833231866677,0],[-59.3470147615606,-9.0686034412846,0],[-59.3478330468579,-9.06859818587713,0],[-59.3478365723688,-9.06914043078041,0],[-59.3489276202979,-9.069133420301,0],[-59.3489258566977,-9.06886229806452,0],[-59.3491986183383,-9.06886054499014,0],[-59.3491968545887,-9.06858942280257,0],[-59.34946961597,-9.06858766957834,0],[-59.349467852071,-9.06831654743969,0],[-59.3497406131931,-9.06831479406563,0],[-59.3497335573293,-9.06723030568059,0],[-59.3500063175793,-9.06722855231654,0],[-59.3500080816671,-9.06749967436605,0],[-59.3502808420664,-9.06749792074566,0],[-59.3502790777743,-9.06722679874944,0],[-59.3510973580294,-9.06722153682966,0],[-59.3510938283844,-9.06667929314395,0],[-59.3513665879509,-9.06667753887117,0],[-59.3513648230066,-9.0664064170751,0],[-59.3500010256455,-9.06641518614192,0],[-59.3500027895685,-9.06668630820448,0],[-59.3497300297271,-9.06668806146196,0],[-59.3497317935008,-9.06695918357345,0],[-59.3494590334002,-9.06696093668114,0],[-59.3494607970244,-9.06723205884155,0],[-59.3491880366646,-9.06723381179945,0],[-59.3491933272542,-9.06804717841437,0],[-59.3489205662266,-9.06804893132897,0],[-59.3489240931524,-9.06859117582369,0],[-59.3486513316611,-9.06859292864171,0],[-59.3486495683751,-9.06832180634327,0],[-59.3483768070333,-9.06832355890493,0],[-59.3483750440065,-9.06805243654889,0],[-59.3475567602644,-9.06805769285559,0],[-59.3475549979055,-9.06778657033549,0],[-59.3470094755449,-9.06779007341804,0],[-59.3470077136495,-9.06751895078715,0],[-59.346462191478,-9.06752245295094,0],[-59.346460430046,-9.06725133020929,0],[-59.3461876690822,-9.06725308093336,0],[-59.3461788637668,-9.06589746689385,0],[-59.3464516237092,-9.06589571643577,0],[-59.3464498626064,-9.06562459366803,0],[-59.3467226222896,-9.0656228430601,0],[-59.346708533809,-9.06345386118718,0],[-59.3464357757596,-9.06345561136947,0],[-59.3464304940974,-9.06264224293576,0]],[[-59.34370467517,-9.06293085534637,0],[-59.3439774333593,-9.06292910730027,0],[-59.3439756746979,-9.06265798400613,0],[-59.3442484326282,-9.0626562358102,0],[-59.3442449150613,-9.06211398931518,0],[-59.3445176725285,-9.06211224102258,0],[-59.3445159136231,-9.06184111782171,0],[-59.3439703990422,-9.06184461409764,0],[-59.3439739160912,-9.06238686070765,0],[-59.3437011583102,-9.06238860864747,0],[-59.3437029167127,-9.06265973199909,0],[-59.3434301586727,-9.06266147978908,0],[-59.3434319169258,-9.06293260318949,0],[-59.3431591586268,-9.06293435082964,0],[-59.3431609167305,-9.06320547427883,0],[-59.3428881581725,-9.06320722176912,0],[-59.3428899161268,-9.0634783452671,0],[-59.3426171573098,-9.06348009260752,0],[-59.3426189151147,-9.06375121615426,0],[-59.3423461560387,-9.0637529633448,0],[-59.3423496714044,-9.06429521053148,0],[-59.3426224308888,-9.06429346323472,0],[-59.3426206729744,-9.06402233969666,0],[-59.3428934321998,-9.06402059225001,0],[-59.3428916741359,-9.06374946876073,0],[-59.3431644331023,-9.06374772116419,0],[-59.343162674889,-9.06347659772369,0],[-59.3434354335964,-9.06347484997728,0],[-59.3434336752337,-9.06320372658556,0],[-59.3437064336821,-9.0632019786893,0],[-59.34370467517,-9.06293085534637,0]],[[-59.3423531869891,-9.06483745770076,0],[-59.3423496714044,-9.06429521053148,0],[-59.3420769118652,-9.06429695762523,0],[-59.342078669426,-9.06456808126515,0],[-59.3418059096278,-9.06456982820898,0],[-59.3418076670391,-9.06484095189766,0],[-59.3415349069819,-9.06484269869158,0],[-59.3415366642437,-9.065113822429,0],[-59.3412639039275,-9.06511556907298,0],[-59.3412674182069,-9.06565781664094,0],[-59.3415401789316,-9.06565606989079,0],[-59.3415384215603,-9.06538494616206,0],[-59.3418111820259,-9.06538319926197,0],[-59.3418094245051,-9.06511207558199,0],[-59.3420821847118,-9.06511032853195,0],[-59.3420804270415,-9.06483920490072,0],[-59.3423531869891,-9.06483745770076,0]],[[-59.3412691754287,-9.06592894041841,0],[-59.3412674182069,-9.06565781664094,0],[-59.3407218965933,-9.06566130953212,0],[-59.3407236534066,-9.06593243341574,0],[-59.3404508923134,-9.06593417960984,0],[-59.3404544056956,-9.06647642747018,0],[-59.3407271671973,-9.06647468116994,0],[-59.3407254102746,-9.06620355729502,0],[-59.3409981715173,-9.0662018108448,0],[-59.340996414445,-9.0659306870186,0],[-59.3412691754287,-9.06592894041841,0]],[[-59.2752389459726,-9.06309205850615,0],[-59.2755117175139,-9.06309036146542,0],[-59.2755100101638,-9.06281922502192,0],[-59.2752372388267,-9.06282092201106,0],[-59.2752389459726,-9.06309205850615,0]],[[-59.2752423604241,-9.06363433148334,0],[-59.2752389459726,-9.06309205850615,0],[-59.2749661743781,-9.06309375534386,0],[-59.274967881373,-9.06336489188621,0],[-59.274695109521,-9.06336658857248,0],[-59.2746985232619,-9.06390886174735,0],[-59.2744257509483,-9.06391055833375,0],[-59.2744325782513,-9.06499510483785,0],[-59.2741598050674,-9.06499680142748,0],[-59.2741615118218,-9.06526793809425,0],[-59.2738887383805,-9.06526963453238,0],[-59.2738904449838,-9.06554077124638,0],[-59.2736176712849,-9.065542467533,0],[-59.2736193777371,-9.06581360429423,0],[-59.2741649254903,-9.06581021141482,0],[-59.2741632186295,-9.0655390747567,0],[-59.274435992222,-9.06553737806393,0],[-59.27443428521,-9.06526624145306,0],[-59.274707058545,-9.06526454460879,0],[-59.2747019372156,-9.06445113490491,0],[-59.2749747098846,-9.06444943801232,0],[-59.2749695884211,-9.06363602842423,0],[-59.2752423604241,-9.06363433148334,0]],[[-59.3066177077628,-9.06452235110418,0],[-59.3063449411034,-9.06452407160186,0],[-59.3063466719082,-9.06479520214523,0],[-59.305801138019,-9.06479864263604,0],[-59.3057959469917,-9.06398525067917,0],[-59.305523180579,-9.06398697046317,0],[-59.3055214505486,-9.06371583974992,0],[-59.3049759179699,-9.06371927860432,0],[-59.3049776475918,-9.06399040942211,0],[-59.3052504141124,-9.06398869004415,0],[-59.3052573339559,-9.06507321306285,0],[-59.3055301012396,-9.06507149327278,0],[-59.3055318315395,-9.06534262396434,0],[-59.3058045989735,-9.06534090391894,0],[-59.3058063295317,-9.06561203455388,0],[-59.306624632123,-9.06560687304249,0],[-59.306621169835,-9.06506461208201,0],[-59.306893936849,-9.0650628912767,0],[-59.3068870121034,-9.0639783695129,0],[-59.3066142459064,-9.063980090109,0],[-59.3066177077628,-9.06452235110418,0]],[[-59.3527215556804,-9.06531315677069,0],[-59.3532670720558,-9.06530964611886,0],[-59.3532635399126,-9.06476740322553,0],[-59.3529907821609,-9.06476915854626,0],[-59.3529872506462,-9.06422691552882,0],[-59.3527144932479,-9.06422867053984,0],[-59.3527127277774,-9.06395754897125,0],[-59.3510761834577,-9.06396807445436,0],[-59.3510814763585,-9.06478144010691,0],[-59.3527180243541,-9.06477091366397,0],[-59.3527215556804,-9.06531315677069,0]],[[-59.2708967493286,-9.06664396830967,0],[-59.2711695243761,-9.06664227384787,0],[-59.2711661148835,-9.06609999941957,0],[-59.2708933402446,-9.06610169377838,0],[-59.2708916357823,-9.06583055650625,0],[-59.2706188612946,-9.06583225061048,0],[-59.2706120447936,-9.0647477012727,0],[-59.2695209495806,-9.06475447483519,0],[-59.2695226528091,-9.06502561238202,0],[-59.2692498786689,-9.06502730531644,0],[-59.2692515817462,-9.06529844291041,0],[-59.2703426788057,-9.06529166974843,0],[-59.2703477908076,-9.06610508188673,0],[-59.2706205655527,-9.0661033879341,0],[-59.2706222698638,-9.0663745252534,0],[-59.2708950447601,-9.06637283104619,0],[-59.2708967493286,-9.06664396830967,0]],[[-59.2692532848765,-9.06556958050004,0],[-59.2692515817462,-9.06529844291041,0],[-59.2689788073486,-9.06530013569322,0],[-59.2689805102746,-9.0655712733343,0],[-59.2692532848765,-9.06556958050004,0]],[[-59.2689822132537,-9.06584241097105,0],[-59.2689805102746,-9.0655712733343,0],[-59.2684349609117,-9.06557465839358,0],[-59.2684383661057,-9.06611693386853,0],[-59.2681655909361,-9.06611862619642,0],[-59.2681741038279,-9.06747431506524,0],[-59.2684468800192,-9.06747262248019,0],[-59.2684400687823,-9.06638807159952,0],[-59.2687128441032,-9.0663863790171,0],[-59.2687094383945,-9.06584410365368,0],[-59.2689822132537,-9.06584241097105,0]],[[-59.3519085762683,-9.0661317863332,0],[-59.3521813352613,-9.0661300315579,0],[-59.3521795698141,-9.06585890991309,0],[-59.3524523285479,-9.06585715498807,0],[-59.3524487974101,-9.06531491179207,0],[-59.3521760390848,-9.06531666661042,0],[-59.3521742738027,-9.06504554495256,0],[-59.3513559991097,-9.06505080802947,0],[-59.3513612932829,-9.0658641734699,0],[-59.3519068110254,-9.06586066463506,0],[-59.3519085762683,-9.0661317863332,0]],[[-59.3317190083791,-9.06544769934232,0],[-59.3322645331902,-9.0654442199579,0],[-59.3322627828183,-9.06517309442333,0],[-59.3317172584157,-9.065176573702,0],[-59.3317190083791,-9.06544769934232,0]],[[-59.3325390461447,-9.06571360543848,0],[-59.3328118086182,-9.06571186518577,0],[-59.3328100577832,-9.06544073976131,0],[-59.332537295514,-9.06544247996113,0],[-59.3325390461447,-9.06571360543848,0]],[[-59.3330845710371,-9.06571012473002,0],[-59.3328118086182,-9.06571186518577,0],[-59.3328135595077,-9.06598299060588,0],[-59.333086322131,-9.06598125009723,0],[-59.3330845710371,-9.06571012473002,0]],[[-59.3333590846996,-9.06597950938553,0],[-59.333086322131,-9.06598125009723,0],[-59.3330880732793,-9.0662523754601,0],[-59.3333608360522,-9.06625063469549,0],[-59.3333590846996,-9.06597950938553,0]],[[-59.3336335987706,-9.06624889372783,0],[-59.3333608360522,-9.06625063469549,0],[-59.3333643389213,-9.06679288530239,0],[-59.3336371020482,-9.06679114422891,0],[-59.3336335987706,-9.06624889372783,0]],[[-59.3341826281383,-9.06678766147273,0],[-59.3336371020482,-9.06679114422891,0],[-59.3336388537688,-9.06706226947293,0],[-59.3339116170455,-9.06706052814346,0],[-59.333913369025,-9.06733165333022,0],[-59.3341861324514,-9.06732991174475,0],[-59.3341878846898,-9.06760103687424,0],[-59.3344606482658,-9.06759929503276,0],[-59.3344624007631,-9.06787042010497,0],[-59.3347351644889,-9.06786867800747,0],[-59.3347369172452,-9.06813980302241,0],[-59.3350096811207,-9.06813806066887,0],[-59.3350061752542,-9.06759581074053,0],[-59.3347334117873,-9.06759755298819,0],[-59.3347316591403,-9.06732642796456,0],[-59.3344588958231,-9.06732816995619,0],[-59.334457143435,-9.06705704487529,0],[-59.3341843802675,-9.06705878661091,0],[-59.3341826281383,-9.06678766147273,0]],[[-59.3352824449416,-9.06813631811223,0],[-59.3350096811207,-9.06813806066887,0],[-59.3350114341358,-9.06840918562652,0],[-59.3352841981611,-9.06840744301693,0],[-59.3352824449416,-9.06813631811223,0]],[[-59.2728027616012,-9.06608982900177,0],[-59.2722572129078,-9.0660932199534,0],[-59.2722589184448,-9.06636435696367,0],[-59.273077242018,-9.06635927007699,0],[-59.2730755358681,-9.06608813322132,0],[-59.2733483100819,-9.06608643723777,0],[-59.2733466037808,-9.06581530042932,0],[-59.2728010557087,-9.06581869209023,0],[-59.2728027616012,-9.06608982900177,0]],[[-59.3532706044191,-9.06585188899478,0],[-59.3529978458504,-9.06585364452891,0],[-59.3530013780253,-9.06639588749414,0],[-59.3535468959247,-9.0663923760094,0],[-59.3535451294012,-9.06612125463568,0],[-59.3532723706833,-9.06612301042621,0],[-59.3532706044191,-9.06585188899478,0]],[[-59.3538196547919,-9.06639061996245,0],[-59.3535468959247,-9.0663923760094,0],[-59.3535486625033,-9.06666349737878,0],[-59.3538214215747,-9.06666174127846,0],[-59.3538196547919,-9.06639061996245,0]],[[-59.3540941805911,-9.06665998497509,0],[-59.3538214215747,-9.06666174127846,0],[-59.3538231884125,-9.06693286259012,0],[-59.3540959476332,-9.06693110623338,0],[-59.3540941805911,-9.06665998497509,0]],[[-59.3543687067989,-9.06692934967357,0],[-59.3540959476332,-9.06693110623338,0],[-59.3541012490899,-9.06774446998212,0],[-59.3543740088684,-9.06774271326219,0],[-59.3543687067989,-9.06692934967357,0]],[[-59.3546467685918,-9.06774095633916,0],[-59.3543740088684,-9.06774271326219,0],[-59.3543775438567,-9.06828495563284,0],[-59.3546503039888,-9.06828319860304,0],[-59.3546520717698,-9.06855431972845,0],[-59.3554703524485,-9.06854904726033,0],[-59.3554774265754,-9.06963353107769,0],[-59.3560229483871,-9.06963001465614,0],[-59.3560211793641,-9.06935889381516,0],[-59.356293939983,-9.06935713535312,0],[-59.3562921708108,-9.0690860145612,0],[-59.3565649311702,-9.06908425594948,0],[-59.3565631618487,-9.06881313520663,0],[-59.3562904016936,-9.06881489376494,0],[-59.3562886326316,-9.06854377296431,0],[-59.3557431125646,-9.06854728936476,0],[-59.3557413439663,-9.06827616845295,0],[-59.3551958240877,-9.06827968393418,0],[-59.3551940559531,-9.06800856291121,0],[-59.3546485362628,-9.06801207747328,0],[-59.3546467685918,-9.06774095633916,0]],[[-59.3631040666808,-9.06795751047397,0],[-59.3625585501898,-9.06796103681498,0],[-59.3625514561387,-9.06687655845568,0],[-59.3622786986274,-9.06687832110731,0],[-59.3622769254571,-9.06660720145304,0],[-59.3620041680949,-9.06660896384805,0],[-59.362002395184,-9.06633784413587,0],[-59.3611841233789,-9.06634312994197,0],[-59.361185895677,-9.06661424981479,0],[-59.3609131380939,-9.06661601139759,0],[-59.3609149102429,-9.06688713131959,0],[-59.3606421524004,-9.06688889275287,0],[-59.3606439244003,-9.06716001272403,0],[-59.3603711662983,-9.06716177400777,0],[-59.3603729381491,-9.06743289402811,0],[-59.3606456964555,-9.06743113269085,0],[-59.3606492407314,-9.06797337261141,0],[-59.3609219993911,-9.06797161096403,0],[-59.3609308620685,-9.06932721042161,0],[-59.3612036216946,-9.06932544830348,0],[-59.3611894404388,-9.06715648954736,0],[-59.3617349562564,-9.06715296555842,0],[-59.361740275039,-9.06796632480338,0],[-59.3620130334778,-9.06796456234366,0],[-59.3620148067201,-9.06823568202972,0],[-59.362287565308,-9.06823391931337,0],[-59.3622893388098,-9.06850503894151,0],[-59.363107614855,-9.0684997494132,0],[-59.3631058407403,-9.06822862994577,0],[-59.3636513574188,-9.06822510268526,0],[-59.3636478085379,-9.06768286395165,0],[-59.3639205663856,-9.06768110012396,0],[-59.3639170173172,-9.06713886148012,0],[-59.363644259878,-9.06714062520063,0],[-59.3636460341803,-9.06741174457832,0],[-59.3633732764815,-9.06741350814935,0],[-59.3633750506348,-9.06768462757628,0],[-59.3631022926765,-9.06768639099782,0],[-59.3631040666808,-9.06795751047397,0]],[[-59.3609344075259,-9.06986945017416,0],[-59.3609308620685,-9.06932721042161,0],[-59.3606581023872,-9.06932897233662,0],[-59.360659874884,-9.06960009226861,0],[-59.3601143549471,-9.06960361559632,0],[-59.3601001797876,-9.06743465516229,0],[-59.359554662899,-9.06743817682145,0],[-59.359552891661,-9.0671670566406,0],[-59.3592801333382,-9.06716881711207,0],[-59.3592819043719,-9.06743993734642,0],[-59.358190869712,-9.06744697741559,0],[-59.3581926399838,-9.0677180978595,0],[-59.3584653989358,-9.06771633809335,0],[-59.3584671694669,-9.06798745847944,0],[-59.3587399285681,-9.06798569845674,0],[-59.3587381578326,-9.06771457812412,0],[-59.3590109166743,-9.06771281795181,0],[-59.3590126876141,-9.06798393823094,0],[-59.3592854466049,-9.06798217780207,0],[-59.3592872178041,-9.06825329802336,0],[-59.3595599769441,-9.0682515373379,0],[-59.3595617484028,-9.06852265750134,0],[-59.3598345076919,-9.06852089655929,0],[-59.3598433668348,-9.06987649704366,0],[-59.3601161270904,-9.06987473563098,0],[-59.3601178992889,-9.07014585566128,0],[-59.3606634200431,-9.0701423321195,0],[-59.360661647436,-9.06987121219623,0],[-59.3609344075259,-9.06986945017416,0]],[[-59.3581944103106,-9.06798921829906,0],[-59.3581926399838,-9.0677180978595,0],[-59.3576471219143,-9.06772161678257,0],[-59.357650661806,-9.06826385787118,0],[-59.3579234212769,-9.06826209840427,0],[-59.3579216510992,-9.0679909779156,0],[-59.3581944103106,-9.06798921829906,0]],[[-59.2921764842205,-9.06705345682509,0],[-59.2924492555146,-9.06705174641778,0],[-59.2924475346982,-9.0667806132501,0],[-59.2921747636084,-9.06678232360544,0],[-59.2921764842205,-9.06705345682509,0]],[[-59.2929947979421,-9.06704832499384,0],[-59.2924492555146,-9.06705174641778,0],[-59.2924509763847,-9.06732287958112,0],[-59.2927237478295,-9.06732116891872,0],[-59.2927254689575,-9.06759230202574,0],[-59.2929982405531,-9.06759059110825,0],[-59.292999961939,-9.06786172415894,0],[-59.2932727336853,-9.06786001298634,0],[-59.2932744553292,-9.0681311459807,0],[-59.2938199990696,-9.06812772292212,0],[-59.2938217211758,-9.06839885580815,0],[-59.2946400369971,-9.06839371954078,0],[-59.29464175977,-9.0686648522664,0],[-59.2949145318075,-9.06866313971898,0],[-59.2949162548385,-9.06893427238824,0],[-59.2951890270266,-9.06893255958564,0],[-59.2951907503156,-9.06920369219853,0],[-59.2957362949396,-9.06920026587981,0],[-59.2957345712419,-9.06892913337103,0],[-59.2954617991611,-9.0689308465799,0],[-59.2954600757214,-9.06865971401474,0],[-59.2951873037913,-9.06866142696843,0],[-59.2951855806097,-9.06839029434687,0],[-59.2949128088302,-9.06839200704539,0],[-59.2949110859066,-9.06812087436746,0],[-59.2946383142779,-9.06812258681081,0],[-59.2946365916123,-9.06785145407652,0],[-59.293545505378,-9.06785830161061,0],[-59.2935437835834,-9.06758716866391,0],[-59.2932710120951,-9.06758887998764,0],[-59.2932692905584,-9.0673177469846,0],[-59.2929965192208,-9.06731945805321,0],[-59.2929947979421,-9.06704832499384,0]],[[-59.2962818393489,-9.0691968387485,0],[-59.2957362949396,-9.06920026587981,0],[-59.295738018691,-9.06947139838426,0],[-59.2960107911269,-9.06946968486812,0],[-59.2960125151363,-9.06974081731618,0],[-59.2962852877229,-9.06973910354482,0],[-59.2962818393489,-9.0691968387485,0]],[[-59.2965580602557,-9.0697373895703,0],[-59.2962852877229,-9.06973910354482,0],[-59.2962870119904,-9.07001023593648,0],[-59.2965597847276,-9.07000852190989,0],[-59.2965580602557,-9.0697373895703,0]],[[-59.2968325574111,-9.07000680768013,0],[-59.2965597847276,-9.07000852190989,0],[-59.2965632338326,-9.07055078657604,0],[-59.2968360069249,-9.07054907224214,0],[-59.2968377317624,-9.07082020451663,0],[-59.2971105050054,-9.07081848992746,0],[-59.297112230101,-9.07108962214554,0],[-59.2973850034946,-9.0710879073011,0],[-59.2973815529484,-9.07054564296478,0],[-59.2971087799635,-9.07054735770505,0],[-59.2971070549753,-9.0702762254783,0],[-59.2968342821412,-9.0702779399633,0],[-59.2968325574111,-9.07000680768013,0]],[[-59.2902670836608,-9.06706542398944,0],[-59.289994311938,-9.06706713277193,0],[-59.2899960309691,-9.06733826640284,0],[-59.2905415747698,-9.06733484853089,0],[-59.29053985533,-9.06706371500384,0],[-59.2908126269457,-9.06706200581514,0],[-59.2908109073552,-9.0667908723357,0],[-59.2902653644789,-9.06679429040612,0],[-59.2902670836608,-9.06706542398944,0]],[[-59.288901506351,-9.06680283202799,0],[-59.2886287345647,-9.06680453974307,0],[-59.2886304525207,-9.06707567363785,0],[-59.2883576804767,-9.06707738120172,0],[-59.2883611161405,-9.06761964908208,0],[-59.2889066609924,-9.06761623354366,0],[-59.288901506351,-9.06680283202799,0]],[[-59.3647406148273,-9.06794692657698,0],[-59.3650133726582,-9.06794516188337,0],[-59.3650115972239,-9.06767404278241,0],[-59.3652843547952,-9.06767227793934,0],[-59.3652790282112,-9.06685892077124,0],[-59.3650062712527,-9.06686068545343,0],[-59.3650044960396,-9.06658956633506,0],[-59.3641862254452,-9.06659485900249,0],[-59.364191549412,-9.06740821682704,0],[-59.3644643069449,-9.0674064526468,0],[-59.36447318235,-9.06876204866592,0],[-59.365018699293,-9.06875851916008,0],[-59.3650169236927,-9.0684874000722,0],[-59.3647441654532,-9.06848916487305,0],[-59.3647406148273,-9.06794692657698,0]],[[-59.3401869140101,-9.06729154548443,0],[-59.3404596761794,-9.06728979922807,0],[-59.3404579192968,-9.06701867531312,0],[-59.3401851573318,-9.06702042151642,0],[-59.3401869140101,-9.06729154548443,0]],[[-59.340190427531,-9.06783379340741,0],[-59.3401869140101,-9.06729154548443,0],[-59.3399141517861,-9.06729329153771,0],[-59.3399176648984,-9.06783553956681,0],[-59.340190427531,-9.06783379340741,0]],[[-59.3399211782296,-9.06837778757851,0],[-59.3399176648984,-9.06783553956681,0],[-59.339372139469,-9.06783903127632,0],[-59.3393738956986,-9.06811015539044,0],[-59.3391011326975,-9.06811190099359,0],[-59.3390993766722,-9.06784077682643,0],[-59.3382810879537,-9.06784601225822,0],[-59.338282843366,-9.06811713658446,0],[-59.3369190267201,-9.06812585850723,0],[-59.3369207811655,-9.06839698309413,0],[-59.336648017468,-9.06839872692237,0],[-59.3366532805191,-9.06921210081593,0],[-59.3369260448296,-9.06921035682874,0],[-59.3369225356655,-9.06866810767668,0],[-59.3371952995127,-9.06866636359235,0],[-59.3371935448083,-9.06839523906279,0],[-59.3399211782296,-9.06837778757851,0]],[[-59.336656789493,-9.06975435005656,0],[-59.3366532805191,-9.06921210081593,0],[-59.336380516154,-9.06921384459999,0],[-59.3363840247192,-9.06975609394658,0],[-59.336656789493,-9.06975435005656,0]],[[-59.2681792121995,-9.06828772833459,0],[-59.2687247657552,-9.06828434265274,0],[-59.2687213593036,-9.06774206734991,0],[-59.2681758065654,-9.06774545282602,0],[-59.2681792121995,-9.06828772833459,0]],[[-59.2689975424534,-9.0682826495071,0],[-59.2687247657552,-9.06828434265274,0],[-59.2687298758304,-9.06909775557452,0],[-59.2681843210485,-9.06910114156499,0],[-59.2681860241043,-9.0693722792998,0],[-59.2676404687015,-9.06937566458048,0],[-59.2676421714015,-9.06964680241381,0],[-59.2668238372863,-9.06965187896528,0],[-59.266827241619,-9.07019415492742,0],[-59.2665544630658,-9.07019584680769,0],[-59.2665561651073,-9.07046698483366,0],[-59.2671017225696,-9.07046360076713,0],[-59.2671000201193,-9.07019246284396,0],[-59.2673727985665,-9.07019077055732,0],[-59.2673710959648,-9.06991963268123,0],[-59.268189430375,-9.06991455475644,0],[-59.2681877272131,-9.06964341703029,0],[-59.2687332828126,-9.06964003083407,0],[-59.268731579295,-9.06936889320646,0],[-59.2690043568107,-9.06936719985504,0],[-59.2690026531418,-9.06909606227454,0],[-59.2692754304001,-9.06909436877141,0],[-59.2692720228127,-9.06855209370035,0],[-59.2689992459632,-9.06855378710058,0],[-59.2689975424534,-9.0682826495071,0]],[[-59.2665578672018,-9.0707381228553,0],[-59.2665561651073,-9.07046698483366,0],[-59.2662833862966,-9.07046867656213,0],[-59.2662850881867,-9.07073981463516,0],[-59.2665578672018,-9.0707381228553,0]],[[-59.3352877047638,-9.0689496928133,0],[-59.3355604691431,-9.0689479498947,0],[-59.3355587156101,-9.06867682505164,0],[-59.3352859514351,-9.06867856791728,0],[-59.3352877047638,-9.0689496928133,0]],[[-59.3358332334678,-9.06894620677298,0],[-59.3355604691431,-9.0689479498947,0],[-59.3355622227308,-9.06921907473341,0],[-59.3358349872598,-9.06921733155873,0],[-59.3358332334678,-9.06894620677298,0]],[[-59.3361077517342,-9.06921558818092,0],[-59.3358349872598,-9.06921733155873,0],[-59.3358367411064,-9.06948845634013,0],[-59.3361095057851,-9.06948671290936,0],[-59.3361077517342,-9.06921558818092,0]],[[-59.356301017223,-9.07044161847725,0],[-59.3576648235778,-9.07043282205149,0],[-59.3576595124999,-9.06961946051653,0],[-59.3573867519522,-9.06962122004761,0],[-59.3573832119179,-9.06907897889563,0],[-59.3571104517238,-9.06908073811668,0],[-59.3571086819937,-9.06880961748072,0],[-59.3568359219488,-9.06881137644523,0],[-59.3568447701289,-9.07016697984873,0],[-59.3562992478304,-9.07017049770275,0],[-59.356301017223,-9.07044161847725,0]],[[-59.3563027866708,-9.0707127392474,0],[-59.356301017223,-9.07044161847725,0],[-59.3557554942953,-9.07044513562555,0],[-59.3557537253114,-9.07017401474422,0],[-59.3554809639693,-9.07017577296024,0],[-59.3554791952448,-9.06990465202114,0],[-59.3552064340519,-9.06990640998063,0],[-59.3552082025721,-9.07017753097314,0],[-59.3549354411198,-9.07017928878289,0],[-59.3549372094906,-9.07045040982444,0],[-59.3552099711473,-9.07044865196129,0],[-59.3552117397776,-9.07071977294509,0],[-59.3563027866708,-9.0707127392474,0]],[[-59.2635606949724,-9.071298998418,0],[-59.2638334749261,-9.07129730856749,0],[-59.2638300746667,-9.07075503150991,0],[-59.2635572951219,-9.07075672125777,0],[-59.263553895483,-9.07021444408023,0],[-59.263826674619,-9.07021275443504,0],[-59.2638249746746,-9.0699416158911,0],[-59.2627338586308,-9.06994837304745,0],[-59.2627389561698,-9.07076178928211,0],[-59.2630117358734,-9.07076010014387,0],[-59.2630134353634,-9.07103123882879,0],[-59.2635589950207,-9.07102785984005,0],[-59.2635606949724,-9.071298998418,0]],[[-59.2646450117093,-9.07020768428031,0],[-59.263826674619,-9.07021275443504,0],[-59.2638283746164,-9.07048389297464,0],[-59.2643739331383,-9.070480512972,0],[-59.2643756335974,-9.0707516514046,0],[-59.2649211923164,-9.07074827048648,0],[-59.2649228932373,-9.07101940881205,0],[-59.2654684521533,-9.0710160269784,0],[-59.265470153536,-9.07128716519691,0],[-59.2662884921258,-9.07128209076825,0],[-59.2662867901298,-9.07101095270387,0],[-59.2657412315318,-9.07101433575676,0],[-59.2657395299975,-9.07074319758529,0],[-59.2651939715964,-9.07074657972262,0],[-59.265192270524,-9.07047544144408,0],[-59.2646467123199,-9.07047882266589,0],[-59.2646450117093,-9.07020768428031,0]],[[-59.2641130567988,-9.07238017237161,0],[-59.264658618077,-9.07237679124375,0],[-59.2646569170956,-9.07210565288847,0],[-59.2641113562264,-9.07210903391364,0],[-59.2641130567988,-9.07238017237161,0]],[[-59.2652041791433,-9.07237340930294,0],[-59.264658618077,-9.07237679124375,0],[-59.2646603191113,-9.0726479295947,0],[-59.2652058805865,-9.07264454755117,0],[-59.2652041791433,-9.07237340930294,0]],[[-59.2654786612447,-9.07264285622454,0],[-59.2652058805865,-9.07264454755117,0],[-59.2652075820827,-9.07291568579507,0],[-59.2654803629454,-9.07291399441708,0],[-59.2654786612447,-9.07264285622454,0]],[[-59.265753143755,-9.07291230283582,0],[-59.2654803629454,-9.07291399441708,0],[-59.265482064699,-9.07318513260528,0],[-59.2657548457132,-9.07318344097266,0],[-59.265753143755,-9.07291230283582,0]],[[-59.29766985687,-9.07298411692923,0],[-59.2982154062507,-9.07298068549493,0],[-59.2982171325939,-9.07325181746991,0],[-59.2987626821686,-9.07324838511843,0],[-59.2987592287181,-9.07270612137262,0],[-59.2982136799613,-9.07270955351562,0],[-59.2982119537256,-9.07243842153196,0],[-59.2976664051626,-9.07244185275785,0],[-59.29766985687,-9.07298411692923,0]],[[-59.2657599519055,-9.07399685535718,0],[-59.2654871702779,-9.07399854714392,0],[-59.2654854683653,-9.0737274089687,0],[-59.2652126868892,-9.07372910050081,0],[-59.2652092836319,-9.07318682403464,0],[-59.2649365025118,-9.07318851526075,0],[-59.2649348011671,-9.07291737696982,0],[-59.264389239177,-9.07292075870957,0],[-59.2643909401128,-9.07319189710321,0],[-59.2641181588338,-9.07319358771954,0],[-59.2641266632845,-9.07454927987951,0],[-59.2643994455859,-9.07454758900645,0],[-59.2644011468395,-9.07481872737411,0],[-59.2646739292925,-9.07481703624642,0],[-59.2646705264294,-9.07427475960947,0],[-59.2643977443854,-9.07427645063446,0],[-59.2643960432378,-9.07400531225815,0],[-59.2652143885974,-9.07400023872739,0],[-59.2652160903585,-9.07427137694964,0],[-59.2654888722435,-9.07426968531481,0],[-59.2654905742621,-9.07454082348136,0],[-59.2663089202129,-9.07453574720303,0],[-59.2663072175808,-9.07426460919061,0],[-59.2657616540756,-9.07426799347669,0],[-59.2657599519055,-9.07399685535718,0]],[[-59.2663038124756,-9.07372233315279,0],[-59.2663072175808,-9.07426460919061,0],[-59.2665799992539,-9.07426291674265,0],[-59.2665765937397,-9.07372064080761,0],[-59.2663038124756,-9.07372233315279,0]],[[-59.2649467116925,-9.07481534491544,0],[-59.2646739292925,-9.07481703624642,0],[-59.2646756308035,-9.0750881745584,0],[-59.264948413408,-9.07508648317606,0],[-59.2649467116925,-9.07481534491544,0]],[[-59.2652211959596,-9.07508479159042,0],[-59.264948413408,-9.07508648317606,0],[-59.2649535188724,-9.07589989793195,0],[-59.2646807356543,-9.07590158946835,0],[-59.2646824373771,-9.07617272776301,0],[-59.2641368703728,-9.07617611032856,0],[-59.2641385717395,-9.07644724872158,0],[-59.2638657879533,-9.07644893975071,0],[-59.2638674891685,-9.07672007819073,0],[-59.2635947051248,-9.07672176906786,0],[-59.2635981073047,-9.07726404603758,0],[-59.2638708917575,-9.07726235505779,0],[-59.2638725931315,-9.07753349348482,0],[-59.264145377736,-9.07753180225034,0],[-59.2641436761574,-9.07726066387465,0],[-59.2644164605043,-9.07725897248816,0],[-59.2644113554727,-9.07644555748912,0],[-59.2649569227802,-9.07644217441422,0],[-59.2649552207998,-9.07617103617525,0],[-59.2652280041696,-9.07616934438416,0],[-59.2652245999587,-9.07562706799595,0],[-59.2654973828664,-9.07562537610428,0],[-59.2654956806358,-9.07535423795504,0],[-59.2652228979327,-9.07535592979535,0],[-59.2652211959596,-9.07508479159042,0]],[[-59.2652365156241,-9.07752503527888,0],[-59.264145377736,-9.07753180225034,0],[-59.2641521845797,-9.0786163557098,0],[-59.2646977552665,-9.07861297222,0],[-59.264699457519,-9.07888411047134,0],[-59.2638811007956,-9.078889185555,0],[-59.2638828024873,-9.07916032395604,0],[-59.2636100166023,-9.07916201529515,0],[-59.2636117181423,-9.07943315374319,0],[-59.2633389319997,-9.07943484493023,0],[-59.2633423348292,-9.07997712191596,0],[-59.2630695482245,-9.07997881300225,0],[-59.2630729508565,-9.08052109007329,0],[-59.2633457378705,-9.08051939888437,0],[-59.2633474394706,-9.08079053736207,0],[-59.2636202266364,-9.0807888459184,0],[-59.2636219284941,-9.08105998434044,0],[-59.2638947158116,-9.08105829264201,0],[-59.2638981200951,-9.08160056937043,0],[-59.264170907769,-9.08159887736588,0],[-59.2641726101948,-9.08187001567226,0],[-59.2636270343847,-9.08187339958058,0],[-59.2636253323682,-9.08160226117153,0],[-59.2633525445884,-9.08160395276918,0],[-59.2633508428295,-9.08133281430448,0],[-59.2628052675205,-9.0813361967868,0],[-59.2628035662239,-9.08106505821513,0],[-59.2619852034774,-9.08107013025888,0],[-59.2619886048955,-9.0816124077057,0],[-59.2630797567557,-9.08160564416339,0],[-59.2630814583628,-9.08187678267508,0],[-59.2633542464002,-9.08187509122955,0],[-59.263355948265,-9.08214622968559,0],[-59.2636287364542,-9.08214453798529,0],[-59.2636304385766,-9.08241567638566,0],[-59.2644488034405,-9.08241059990997,0],[-59.2644385878161,-9.0807837703668,0],[-59.2641658008091,-9.08078546242076,0],[-59.2641640985951,-9.08051432409706,0],[-59.2636185248317,-9.08051770749202,0],[-59.2636168230799,-9.08024656906131,0],[-59.264162396434,-9.08024318576902,0],[-59.2641606943259,-9.07997204743665,0],[-59.264979053346,-9.07996697112662,0],[-59.2649756480608,-9.07942469475699,0],[-59.2652484338856,-9.07942300234955,0],[-59.2652416231326,-9.07833844976373,0],[-59.265514408086,-9.07833675735837,0],[-59.2655110026181,-9.07779448114221,0],[-59.265238218074,-9.07779617344483,0],[-59.2652365156241,-9.07752503527888,0]],[[-59.3102191734831,-9.07317611794686,0],[-59.3104919459261,-9.0731743929304,0],[-59.3104902103824,-9.07290326330667,0],[-59.3102174381439,-9.07290498827076,0],[-59.3102191734831,-9.07317611794686,0]],[[-59.3102209088764,-9.07344724761863,0],[-59.3102191734831,-9.07317611794686,0],[-59.3099464009861,-9.0731778427601,0],[-59.3099446658513,-9.07290671303161,0],[-59.3096718935047,-9.07290843758924,0],[-59.3096736284351,-9.07317956737011,0],[-59.30940085583,-9.07318129177688,0],[-59.3094025906099,-9.07345242160577,0],[-59.3091298177464,-9.07345414586167,0],[-59.3091332870593,-9.07399640561115,0],[-59.3094060603317,-9.07399468125052,0],[-59.3094077952736,-9.07426581106638,0],[-59.3096805686966,-9.07426408645014,0],[-59.3096770984578,-9.07372182691881,0],[-59.3099498714177,-9.07372010220406,0],[-59.3099481361749,-9.07344897248425,0],[-59.3102209088764,-9.07344724761863,0]],[[-59.3099550774703,-9.07453349133742,0],[-59.3094095302696,-9.0745369408779,0],[-59.3094112653195,-9.07480807068508,0],[-59.3088657174937,-9.07481151951723,0],[-59.3088587792538,-9.0737269998436,0],[-59.3085860060779,-9.07372872374538,0],[-59.3085842718574,-9.07345759376376,0],[-59.3074931794315,-9.07346448712909,0],[-59.3074949128341,-9.07373561732003,0],[-59.3072221393882,-9.07373734020558,0],[-59.3072238726404,-9.0740084704445,0],[-59.3074966462907,-9.07400674750664,0],[-59.3074983798013,-9.0742778776889,0],[-59.3077711536021,-9.07427615449545,0],[-59.307779822987,-9.07563180508,0],[-59.3069614983551,-9.07563697483534,0],[-59.3069632317804,-9.07590810509618,0],[-59.3072360069162,-9.07590638199538,0],[-59.3072377406,-9.07617751219956,0],[-59.3069649652597,-9.07617923535268,0],[-59.3069701660213,-9.07699262609611,0],[-59.3072429419752,-9.07699090278606,0],[-59.3072446758749,-9.07726203297287,0],[-59.3075174519794,-9.07726030940718,0],[-59.3075157178752,-9.07698917927268,0],[-59.3077884937212,-9.07698745555599,0],[-59.3077867594664,-9.07671632546948,0],[-59.3080595350539,-9.0767146016018,0],[-59.3080578006485,-9.07644347156328,0],[-59.3083305759775,-9.07644174754462,0],[-59.3083288414216,-9.07617061755409,0],[-59.3091471664709,-9.07616544443533,0],[-59.3091454313555,-9.07589431459751,0],[-59.3099637553052,-9.07588913980616,0],[-59.3099620196302,-9.0756180101211,0],[-59.3102347939675,-9.07561628483644,0],[-59.3102313223705,-9.07507402555805,0],[-59.3105040962449,-9.07507230017488,0],[-59.3105023603229,-9.07480117058155,0],[-59.3099568129293,-9.07480462103985,0],[-59.3099550774703,-9.07453349133742,0]],[[-59.3124204618061,-9.07614473366338,0],[-59.312693236066,-9.07614300644428,0],[-59.3126897605716,-9.07560074812666,0],[-59.3124169867207,-9.07560247524089,0],[-59.3124204618061,-9.07614473366338,0]],[[-59.3124221994299,-9.0764158628681,0],[-59.3124204618061,-9.07614473366338,0],[-59.3121476874921,-9.07614646067918,0],[-59.3121494249114,-9.07641758993634,0],[-59.3124221994299,-9.0764158628681,0]],[[-59.3126949738943,-9.07641413559657,0],[-59.3124221994299,-9.0764158628681,0],[-59.3124256748397,-9.07695812126453,0],[-59.3126984497132,-9.07695639388812,0],[-59.3126949738943,-9.07641413559657,0]],[[-59.3118749131241,-9.07614818749169,0],[-59.3121476874921,-9.07614646067918,0],[-59.3121459501269,-9.07587533141768,0],[-59.3118731759634,-9.07587705817776,0],[-59.3118749131241,-9.07614818749169,0]],[[-59.309699658872,-9.07724651356193,0],[-59.3102452100551,-9.07724306256737,0],[-59.3102434739055,-9.07697193295641,0],[-59.3105162492114,-9.07697020720654,0],[-59.3105145129112,-9.07669907764362,0],[-59.3113328378912,-9.07669389933129,0],[-59.3113293642258,-9.07615164050681,0],[-59.310511040473,-9.07615681850475,0],[-59.3105127766651,-9.07642794807635,0],[-59.3099672268173,-9.07643139916325,0],[-59.3099689626544,-9.07670252883529,0],[-59.3094234121814,-9.07670597921371,0],[-59.3094251476634,-9.07697710898614,0],[-59.3091523721414,-9.07697883392274,0],[-59.3091541074729,-9.07724996374319,0],[-59.3088813316923,-9.07725168852883,0],[-59.3088848021082,-9.07779394826141,0],[-59.3094303544336,-9.07779049827736,0],[-59.3094286187895,-9.07751936851797,0],[-59.3097013946667,-9.07751764327331,0],[-59.309699658872,-9.07724651356193,0]],[[-59.2575934427808,-9.07675891691977,0],[-59.257320657521,-9.07676060312007,0],[-59.2573223538794,-9.07703174278602,0],[-59.2570495683623,-9.07703342883416,0],[-59.257051264569,-9.07730456854696,0],[-59.2575968359595,-9.07730119614495,0],[-59.2575934427808,-9.07675891691977,0]],[[-59.2570801081587,-9.08191394300198,0],[-59.2578984756017,-9.08190888148323,0],[-59.2578967778836,-9.08163774199763,0],[-59.2606246638798,-9.08162085755596,0],[-59.2606229641677,-9.08134971857833,0],[-59.2614413283217,-9.08134464943234,0],[-59.2614396280485,-9.08107351060419,0],[-59.260348476556,-9.08108026885356,0],[-59.2603501760106,-9.08135140788677,0],[-59.2573495027944,-9.0813699768522,0],[-59.2573512000504,-9.08164111644453,0],[-59.256805622006,-9.08164449007762,0],[-59.2568090158576,-9.082186769454,0],[-59.2570818053155,-9.08218508263682,0],[-59.2570801081587,-9.08191394300198,0]],[[-59.2559906471669,-9.08219182868472,0],[-59.2562634367833,-9.08219014247795,0],[-59.2562617402405,-9.08191900268959,0],[-59.2559889508288,-9.0819206888452,0],[-59.2559906471669,-9.08219182868472,0]],[[-59.2559923435578,-9.08246296851991,0],[-59.2559906471669,-9.08219182868472,0],[-59.2557178574979,-9.08219351468803,0],[-59.255719553684,-9.08246465457438,0],[-59.2559923435578,-9.08246296851991,0]],[[-59.255721249923,-9.08273579445639,0],[-59.255719553684,-9.08246465457438,0],[-59.2554467637575,-9.08246634042537,0],[-59.2554484597917,-9.08273748035853,0],[-59.255721249923,-9.08273579445639,0]],[[-59.2554501558787,-9.08300862028736,0],[-59.2554484597917,-9.08273748035853,0],[-59.2551756696077,-9.08273916605719,0],[-59.25517736549,-9.08301030603715,0],[-59.2554501558787,-9.08300862028736,0]],[[-59.2551909344472,-9.08517942572097,0],[-59.25517736549,-9.08301030603715,0],[-59.2549045750485,-9.08301199158347,0],[-59.2549130542275,-9.08436769167402,0],[-59.2546402627096,-9.0843693772725,0],[-59.2546470461831,-9.08545393747148,0],[-59.25491983852,-9.08545225166849,0],[-59.2549181423678,-9.08518111167637,0],[-59.2551909344472,-9.08517942572097,0]],[[-59.3125526753624,-9.09675054083223,0],[-59.3122798854863,-9.09675227183292,0],[-59.3122781440108,-9.09648114290194,0],[-59.3120053542857,-9.09648287364643,0],[-59.3120036130693,-9.09621174465867,0],[-59.3117308234951,-9.09621347514698,0],[-59.3117290825377,-9.09594234610244,0],[-59.3114562931144,-9.09594407633458,0],[-59.3114597746732,-9.09648633452414,0],[-59.3117325645065,-9.09648460418717,0],[-59.3117343055719,-9.096755733223,0],[-59.3120070955562,-9.09675400262984,0],[-59.3120088368808,-9.0970251316089,0],[-59.312554417097,-9.09702166970642,0],[-59.3125526753624,-9.09675054083223,0]],[[-59.3139218523724,-9.09755526859499,0],[-59.3136490621519,-9.09755700077191,0],[-59.31365254764,-9.0980992580702,0],[-59.3141981288471,-9.0980957933027,0],[-59.3141963856659,-9.09782466476067,0],[-59.3139235952945,-9.09782639719385,0],[-59.3139218523724,-9.09755526859499,0]],[[-59.3144709193695,-9.09809406061325,0],[-59.3141981288471,-9.0980957933027,0],[-59.3141998720824,-9.09836692184037,0],[-59.3144726628098,-9.09836518909844,0],[-59.3144709193695,-9.09809406061325,0]],[[-59.3150182441022,-9.09836172300319,0],[-59.3144726628098,-9.09836518909844,0],[-59.3144744063043,-9.09863631757929,0],[-59.3147471971826,-9.09863458458108,0],[-59.3147489409363,-9.09890571300508,0],[-59.3150217319655,-9.09890397975056,0],[-59.3150182441022,-9.09836172300319,0]],[[-59.3202362218898,-9.10375130115906,0],[-59.3205090155266,-9.10374956288122,0],[-59.3205107646178,-9.10402069011879,0],[-59.321056352139,-9.10401721284609,0],[-59.3210546026375,-9.10374608571377,0],[-59.3207818091092,-9.10374782439945,0],[-59.3207800598671,-9.10347669721015,0],[-59.3202344730581,-9.10348017386452,0],[-59.3202362218898,-9.10375130115906,0]],[[-59.3213291458181,-9.10401547390385,0],[-59.321056352139,-9.10401721284609,0],[-59.3210581016948,-9.10428833997405,0],[-59.3213308955791,-9.10428660097917,0],[-59.3213291458181,-9.10401547390385,0]],[[-59.3028207265386,-9.11064039158941,0],[-59.3036391330651,-9.11063521138104,0],[-59.3036356577915,-9.11009295060953,0],[-59.302817252497,-9.11009813050452,0],[-59.3028207265386,-9.11064039158941,0]],[[-59.2970936000748,-9.11094773324867,0],[-59.2976392071507,-9.1109442884481,0],[-59.2976340077116,-9.11013089385409,0],[-59.2970884018677,-9.11013433834208,0],[-59.2970936000748,-9.11094773324867,0]],[[-59.3273937812029,-9.11373769580112,0],[-59.3276665810215,-9.11373595026858,0],[-59.3276683374619,-9.1140070759745,0],[-59.3282139373466,-9.11400358419142,0],[-59.3282104236987,-9.11346133298638,0],[-59.3279376241944,-9.11346307887441,0],[-59.3279358676576,-9.11319195321255,0],[-59.3276630683042,-9.11319369884365,0],[-59.3276648246356,-9.1134648245583,0],[-59.3273920250224,-9.11346657003806,0],[-59.3273937812029,-9.11373769580112,0]],[[-59.3096599336519,-9.1135795883359,0],[-59.3088415239094,-9.11358478374201,0],[-59.3088432661227,-9.11385591307961,0],[-59.3091160696296,-9.11385418142937,0],[-59.3091178121024,-9.11412531071026,0],[-59.309663419365,-9.11412184669256,0],[-59.3096599336519,-9.1135795883359,0]],[[-59.2962977122009,-9.1144776117588,0],[-59.2965705185971,-9.11447588939587,0],[-59.296572251728,-9.11474702107022,0],[-59.2973906712103,-9.1147418526001,0],[-59.297388937463,-9.11447072108202,0],[-59.2971161312281,-9.11447244405749,0],[-59.29711439774,-9.11420131248295,0],[-59.2962959793291,-9.11420648002802,0],[-59.2962977122009,-9.1144776117588,0]],[[-59.3369505600757,-9.11503210019258,0],[-59.3366777610853,-9.11503385293087,0],[-59.3366848153805,-9.11611834866014,0],[-59.3372304149502,-9.11611484255544,0],[-59.3372268868715,-9.11557259491152,0],[-59.3369540875248,-9.11557434795997,0],[-59.3369505600757,-9.11503210019258,0]],[[-59.3400697855278,-9.13317805820068,0],[-59.3408882216973,-9.13317278135562,0],[-59.3408864515091,-9.13290165850097,0],[-59.3411592632503,-9.13289989919655,0],[-59.3411557226266,-9.13235765358029,0],[-59.3414285339013,-9.13235589417748,0],[-59.3414267634658,-9.13208477141587,0],[-59.3408811412733,-9.13208828991075,0],[-59.3408829112971,-9.13235941277853,0],[-59.3406100999129,-9.13236117177222,0],[-59.3406118697857,-9.13263229468871,0],[-59.3403390581408,-9.13263405353091,0],[-59.3403408278626,-9.1329051764961,0],[-59.3400680159571,-9.1329069351868,0],[-59.3400697855278,-9.13317805820068,0]],[[-59.309512737515,-9.13310261395534,0],[-59.3086942831937,-9.13310782005935,0],[-59.3086960290911,-9.13337894913501,0],[-59.3089688474581,-9.13337721391925,0],[-59.3089705936154,-9.13364834293818,0],[-59.3095162305991,-9.1336448717881,0],[-59.309512737515,-9.13310261395534,0]],[[-59.286896333058,-9.13758410160945,0],[-59.2866235072464,-9.13758582102967,0],[-59.2866252373243,-9.1378569542561,0],[-59.2877165410736,-9.13785007513949,0],[-59.2877148101718,-9.13757894212053,0],[-59.2879876357693,-9.13757722188147,0],[-59.2879841737144,-9.13703495593423,0],[-59.2877113485289,-9.13703667606952,0],[-59.2877130793236,-9.13730780909721,0],[-59.2868946028277,-9.13731296843051,0],[-59.286896333058,-9.13758410160945,0]],[[-59.2882604613133,-9.13757550143771,0],[-59.2879876357693,-9.13757722188147,0],[-59.2879893668771,-9.13784835484855,0],[-59.288262192627,-9.13784663435289,0],[-59.2882604613133,-9.13757550143771,0]],[[-59.2893500308694,-9.13729748490361,0],[-59.2885315553375,-9.13730264792158,0],[-59.2885332868037,-9.13757378078923,0],[-59.2888061122405,-9.13757205993604,0],[-59.2888078439662,-9.13784319274742,0],[-59.2893534950912,-9.13783975032309,0],[-59.2893500308694,-9.13729748490361,0]],[[-59.3237308399232,-9.1378923529434,0],[-59.3240036588093,-9.13789060557889,0],[-59.3240054172139,-9.13816173163417,0],[-59.3242782362516,-9.13815998401227,0],[-59.324274719085,-9.13761773200274,0],[-59.3240019004592,-9.13761947951923,0],[-59.3240001421635,-9.1373483534552,0],[-59.3234545051606,-9.13735184776873,0],[-59.3234562630444,-9.13762297393816,0],[-59.323729081779,-9.13762122683104,0],[-59.3237308399232,-9.1378923529434,0]],[[-59.3245510552349,-9.13815823618565,0],[-59.3242782362516,-9.13815998401227,0],[-59.3242817536358,-9.13870223600429,0],[-59.3245545730311,-9.13870048807225,0],[-59.3245510552349,-9.13815823618565,0]],[[-59.1155962927446,-9.14621619175337,0],[-59.1150505648192,-9.14621937588467,0],[-59.1150537685933,-9.14676170488467,0],[-59.1153266329933,-9.14676011282556,0],[-59.1153250308752,-9.1464889483757,0],[-59.1155978950195,-9.14648735615957,0],[-59.1155962927446,-9.14621619175337,0]],[[-59.1150553705546,-9.14703286937818,0],[-59.1150537685933,-9.14676170488467,0],[-59.1142351750962,-9.14676647983191,0],[-59.1142367764386,-9.14703764446932,0],[-59.1150553705546,-9.14703286937818,0]],[[-59.1941856674879,-9.14683371803406,0],[-59.1939128172516,-9.14683536943394,0],[-59.1939111556275,-9.1465642190675,0],[-59.1936383055461,-9.14656587021265,0],[-59.193641628433,-9.14710817104071,0],[-59.1944601797608,-9.14710321669178,0],[-59.1944568556364,-9.14656091616229,0],[-59.1941840056576,-9.14656256771738,0],[-59.1941856674879,-9.14683371803406,0]],[[-59.0962371208843,-9.14876923627909,0],[-59.09650999013,-9.14876765803346,0],[-59.0965084019026,-9.14849649031785,0],[-59.0970541398341,-9.14849333330649,0],[-59.0970525512432,-9.14822216568169,0],[-59.0967796825083,-9.14822374424233,0],[-59.0967765058863,-9.14768140888464,0],[-59.096503637515,-9.14768298714511,0],[-59.0965068137244,-9.14822532259792,0],[-59.0962339448913,-9.14822690074846,0],[-59.0962355328633,-9.14849806851593,0],[-59.0959626637748,-9.14849964650896,0],[-59.0959658394532,-9.14904198212605,0],[-59.0962387089544,-9.14904040403793,0],[-59.0962371208843,-9.14876923627909,0]],[[-59.1789175287323,-9.1488239522997,0],[-59.1791903832277,-9.14882231182764,0],[-59.1791870815917,-9.14828000579509,0],[-59.1789142275089,-9.14828164616831,0],[-59.1789109264895,-9.14773934001955,0],[-59.1786380727683,-9.14774098008891,0],[-59.1786364225414,-9.1474698269586,0],[-59.1783635689755,-9.14747146677355,0],[-59.1783685191903,-9.14828492629968,0],[-59.1786413733751,-9.1482832863365,0],[-59.178643023755,-9.14855443945378,0],[-59.1789158780951,-9.14855279923617,0],[-59.1789175287323,-9.1488239522997,0]],[[-59.179463237672,-9.14882067115055,0],[-59.1791903832277,-9.14882231182764,0],[-59.1791936850677,-9.14936461784281,0],[-59.1794665399247,-9.14936297706687,0],[-59.1794681911276,-9.14963413001851,0],[-59.1797410461399,-9.14963248898809,0],[-59.1797377433725,-9.14909018317933,0],[-59.1794648887729,-9.14909182411088,0],[-59.179463237672,-9.14882067115055,0]],[[-59.1802867560114,-9.14962920631212,0],[-59.1797410461399,-9.14963248898809,0],[-59.1797426976001,-9.14990364188596,0],[-59.1802884078842,-9.1499003591111,0],[-59.1802867560114,-9.14962920631212,0]],[[-59.1805612629497,-9.14989871741608,0],[-59.1802884078842,-9.1499003591111,0],[-59.1802900598081,-9.15017151190573,0],[-59.18056291508,-9.15016987016126,0],[-59.1805612629497,-9.14989871741608,0]],[[-59.1808357703008,-9.15016822821174,0],[-59.18056291508,-9.15016987016126,0],[-59.1805662194936,-9.15071217563859,0],[-59.1808390751271,-9.15071053359014,0],[-59.1808407276168,-9.15098168627283,0],[-59.1813864391433,-9.1509784014618,0],[-59.1813880920968,-9.1512495540412,0],[-59.1819338038318,-9.15124626831091,0],[-59.1819354572491,-9.151517420787,0],[-59.1822083132463,-9.15151577756474,0],[-59.1822116206468,-9.1520580824049,0],[-59.1824844770057,-9.15205643887856,0],[-59.1824828230735,-9.15178528651015,0],[-59.182755679175,-9.15178364282821,0],[-59.1827523710511,-9.15124133817736,0],[-59.1822066596226,-9.15124462513814,0],[-59.1822050060501,-9.15097347270719,0],[-59.1819321504656,-9.15097511583047,0],[-59.1819304971504,-9.15070396334569,0],[-59.1811119307095,-9.15070889133663,0],[-59.1811102780645,-9.15043773869907,0],[-59.1808374226884,-9.15043938090312,0],[-59.1808357703008,-9.15016822821174,0]],[[-59.1822132744237,-9.15232923481847,0],[-59.1822116206468,-9.1520580824049,0],[-59.1819387642368,-9.15205972572615,0],[-59.1819404178074,-9.15233087818921,0],[-59.1822132744237,-9.15232923481847,0]],[[-59.1060619782625,-9.14898345628725,0],[-59.1066077135755,-9.14898028473064,0],[-59.1066061176642,-9.14870911878313,0],[-59.1068789850404,-9.14870753274501,0],[-59.106877388972,-9.14843636684097,0],[-59.1071502560925,-9.14843478064558,0],[-59.1071470636912,-9.1478924489201,0],[-59.1063284634196,-9.14789720660438,0],[-59.1063332502387,-9.14871070461619,0],[-59.1060603827638,-9.14871229024419,0],[-59.1060619782625,-9.14898345628725,0]],[[-59.1112464557663,-9.14895329338109,0],[-59.1109735889737,-9.14895488274807,0],[-59.1109767875476,-9.14949721309945,0],[-59.1112496547529,-9.1494956236367,0],[-59.1112480552349,-9.14922445851106,0],[-59.1115209221844,-9.14922286889113,0],[-59.1115161233079,-9.14840937363193,0],[-59.1112432569774,-9.14841096310818,0],[-59.1112464557663,-9.14895329338109,0]],[[-59.1969291443743,-9.1492575409346,0],[-59.1974748473779,-9.14925423252347,0],[-59.1974765121975,-9.14952538219905,0],[-59.1977493638284,-9.1495237276361,0],[-59.197746033828,-9.14898142838028,0],[-59.1974731826097,-9.14898308284354,0],[-59.197471517893,-9.14871193315927,0],[-59.1969258157146,-9.14871524137107,0],[-59.1969291443743,-9.1492575409346,0]],[[-59.103065210499,-9.14981438486477,0],[-59.1033380793412,-9.14981280130164,0],[-59.1033348922247,-9.14927046828231,0],[-59.1030620237952,-9.14927205175002,0],[-59.103065210499,-9.14981438486477,0]],[[-59.1036109481342,-9.14981121753343,0],[-59.1033380793412,-9.14981280130164,0],[-59.1033412666547,-9.15035513430369,0],[-59.1041598741242,-9.15035038209746,0],[-59.1041582798237,-9.15007921574176,0],[-59.1036125419727,-9.1500823839889,0],[-59.1036109481342,-9.14981121753343,0]],[[-59.1761972246093,-9.15019611346582,0],[-59.175651512383,-9.15019939018784,0],[-59.1756498639668,-9.14992823655341,0],[-59.1751041519494,-9.14993151235651,0],[-59.1751025039968,-9.14966035861906,0],[-59.174829648118,-9.1496619961637,0],[-59.1748263527782,-9.14911968857712,0],[-59.1742806416933,-9.14912296285396,0],[-59.1742822889251,-9.14939411674807,0],[-59.1737365772239,-9.14939739030339,0],[-59.173738224094,-9.14966854429178,0],[-59.1729196555417,-9.14967345323483,0],[-59.1729213018437,-9.14994460736676,0],[-59.1726484453515,-9.14994624332029,0],[-59.172650091498,-9.15021739749717,0],[-59.1737415179869,-9.15021085225553,0],[-59.173739871015,-9.14993969827583,0],[-59.1740127273037,-9.14993806150207,0],[-59.1740110801764,-9.14966690756733,0],[-59.1745567921884,-9.14966363350329,0],[-59.1745584397283,-9.1499347873394,0],[-59.1748312958643,-9.14993314995048,0],[-59.1748329436615,-9.15020430373293,0],[-59.1753786561934,-9.15020102824126,0],[-59.1753803044542,-9.15047218192069,0],[-59.1759260171951,-9.1504689055101,0],[-59.1759276659195,-9.15074005908649,0],[-59.1762005224199,-9.15073842052423,0],[-59.1762021714016,-9.15100957404693,0],[-59.1764750280575,-9.15100793523024,0],[-59.1764766772965,-9.15127908869924,0],[-59.1767495341077,-9.1512774496281,0],[-59.176751183604,-9.15154860304338,0],[-59.1770240405706,-9.15154696371779,0],[-59.1770256903243,-9.15181811707935,0],[-59.1775714045174,-9.15181483771413,0],[-59.177569754351,-9.15154368445133,0],[-59.1772968974863,-9.15154532418711,0],[-59.1772952475772,-9.15127417087058,0],[-59.1770223908679,-9.15127581035188,0],[-59.1770207412162,-9.15100465698164,0],[-59.1767478846623,-9.15100629620848,0],[-59.1767462352679,-9.15073514278451,0],[-59.1764733788694,-9.15073678175691,0],[-59.1764717297323,-9.15046562827924,0],[-59.1761988734892,-9.1504672669972,0],[-59.1761972246093,-9.15019611346582,0]],[[-59.1792085458731,-9.15180499469617,0],[-59.1775714045174,-9.15181483771413,0],[-59.1775730547348,-9.15208599097258,0],[-59.1778459119613,-9.15208435093293,0],[-59.177847562436,-9.15235550413764,0],[-59.1792118488354,-9.15234730061582,0],[-59.1792135003931,-9.15261845356913,0],[-59.1794863577264,-9.15261681220001,0],[-59.1794880095415,-9.15288796509955,0],[-59.1800337244677,-9.1528846816471,0],[-59.1800353767466,-9.1531558344434,0],[-59.1808539493724,-9.15315090757797,0],[-59.1808522964743,-9.15287975493004,0],[-59.1805794391898,-9.15288139737417,0],[-59.1805777865491,-9.15261024467243,0],[-59.18030492942,-9.15261188686199,0],[-59.1803032770367,-9.15234073410645,0],[-59.180030420063,-9.15234237604145,0],[-59.1800287679371,-9.15207122323211,0],[-59.1792101973288,-9.15207614765817,0],[-59.1792085458731,-9.15180499469617,0]],[[-59.1726517376954,-9.1504885516697,0],[-59.172650091498,-9.15021739749717,0],[-59.1721043779484,-9.15022066888761,0],[-59.1721060237331,-9.15049182315869,0],[-59.1718331666757,-9.15049345859559,0],[-59.1718397494974,-9.15157807583356,0],[-59.1721126073803,-9.15157644019961,0],[-59.1721076695686,-9.15076297742543,0],[-59.1723805267815,-9.1507613417342,0],[-59.1723788807397,-9.15049018751673,0],[-59.1726517376954,-9.1504885516697,0]],[[-59.0946126004085,-9.15094804567769,0],[-59.0948854715996,-9.15094646828235,0],[-59.0948870590303,-9.15121763624429,0],[-59.0951599303787,-9.1512160585963,0],[-59.0951567551536,-9.15067372276314,0],[-59.0954296260402,-9.15067214500508,0],[-59.0954264505985,-9.15012980924969,0],[-59.0951535801247,-9.15013138691269,0],[-59.0951551676146,-9.15040255484007,0],[-59.0946094261071,-9.15040570964581,0],[-59.0946126004085,-9.15094804567769,0]],[[-59.0957056729284,-9.15121290268496,0],[-59.0951599303787,-9.1512160585963,0],[-59.0951615180648,-9.15148722650641,0],[-59.09488864651,-9.15148880420192,0],[-59.0948918216165,-9.15203114010421,0],[-59.0954375655028,-9.15202798431796,0],[-59.0954359775122,-9.15175681646403,0],[-59.0957088491753,-9.15175523831072,0],[-59.0957056729284,-9.15121290268496,0]],[[-59.0957040848785,-9.1509417348656,0],[-59.0957056729284,-9.15121290268496,0],[-59.0962514152818,-9.15120974595311,0],[-59.0962482384055,-9.15066741050024,0],[-59.0959753676661,-9.15066898887364,0],[-59.0959769558733,-9.15094015664978,0],[-59.0957040848785,-9.1509417348656,0]],[[-59.0932593480927,-9.15285410721553,0],[-59.0935322209738,-9.15285253051339,0],[-59.0935306342811,-9.15258136233985,0],[-59.0938035069068,-9.15257978548003,0],[-59.0938019200566,-9.15230861734966,0],[-59.0940747924269,-9.15230704033219,0],[-59.0940716184608,-9.15176470415349,0],[-59.093525874497,-9.1517678577933,0],[-59.0935274610427,-9.15203902597981,0],[-59.0932545887809,-9.15204060253949,0],[-59.0932561751691,-9.15231177076916,0],[-59.0927104300856,-9.15231492336805,0],[-59.0927136021834,-9.15285726000432,0],[-59.0924407291552,-9.15285883609097,0],[-59.0924423150712,-9.15313000445009,0],[-59.091896568455,-9.15313315610282,0],[-59.0918981540071,-9.15340432455254,0],[-59.0921710275461,-9.15340274878131,0],[-59.0921726133535,-9.15367391717925,0],[-59.09244548705,-9.15367234115538,0],[-59.0924470731129,-9.15394350950153,0],[-59.0927199469669,-9.15394193322501,0],[-59.0927183606975,-9.15367076492632,0],[-59.092991234296,-9.15366918849209,0],[-59.0929880614914,-9.15312685197669,0],[-59.093260934628,-9.15312527543223,0],[-59.0932593480927,-9.15285410721553,0]],[[-59.0924486592248,-9.15421467784337,0],[-59.0924470731129,-9.15394350950153,0],[-59.09217419921,-9.15394508557286,0],[-59.0921757851154,-9.15421625396216,0],[-59.0924486592248,-9.15421467784337,0]],[[-59.172941061435,-9.15319845661134,0],[-59.1726682024664,-9.15320009315627,0],[-59.1726665557604,-9.15292893902715,0],[-59.1723936969473,-9.15293057531767,0],[-59.1723887577537,-9.15211711275643,0],[-59.1721158995089,-9.15211874869401,0],[-59.1721142534192,-9.15184759444898,0],[-59.1718413953299,-9.15184923013219,0],[-59.1718446871475,-9.15239153871645,0],[-59.1715718285947,-9.15239317429308,0],[-59.1715767660832,-9.15320663728468,0],[-59.1718496252553,-9.15320500156028,0],[-59.1718479791685,-9.15293384728334,0],[-59.1721208380833,-9.15293221140307,0],[-59.1721257771153,-9.15374567407305,0],[-59.1723986365986,-9.15374403783984,0],[-59.1724002832507,-9.15401519200521,0],[-59.1726731428895,-9.15401355551758,0],[-59.1726714960309,-9.15374240140149,0],[-59.1729443554124,-9.15374076475799,0],[-59.172941061435,-9.15319845661134,0]],[[-59.173217214743,-9.15373912790936,0],[-59.1729443554124,-9.15374076475799,0],[-59.1729476495933,-9.15428307288728,0],[-59.1726747897989,-9.15428470962934,0],[-59.1726764367592,-9.15455586373675,0],[-59.1724035767075,-9.15455750032293,0],[-59.1724068703678,-9.15509980862328,0],[-59.1726797308324,-9.15509817193854,0],[-59.1726780837703,-9.15482701783981,0],[-59.1729509439776,-9.15482538099918,0],[-59.17294929676,-9.1545542269454,0],[-59.1732221567099,-9.1545525899489,0],[-59.173217214743,-9.15373912790936,0]],[[-59.1999588488493,-9.15384887078815,0],[-59.2002317033188,-9.15384721358151,0],[-59.2002300356121,-9.15357606447422,0],[-59.199957181349,-9.15357772163097,0],[-59.1999555139001,-9.15330657246943,0],[-59.2002283679568,-9.15330491536259,0],[-59.2002250328008,-9.15276261712628,0],[-59.1999521791569,-9.15276427413331,0],[-59.1999538465028,-9.15303542330355,0],[-59.199680992601,-9.15303708015538,0],[-59.1996843270344,-9.15357937858258,0],[-59.1994114726684,-9.15358103532908,0],[-59.1994131397559,-9.15385218458605,0],[-59.1996859943284,-9.15385052778966,0],[-59.1996876616738,-9.15412167699239,0],[-59.1999605164012,-9.15412001994098,0],[-59.1999588488493,-9.15384887078815,0]],[[-59.0924518315955,-9.15475701451408,0],[-59.0921789570731,-9.15475859072779,0],[-59.0921805431255,-9.15502975910413,0],[-59.0929991671652,-9.15502502970497,0],[-59.0929975804934,-9.15475386147104,0],[-59.0932704548688,-9.1547522846417,0],[-59.0932656945279,-9.15393878005641,0],[-59.0929928207719,-9.15394035674331,0],[-59.0929944072967,-9.15421152499021,0],[-59.0927215332853,-9.15421310151939,0],[-59.0927231196526,-9.15448426980943,0],[-59.0924502453857,-9.15448584618088,0],[-59.0924518315955,-9.15475701451408,0]],[[-59.0875353353706,-9.15397184739144,0],[-59.0869895857544,-9.15397499194205,0],[-59.086994331848,-9.15478849979873,0],[-59.0872672073,-9.15478692748399,0],[-59.0872656250134,-9.15451575825009,0],[-59.0875385002101,-9.15451418577749,0],[-59.0875353353706,-9.15397184739144,0]],[[-59.0910953851152,-9.15612073631794,0],[-59.091368260866,-9.15611916068787,0],[-59.0913650896575,-9.15557682368076,0],[-59.0916379649464,-9.15557524794034,0],[-59.0916347935207,-9.15503291101084,0],[-59.0913619186449,-9.15503448665637,0],[-59.0913587478281,-9.15449214961469,0],[-59.0908129987555,-9.15449530010038,0],[-59.0908177538152,-9.15530880594102,0],[-59.0910906289954,-9.15530723065848,0],[-59.0910953851152,-9.15612073631794,0]],[[-59.1713170740816,-9.15537750765121,0],[-59.1718627957796,-9.15537423561944,0],[-59.1718611492861,-9.15510308137724,0],[-59.1713154280011,-9.1551063533105,0],[-59.1713170740816,-9.15537750765121,0]],[[-59.1713187202131,-9.15564866198758,0],[-59.1713170740816,-9.15537750765121,0],[-59.1699527689473,-9.15538568414,0],[-59.1699544140464,-9.15565683872254,0],[-59.1685901066096,-9.15566501032784,0],[-59.1685917507271,-9.15593616515205,0],[-59.1707746436681,-9.15592308772763,0],[-59.1707729978988,-9.15565193329712,0],[-59.1713187202131,-9.15564866198758,0]],[[-59.0856394411664,-9.15642337531075,0],[-59.0859123181017,-9.15642180373819,0],[-59.0859107365546,-9.15615063429355,0],[-59.0856378598258,-9.15615220581881,0],[-59.0856394411664,-9.15642337531075,0]],[[-59.0856426039941,-9.15696571428168,0],[-59.0856394411664,-9.15642337531075,0],[-59.0850936871493,-9.15642651784013,0],[-59.0850952681257,-9.15669768742236,0],[-59.0848223908373,-9.15669925842648,0],[-59.0848271334396,-9.15751276728913,0],[-59.0845542554828,-9.15751433822985,0],[-59.0845574170486,-9.15805667754459,0],[-59.0840116601624,-9.15805981899933,0],[-59.0840164016376,-9.15887332822272,0],[-59.0842892807248,-9.15887175745616,0],[-59.0842876999777,-9.15860058776663,0],[-59.0845605788096,-9.15859901684205,0],[-59.0845589979047,-9.15832784719548,0],[-59.0848318764812,-9.15832627611289,0],[-59.0848302954185,-9.15805510650929,0],[-59.0851031737396,-9.15805353526871,0],[-59.0851000113476,-9.15751119614314,0],[-59.0853728892067,-9.15750962479186,0],[-59.0853697265969,-9.15696728574361,0],[-59.0856426039941,-9.15696571428168,0]],[[-59.3129318999207,-9.15558540427885,0],[-59.313204734379,-9.15558366169275,0],[-59.3132064880637,-9.1558547895667,0],[-59.3142978261806,-9.15584781696134,0],[-59.3142960716704,-9.15557668929728,0],[-59.3140232374288,-9.15557843270381,0],[-59.3140214831791,-9.15530730498288,0],[-59.3129301464966,-9.15531427634806,0],[-59.3129318999207,-9.15558540427885,0]],[[-59.1661392769555,-9.15649317207746,0],[-59.1655935514733,-9.15649643588463,0],[-59.1655951934717,-9.15676759123651,0],[-59.1664137822384,-9.15676269507057,0],[-59.1664121396205,-9.15649153986607,0],[-59.1672307273113,-9.15648664200064,0],[-59.1672290841247,-9.15621548693925,0],[-59.1661376345949,-9.15622201681949,0],[-59.1661392769555,-9.15649317207746,0]],[[-59.1669595078293,-9.15675942993386,0],[-59.1664137822384,-9.15676269507057,0],[-59.166415424907,-9.15703385027072,0],[-59.1658696987002,-9.15703711468483,0],[-59.1658713410065,-9.15730826997891,0],[-59.1666899308601,-9.15730337290251,0],[-59.1666882879343,-9.15703221775584,0],[-59.1669611509109,-9.15703058503573,0],[-59.1669595078293,-9.15675942993386,0]],[[-59.1658729833634,-9.15757942526865,0],[-59.1658713410065,-9.15730826997891,0],[-59.1655984776205,-9.15730990192726,0],[-59.165600119771,-9.15758105726612,0],[-59.1658729833634,-9.15757942526865,0]],[[-59.1655968355207,-9.15703874658406,0],[-59.1655951934717,-9.15676759123651,0],[-59.165322330448,-9.1567692228814,0],[-59.1653239722906,-9.15704037827806,0],[-59.1655968355207,-9.15703874658406,0]],[[-59.1653256141838,-9.15731153367038,0],[-59.1653239722906,-9.15704037827806,0],[-59.1650511090098,-9.15704200976684,0],[-59.1650527506965,-9.15731316520828,0],[-59.1653256141838,-9.15731153367038,0]],[[-59.1650543924339,-9.15758432064536,0],[-59.1650527506965,-9.15731316520828,0],[-59.1647798871585,-9.15731479654094,0],[-59.1647815286894,-9.15758595202714,0],[-59.1650543924339,-9.15758432064536,0]],[[-59.164783170271,-9.15785710750899,0],[-59.1647815286894,-9.15758595202714,0],[-59.1645086648941,-9.15758758320368,0],[-59.1645103062692,-9.15785873873463,0],[-59.164783170271,-9.15785710750899,0]],[[-59.164511947695,-9.15812989426123,0],[-59.1645103062692,-9.15785873873463,0],[-59.1636917139599,-9.1578636311801,0],[-59.1636933547661,-9.15813478685397,0],[-59.1631476258936,-9.15813804755623,0],[-59.1631492663373,-9.1584092033239,0],[-59.1628764016185,-9.15841083341622,0],[-59.1628780419064,-9.15868198922861,0],[-59.1626051769304,-9.15868361916473,0],[-59.1626068170623,-9.15895477502183,0],[-59.1617882212111,-9.15895966374577,0],[-59.1617865816988,-9.15868850774154,0],[-59.1615137165204,-9.15869013685662,0],[-59.1615186345894,-9.1595036050034,0],[-59.162064366135,-9.15950034627377,0],[-59.1620627263149,-9.15922919032725,0],[-59.1623355918052,-9.15922756070356,0],[-59.1623372318319,-9.15949871660103,0],[-59.1626100974781,-9.15949708672302,0],[-59.1626084572449,-9.1592259308746,0],[-59.162881322634,-9.15922430084036,0],[-59.1628796822448,-9.15895314503666,0],[-59.1631525473767,-9.15895151484621,0],[-59.1631509068317,-9.15868035908723,0],[-59.1636966365304,-9.15867709818869,0],[-59.1636949956229,-9.1584059425235,0],[-59.1639678601897,-9.15840431181542,0],[-59.1639662191264,-9.15813315619497,0],[-59.164511947695,-9.15812989426123,0]],[[-59.0894723894314,-9.15857070509369,0],[-59.0889266334777,-9.15857385412825,0],[-59.0889313864017,-9.15938736076993,0],[-59.0894771435949,-9.15938421145102,0],[-59.0894739741036,-9.15884187388379,0],[-59.0897468522137,-9.15884029901116,0],[-59.0897436825049,-9.15829796152144,0],[-59.089470804808,-9.15829953629927,0],[-59.0894723894314,-9.15857070509369,0]],[[-59.0938447822167,-9.15963015535256,0],[-59.094117660163,-9.15962857705263,0],[-59.0941160718316,-9.15935740908215,0],[-59.0943889495223,-9.15935583062441,0],[-59.0943873610334,-9.15908466269711,0],[-59.0946602384684,-9.15908308408157,0],[-59.0946570612246,-9.15854074830902,0],[-59.0943841842028,-9.15854232682954,0],[-59.0943857725936,-9.15881349476549,0],[-59.0938400179897,-9.15881665128565,0],[-59.0938384300121,-9.1585454832547,0],[-59.0932926756253,-9.15854863885869,0],[-59.0932958508032,-9.15909097510623,0],[-59.0930229731231,-9.15909255269524,0],[-59.0930293232407,-9.16017722532836,0],[-59.0935750802047,-9.16017406956515,0],[-59.0935734921886,-9.15990290150833,0],[-59.0938463703904,-9.15990132336622,0],[-59.0938447822167,-9.15963015535256,0]],[[-59.0990262707539,-9.15905779831159,0],[-59.0984805174057,-9.15906096190708,0],[-59.0984837006304,-9.15960329633071,0],[-59.0987565777423,-9.15960171454041,0],[-59.0987549858988,-9.15933054737836,0],[-59.0993007395619,-9.15932738327704,0],[-59.0992975551959,-9.15878504913042,0],[-59.0990246788021,-9.1587866311885,0],[-59.0990262707539,-9.15905779831159,0]],[[-59.09739537346,-9.16015195622581,0],[-59.0976682511816,-9.1601503751616,0],[-59.0976666600663,-9.15987920781783,0],[-59.0979395375321,-9.15987762659589,0],[-59.0979379462593,-9.15960645929537,0],[-59.0982108234694,-9.1596048779157,0],[-59.0982092320391,-9.15933371065845,0],[-59.0973906008812,-9.15933845403876,0],[-59.0973937825513,-9.15988078883445,0],[-59.0971209049872,-9.15988236964575,0],[-59.0971256772408,-9.16069587194957,0],[-59.0973985554248,-9.16069429099555,0],[-59.09739537346,-9.16015195622581,0]],[[-59.0971272680902,-9.16096703937552,0],[-59.0971256772408,-9.16069587194957,0],[-59.0968527990078,-9.16069745269825,0],[-59.0968543896506,-9.16096862017177,0],[-59.0971272680902,-9.16096703937552,0]],[[-59.199176969542,-9.15981912482746,0],[-59.1994498287085,-9.15981746713877,0],[-59.1994481604882,-9.15954631797752,0],[-59.1999938782538,-9.15954300208413,0],[-59.1999922096719,-9.15927185301831,0],[-59.1997193510214,-9.15927351101774,0],[-59.1997176826975,-9.15900236189766,0],[-59.1994448242021,-9.15900401964195,0],[-59.1994464923194,-9.15927516881191,0],[-59.1991736335659,-9.15927682640083,0],[-59.1991719656551,-9.15900567718098,0],[-59.1988991070567,-9.15900733451477,0],[-59.198900774761,-9.15927848378449,0],[-59.1986279159045,-9.1592801409629,0],[-59.1986295834537,-9.15955129027814,0],[-59.1991753015282,-9.15954797561632,0],[-59.199176969542,-9.15981912482746,0]],[[-59.1980821980373,-9.15928345470396,0],[-59.1986279159045,-9.1592801409629,0],[-59.1986262484068,-9.15900899164331,0],[-59.1980805309526,-9.15901230528464,0],[-59.1980821980373,-9.15928345470396,0]],[[-59.0930547315518,-9.16451591516886,0],[-59.093327613365,-9.16451433663022,0],[-59.0933164942383,-9.16261616029363,0],[-59.0935893745556,-9.16261458188197,0],[-59.0935861976901,-9.16207224584184,0],[-59.093859077545,-9.16207066731978,0],[-59.0938543119944,-9.16125716336964,0],[-59.0935814327594,-9.16125874174921,0],[-59.0935830210206,-9.16152990978441,0],[-59.0933101415299,-9.16153148800612,0],[-59.0933149059877,-9.16234499222823,0],[-59.093042025828,-9.16234657038702,0],[-59.0930499665378,-9.16370241090812,0],[-59.0927770852957,-9.16370398909891,0],[-59.0927882029007,-9.16560216597908,0],[-59.0925153201625,-9.16560374429674,0],[-59.0925216733306,-9.16668841689439,0],[-59.0927945568958,-9.16668683838684,0],[-59.0927913798002,-9.16614450219161,0],[-59.0930642629029,-9.16614292357354,0],[-59.0930547315518,-9.16451591516886,0]],[[-59.1648045154436,-9.1613821283779,0],[-59.1650773820801,-9.16138049630865,0],[-59.165075739633,-9.16110934093236,0],[-59.1648028732032,-9.16111097295251,0],[-59.1648045154436,-9.1613821283779,0]],[[-59.1656231152009,-9.16137723155419,0],[-59.1650773820801,-9.16138049630865,0],[-59.1650806671263,-9.1619228070482,0],[-59.1648078000766,-9.16192443921567,0],[-59.1648061577348,-9.16165328379896,0],[-59.164533290841,-9.16165491571199,0],[-59.1645349329763,-9.1619260711778,0],[-59.1642620658252,-9.16192770293461,0],[-59.164266991915,-9.16274116945325,0],[-59.1650855950757,-9.16273627312495,0],[-59.1650839523752,-9.16246511777038,0],[-59.1653568197874,-9.16246348529936,0],[-59.1653584626946,-9.16273464060482,0],[-59.1656313302628,-9.16273300787933,0],[-59.165629687149,-9.16246185262299,0],[-59.1661754217199,-9.16245858665423,0],[-59.166172134818,-9.16191627632502,0],[-59.1658992679711,-9.16191790931382,0],[-59.1658976248028,-9.16164675409357,0],[-59.1656247581119,-9.1616483868279,0],[-59.1656231152009,-9.16137723155419,0]],[[-59.0949521859162,-9.16233551896253,0],[-59.0952250657326,-9.16233393936609,0],[-59.09522665543,-9.16260510709894,0],[-59.0963181750318,-9.16259878646922,0],[-59.0963165845078,-9.16232761892654,0],[-59.0965894640789,-9.16232603830321,0],[-59.0965846921814,-9.16151253579187,0],[-59.0960389342301,-9.16151569654784,0],[-59.0960405244002,-9.16178686415105,0],[-59.0957676451442,-9.16178844426854,0],[-59.0957692351568,-9.16205961191497,0],[-59.0949505964746,-9.16206435117784,0],[-59.0949521859162,-9.16233551896253,0]],[[-59.1642702762282,-9.16328348044397,0],[-59.1645431444124,-9.1632818484417,0],[-59.1645415020238,-9.16301069299761,0],[-59.1642686340463,-9.16301232495078,0],[-59.1642702762282,-9.16328348044397,0]],[[-59.165361748661,-9.16327695120271,0],[-59.1645431444124,-9.1632818484417,0],[-59.1645464293416,-9.16382415931685,0],[-59.1642735607441,-9.16382579141731,0],[-59.1642719184608,-9.16355463593281,0],[-59.163726181527,-9.16355789941943,0],[-59.163727823397,-9.1638290550021,0],[-59.1634549546475,-9.16383068648643,0],[-59.1634598799413,-9.16464415335559,0],[-59.1640056186297,-9.16464088988707,0],[-59.1640089032389,-9.16518320091514,0],[-59.1651003816613,-9.1651766711206,0],[-59.1650987385046,-9.16490551580513,0],[-59.1653716077768,-9.16490388289209,0],[-59.1653683212021,-9.16436157234634,0],[-59.1650954523432,-9.16436320516116,0],[-59.1650938093386,-9.16409204983265,0],[-59.1653666779907,-9.16409041706695,0],[-59.1653650348301,-9.16381926178321,0],[-59.1656379032249,-9.16381762886125,0],[-59.1656362599083,-9.16354647362229,0],[-59.1653633917202,-9.16354810649513,0],[-59.165361748661,-9.16327695120271,0]],[[-59.1634615218072,-9.16491530896995,0],[-59.1634598799413,-9.16464415335559,0],[-59.163187010521,-9.16464578478175,0],[-59.1631886521803,-9.16491694044519,0],[-59.1634615218072,-9.16491530896995,0]],[[-59.2554105261788,-9.16354038858649,0],[-59.255683377702,-9.16353868784967,0],[-59.2556816661445,-9.16326754916174,0],[-59.255408814828,-9.1632692498474,0],[-59.2554105261788,-9.16354038858649,0]],[[-59.2559562291723,-9.16353698690754,0],[-59.255683377702,-9.16353868784967,0],[-59.2556850893122,-9.16380982653324,0],[-59.2559579409892,-9.16380812553994,0],[-59.2559562291723,-9.16353698690754,0]],[[-59.2562307926133,-9.16380642434132,0],[-59.2559579409892,-9.16380812553994,0],[-59.2559596528588,-9.16407926416798,0],[-59.2562325046896,-9.16407756291818,0],[-59.2562307926133,-9.16380642434132,0]],[[-59.2565053564675,-9.16407586146306,0],[-59.2562325046896,-9.16407756291818,0],[-59.2562342168187,-9.16434870149068,0],[-59.2565070688033,-9.16434699998438,0],[-59.2565053564675,-9.16407586146306,0]],[[-59.1620988140493,-9.16519462014742,0],[-59.1623716840855,-9.16519298944474,0],[-59.1623700429957,-9.16492183363848,0],[-59.1620971731662,-9.1649234642921,0],[-59.1620988140493,-9.16519462014742,0]],[[-59.162100454983,-9.16546577599838,0],[-59.1620988140493,-9.16519462014742,0],[-59.1604615927696,-9.16520440004986,0],[-59.1604599531267,-9.16493324390041,0],[-59.159641342424,-9.16493813093162,0],[-59.1596462596441,-9.16575159980791,0],[-59.1593733886886,-9.16575322855445,0],[-59.1593717497714,-9.16548207221772,0],[-59.159098878972,-9.16548370070987,0],[-59.1590972403121,-9.16521254431981,0],[-59.1585514989752,-9.16521580058992,0],[-59.1585531372217,-9.16548695707791,0],[-59.1588260081222,-9.1654853289966,0],[-59.1588292851803,-9.16602764186162,0],[-59.1599207699302,-9.16602112709035,0],[-59.159919130549,-9.16574997085594,0],[-59.1604648722072,-9.16574671233573,0],[-59.1604632324631,-9.16547555619497,0],[-59.162100454983,-9.16546577599838,0]],[[-59.1585564138664,-9.16602927004087,0],[-59.1585531372217,-9.16548695707791,0],[-59.1582802662708,-9.16548858495381,0],[-59.1582819043611,-9.16575974148641,0],[-59.1580090331529,-9.16576136920585,0],[-59.1580106710871,-9.16603252578307,0],[-59.1585564138664,-9.16602927004087,0]],[[-59.2835364835954,-9.16688886847354,0],[-59.2832636348052,-9.16689059082519,0],[-59.2832619016868,-9.16661945739287,0],[-59.2821705068184,-9.1666263445386,0],[-59.28216877458,-9.16635521089481,0],[-59.2813502284877,-9.16636037394243,0],[-59.2813484969228,-9.16608924013901,0],[-59.2808027996741,-9.16609268104043,0],[-59.2808045308257,-9.16636381494732,0],[-59.2810773796834,-9.16636209454756,0],[-59.2810791110951,-9.16663322839834,0],[-59.2816248090636,-9.16662978687922,0],[-59.281626540942,-9.16690092062214,0],[-59.2824450881141,-9.16689575664788,0],[-59.2824468206659,-9.16716689023115,0],[-59.2829925189268,-9.16716344645119,0],[-59.2829942519455,-9.16743457992654,0],[-59.283539950406,-9.16743113522146,0],[-59.2835416838914,-9.16770226858886,0],[-59.2840873825514,-9.16769882295862,0],[-59.2840891165038,-9.16796995621804,0],[-59.2849076647128,-9.16796478607675,0],[-59.2849059301404,-9.16769365297277,0],[-59.2846330809976,-9.16769537650678,0],[-59.2846296124266,-9.16715311018204,0],[-59.2843567636436,-9.16715483340703,0],[-59.284355029645,-9.16688370018628,0],[-59.2838093323321,-9.1668871459165,0],[-59.2838075988003,-9.16661601258776,0],[-59.2835347502703,-9.166617735093,0],[-59.2835364835954,-9.16688886847354,0]],[[-59.1580303302385,-9.16928640437082,0],[-59.1583032041346,-9.16928477601499,0],[-59.1582999266905,-9.16874246305838,0],[-59.1574813060915,-9.16874734721566,0],[-59.1574796680656,-9.168476190584,0],[-59.1580254147685,-9.16847293478253,0],[-59.1580237763796,-9.16820177824441,0],[-59.1569322835987,-9.16820828882966,0],[-59.1569339211606,-9.16847944556354,0],[-59.1566610476323,-9.16848107274507,0],[-59.1566659600005,-9.16929454306738,0],[-59.1569388341491,-9.16929291573908,0],[-59.1569404719129,-9.16956407245557,0],[-59.1574862204723,-9.16956081708458,0],[-59.1574845822948,-9.16928966046595,0],[-59.1572117082472,-9.16929128820527,0],[-59.1572100703271,-9.16902013153336,0],[-59.158028691698,-9.16901524784573,0],[-59.1580303302385,-9.16928640437082,0]],[[-59.1577590946762,-9.16955918909082,0],[-59.1574862204723,-9.16956081708458,0],[-59.1574878587002,-9.16983197369886,0],[-59.157760733111,-9.16983034565616,0],[-59.1577590946762,-9.16955918909082,0]],[[-59.1582982880442,-9.16847130657357,0],[-59.1582999266905,-9.16874246305838,0],[-59.1585728001224,-9.16874083459498,0],[-59.1585711612694,-9.16846967815911,0],[-59.1582982880442,-9.16847130657357,0]],[[-59.1583163159324,-9.17145402766757,0],[-59.1577705647806,-9.17145728495693,0],[-59.1577689260427,-9.17118612841767,0],[-59.1574960505978,-9.17118775670508,0],[-59.1574944121173,-9.17091660011253,0],[-59.1572215368288,-9.17091822814545,0],[-59.1572198986056,-9.17064707149962,0],[-59.1566741482907,-9.170650326851,0],[-59.1566757861002,-9.17092148359468,0],[-59.1564029106602,-9.17092311101099,0],[-59.156406186017,-9.17146542458316,0],[-59.1572248134267,-9.17146054142408,0],[-59.1572264518014,-9.17173169805688,0],[-59.1583179551345,-9.17172518410459,0],[-59.1583163159324,-9.17145402766757,0]],[[-59.1585908308415,-9.17172355510261,0],[-59.1583179551345,-9.17172518410459,0],[-59.1583195943872,-9.17199634053726,0],[-59.158592470301,-9.17199471148632,0],[-59.1585908308415,-9.17172355510261,0]],[[-59.1555990191482,-9.17336840428495,0],[-59.1558718966015,-9.17336677704518,0],[-59.1558702589581,-9.17309562019387,0],[-59.1555973817117,-9.17309724738474,0],[-59.1555990191482,-9.17336840428495,0]],[[-59.1575091602609,-9.17335700928903,0],[-59.1558718966015,-9.17336677704518,0],[-59.1558735342953,-9.17363793389214,0],[-59.156146411905,-9.17363630639787,0],[-59.1561480498562,-9.17390746319157,0],[-59.1569666830031,-9.17390257932839,0],[-59.1569650444311,-9.17363142268143,0],[-59.1575107991961,-9.17362816584246,0],[-59.1575091602609,-9.17335700928903,0]],[[-59.1539666622566,-9.17419163496031,0],[-59.1545124189597,-9.17418838244917,0],[-59.1545107821995,-9.17391722536647,0],[-59.1547836602684,-9.17391559885134,0],[-59.1547820233517,-9.17364444181317,0],[-59.1545091454897,-9.17364606827942,0],[-59.1545075088303,-9.17337491118803,0],[-59.1542346311248,-9.1733765373998,0],[-59.1542362675772,-9.17364769454006,0],[-59.1539633896143,-9.1736493205951,0],[-59.1539666622566,-9.17419163496031,0]],[[-59.1536986925505,-9.17500673256924,0],[-59.1539715715985,-9.17500510647552,0],[-59.1539748447452,-9.17554742079727,0],[-59.1545206035176,-9.17554416779747,0],[-59.1545173295431,-9.17500185367119,0],[-59.154244450596,-9.17500348017617,0],[-59.1542411772371,-9.17446116593477,0],[-59.1536954200194,-9.1744644181324,0],[-59.1536986925505,-9.17500673256924,0]],[[-59.1537183319736,-9.17826061882512,0],[-59.1545369764172,-9.178255738168,0],[-59.1545353389002,-9.17798458115051,0],[-59.1548082200735,-9.17798295390226,0],[-59.1548033072042,-9.17716948297034,0],[-59.1545304266519,-9.17717111007196,0],[-59.1545255148577,-9.17635763895428,0],[-59.1542526348759,-9.17635926570361,0],[-59.1542591832078,-9.1774438940473,0],[-59.1539863023476,-9.17744552078642,0],[-59.1539895764023,-9.1779878350299,0],[-59.1537166950776,-9.17798946166104,0],[-59.1537183319736,-9.17826061882512,0]],[[-59.1528964145767,-9.17772318300527,0],[-59.1531692958456,-9.17772155704009,0],[-59.1531676594644,-9.17745039976962,0],[-59.1534405404759,-9.17744877364758,0],[-59.153437267451,-9.17690645919128,0],[-59.1528915062055,-9.17690971103431,0],[-59.1528898701827,-9.17663855370195,0],[-59.1523441091495,-9.1766418046246,0],[-59.1523457447584,-9.1769129620546,0],[-59.1520728639593,-9.17691458725623,0],[-59.1520744994116,-9.17718574473072,0],[-59.1518016183551,-9.17718736977548,0],[-59.1518065243935,-9.17800084231928,0],[-59.152079406071,-9.17799921712807,0],[-59.1520826774292,-9.17854153203791,0],[-59.1523555594704,-9.17853990654336,0],[-59.1523571954321,-9.17881106394294,0],[-59.1526300776299,-9.17880943819384,0],[-59.1526235332573,-9.17772480876476,0],[-59.1523506518876,-9.17772643431855,0],[-59.1523490161275,-9.17745527690158,0],[-59.1528947784025,-9.17745202568596,0],[-59.1528964145767,-9.17772318300527,0]],[[-59.2961589724289,-9.17792578516576,0],[-59.295886117626,-9.17792751909974,0],[-59.2958843727973,-9.17765638823582,0],[-59.2961572273932,-9.17765465435392,0],[-59.2961537374832,-9.17711239271708,0],[-59.295880883301,-9.17711412649483,0],[-59.2958791386336,-9.17684299561775,0],[-59.2956062846046,-9.17684472913783,0],[-59.2956097735795,-9.17738699099173,0],[-59.2953369190829,-9.17738872441033,0],[-59.29534389685,-9.17847324827375,0],[-59.2956167521742,-9.1784715146469,0],[-59.2956184969573,-9.17874264554972,0],[-59.2958913524347,-9.17874091166516,0],[-59.2958896074447,-9.17846978081441,0],[-59.2961624626615,-9.17846804677628,0],[-59.2961589724289,-9.17792578516576,0]],[[-59.278143515231,-9.17695524676585,0],[-59.277597800159,-9.17695868687156,0],[-59.2776029927329,-9.17777208991456,0],[-59.2778758509164,-9.17777036980953,0],[-59.2778741197981,-9.17749923551791,0],[-59.2781469777213,-9.17749751525891,0],[-59.278143515231,-9.17695524676585,0]],[[-59.1545500783694,-9.18042499415134,0],[-59.1540043121449,-9.18042824891033,0],[-59.1540026746384,-9.1801570918299,0],[-59.1531840255445,-9.18016197227864,0],[-59.1531823887096,-9.17989081504731,0],[-59.152636622809,-9.17989406755335,0],[-59.1526349864386,-9.17962291022,0],[-59.1523621036197,-9.17962453611557,0],[-59.1523653759968,-9.18016685087558,0],[-59.1526382592297,-9.18016522488236,0],[-59.1526398957009,-9.18043638220701,0],[-59.1529127790906,-9.1804347559592,0],[-59.1529144158192,-9.18070591323067,0],[-59.1542788330464,-9.18069777866093,0],[-59.154283746641,-9.18151124971648,0],[-59.1545566305564,-9.18150962203863,0],[-59.154554992434,-9.18123846507333,0],[-59.1548278760918,-9.18123683723856,0],[-59.1548262378127,-9.18096568031779,0],[-59.154553354362,-9.18096730810368,0],[-59.1545500783694,-9.18042499415134,0]],[[-59.3373683092569,-9.17901721582378,0],[-59.3368226139075,-9.17902074611033,0],[-59.3368261663478,-9.17956299202035,0],[-59.3376447105313,-9.17955769596404,0],[-59.337642933663,-9.17928657317026,0],[-59.3373700858635,-9.17928833867498,0],[-59.3373683092569,-9.17901721582378,0]],[[-59.3289170878693,-9.18015634077548,0],[-59.3291899379832,-9.18015458148696,0],[-59.3291881674209,-9.17988345706139,0],[-59.3294610172733,-9.17988169762005,0],[-59.3294592465585,-9.17961057324291,0],[-59.3291863969131,-9.17961233263142,0],[-59.3291846264598,-9.17934120819706,0],[-59.3286389274193,-9.17934472625152,0],[-59.3286406974586,-9.17961585079152,0],[-59.3283678476496,-9.1796176095631,0],[-59.3283696175366,-9.17988873415152,0],[-59.328915317514,-9.17988521629708,0],[-59.3289170878693,-9.18015634077548,0]],[[-59.3196348618022,-9.17940265539285,0],[-59.3190891589526,-9.17940615905241,0],[-59.3190909217489,-9.17967728543712,0],[-59.3188180700356,-9.17967903701102,0],[-59.3188198326793,-9.17995016344393,0],[-59.319638388277,-9.17994490794745,0],[-59.3196348618022,-9.17940265539285,0]],[[-59.1551073141483,-9.18231983664206,0],[-59.1545615452264,-9.18232309290841,0],[-59.1545697373522,-9.18367887760438,0],[-59.154842622874,-9.18367724932972,0],[-59.1548377068258,-9.18286377867183,0],[-59.1551105916757,-9.18286215033798,0],[-59.1551073141483,-9.18231983664206,0]],[[-59.1714868926697,-9.1833063814631,0],[-59.1709411281693,-9.1833096628191,0],[-59.1709460811833,-9.1841231247668,0],[-59.1712189640803,-9.18412148404397,0],[-59.1712173128177,-9.18385033011501,0],[-59.1714901954567,-9.18384868923559,0],[-59.1714868926697,-9.1833063814631,0]],[[-59.157030626705,-9.18447768516748,0],[-59.1573035123938,-9.18447605489354,0],[-59.1573018716449,-9.18420489846515,0],[-59.157574757076,-9.18420326803429,0],[-59.1575731161704,-9.18393211165049,0],[-59.1573002309464,-9.18393374203241,0],[-59.1572985902985,-9.18366258559532,0],[-59.1567528201132,-9.18366584564379,0],[-59.1567544603468,-9.18393700217874,0],[-59.1564815749713,-9.18393863194315,0],[-59.1564832150483,-9.18420978852267,0],[-59.1562103294151,-9.18421141813016,0],[-59.1562136093063,-9.18475373137396,0],[-59.1559407232083,-9.18475536087342,0],[-59.1559423630225,-9.18502651753771,0],[-59.1562152493276,-9.18502488798934,0],[-59.1562168893995,-9.18529604460037,0],[-59.1567626622727,-9.18529278478821,0],[-59.1567643028094,-9.18556394129705,0],[-59.1570371893774,-9.18556231103324,0],[-59.1570388301718,-9.1858334674888,0],[-59.1575846035707,-9.18583020624568,0],[-59.1575862448299,-9.18610136259901,0],[-59.1578591316608,-9.18609973161969,0],[-59.157865698032,-9.1871843567937,0],[-59.1581385856411,-9.18718272541268,0],[-59.1581418695444,-9.18772503787566,0],[-59.1584147575174,-9.18772340619081,0],[-59.1584131153333,-9.18745225001046,0],[-59.1586860030486,-9.18745061816865,0],[-59.1586794339886,-9.18636599359955,0],[-59.1584065471022,-9.1863676252455,0],[-59.1584016214597,-9.18555415662608,0],[-59.1581287351443,-9.18555578791926,0],[-59.1581270935717,-9.18528463165512,0],[-59.1575813212037,-9.18528789352596,0],[-59.157579680096,-9.18501673715957,0],[-59.1570339079402,-9.18501999810907,0],[-59.157030626705,-9.18447768516748,0]],[[-59.3507699466587,-9.1838106306365,0],[-59.3504970979749,-9.18381240691762,0],[-59.3504988855044,-9.18408352713789,0],[-59.3502260365586,-9.18408530326658,0],[-59.3502278239361,-9.18435642353575,0],[-59.3507735221869,-9.18435287096601,0],[-59.3507699466587,-9.1838106306365,0]],[[-59.3502313988563,-9.18489866406087,0],[-59.3502278239361,-9.18435642353575,0],[-59.3499549747282,-9.184358199512,0],[-59.3499585492342,-9.18490044014373,0],[-59.3502313988563,-9.18489866406087,0]],[[-59.3507770979353,-9.1848951112779,0],[-59.3502313988563,-9.18489866406087,0],[-59.3502331863989,-9.18516978431682,0],[-59.350778885892,-9.18516623142723,0],[-59.3507770979353,-9.1848951112779,0]],[[-59.3499603365698,-9.18517156045298,0],[-59.3499585492342,-9.18490044014373,0],[-59.3494128498251,-9.18490399169219,0],[-59.3494146367465,-9.18517511210802,0],[-59.3499603365698,-9.18517156045298,0]],[[-59.156230011792,-9.18746529733188,0],[-59.1556842354017,-9.18746855710305,0],[-59.1556809553294,-9.18692624375067,0],[-59.1554080674729,-9.18692787322958,0],[-59.1554064277197,-9.18665671649796,0],[-59.15513354002,-9.18665834572207,0],[-59.1551319005245,-9.18638718893721,0],[-59.1540403500496,-9.18639370357915,0],[-59.1540419887163,-9.18666486055952,0],[-59.1537691007643,-9.18666648875413,0],[-59.1537723778345,-9.18720880279951,0],[-59.1534994894176,-9.18721043088592,0],[-59.1535044047796,-9.18802390206791,0],[-59.1537772938182,-9.18802227383494,0],[-59.1537756551065,-9.18775111682748,0],[-59.1540485438875,-9.18774948843744,0],[-59.1540436274334,-9.18693601753553,0],[-59.1545894036006,-9.18693276043087,0],[-59.1545910427826,-9.18720391730479,0],[-59.1548639309977,-9.18720228839472,0],[-59.1548655704374,-9.18747344521541,0],[-59.1554113471307,-9.18747018667976,0],[-59.1554129870353,-9.18774134339832,0],[-59.1556858755135,-9.18773971377272,0],[-59.1556875156758,-9.18801087043802,0],[-59.1565061814291,-9.18800598017894,0],[-59.1565094631487,-9.18854829320304,0],[-59.1567823520466,-9.18854666260697,0],[-59.1567839931894,-9.18881781906357,0],[-59.157056882244,-9.18881618821263,0],[-59.1570585236446,-9.18908734461595,0],[-59.1581500801871,-9.18908081895692,0],[-59.1581484379574,-9.18880966274938,0],[-59.1584213267595,-9.18880803086869,0],[-59.1584180420373,-9.18826571853846,0],[-59.1581451536498,-9.18826735032123,0],[-59.1581435115719,-9.18799619410062,0],[-59.157870623341,-9.1879978256285,0],[-59.1578722652118,-9.18826898189806,0],[-59.1573264881841,-9.18827224443391,0],[-59.1573248467278,-9.18800108806647,0],[-59.1567790699125,-9.18800434968071,0],[-59.1567774289212,-9.18773319321105,0],[-59.1562316523184,-9.18773645390373,0],[-59.156230011792,-9.18746529733188,0]],[[-59.1535076819398,-9.18856621616748,0],[-59.1535044047796,-9.18802390206791,0],[-59.1532315156906,-9.18802553009495,0],[-59.1532347924362,-9.18856784429222,0],[-59.1535076819398,-9.18856621616748,0]],[[-59.0847347763492,-9.18842765155451,0],[-59.0850076778952,-9.18842607522243,0],[-59.0850045049802,-9.18788373697176,0],[-59.0847316038487,-9.18788531320925,0],[-59.0847347763492,-9.18842765155451,0]],[[-59.0852805793925,-9.18842449868436,0],[-59.0850076778952,-9.18842607522243,0],[-59.0850108510056,-9.18896841345575,0],[-59.0852837529174,-9.18896683682309,0],[-59.0852805793925,-9.18842449868436,0]],[[-59.0855566547804,-9.18896525998443,0],[-59.0852837529174,-9.18896683682309,0],[-59.0852853397531,-9.18923800588595,0],[-59.0855582418234,-9.18923642899998,0],[-59.0855566547804,-9.18896525998443,0]],[[-59.2708488660896,-9.1883893119721,0],[-59.2713946012165,-9.18838587782016,0],[-59.2713963294959,-9.18865701317466,0],[-59.2716691971867,-9.18865529573836,0],[-59.2716657402669,-9.18811302512801,0],[-59.2708471382778,-9.18811817651019,0],[-59.2708454105192,-9.18784704104389,0],[-59.2705725432904,-9.18784875770804,0],[-59.2705742708418,-9.18811989322584,0],[-59.2703014033526,-9.18812160973562,0],[-59.2703048582006,-9.18866388086106,0],[-59.2708505939546,-9.18866044742963,0],[-59.2708488660896,-9.1883893119721,0]],[[-59.3360644706054,-9.18824422347948,0],[-59.3368830351572,-9.18823892418678,0],[-59.3368848132103,-9.18851004699435,0],[-59.3371576681586,-9.18850828009877,0],[-59.3371558898983,-9.1882371573442,0],[-59.3374287445848,-9.1882353902958,0],[-59.3374251878141,-9.18769314487948,0],[-59.3366066248335,-9.18769844508917,0],[-59.33660840257,-9.18796956795855,0],[-59.3363355479266,-9.18797133433645,0],[-59.3363337703972,-9.18770021141409,0],[-59.3360609159061,-9.18770197753318,0],[-59.3360644706054,-9.18824422347948,0]],[[-59.1526955657162,-9.18965572865684,0],[-59.1529684561497,-9.18965410074865,0],[-59.1529651794151,-9.18911178648853,0],[-59.1526922893962,-9.18911341429905,0],[-59.1526955657162,-9.18965572865684,0]],[[-59.1527021189612,-9.19074035732018,0],[-59.1526955657162,-9.18965572865684,0],[-59.1524226752324,-9.18965735635905,0],[-59.1524259513394,-9.19019967079709,0],[-59.1521530603906,-9.19020129839098,0],[-59.1521612505039,-9.191557084654,0],[-59.1518883584681,-9.19155871228599,0],[-59.1518899964347,-9.19182986957435,0],[-59.1521628886778,-9.19182824189354,0],[-59.1521678035019,-9.19264171358604,0],[-59.1524406963166,-9.19264008555274,0],[-59.1524439735327,-9.19318239989499,0],[-59.1529897598404,-9.19317914301494,0],[-59.1529995951872,-9.19480608535116,0],[-59.1532724895097,-9.19480445630899,0],[-59.1532593744584,-9.1926352002166,0],[-59.152713589081,-9.1926384573134,0],[-59.1527103116518,-9.1920961430514,0],[-59.1524374193022,-9.19209777119308,0],[-59.1524292276482,-9.19074198521771,0],[-59.1527021189612,-9.19074035732018,0]],[[-59.2711338313015,-9.1902855427491,0],[-59.2714067002888,-9.19028382520958,0],[-59.2714049716904,-9.19001268988139,0],[-59.2716778404172,-9.19001097218747,0],[-59.2716761116647,-9.18973983690642,0],[-59.2719489801312,-9.18973811905811,0],[-59.2719437935713,-9.18892471334323,0],[-59.2713980578284,-9.18892814852478,0],[-59.2713997862141,-9.18919928387051,0],[-59.2711269180556,-9.18920100120396,0],[-59.2711286462873,-9.18947213659682,0],[-59.2708557778685,-9.1894738537759,0],[-59.270859234077,-9.19001612465149,0],[-59.2711321029103,-9.19001440736939,0],[-59.2711338313015,-9.1902855427491,0]],[[-59.2670338893005,-9.18922673649826,0],[-59.2667610202919,-9.18922845053737,0],[-59.2667644701777,-9.18977072296556,0],[-59.2670373396008,-9.18976900882361,0],[-59.2670390648305,-9.19004014497972,0],[-59.2673119344077,-9.19003843058044,0],[-59.2673050329783,-9.18895388613542,0],[-59.26703216423,-9.188955600329,0],[-59.2670338893005,-9.18922673649826,0]],[[-59.2686918221454,-9.19247007792515,0],[-59.2689646932692,-9.19246836182722,0],[-59.2689664204808,-9.19273949757937,0],[-59.2695121629836,-9.19273606466266,0],[-59.2695069802644,-9.19192265770188,0],[-59.2692341096614,-9.19192437410881,0],[-59.2692323824019,-9.19165323839497,0],[-59.2689595119531,-9.19165495454446,0],[-59.2689629661107,-9.19219722607069,0],[-59.2686900951942,-9.19219894211715,0],[-59.2686918221454,-9.19247007792515,0]],[[-59.153828118899,-9.19642813890653,0],[-59.1535552234329,-9.196429768654,0],[-59.1535535833649,-9.19615861173268,0],[-59.1532806880558,-9.19616024122518,0],[-59.1532790482457,-9.19588908425065,0],[-59.1530061530936,-9.19589071348819,0],[-59.1530045135413,-9.19561955646046,0],[-59.1527316185462,-9.19562118544305,0],[-59.1527348972862,-9.19616349959181,0],[-59.1530077926962,-9.19616187051155,0],[-59.1530094323493,-9.19643302753057,0],[-59.1532823279163,-9.19643139819535,0],[-59.1532839678273,-9.19670255516116,0],[-59.1535568635513,-9.19670092557096,0],[-59.1535585037201,-9.19697208248356,0],[-59.1538313996011,-9.19697045263838,0],[-59.1538330400279,-9.19724160949778,0],[-59.1541059360659,-9.19723997939759,0],[-59.1541075767505,-9.19751113620377,0],[-59.1543804729456,-9.19750950584857,0],[-59.1543821138881,-9.19778066260152,0],[-59.1546550102402,-9.1977790319913,0],[-59.1546566514407,-9.19805018869102,0],[-59.1549295479497,-9.19804855782576,0],[-59.1549311894082,-9.19831971447224,0],[-59.1552040860742,-9.19831808335194,0],[-59.1552073695575,-9.19886039653404,0],[-59.1554802665881,-9.19885876510979,0],[-59.1554819086129,-9.19912992164541,0],[-59.1563006000242,-9.19912502598885,0],[-59.1562989573768,-9.19885386959995,0],[-59.1560260604977,-9.19885550164274,0],[-59.1560244181084,-9.19858434520057,0],[-59.1557515213863,-9.19858597698827,0],[-59.1557498792549,-9.19831482049284,0],[-59.1554769826898,-9.19831645202547,0],[-59.1554753408164,-9.19804529547677,0],[-59.1552024444083,-9.19804692675435,0],[-59.1552008027929,-9.1977757701524,0],[-59.1549279065418,-9.19777740117493,0],[-59.1549262651843,-9.19750624451974,0],[-59.1546533690902,-9.19750787528723,0],[-59.1546517279906,-9.1972367185788,0],[-59.1543788320535,-9.19723834909127,0],[-59.1543771912119,-9.19696719232961,0],[-59.1541042954317,-9.19696882258706,0],[-59.154102654848,-9.19669766577218,0],[-59.1538297592249,-9.19669929577463,0],[-59.153828118899,-9.19642813890653,0]],[[-59.1568463940458,-9.19912176118689,0],[-59.1563006000242,-9.19912502598885,0],[-59.1563038854703,-9.19966733875358,0],[-59.1565767829214,-9.19966570635786,0],[-59.1565817120921,-9.2004791753255,0],[-59.1568546101152,-9.20047754257681,0],[-59.1568463940458,-9.19912176118689,0]],[[-59.15658335525,-9.20075033163933,0],[-59.1565817120921,-9.2004791753255,0],[-59.1563088140184,-9.20048080786798,0],[-59.1563104569688,-9.20075196423073,0],[-59.15658335525,-9.20075033163933,0]],[[-59.3282207805314,-9.19886920672233,0],[-59.3287665096221,-9.19886568188573,0],[-59.3287647357112,-9.19859455765822,0],[-59.3290375999674,-9.19859279498362,0],[-59.3290340518945,-9.19805054662103,0],[-59.3282154602067,-9.19805583370971,0],[-59.3282136868742,-9.19778470936336,0],[-59.3279408230766,-9.19778647126132,0],[-59.3279461426155,-9.19859984444557,0],[-59.3282190070353,-9.1985980823892,0],[-59.3282207805314,-9.19886920672233,0]],[[-59.155774516527,-9.20238216746673,0],[-59.1560474161545,-9.20238053499433,0],[-59.1560441301134,-9.20183822221896,0],[-59.155771230901,-9.20183985459355,0],[-59.155774516527,-9.20238216746673,0]],[[-59.1557860178086,-9.20428026238552,0],[-59.155774516527,-9.20238216746673,0],[-59.1555016168489,-9.20238379973287,0],[-59.1555065450439,-9.20319726915664,0],[-59.1552336446926,-9.2031989013632,0],[-59.1552435012001,-9.20482584038639,0],[-59.155516402797,-9.20482420788646,0],[-59.1555131166774,-9.20428189499396,0],[-59.1557860178086,-9.20428026238552,0]],[[-59.3481647973022,-9.2025357021365,0],[-59.3476190701788,-9.20253925772694,0],[-59.3476226483242,-9.20308149872672,0],[-59.3484412401717,-9.2030761647123,0],[-59.3484394504491,-9.20280504437438,0],[-59.3481665867624,-9.2028068225321,0],[-59.3481647973022,-9.2025357021365,0]],[[-59.3277034279369,-9.20321072115515,0],[-59.3279762959377,-9.20320895840729,0],[-59.3279745217767,-9.20293783409186,0],[-59.3277016539834,-9.20293959678692,0],[-59.3277034279369,-9.20321072115515,0]],[[-59.3277069760074,-9.2037529698784,0],[-59.3277034279369,-9.20321072115515,0],[-59.3271576917717,-9.20321424603234,0],[-59.3271612390121,-9.20375649496674,0],[-59.3268883704328,-9.20375825720162,0],[-59.3268901439272,-9.20402938171499,0],[-59.3266172750859,-9.20403114379645,0],[-59.3266190484273,-9.20430226835819,0],[-59.3263461793239,-9.20430403028621,0],[-59.3263479525123,-9.20457515489631,0],[-59.3260750831469,-9.20457691667089,0],[-59.3260768561823,-9.20484804132934,0],[-59.3266225952737,-9.20484451746844,0],[-59.3266208218232,-9.20457339291552,0],[-59.3271665602816,-9.20456986833529,0],[-59.3271630127141,-9.20402761942733,0],[-59.3274358814465,-9.20402585693347,0],[-59.327434107537,-9.20375473252567,0],[-59.3277069760074,-9.2037529698784,0]],[[-59.2540253763355,-9.2034079808569,0],[-59.2529338466863,-9.2034148068762,0],[-59.2529372809231,-9.20395708407675,0],[-59.2537559294845,-9.20395196456493,0],[-59.2537542117171,-9.20368082612019,0],[-59.2540270942577,-9.2036791192549,0],[-59.2540253763355,-9.2034079808569,0]],[[-59.2529389981207,-9.20422822267044,0],[-59.2529372809231,-9.20395708407675,0],[-59.2523915149517,-9.20396049605341,0],[-59.2523932317341,-9.20423163474929,0],[-59.2521203484617,-9.20423334047935,0],[-59.2521237817697,-9.20477561796014,0],[-59.2518508980294,-9.20477732358612,0],[-59.2518526145549,-9.20504846237101,0],[-59.2529441500299,-9.20504163842519,0],[-59.252940715371,-9.20449936125974,0],[-59.2534864819616,-9.20449594825367,0],[-59.2534847642962,-9.20422480976658,0],[-59.2529389981207,-9.20422822267044,0]],[[-59.2859557276509,-9.20374912479654,0],[-59.2856828511226,-9.20375085584186,0],[-59.2856880775945,-9.20456425307898,0],[-59.2859609547454,-9.20456252187812,0],[-59.2859574699622,-9.20402025716146,0],[-59.2862303466445,-9.20401852585807,0],[-59.2862268616604,-9.20347626122754,0],[-59.2859539853932,-9.20347799242722,0],[-59.2859557276509,-9.20374912479654,0]],[[-59.3249836051406,-9.20458396170706,0],[-59.3252564747239,-9.20458220075734,0],[-59.3252582471366,-9.20485332557404,0],[-59.325531116873,-9.20485156436536,0],[-59.3255293442527,-9.2045804396014,0],[-59.325802213727,-9.20457867823925,0],[-59.3257986682348,-9.20403642880361,0],[-59.3249800608935,-9.20404171195496,0],[-59.3249836051406,-9.20458396170706,0]],[[-59.2488577451437,-9.20615176854665,0],[-59.2496764010599,-9.20614665709128,0],[-59.2496729709614,-9.20560437873532,0],[-59.2488543162908,-9.20560948988456,0],[-59.2488577451437,-9.20615176854665,0]],[[-59.1555262623678,-9.20645114645929,0],[-59.1557991651603,-9.20644951345963,0],[-59.1557975215646,-9.20617835709063,0],[-59.1555246189798,-9.20617999004139,0],[-59.1555262623678,-9.20645114645929,0]],[[-59.1563449705936,-9.20644624684126,0],[-59.1557991651603,-9.20644951345963,0],[-59.1558008088064,-9.20672066982427,0],[-59.1560737117561,-9.20671903656935,0],[-59.1560753556604,-9.20699019288072,0],[-59.1566211618235,-9.20698692565398,0],[-59.1566228061937,-9.20725808186315,0],[-59.1571686125701,-9.20725481371309,0],[-59.1571669677845,-9.20698365760178,0],[-59.1568940648293,-9.20698529173106,0],[-59.1568924203018,-9.20671413556646,0],[-59.1563466146552,-9.20671740310808,0],[-59.1563449705936,-9.20644624684126,0]],[[-59.1577144187444,-9.20725154473756,0],[-59.1571686125701,-9.20725481371309,0],[-59.1571702574063,-9.20752596982004,0],[-59.1574431607264,-9.20752433538652,0],[-59.1574448058208,-9.20779549144017,0],[-59.157717709298,-9.20779385675132,0],[-59.1577193546506,-9.20806501275166,0],[-59.1579922582851,-9.20806337780749,0],[-59.157993903896,-9.20833453375451,0],[-59.1582668076875,-9.20833289855499,0],[-59.1582684535567,-9.20860405444869,0],[-59.1585413575055,-9.20860241899381,0],[-59.1585430036329,-9.20887357483419,0],[-59.1588159077388,-9.20887193912394,0],[-59.1588175541245,-9.20914309491098,0],[-59.1590904583876,-9.20914145894535,0],[-59.1590871652513,-9.20859914746486,0],[-59.1588142614036,-9.20860078333254,0],[-59.1588126151191,-9.20832962753677,0],[-59.1585397114286,-9.20833126314908,0],[-59.1585380654023,-9.20806010729997,0],[-59.158265161869,-9.20806174265693,0],[-59.1582635161009,-9.2077905867545,0],[-59.1579906127247,-9.2077922218561,0],[-59.157988967215,-9.20752106590035,0],[-59.1577160639959,-9.20752270074662,0],[-59.1577144187444,-9.20725154473756,0]],[[-59.1588208470477,-9.20968540647197,0],[-59.1588175541245,-9.20914309491098,0],[-59.1585446498109,-9.2091447306702,0],[-59.1585479423186,-9.20968704232913,0],[-59.1588208470477,-9.20968540647197,0]],[[-59.1585495886483,-9.20995819815205,0],[-59.1585479423186,-9.20968704232913,0],[-59.1582750375389,-9.20968867797986,0],[-59.1582766836608,-9.20995983385175,0],[-59.1585495886483,-9.20995819815205,0]],[[-59.1582783298333,-9.21023098971927,0],[-59.1582766836608,-9.20995983385175,0],[-59.1574579683952,-9.20996473971226,0],[-59.1574596139444,-9.21023589572664,0],[-59.1582783298333,-9.21023098971927,0]],[[-59.1893775069604,-9.20814513294593,0],[-59.1891046089733,-9.20814679167312,0],[-59.189107947705,-9.20868909231207,0],[-59.1893808461076,-9.20868743348555,0],[-59.1893791765084,-9.20841628321793,0],[-59.1899249727442,-9.20841296504509,0],[-59.1899216328688,-9.20787066469542,0],[-59.1893758374638,-9.20787398266957,0],[-59.1893775069604,-9.20814513294593,0]],[[-59.2881649031504,-9.20780224779715,0],[-59.2878920239369,-9.20780398127068,0],[-59.2878937685047,-9.20807511320653,0],[-59.2876208890299,-9.20807684652564,0],[-59.2876243779111,-9.20861911048793,0],[-59.2881701376376,-9.2086156434358,0],[-59.2881649031504,-9.20780224779715,0]],[[-59.2911718123004,-9.20859655989668,0],[-59.2919904497182,-9.20859135096225,0],[-59.2919869541926,-9.208049088662,0],[-59.2911683180206,-9.20805429728456,0],[-59.2911718123004,-9.20859655989668,0]],[[-59.3392066374278,-9.20964343838942,0],[-59.3386608958892,-9.20964698313199,0],[-59.3386626795117,-9.20991810527315,0],[-59.3383898084525,-9.20991987738798,0],[-59.3383862416777,-9.20937763299518,0],[-59.3381133709791,-9.20937940479762,0],[-59.3381062389172,-9.2082949157469,0],[-59.3378333689943,-9.20829668713091,0],[-59.33783515172,-9.20856780945324,0],[-59.3375622815348,-9.20856958068397,0],[-59.3375640641077,-9.20884070305491,0],[-59.3372911936601,-9.20884247413236,0],[-59.3372983236684,-9.20992696378405,0],[-59.3375711949466,-9.20992519249453,0],[-59.3375694121547,-9.20965407014125,0],[-59.3378422831705,-9.20965229869841,0],[-59.33784406617,-9.20992342099868,0],[-59.3381169373386,-9.2099216492965,0],[-59.3381187206005,-9.21019277153932,0],[-59.3389373344009,-9.21018745503567,0],[-59.338935550516,-9.20991633295198,0],[-59.3392084214656,-9.20991456042448,0],[-59.3392066374278,-9.20964343838942,0]],[[-59.2925466980858,-9.21021466347886,0],[-59.2928195782563,-9.21021292603006,0],[-59.2928178295215,-9.20994179506453,0],[-59.2930907094307,-9.20994005746137,0],[-59.2930872117068,-9.20939779562114,0],[-59.2933600911469,-9.20939605791566,0],[-59.2933565932225,-9.20885379616185,0],[-59.2930837141978,-9.2088555337633,0],[-59.2930854629254,-9.20912666469442,0],[-59.2928125836393,-9.20912840214154,0],[-59.2928160808404,-9.2096706640946,0],[-59.2925432010852,-9.2096724014394,0],[-59.2925466980858,-9.21021466347886,0]],[[-59.2911822964278,-9.21022334762744,0],[-59.2914551768668,-9.21022161121045,0],[-59.2914516815276,-9.20967934875508,0],[-59.2909059214268,-9.20968282117482,0],[-59.290904174253,-9.20941168983659,0],[-59.2906312943298,-9.20941342568497,0],[-59.2906295474174,-9.20914229429039,0],[-59.2903566676482,-9.20914402988047,0],[-59.2903654017083,-9.21049968706918,0],[-59.2906382825159,-9.21049795121932,0],[-59.2906400296966,-9.21076908259191,0],[-59.2911857915662,-9.21076561016916,0],[-59.2911822964278,-9.21022334762744,0]],[[-59.1541863889486,-9.2105266577736,0],[-59.1555509192471,-9.21051849220431,0],[-59.155552563443,-9.21078964855241,0],[-59.1566441876041,-9.21078311218533,0],[-59.1566425425771,-9.21051195603288,0],[-59.157188353939,-9.2105086867085,0],[-59.157186708547,-9.21023753064955,0],[-59.154184745842,-9.21025550117671,0],[-59.1541863889486,-9.2105266577736,0]],[[-59.1541880321056,-9.21079781436612,0],[-59.1541863889486,-9.2105266577736,0],[-59.1539134827374,-9.21052829026812,0],[-59.1539151256867,-9.2107994469095,0],[-59.1541880321056,-9.21079781436612,0]],[[-59.341947845784,-9.21152355273381,0],[-59.3416749741366,-9.21152532764328,0],[-59.3416696155943,-9.21071196303763,0],[-59.3413967445151,-9.21071373758141,0],[-59.3413931728431,-9.21017149438268,0],[-59.3411203021243,-9.2101732686139,0],[-59.3411185165782,-9.20990214695482,0],[-59.340299904716,-9.20990746825121,0],[-59.340303474617,-9.21044971188352,0],[-59.3397577322708,-9.21045325859511,0],[-59.3397559477082,-9.21018213667501,0],[-59.3394830766605,-9.21018390966823,0],[-59.3394848610155,-9.2104550316414,0],[-59.3392119897054,-9.21045680448134,0],[-59.3392155581644,-9.21099904852055,0],[-59.3389426863841,-9.21100082126027,0],[-59.3389444704881,-9.2112719433263,0],[-59.3394902144091,-9.21126839753441,0],[-59.3394919989833,-9.21153951948991,0],[-59.3397648710693,-9.21153774623136,0],[-59.3397666559059,-9.21180886812938,0],[-59.3400395281448,-9.21180709461139,0],[-59.340035958111,-9.21126485091708,0],[-59.3403088298797,-9.21126307729887,0],[-59.3403124003289,-9.21180532088703,0],[-59.3405852724582,-9.2118035469563,0],[-59.3405870579727,-9.21207466869067,0],[-59.3408599302549,-9.21207289450047,0],[-59.3408581445327,-9.21180177281919,0],[-59.3411310165523,-9.21179999847572,0],[-59.3411328024822,-9.2120711201039,0],[-59.3416785467724,-9.21206757069163,0],[-59.3416767604271,-9.21179644916966,0],[-59.3419496322822,-9.21179467420708,0],[-59.341947845784,-9.21152355273381,0]],[[-59.3171127670211,-9.21114197183591,0],[-59.3176585192519,-9.21113845916789,0],[-59.3176532158644,-9.21032508058568,0],[-59.3171074648797,-9.21032859293832,0],[-59.3171127670211,-9.21114197183591,0]],[[-59.2450732992198,-9.21186953733317,0],[-59.2456190800798,-9.21186613353967,0],[-59.2456173670138,-9.21159499369126,0],[-59.2461631472479,-9.21159158917394,0],[-59.2461614338191,-9.21132044942303,0],[-59.2464343236495,-9.2113187469057,0],[-59.2464308965341,-9.21077646749262,0],[-59.2456122281315,-9.21078157411969,0],[-59.2456156540005,-9.21132385383845,0],[-59.2453427640123,-9.21132555573655,0],[-59.2453444768179,-9.21159669564028,0],[-59.2450715865694,-9.21159839738289,0],[-59.2450732992198,-9.21186953733317,0]],[[-59.1531013334077,-9.2116178136386,0],[-59.1533742406013,-9.21161618156803,0],[-59.1533725979163,-9.21134502484203,0],[-59.1530996909305,-9.21134665686375,0],[-59.1531013334077,-9.2116178136386,0]],[[-59.1520162712174,-9.21270896769328,0],[-59.152289179444,-9.2127073362533,0],[-59.1522875373884,-9.2124361793494,0],[-59.1525604453568,-9.21243454775175,0],[-59.1525588031438,-9.21216339089231,0],[-59.1528317108539,-9.21216175913701,0],[-59.1528300684836,-9.21189060232204,0],[-59.1522842534286,-9.21189386552849,0],[-59.1522858953833,-9.21216502244112,0],[-59.1520129875724,-9.21216665378346,0],[-59.1520162712174,-9.21270896769328,0]],[[-59.1498362841122,-9.21326432645231,0],[-59.1492904658705,-9.21326758560387,0],[-59.1492888260002,-9.21299642817197,0],[-59.1490159170117,-9.21299805738924,0],[-59.1490109983266,-9.21218458492111,0],[-59.1487380899112,-9.21218621378562,0],[-59.148736450658,-9.21191505623876,0],[-59.1481906340917,-9.21191831325084,0],[-59.1481922729293,-9.21218947089517,0],[-59.1479193643629,-9.21219109914022,0],[-59.147921003043,-9.21246225682892,0],[-59.1476480942184,-9.21246388491621,0],[-59.1476530099371,-9.2132773581023,0],[-59.1479259193851,-9.21327572986884,0],[-59.1479226417734,-9.21273341451326,0],[-59.1481955507554,-9.21273178617075,0],[-59.1481939118172,-9.21246062853514,0],[-59.1484668205411,-9.21245900003487,0],[-59.1484700988836,-9.21300131520424,0],[-59.1487430079728,-9.21299968639999,0],[-59.1487446474273,-9.21327084392939,0],[-59.1490175566741,-9.21326921486989,0],[-59.1490191963868,-9.21354037234617,0],[-59.1498379244484,-9.21353548378231,0],[-59.1498362841122,-9.21326432645231,0]],[[-59.1476579261086,-9.21409083124912,0],[-59.1476530099371,-9.2132773581023,0],[-59.1473801004388,-9.21327898612924,0],[-59.1473850159867,-9.21409245942222,0],[-59.1476579261086,-9.21409083124912,0]],[[-59.1517417213006,-9.21243944192521,0],[-59.151468813181,-9.21244107290339,0],[-59.1514704546131,-9.21271222995375,0],[-59.1509246378072,-9.21271549138823,0],[-59.150926278874,-9.21298664853182,0],[-59.1517450046308,-9.21298175592394,0],[-59.1517417213006,-9.21243944192521,0]],[[-59.1509279199912,-9.21325780567105,0],[-59.150926278874,-9.21298664853182,0],[-59.1503804614509,-9.21298990923789,0],[-59.1503821021524,-9.2132610664747,0],[-59.1509279199912,-9.21325780567105,0]],[[-59.3173980181804,-9.21303809917726,0],[-59.3176708957226,-9.21303634237209,0],[-59.3176620551149,-9.21168071153399,0],[-59.3173891786113,-9.21168246807633,0],[-59.3173980181804,-9.21303809917726,0]],[[-59.1945910153569,-9.21272311588703,0],[-59.1937723135727,-9.21272810575109,0],[-59.1937739873173,-9.2129992551533,0],[-59.1943197889738,-9.21299592868418,0],[-59.1943214631854,-9.21326707798247,0],[-59.1945943641444,-9.21326541438841,0],[-59.1945910153569,-9.21272311588703,0]],[[-59.1943231374485,-9.21353822727638,0],[-59.1943214631854,-9.21326707798247,0],[-59.1940485621751,-9.21326874137004,0],[-59.1940502362303,-9.21353989071372,0],[-59.1943231374485,-9.21353822727638,0]],[[-59.270736898105,-9.21360661230487,0],[-59.2712826719296,-9.21360316898372,0],[-59.2712809389638,-9.21333203398164,0],[-59.2710080522859,-9.21333375569392,0],[-59.2710045869295,-9.21279148557354,0],[-59.2707317006139,-9.21279320697636,0],[-59.2707299682232,-9.21252207185806,0],[-59.2704570820622,-9.21252379300294,0],[-59.2704588142451,-9.21279492817274,0],[-59.2701859278231,-9.21279664916269,0],[-59.2701911240676,-9.21361005480021,0],[-59.2699182369691,-9.21361177573821,0],[-59.2699234330688,-9.21442518149064,0],[-59.2701963207907,-9.21442346039817,0],[-59.2701945884965,-9.21415232520325,0],[-59.2704674759573,-9.2141506039558,0],[-59.2704657435085,-9.21387946880798,0],[-59.2707386307084,-9.21387774740558,0],[-59.270736898105,-9.21360661230487,0]],[[-59.1929586308438,-9.21354654239818,0],[-59.1932315322675,-9.21354487978681,0],[-59.1932332057506,-9.2138160292754,0],[-59.1935061073308,-9.21381436640778,0],[-59.1935044336398,-9.21354321696893,0],[-59.1937773349608,-9.21354155394457,0],[-59.1937756611133,-9.21327040455112,0],[-59.1926840563525,-9.21327705521059,0],[-59.1926874024362,-9.21381935439115,0],[-59.1929603041191,-9.21381769193652,0],[-59.1929586308438,-9.21354654239818,0]],[[-59.283833668536,-9.21325261205246,0],[-59.2832879000343,-9.21325607426314,0],[-59.2832931265176,-9.21406947243758,0],[-59.2835660114185,-9.21406774128006,0],[-59.2835642689961,-9.21379660861145,0],[-59.2838371536358,-9.21379487729929,0],[-59.283833668536,-9.21325261205246,0]],[[-59.2737386515063,-9.21358766381921,0],[-59.2729199921265,-9.21359283406543,0],[-59.2729217263921,-9.21386396875388,0],[-59.2734674997808,-9.21386052202639,0],[-59.2734692345152,-9.21413165660731,0],[-59.2737421213375,-9.21412993288231,0],[-59.2737386515063,-9.21358766381921,0]],[[-59.272923460711,-9.21413510343793,0],[-59.2729217263921,-9.21386396875388,0],[-59.2726488396179,-9.21386569180794,0],[-59.272650573729,-9.21413682654355,0],[-59.272923460711,-9.21413510343793,0]],[[-59.3594313175787,-9.21439182772832,0],[-59.3610685388714,-9.21438109116381,0],[-59.3610667372825,-9.21410997346825,0],[-59.3613396070967,-9.21410818337193,0],[-59.3613378053553,-9.21383706572549,0],[-59.3610649357489,-9.21383885576826,0],[-59.3610613328475,-9.21329662035502,0],[-59.3605155942996,-9.21330019960716,0],[-59.3605173953072,-9.21357131742308,0],[-59.3599716561227,-9.21357489595671,0],[-59.3599698555305,-9.21330377803373,0],[-59.3594241165404,-9.21330735563472,0],[-59.359427716949,-9.21384959169036,0],[-59.3591548469556,-9.21385138028829,0],[-59.359156647035,-9.21412249836299,0],[-59.3594295172362,-9.21412070971155,0],[-59.3594313175787,-9.21439182772832,0]],[[-59.3591584471698,-9.21439361643327,0],[-59.359156647035,-9.21412249836299,0],[-59.3588837767786,-9.21412428680802,0],[-59.3588855767056,-9.21439540493181,0],[-59.3591584471698,-9.21439361643327,0]],[[-59.2707472945232,-9.21523342284319,0],[-59.2710201827089,-9.21523170097677,0],[-59.2710219158393,-9.21550283599958,0],[-59.2715676924667,-9.21549939154424,0],[-59.2715642254279,-9.21495712170029,0],[-59.2718371132462,-9.21495539926594,0],[-59.2718336460047,-9.21441312950746,0],[-59.271014983637,-9.21441829588193,0],[-59.2710167166078,-9.21468943091794,0],[-59.2707438288377,-9.21469115268133,0],[-59.2707472945232,-9.21523342284319,0]],[[-59.2707490274458,-9.21550455791751,0],[-59.2707472945232,-9.21523342284319,0],[-59.2704744062844,-9.21523514450311,0],[-59.2704726736228,-9.21496400937288,0],[-59.2701997855386,-9.21496573077482,0],[-59.2702015179923,-9.21523686595656,0],[-59.2699286296471,-9.21523858720351,0],[-59.2699268974011,-9.21496745197028,0],[-59.2696540092106,-9.21496917295925,0],[-59.2696522772256,-9.21469803767015,0],[-59.2693793891897,-9.21469975840116,0],[-59.2693811209668,-9.21497089374175,0],[-59.2691082326699,-9.21497261431776,0],[-59.2691099642924,-9.21524374970542,0],[-59.2693828527971,-9.21524202907794,0],[-59.2693845846805,-9.21551316440974,0],[-59.2699303619462,-9.21550972243233,0],[-59.2699320942984,-9.21578085765676,0],[-59.2702049830593,-9.21577913630683,0],[-59.2702067156725,-9.21605027147537,0],[-59.2707524934504,-9.21604682805299,0],[-59.2707507604215,-9.21577569298745,0],[-59.270477871767,-9.21577741475039,0],[-59.2704761389991,-9.21550627962895,0],[-59.2707490274458,-9.21550455791751,0]],[[-59.2483668512766,-9.21483163462275,0],[-59.249458419402,-9.21482481405705,0],[-59.2494567028479,-9.21455367497068,0],[-59.2483651355538,-9.21456049533233,0],[-59.2483668512766,-9.21483163462275,0]],[[-59.248368567052,-9.21510277390878,0],[-59.2483668512766,-9.21483163462275,0],[-59.2480939591135,-9.21483333924795,0],[-59.2480956746811,-9.21510447858498,0],[-59.248368567052,-9.21510277390878,0]],[[-59.1484914130165,-9.21652636337974,0],[-59.1482185011746,-9.21652799261107,0],[-59.1482152219394,-9.21598567745768,0],[-59.147942310463,-9.21598730638496,0],[-59.1479406711288,-9.21571614875298,0],[-59.1476677598099,-9.21571777742496,0],[-59.1476644817082,-9.21517546205047,0],[-59.1473915707549,-9.21517709041845,0],[-59.1473964873592,-9.2159905636198,0],[-59.1471235757318,-9.21599219192736,0],[-59.1471301310769,-9.21707682299624,0],[-59.1474030435359,-9.21707519449383,0],[-59.1473997653469,-9.21653287906554,0],[-59.1476726773398,-9.21653125045397,0],[-59.1476743166171,-9.21680240812158,0],[-59.1479472287675,-9.2168007792547,0],[-59.147948868303,-9.21707193686922,0],[-59.1484946928688,-9.2170686784182,0],[-59.1484914130165,-9.21652636337974,0]],[[-59.2680201405864,-9.21552176573955,0],[-59.2677472516081,-9.21552348538603,0],[-59.2677489822978,-9.21579462102218,0],[-59.2674760930586,-9.2157963405136,0],[-59.2674795541815,-9.21633861187559,0],[-59.2680253334381,-9.21633517248049,0],[-59.2680201405864,-9.21552176573955,0]],[[-59.2674812848227,-9.21660974754999,0],[-59.2674795541815,-9.21633861187559,0],[-59.2672066644736,-9.21634033126336,0],[-59.2672083949069,-9.21661146698919,0],[-59.2674812848227,-9.21660974754999,0]],[[-59.2355510996234,-9.21653837877753,0],[-59.2358239954493,-9.2165366833469,0],[-59.235822288972,-9.21626554174326,0],[-59.2363680800509,-9.21626215036382,0],[-59.2363663732102,-9.21599100885724,0],[-59.2366392684632,-9.21598931290846,0],[-59.2366375614672,-9.21571817144823,0],[-59.2360917713245,-9.21572156303781,0],[-59.2360934779049,-9.2159927045995,0],[-59.235547687137,-9.21599609546444,0],[-59.2355510996234,-9.21653837877753,0]],[[-59.2715728934239,-9.21631279627719,0],[-59.2713000045133,-9.21631451876268,0],[-59.2713069390365,-9.21739905855114,0],[-59.2715798287785,-9.21739733585955,0],[-59.2715763609948,-9.21685506607717,0],[-59.2718492502679,-9.2168533432821,0],[-59.2718440483679,-9.21603993873013,0],[-59.2715711597183,-9.21604166137061,0],[-59.2715728934239,-9.21631279627719,0]],[[-59.2721221394878,-9.21685162028051,0],[-59.2718492502679,-9.2168533432821,0],[-59.271850984341,-9.21712447812397,0],[-59.2721238737687,-9.21712275507084,0],[-59.2721221394878,-9.21685162028051,0]],[[-59.2713086728003,-9.21767019348725,0],[-59.2713069390365,-9.21739905855114,0],[-59.2710340492413,-9.21740078103619,0],[-59.2710357827972,-9.21767191602382,0],[-59.2713086728003,-9.21767019348725,0]],[[-59.2721308114248,-9.21820729418815,0],[-59.2729494818831,-9.21820212317099,0],[-59.2729460117013,-9.21765985393043,0],[-59.2732189013318,-9.21765812994806,0],[-59.273213695835,-9.21684472620891,0],[-59.2734865847886,-9.2168430021747,0],[-59.2734831143079,-9.2163007330964,0],[-59.2729373371787,-9.21630418075205,0],[-59.272940806828,-9.2168464500366,0],[-59.2726679177678,-9.21684817365776,0],[-59.2726696524645,-9.21711930834499,0],[-59.2723967631432,-9.21712103181118,0],[-59.272401966929,-9.21793443600113,0],[-59.2721290769309,-9.21793615941542,0],[-59.2721308114248,-9.21820729418815,0]],[[-59.24974333011,-9.2167210815238,0],[-59.2494704367555,-9.21672278753867,0],[-59.249472153731,-9.2169939265899,0],[-59.2500179408031,-9.21699051425158,0],[-59.2500162234118,-9.21671937530241,0],[-59.2502891166609,-9.21671766887447,0],[-59.2502873991145,-9.21644652997195,0],[-59.2497416129793,-9.21644994251921,0],[-59.24974333011,-9.2167210815238,0]],[[-59.2491975433483,-9.21672449334699,0],[-59.2494704367555,-9.21672278753867,0],[-59.2494687198326,-9.21645164848304,0],[-59.2491958266332,-9.21645335424034,0],[-59.2491975433483,-9.21672449334699,0]],[[-59.2743156677921,-9.21846463503378,0],[-59.2748614477145,-9.2184611844875,0],[-59.2748631843937,-9.21873231873573,0],[-59.2751360744829,-9.21873059310114,0],[-59.2751343375958,-9.21845945890452,0],[-59.2754072274238,-9.21845773311498,0],[-59.275396805973,-9.21683092815256,0],[-59.2748510287582,-9.21683437890578,0],[-59.2748527651177,-9.2171055131804,0],[-59.2745798762225,-9.21710723829883,0],[-59.2745816124274,-9.21737837262065,0],[-59.2737629447985,-9.21738354689151,0],[-59.2737733594051,-9.21901035365858,0],[-59.2743191403722,-9.21900690373221,0],[-59.2743156677921,-9.21846463503378,0]],[[-59.2737750953593,-9.21928148810436,0],[-59.2737733594051,-9.21901035365858,0],[-59.272954687555,-9.21901552699885,0],[-59.2729581582692,-9.21955779619542,0],[-59.2721394846924,-9.21956296798581,0],[-59.2721412195056,-9.21983410273215,0],[-59.272414110959,-9.21983237895706,0],[-59.2724193163417,-9.22064578301503,0],[-59.2721464242645,-9.22064750694475,0],[-59.2721481592906,-9.22091864167349,0],[-59.2716023745606,-9.22092208901617,0],[-59.271604109224,-9.22119322384357,0],[-59.2713312165713,-9.22119494725651,0],[-59.2713329510799,-9.22146608213104,0],[-59.271060058166,-9.22146780538887,0],[-59.2710617925199,-9.22173894031052,0],[-59.2716075787105,-9.22173549348518,0],[-59.2716058439407,-9.22146435866658,0],[-59.2721516295025,-9.22146091111776,0],[-59.2721498943699,-9.22118977639783,0],[-59.272422786863,-9.22118805236502,0],[-59.2724210515758,-9.22091691769223,0],[-59.2726939438077,-9.22091519350434,0],[-59.2726922083657,-9.2206440588787,0],[-59.2729651003364,-9.22064233453576,0],[-59.2729633647398,-9.22037119995727,0],[-59.2732362564493,-9.22036947545928,0],[-59.2732327849998,-9.21982720639224,0],[-59.2735056762403,-9.21982548179077,0],[-59.2735022045879,-9.21928321280927,0],[-59.2737750953593,-9.21928148810436,0]],[[-59.2393836021421,-9.21841261043732,0],[-59.2396564986893,-9.21841091175956,0],[-59.2396582084964,-9.21868205261742,0],[-59.2402040018493,-9.21867865454054,0],[-59.2402022916264,-9.21840751378429,0],[-59.2404751880162,-9.2184058144868,0],[-59.2404700570388,-9.21759239234418,0],[-59.239651369583,-9.21759748915962,0],[-59.2396530792326,-9.21786863003065,0],[-59.2393801831012,-9.21787032860681,0],[-59.2393836021421,-9.21841261043732,0]],[[-59.1474194374992,-9.21978677137339,0],[-59.1479652664255,-9.21978351277432,0],[-59.1479619863984,-9.21924119762822,0],[-59.1471432441814,-9.21924608492452,0],[-59.1471399656035,-9.21870376946864,0],[-59.1474128793102,-9.21870214067395,0],[-59.1474112398887,-9.21843098298817,0],[-59.1465924992416,-9.21843586860622,0],[-59.1465941380392,-9.21870702643811,0],[-59.1468670518465,-9.21870539805669,0],[-59.1468719691649,-9.21951887138009,0],[-59.1474177978765,-9.21951561370508,0],[-59.1474194374992,-9.21978677137339,0]],[[-59.1476857929666,-9.21870051167262,0],[-59.1474128793102,-9.21870214067395,0],[-59.147414518782,-9.21897329835536,0],[-59.1476874326464,-9.21897166930531,0],[-59.1476857929666,-9.21870051167262,0]],[[-59.3185337670053,-9.21980921931132,0],[-59.3188066495258,-9.21980746036569,0],[-59.3188048791069,-9.21953633452749,0],[-59.3190777613652,-9.2195345754279,0],[-59.3190742202747,-9.21899232384347,0],[-59.3198928654761,-9.21898704562101,0],[-59.319887552377,-9.21817366868478,0],[-59.3196146713211,-9.21817542814096,0],[-59.3196182129171,-9.21871767954143,0],[-59.3187995681763,-9.21872295698643,0],[-59.3188031087424,-9.21926520868489,0],[-59.3185302266377,-9.21926696752533,0],[-59.3185337670053,-9.21980921931132,0]],[[-59.1463245015117,-9.21925097036098,0],[-59.1457786728138,-9.21925422628538,0],[-59.1457819495131,-9.21979654221074,0],[-59.1460548643032,-9.21979491425451,0],[-59.1460532257204,-9.21952375634269,0],[-59.1463261402522,-9.21952212822847,0],[-59.1463245015117,-9.21925097036098,0]],[[-59.1471465229606,-9.21978840036294,0],[-59.1460548643032,-9.21979491425451,0],[-59.1460565029362,-9.22006607216196,0],[-59.1471481624256,-9.2200595580756,0],[-59.1471465229606,-9.21978840036294,0]],[[-59.1476939918685,-9.22005629979241,0],[-59.1471481624256,-9.2200595580756,0],[-59.1471498019409,-9.22033071578389,0],[-59.1474227168956,-9.22032908669692,0],[-59.1474243566692,-9.22060024435213,0],[-59.1476972717815,-9.22059861500977,0],[-59.1476939918685,-9.22005629979241,0]],[[-59.296153709829,-9.21941048952218,0],[-59.2964265963657,-9.21940874761978,0],[-59.2964248431023,-9.2191376174806,0],[-59.2961519567734,-9.21913935933092,0],[-59.296153709829,-9.21941048952218,0]],[[-59.2961572161014,-9.21995274989149,0],[-59.296153709829,-9.21941048952218,0],[-59.2958808232384,-9.21941223121802,0],[-59.2958825761398,-9.21968336145696,0],[-59.2956096892876,-9.2196851029983,0],[-59.295613194836,-9.22022736356711,0],[-59.2958860821041,-9.22022562192161,0],[-59.2958843290951,-9.21995449169149,0],[-59.2961572161014,-9.21995274989149,0]],[[-59.2882417239716,-9.21973204652821,0],[-59.2879688356161,-9.21973378228535,0],[-59.2879705825419,-9.22000491402754,0],[-59.2885163596151,-9.22000144220287,0],[-59.2885128649854,-9.2194591789217,0],[-59.2887857530258,-9.21945744280331,0],[-59.2887840055835,-9.21918631120803,0],[-59.288238229865,-9.21918978313441,0],[-59.2882417239716,-9.21973204652821,0]],[[-59.2525032155458,-9.2215845021558,0],[-59.2527761120628,-9.22158279294929,0],[-59.2527795529552,-9.22212506966365,0],[-59.2530524498354,-9.22212336014828,0],[-59.2530507291548,-9.22185222184441,0],[-59.2533236257743,-9.2218505121735,0],[-59.2533167427479,-9.22076595911849,0],[-59.2530438469604,-9.22076766858495,0],[-59.2530455674298,-9.22103880690641,0],[-59.2527726713815,-9.22104051621735,0],[-59.2527743916958,-9.22131165458552,0],[-59.2525014953868,-9.22131336374092,0],[-59.2525032155458,-9.2215845021558,0]],[[-59.2773504963039,-9.22359718793945,0],[-59.2770776028982,-9.22359891615635,0],[-59.2770741243465,-9.22305664863999,0],[-59.2776199102727,-9.22305319220614,0],[-59.2776146915974,-9.22223979120853,0],[-59.2770689069192,-9.22224324733242,0],[-59.2770636899719,-9.22142984598524,0],[-59.2767907981766,-9.22143157358227,0],[-59.2767925368977,-9.22170270742071,0],[-59.2765196448412,-9.22170443486276,0],[-59.2765213834077,-9.22197556874845,0],[-59.2759755987187,-9.22197902311591,0],[-59.2759773369226,-9.22225015710046,0],[-59.2757044442901,-9.22225188402586,0],[-59.2757096585977,-9.22306528610798,0],[-59.2762554450572,-9.22306183174077,0],[-59.2762589223608,-9.223604099567,0],[-59.276804709439,-9.22360064416657,0],[-59.2768064485869,-9.2238717779698,0],[-59.2773522358678,-9.22386832163937,0],[-59.2773504963039,-9.22359718793945,0]],[[-59.2628801588164,-9.22260395287074,0],[-59.2623343679792,-9.22260738677909,0],[-59.2623360958901,-9.22287852332851,0],[-59.2620632001841,-9.22288024002401,0],[-59.2620666557489,-9.22342251321227,0],[-59.2628853439561,-9.22341736219785,0],[-59.2628801588164,-9.22260395287074,0]],[[-59.2326037971511,-9.22523356334376,0],[-59.2328767002077,-9.22523186856432,0],[-59.2328749943431,-9.22496072654361,0],[-59.2331478971393,-9.22495903160808,0],[-59.2331410733719,-9.22387446368395,0],[-59.2328681714079,-9.22387615841686,0],[-59.2328630547558,-9.2230627322757,0],[-59.2320443504222,-9.22306781477839,0],[-59.2320460552966,-9.22333895698176,0],[-59.2317731535395,-9.22334065078658,0],[-59.2317765630289,-9.22388293528141,0],[-59.2315036608034,-9.22388462898078,0],[-59.2315053654186,-9.22415577127224,0],[-59.2317782678521,-9.22415407752224,0],[-59.2317799727275,-9.22442521975868,0],[-59.2325986803385,-9.22442013711651,0],[-59.2326037971511,-9.22523356334376,0]],[[-59.1425364225165,-9.22469691461538,0],[-59.1430822607419,-9.22469366170609,0],[-59.1430806235433,-9.22442250333768,0],[-59.1436264611517,-9.22441924969854,0],[-59.1436248235871,-9.22414809142301,0],[-59.1438977421078,-9.22414646434193,0],[-59.1438961043854,-9.22387530611067,0],[-59.1428044308334,-9.22388181299995,0],[-59.1428060677235,-9.2241529714257,0],[-59.1425331490018,-9.22415459767974,0],[-59.1425364225165,-9.22469691461538,0]],[[-59.2757113968068,-9.22333642012655,0],[-59.2754385032891,-9.22333814705177,0],[-59.2754419794513,-9.22388041517894,0],[-59.2759877672655,-9.22387696091534,0],[-59.2759860287417,-9.22360582695719,0],[-59.2757131350693,-9.22360755414072,0],[-59.2757113968068,-9.22333642012655,0]],[[-59.2754437176124,-9.22415154923592,0],[-59.2754419794513,-9.22388041517894,0],[-59.2751690854643,-9.22388214200072,0],[-59.2751708234173,-9.22415327610932,0],[-59.2754437176124,-9.22415154923592,0]],[[-59.2757166117541,-9.22414982215584,0],[-59.2754437176124,-9.22415154923592,0],[-59.2754489324153,-9.22496495138045,0],[-59.2757218271812,-9.22496322414551,0],[-59.2757166117541,-9.22414982215584,0]],[[-59.2748961914239,-9.22388386861582,0],[-59.2751690854643,-9.22388214200072,0],[-59.2751673475645,-9.22361100788772,0],[-59.2748944537322,-9.22361273445121,0],[-59.2748961914239,-9.22388386861582,0]],[[-59.3131061363921,-9.224453512173,0],[-59.3133790235327,-9.22445175646672,0],[-59.3133772563505,-9.22418062965283,0],[-59.3136501432289,-9.22417887379235,0],[-59.3136483758929,-9.22390774702653,0],[-59.3141941490712,-9.22390423479055,0],[-59.3141906137299,-9.22336198145561,0],[-59.3136448413835,-9.22336549348165,0],[-59.3136466086112,-9.2236366202563,0],[-59.3133737221487,-9.22363837601182,0],[-59.3133754892225,-9.22390950283453,0],[-59.3131026024979,-9.22391125843587,0],[-59.3131061363921,-9.224453512173,0]],[[-59.2585259022899,-9.22452936176992,0],[-59.2582530045944,-9.22453107587943,0],[-59.2582547297556,-9.22480221316715,0],[-59.2579818317991,-9.22480392712118,0],[-59.2579852818643,-9.22534620178588,0],[-59.2585310785565,-9.22534277346621,0],[-59.2585259022899,-9.22452936176992,0]],[[-59.2552580182617,-9.22563446881824,0],[-59.255530917371,-9.22563275677788,0],[-59.2555343640081,-9.22617503233767,0],[-59.2558072634807,-9.22617331998824,0],[-59.2558055399276,-9.22590218226171,0],[-59.2560784391393,-9.22590046975671,0],[-59.2560698211264,-9.22454478131398,0],[-59.255796922955,-9.22454649356311,0],[-59.2558003695855,-9.22508876905575,0],[-59.2555274709452,-9.2250904812005,0],[-59.2555291941317,-9.22536161899139,0],[-59.2552562952304,-9.22536333098059,0],[-59.2552580182617,-9.22563446881824,0]],[[-59.144177212803,-9.22522946974087,0],[-59.1436313741468,-9.22523272449891,0],[-59.1436346497281,-9.22577504101066,0],[-59.1439075694975,-9.22577341363776,0],[-59.1439092075716,-9.22604457183845,0],[-59.144182127499,-9.22604294421011,0],[-59.144177212803,-9.22522946974087,0]],[[-59.2751812522548,-9.22578008066842,0],[-59.2749083567581,-9.22578180764477,0],[-59.2749100948762,-9.22605294177415,0],[-59.2746371991182,-9.22605466859537,0],[-59.2746337233515,-9.225512400229,0],[-59.2743608279564,-9.22551412674029,0],[-59.2743573528189,-9.22497185825313,0],[-59.2735386675622,-9.22497703623719,0],[-59.2735404044801,-9.22524817063772,0],[-59.27326750908,-9.22524989627056,0],[-59.2732709826595,-9.22579216516156,0],[-59.2738167742388,-9.22578871348287,0],[-59.2738185115246,-9.22605984781862,0],[-59.2740914074424,-9.2260581216176,0],[-59.2740931449896,-9.22632925589736,0],[-59.2746389370815,-9.22632580277195,0],[-59.2746406750981,-9.22659693694412,0],[-59.2749135712722,-9.2265952100197,0],[-59.2749153095501,-9.22686634413587,0],[-59.275188205879,-9.2268646169531,0],[-59.275186467393,-9.22659348288854,0],[-59.2754593634605,-9.22659175555063,0],[-59.2754628409021,-9.22713402357212,0],[-59.2760086337095,-9.22713056806958,0],[-59.276006894546,-9.22685943416428,0],[-59.2762797906616,-9.2268577061545,0],[-59.2762780513433,-9.22658657229643,0],[-59.2768238429985,-9.22658311575991,0],[-59.2768221033173,-9.22631198200071,0],[-59.2765492077244,-9.2263137103207,0],[-59.2765474683047,-9.22604257650546,0],[-59.2760016773751,-9.22604603242195,0],[-59.2759999384248,-9.22577489849903,0],[-59.2757270430881,-9.22577662609556,0],[-59.2757235657635,-9.22523435813326,0],[-59.2754506707896,-9.22523608541982,0],[-59.2754524092172,-9.22550721945479,0],[-59.2751795139819,-9.22550894658625,0],[-59.2751812522548,-9.22578008066842,0]],[[-59.2754645797028,-9.22740515757627,0],[-59.2754628409021,-9.22713402357212,0],[-59.2749170478814,-9.22713747824764,0],[-59.2749205247037,-9.22767974645797,0],[-59.2751934216569,-9.22767801912037,0],[-59.275191683011,-9.22740688506902,0],[-59.2754645797028,-9.22740515757627,0]],[[-59.3131202741362,-9.22662252694498,0],[-59.3133931629411,-9.22662077081892,0],[-59.3133843254044,-9.2252651368819,0],[-59.3131114376397,-9.22526689274559,0],[-59.3131202741362,-9.22662252694498,0]],[[-59.1430937225381,-9.22659177016266,0],[-59.1428208019936,-9.22659339706101,0],[-59.1428240768281,-9.22713571382082,0],[-59.1433699186996,-9.22713245962283,0],[-59.1433682808409,-9.22686130134235,0],[-59.1436412014932,-9.22685967398174,0],[-59.1436379255102,-9.22631735750493,0],[-59.143092084988,-9.22632061182483,0],[-59.1430937225381,-9.22659177016266,0]],[[-59.2298815785353,-9.22633507003372,0],[-59.2304273873064,-9.22633168399815,0],[-59.2304256831054,-9.22606054153938,0],[-59.2298798747505,-9.22606392747377,0],[-59.2298815785353,-9.22633507003372,0]],[[-59.2298832823723,-9.22660621258928,0],[-59.2298815785353,-9.22633507003372,0],[-59.2296086740713,-9.22633676274136,0],[-59.2296069704947,-9.22606562013083,0],[-59.2293340661866,-9.22606731258113,0],[-59.229337472976,-9.22660959789896,0],[-59.2298832823723,-9.22660621258928,0]],[[-59.3488682437905,-9.22639071425049,0],[-59.3483224803228,-9.22639428004079,0],[-59.3483206860776,-9.22612316002962,0],[-59.3477749228059,-9.22612672488661,0],[-59.3477731290318,-9.2258556047645,0],[-59.3475002475215,-9.2258573868297,0],[-59.3474984540104,-9.22558626664992,0],[-59.3472255726531,-9.22558804845519,0],[-59.3472273659562,-9.22585916868822,0],[-59.3469544843359,-9.22586095034005,0],[-59.3469562774859,-9.22613207062189,0],[-59.3466833956026,-9.22613385212026,0],[-59.3466798097736,-9.22559161144569,0],[-59.3453154016128,-9.22560051530503,0],[-59.3453171934597,-9.22587163591058,0],[-59.3447714293948,-9.22587519611393,0],[-59.3447750124214,-9.22641743752455,0],[-59.3461394242519,-9.22640853493402,0],[-59.3461412168878,-9.22667965536669,0],[-59.3466869816514,-9.22667609277713,0],[-59.3466887747583,-9.22694721309893,0],[-59.3475074221157,-9.22694186750459,0],[-59.3475110097427,-9.22748410781549,0],[-59.3483296578534,-9.22747876004121,0],[-59.3483314523736,-9.22774988003025,0],[-59.3486043351752,-9.22774809697211,0],[-59.3486061299584,-9.22801921690346,0],[-59.3488790129131,-9.22801743358531,0],[-59.3488808079595,-9.22828855345896,0],[-59.3494265741199,-9.22828498609588,0],[-59.34943016521,-9.22882722561677,0],[-59.351613230979,-9.22881294704182,0],[-59.3516150282713,-9.22908406636909,0],[-59.3527065606663,-9.22907692190615,0],[-59.352702964472,-9.228534683674,0],[-59.3524300818721,-9.22853646999314,0],[-59.3524282840657,-9.22826535081706,0],[-59.3516096365596,-9.22827070837398,0],[-59.3516060423605,-9.22772846968845,0],[-59.3505145132457,-9.2277356097767,0],[-59.3505109209314,-9.22719337064684,0],[-59.3496922747655,-9.22719872322255,0],[-59.3496904793151,-9.22692760349106,0],[-59.3494175973578,-9.22692938721624,0],[-59.3494158021704,-9.22665826742703,0],[-59.3488700385067,-9.22666183415069,0],[-59.3488682437905,-9.22639071425049,0]],[[-59.1780304640041,-9.2269241238655,0],[-59.178303378435,-9.22692247019035,0],[-59.1783017139329,-9.22665131818462,0],[-59.1780287997102,-9.22665297181036,0],[-59.1780304640041,-9.2269241238655,0]],[[-59.1793950356482,-9.22691585342169,0],[-59.178303378435,-9.22692247019035,0],[-59.1783050429881,-9.2271936221917,0],[-59.1785779575761,-9.22719196826032,0],[-59.1785796223884,-9.22746312020787,0],[-59.1788525371336,-9.22746146602026,0],[-59.1788508721131,-9.22719031412213,0],[-59.1793967010339,-9.22718700522532,0],[-59.1793950356482,-9.22691585342169,0]],[[-59.2743712546475,-9.22714093209613,0],[-59.2738254612005,-9.22714438511758,0],[-59.2738271987526,-9.22741551943131,0],[-59.2735543017411,-9.22741724568348,0],[-59.2735525643971,-9.22714611131817,0],[-59.2732796675404,-9.227147837312,0],[-59.2732779304577,-9.22687670289072,0],[-59.2730050337559,-9.22687842862623,0],[-59.2730067706305,-9.22714956309907,0],[-59.2724609766509,-9.22715301405294,0],[-59.2724592401925,-9.22688187947698,0],[-59.2719134464162,-9.22688532950073,0],[-59.2719151824584,-9.22715646417977,0],[-59.2716422852823,-9.22715818893304,0],[-59.2716440211696,-9.22742932365921,0],[-59.2710982262416,-9.22743277264853,0],[-59.271099961766,-9.22770390747335,0],[-59.2705541662089,-9.22770735573862,0],[-59.2705559013702,-9.22797849066206,0],[-59.2702830033038,-9.22798021453604,0],[-59.2702864733698,-9.22852248447271,0],[-59.270832270282,-9.22851903631195,0],[-59.2708357413933,-9.22906130602499,0],[-59.2702899436486,-9.22906475439177,0],[-59.2702934141401,-9.22960702429322,0],[-59.2700205147717,-9.2296087482694,0],[-59.2700239850596,-9.23015101825623,0],[-59.2702968848443,-9.23014929417705,0],[-59.2703055625358,-9.23150496880956,0],[-59.2700326617101,-9.23150669314622,0],[-59.2700361327426,-9.23204896307139,0],[-59.2705819351735,-9.23204551398521,0],[-59.2705801992143,-9.23177437912783,0],[-59.2708531001418,-9.23177265432594,0],[-59.2708496279665,-9.23123038470098,0],[-59.2711225284244,-9.23122865979525,0],[-59.2711207922083,-9.23095752502769,0],[-59.2713936924048,-9.23095579996663,0],[-59.2713884834514,-9.23014239579206,0],[-59.2711155838795,-9.23014412069855,0],[-59.2711138478762,-9.22987298591337,0],[-59.271932545808,-9.229867810728,0],[-59.2719360191166,-9.2304100799848,0],[-59.2722089187371,-9.23040835440628,0],[-59.272207181848,-9.23013721983163,0],[-59.2727529805129,-9.2301337681572,0],[-59.272756455177,-9.23067603709591,0],[-59.2733022544617,-9.23067258438792,0],[-59.2732987789649,-9.23013031565546,0],[-59.273571678111,-9.23012858909435,0],[-59.2735664646408,-9.22931518611733,0],[-59.2738393631091,-9.22931345950413,0],[-59.2738376251841,-9.22904232522123,0],[-59.274110523391,-9.2290405984528,0],[-59.2741070472846,-9.22849832997694,0],[-59.2738341494939,-9.2285000566422,0],[-59.2738306740167,-9.22795778804557,0],[-59.2741035713912,-9.22795606148347,0],[-59.2741018335244,-9.22768492723013,0],[-59.2743747306374,-9.22768320051285,0],[-59.2743712546475,-9.22714093209613,0]],[[-59.2541836461905,-9.22835269509285,0],[-59.2550023502368,-9.22834755929807,0],[-59.254997180341,-9.22753414575039,0],[-59.2558158820388,-9.2275290085549,0],[-59.2558141582215,-9.22725787085036,0],[-59.2560870584736,-9.22725615808948,0],[-59.2560853345011,-9.22698502043173,0],[-59.2552666342104,-9.22699015794054,0],[-59.2552683575586,-9.2272612957518,0],[-59.2547225566845,-9.22726471982615,0],[-59.2547277257975,-9.22807813354048,0],[-59.2541819234634,-9.22808155709459,0],[-59.2541836461905,-9.22835269509285,0]],[[-59.3734382527399,-9.22785608839608,0],[-59.3731653747628,-9.22785789031959,0],[-59.3731690019465,-9.22840012052996,0],[-59.3737147586773,-9.2283965162609,0],[-59.3737111306613,-9.22785428626587,0],[-59.3739840085272,-9.22785248392893,0],[-59.3739821943946,-9.22758136897861,0],[-59.3734364390233,-9.22758497333808,0],[-59.3734382527399,-9.22785608839608,0]],[[-59.2536499008828,-9.23025408450252,0],[-59.2541957067586,-9.23025066095751,0],[-59.2541905376268,-9.22943724704191,0],[-59.2539176353398,-9.22943895876444,0],[-59.2539141899323,-9.22889668269644,0],[-59.254187091803,-9.22889497107618,0],[-59.2541853689703,-9.22862383308671,0],[-59.2536395655924,-9.22862725601818,0],[-59.253643010478,-9.22916953219722,0],[-59.2533701082936,-9.22917124345499,0],[-59.2533752753934,-9.22998465784392,0],[-59.2536481782024,-9.22998294643279,0],[-59.2536499008828,-9.23025408450252,0]],[[-59.1401144926987,-9.23040587842281,0],[-59.1403874166598,-9.23040425291288,0],[-59.1403841443686,-9.22986193538336,0],[-59.140111220824,-9.22986356079618,0],[-59.1401144926987,-9.23040587842281,0]],[[-59.1412061882422,-9.23039937514164,0],[-59.1403874166598,-9.23040425291288,0],[-59.1403890528806,-9.23067541167108,0],[-59.1406619769998,-9.23067378590568,0],[-59.1406701598974,-9.23202957938837,0],[-59.1409430850078,-9.23202795317322,0],[-59.140944721946,-9.23229911180808,0],[-59.1406717966273,-9.2323007380718,0],[-59.1406750702378,-9.23284305542555,0],[-59.1412209216582,-9.23283980249687,0],[-59.141216010068,-9.23202632675112,0],[-59.141488935078,-9.23202470012207,0],[-59.1414856605189,-9.23148238303356,0],[-59.1412127359254,-9.23148400956543,0],[-59.1412061882422,-9.23039937514164,0]],[[-59.3559847539678,-9.22959770560152,0],[-59.3554389883716,-9.22960128342238,0],[-59.3554371880557,-9.22933016485133,0],[-59.3551643053829,-9.22933195339818,0],[-59.3551625053302,-9.22906083476928,0],[-59.3535252093839,-9.229071561388,0],[-59.3535234106349,-9.22880044243426,0],[-59.3532505279923,-9.22880222942702,0],[-59.3532577224865,-9.22988670542894,0],[-59.3540763727462,-9.22988134318977,0],[-59.3540781721319,-9.23015246201902,0],[-59.3543510556497,-9.23015067413902,0],[-59.3543528552986,-9.23042179291044,0],[-59.3559901564954,-9.23041106096749,0],[-59.3559883555977,-9.2301399425166,0],[-59.3565341218055,-9.23013636365489,0],[-59.3565323205468,-9.22986524530645,0],[-59.3568052033598,-9.22986345561888,0],[-59.3568070048267,-9.23013457391386,0],[-59.357898536359,-9.23012741288198,0],[-59.3579003387136,-9.23039853095865,0],[-59.3581732216667,-9.23039674013025,0],[-59.3581714191041,-9.23012562210707,0],[-59.3589900670077,-9.23012024854166,0],[-59.3589882638759,-9.22984913067454,0],[-59.3587153815048,-9.22985092201628,0],[-59.3587117758233,-9.22930868616176,0],[-59.3578931296269,-9.2293140586254,0],[-59.3578913274933,-9.22904294053103,0],[-59.357072681424,-9.22904831097342,0],[-59.3570744829333,-9.22931942922822,0],[-59.3559829532357,-9.22932658713733,0],[-59.3559847539678,-9.22959770560152,0]],[[-59.3589846577782,-9.22930689492702,0],[-59.3589882638759,-9.22984913067454,0],[-59.3595340284525,-9.22984554737074,0],[-59.3595322249598,-9.22957442960622,0],[-59.3600779888991,-9.22957084558239,0],[-59.3600761850454,-9.2292997279205,0],[-59.3598033033115,-9.22930151998227,0],[-59.3598014997213,-9.22903040226242,0],[-59.3592557365039,-9.22903398565864,0],[-59.3592575396779,-9.22930510348553,0],[-59.3589846577782,-9.22930689492702,0]],[[-59.3649934697597,-9.23008078553196,0],[-59.3647205883976,-9.23008258147626,0],[-59.3647187808956,-9.22981146473417,0],[-59.3644458996862,-9.22981326041806,0],[-59.3644440924477,-9.2295421436179,0],[-59.363898330279,-9.22954573425813,0],[-59.363896523512,-9.22927461734629,0],[-59.3636236425527,-9.22927641230264,0],[-59.3636254491116,-9.2295475292681,0],[-59.3633525678888,-9.22954932407131,0],[-59.3633543742949,-9.22982044108595,0],[-59.3628086112671,-9.22982403017928,0],[-59.3628049993426,-9.22928179593118,0],[-59.3622592369258,-9.2292853839831,0],[-59.3622610424441,-9.22955650121654,0],[-59.3619881609446,-9.22955829498594,0],[-59.3619863556343,-9.22928717769893,0],[-59.3617134742876,-9.22928897120799,0],[-59.3617152793898,-9.22956008854858,0],[-59.3614423977796,-9.22956188190446,0],[-59.3614405928855,-9.2292907645103,0],[-59.360349066724,-9.22929793565197,0],[-59.3603508707858,-9.22956905326034,0],[-59.3606237526172,-9.22956726073151,0],[-59.3606255569423,-9.2298383782819,0],[-59.3598069106578,-9.22984375540869,0],[-59.3598087144139,-9.23011487311525,0],[-59.360354479075,-9.23011128846377,0],[-59.3603562833026,-9.23038240605884,0],[-59.3611749305039,-9.23037702737015,0],[-59.3611767354112,-9.23064814480014,0],[-59.3614496179091,-9.23064635143679,0],[-59.3614478127938,-9.23037523406035,0],[-59.3617206950283,-9.23037344054378,0],[-59.3617225003517,-9.23064455786665,0],[-59.361995382739,-9.23064276408972,0],[-59.361997188326,-9.23091388135459,0],[-59.3630887181543,-9.23090670396464,0],[-59.3630905246291,-9.23117782101073,0],[-59.3636362896274,-9.23117423096779,0],[-59.3636380965739,-9.23144534790223,0],[-59.3639109791981,-9.23144355251695,0],[-59.3639145936734,-9.23198578626531,0],[-59.3641874766586,-9.23198399056597,0],[-59.3641892841874,-9.23225510737988,0],[-59.3650079334351,-9.23224971888008,0],[-59.3650043171838,-9.23170748556964,0],[-59.3652771997393,-9.23170568909669,0],[-59.3652753914886,-9.23143457248847,0],[-59.3655482737805,-9.23143277586236,0],[-59.3655446570291,-9.23089054273993,0],[-59.3652717751535,-9.23089233925873,0],[-59.36526815904,-9.23035010601127,0],[-59.3649952775252,-9.23035190221599,0],[-59.3649934697597,-9.23008078553196,0]],[[-59.1349338242349,-9.23125020297051,0],[-59.1335691957971,-9.23125830848658,0],[-59.1335724581761,-9.23180062839651,0],[-59.1341183105343,-9.23179738661723,0],[-59.1341166789033,-9.23152622676126,0],[-59.1349354564408,-9.23152136268556,0],[-59.1349338242349,-9.23125020297051,0]],[[-59.1349468832824,-9.23341948056859,0],[-59.1352198104863,-9.23341785845708,0],[-59.135218177722,-9.23314669882105,0],[-59.1354911046675,-9.233145076551,0],[-59.1354845732772,-9.23206043815697,0],[-59.1357574993395,-9.23205881587377,0],[-59.1357558664088,-9.23178765631279,0],[-59.1352100146507,-9.23179090057536,0],[-59.1352116471649,-9.23206206023324,0],[-59.1343928685278,-9.23206692522034,0],[-59.1344010287246,-9.23342272417068,0],[-59.1346739560285,-9.23342110247312,0],[-59.1346723236808,-9.23314994274022,0],[-59.1349452507264,-9.23314832088412,0],[-59.1349468832824,-9.23341948056859,0]],[[-59.1414954847985,-9.23310933424668,0],[-59.1420413363344,-9.23310607997904,0],[-59.1420380605407,-9.23256376311984,0],[-59.1414922098379,-9.23256701719312,0],[-59.1414954847985,-9.23310933424668,0]],[[-59.1414987599598,-9.23365165128276,0],[-59.1414954847985,-9.23310933424668,0],[-59.1412225589552,-9.23311096107005,0],[-59.1412241963025,-9.23338211963885,0],[-59.1409512702008,-9.23338374630383,0],[-59.1409529073899,-9.23365490491684,0],[-59.1414987599598,-9.23365165128276,0]],[[-59.1395866389398,-9.23339187652409,0],[-59.1398595652923,-9.23339025089398,0],[-59.1398579289866,-9.23311909208237,0],[-59.1401308550806,-9.23311746629384,0],[-59.1401292186168,-9.2328463075264,0],[-59.1404021444524,-9.23284468157946,0],[-59.1404005078304,-9.23257352285621,0],[-59.1398546565256,-9.23257677444601,0],[-59.1398562927311,-9.23284793326637,0],[-59.1393104408092,-9.23285118412544,0],[-59.1393120766481,-9.23312234303852,0],[-59.1390391504037,-9.23312396820614,0],[-59.1390424218153,-9.23366628611624,0],[-59.1387694951041,-9.23366791117394,0],[-59.1387727662995,-9.23421022916362,0],[-59.1390456934274,-9.23420860400886,0],[-59.1390473293086,-9.23447976294861,0],[-59.1393202565947,-9.23447813753833,0],[-59.1393153484764,-9.23366466085155,0],[-59.1395882750873,-9.23366303537988,0],[-59.1395866389398,-9.23339187652409,0]],[[-59.2708583088037,-9.23258605873033,0],[-59.2716770131409,-9.23258088261977,0],[-59.2716735393971,-9.23203861333038,0],[-59.2708548363092,-9.23204378913181,0],[-59.2708583088037,-9.23258605873033,0]],[[-59.2708600451308,-9.23285719352299,0],[-59.2708583088037,-9.23258605873033,0],[-59.2700396039878,-9.23259123297894,0],[-59.2700413396901,-9.23286236792611,0],[-59.2694955357971,-9.23286581649373,0],[-59.2694972711362,-9.23313695153947,0],[-59.2692243689017,-9.23313867556443,0],[-59.2692261040857,-9.23340981065724,0],[-59.2689532015898,-9.23341153452678,0],[-59.2689549366188,-9.23368266966666,0],[-59.2700465471164,-9.23367577274118,0],[-59.2700430754457,-9.23313350286887,0],[-59.2705888795425,-9.23313005337068,0],[-59.2705871433704,-9.23285891853092,0],[-59.2708600451308,-9.23285719352299,0]],[[-59.2703194496078,-9.23367404799254,0],[-59.2700465471164,-9.23367577274118,0],[-59.2700482830315,-9.23394690767073,0],[-59.2703211857312,-9.23394518287058,0],[-59.2703194496078,-9.23367404799254,0]],[[-59.2686802990408,-9.2334132581894,0],[-59.2689532015898,-9.23341153452678,0],[-59.268951466614,-9.23314039938249,0],[-59.2686785642732,-9.23314212299365,0],[-59.2686802990408,-9.2334132581894,0]],[[-59.1338633333305,-9.23478176627015,0],[-59.1333174762893,-9.23478500870046,0],[-59.1333158447332,-9.23451384874733,0],[-59.1338617013578,-9.23451060641383,0],[-59.133860069435,-9.23423944655314,0],[-59.1333142132272,-9.23424268878983,0],[-59.1333125817711,-9.23397152882796,0],[-59.13276672578,-9.23397477013987,0],[-59.1327683568194,-9.23424593019853,0],[-59.1324954285405,-9.23424755059239,0],[-59.1325003213336,-9.2350610308873,0],[-59.1327732502374,-9.23505941034829,0],[-59.1327748814768,-9.23533057038947,0],[-59.1322290232023,-9.23533381135723,0],[-59.1322306540748,-9.2356049714908,0],[-59.1325035834454,-9.23560335106206,0],[-59.1325052145763,-9.23587451114289,0],[-59.1319593553684,-9.2358777518901,0],[-59.1319609861324,-9.23614891206331,0],[-59.1327797754945,-9.2361440504868,0],[-59.132776512766,-9.23560173042628,0],[-59.1333223712574,-9.23559848853365,0],[-59.1333191078953,-9.23505616864923,0],[-59.1338649653533,-9.2350529261221,0],[-59.1338633333305,-9.23478176627015,0]],[[-59.2583185979141,-9.23483428972004,0],[-59.2591373145724,-9.23482914093033,0],[-59.2591338591381,-9.23428686698354,0],[-59.2594067641684,-9.23428515040892,0],[-59.2594050363224,-9.23401401348017,0],[-59.2583134167165,-9.23402087833209,0],[-59.2583116897565,-9.23374974119398,0],[-59.2574929751213,-9.23375488750656,0],[-59.2574947014565,-9.23402602479834,0],[-59.2577676065961,-9.23402430951652,0],[-59.2577693331925,-9.23429544675268,0],[-59.2580422384875,-9.23429373121271,0],[-59.2580456922556,-9.2348360055694,0],[-59.2577727865441,-9.2348377212118,0],[-59.2577745132992,-9.23510885843476,0],[-59.2583203250858,-9.23510542684055,0],[-59.2583185979141,-9.23483428972004,0]],[[-59.2577710598419,-9.23456658398444,0],[-59.2577693331925,-9.23429544675268,0],[-59.2574964278447,-9.23429716208572,0],[-59.2574981542857,-9.2345682993687,0],[-59.2577710598419,-9.23456658398444,0]],[[-59.3000778138106,-9.23538271451308,0],[-59.3008965078292,-9.23537747027409,0],[-59.3008947480593,-9.23510634122939,0],[-59.3011676457495,-9.23510459278807,0],[-59.3011658858253,-9.23483346379116,0],[-59.3014387832532,-9.23483171519511,0],[-59.3014317432625,-9.23374719937214,0],[-59.3008859500187,-9.23375069593973,0],[-59.300887709519,-9.2340218250065,0],[-59.300614812608,-9.23402357303214,0],[-59.3006130533159,-9.23375244391319,0],[-59.3003401565593,-9.23375419167975,0],[-59.3003419156431,-9.23402532085089,0],[-59.3000690186243,-9.23402706846273,0],[-59.3000707775538,-9.23429819768163,0],[-59.3003436747809,-9.23429645001761,0],[-59.3003454339725,-9.23456757917991,0],[-59.3000725365372,-9.23456932689611,0],[-59.3000778138106,-9.23538271451308,0]],[[-59.1379588899092,-9.23502858077428,0],[-59.1382318178124,-9.23502695609498,0],[-59.138230182456,-9.2347557970184,0],[-59.1379572547612,-9.2347574216492,0],[-59.1379588899092,-9.23502858077428,0]],[[-59.1379621603556,-9.23557089901133,0],[-59.1379588899092,-9.23502858077428,0],[-59.1376859619559,-9.23503020524656,0],[-59.1376892319856,-9.23557252358062,0],[-59.1379621603556,-9.23557089901133,0]],[[-59.1376908670756,-9.23584368274109,0],[-59.1376892319856,-9.23557252358062,0],[-59.1371433750953,-9.23557577209812,0],[-59.1371417404721,-9.23530461283629,0],[-59.1365958837983,-9.23530786042872,0],[-59.1365991522612,-9.23585017914193,0],[-59.1368720810399,-9.23584855535227,0],[-59.1368737155548,-9.23611971465384,0],[-59.1374195733788,-9.23611646635644,0],[-59.1374179384471,-9.23584530715185,0],[-59.1376908670756,-9.23584368274109,0]],[[-59.2673383287745,-9.23694663388707,0],[-59.2678841397664,-9.23694318708653,0],[-59.2678806701524,-9.23640091649642,0],[-59.268153575152,-9.23639919288857,0],[-59.2681501053339,-9.23585692238374,0],[-59.2684230098638,-9.23585519867183,0],[-59.2684212748262,-9.23558406346426,0],[-59.2673296572212,-9.23559095686437,0],[-59.2673348599939,-9.23640436309121,0],[-59.2676077650997,-9.2364026398973,0],[-59.2676094996718,-9.236673775246,0],[-59.2673365943576,-9.23667549849134,0],[-59.2673383287745,-9.23694663388707,0]],[[-59.3129092713983,-9.23611372100546,0],[-59.3131821675433,-9.23611196324977,0],[-59.3131839369018,-9.23638308992183,0],[-59.3134568332009,-9.23638133190673,0],[-59.3134532941216,-9.23583907866315,0],[-59.313180398239,-9.2358408365733,0],[-59.3131786289889,-9.23556970989241,0],[-59.3129057332604,-9.23557146754316,0],[-59.3129092713983,-9.23611372100546,0]],[[-59.3137297294459,-9.23637957368469,0],[-59.3134568332009,-9.23638133190673,0],[-59.3134603724971,-9.23692358513264,0],[-59.3137332691586,-9.23692182680563,0],[-59.3137368090882,-9.23746407990889,0],[-59.3140097061121,-9.23746232126995,0],[-59.3140132466752,-9.23800457425057,0],[-59.3142861440615,-9.23800281529967,0],[-59.3142808326733,-9.2371894359796,0],[-59.3140079359119,-9.23719119477302,0],[-59.3140043956741,-9.23664894176589,0],[-59.3137314992751,-9.23665070024737,0],[-59.3137297294459,-9.23637957368469,0]],[[-59.2580612368307,-9.23727623995651,0],[-59.2577883292445,-9.23727795605991,0],[-59.2577848749407,-9.23673568168004,0],[-59.2580577821104,-9.23673396567909,0],[-59.2580560548295,-9.23646282853377,0],[-59.2577831478682,-9.2364645444835,0],[-59.2577814208486,-9.23619340728256,0],[-59.2569627002723,-9.23619855373625,0],[-59.2569661531145,-9.23674082844098,0],[-59.2572390604428,-9.23673911306099,0],[-59.2572407871515,-9.23701025035555,0],[-59.2566949720254,-9.23701368101095,0],[-59.2566966983703,-9.2372848184035,0],[-59.2575154216052,-9.23727967195631,0],[-59.2575171486281,-9.23755080919085,0],[-59.2577900564756,-9.23754909324324,0],[-59.2577917837597,-9.23782023042216,0],[-59.2580646917627,-9.23781851421632,0],[-59.2580629642703,-9.23754737708862,0],[-59.258335872012,-9.237545660727,0],[-59.2583324167692,-9.23700338656083,0],[-59.2580595094441,-9.23700510282,0],[-59.2580612368307,-9.23727623995651,0]],[[-59.1303282949005,-9.23697211098991,0],[-59.1300553640885,-9.23697373000406,0],[-59.1300569935935,-9.23724489049822,0],[-59.1297840625231,-9.23724650935364,0],[-59.1297856918697,-9.23751766989176,0],[-59.1303315543774,-9.23751443187721,0],[-59.1303282949005,-9.23697211098991,0]],[[-59.1297873212661,-9.23778883042551,0],[-59.1297856918697,-9.23751766989176,0],[-59.1292398291624,-9.23752090707801,0],[-59.129241458142,-9.23779206770838,0],[-59.1297873212661,-9.23778883042551,0]],[[-59.2744390748954,-9.23771516304367,0],[-59.2747119796595,-9.23771343421055,0],[-59.2747154602224,-9.23825570218039,0],[-59.275261270424,-9.2382522436867,0],[-59.2752595296992,-9.2379811098072,0],[-59.2760782439768,-9.23797592066896,0],[-59.2760677969977,-9.23634911822859,0],[-59.2755219900325,-9.23635257724157,0],[-59.2755237306458,-9.23662371109591,0],[-59.2752508268749,-9.23662544034357,0],[-59.2752525673332,-9.23689657424511,0],[-59.2749796633007,-9.23689830333741,0],[-59.2749779230508,-9.23662716938425,0],[-59.2747050191733,-9.23662889821797,0],[-59.274703279185,-9.2363577642088,0],[-59.2744303754626,-9.23635949278394,0],[-59.2744338550759,-9.23690176090106,0],[-59.2747067592149,-9.23690003222272,0],[-59.2747084993098,-9.23717116622307,0],[-59.2741626905617,-9.23717462347595,0],[-59.2741644302933,-9.23744575757508,0],[-59.2744373349023,-9.23744402900054,0],[-59.2744390748954,-9.23771516304367,0]],[[-59.335288360979,-9.23624002020992,0],[-59.3347425770383,-9.23624356914333,0],[-59.3347443629054,-9.23651469164643,0],[-59.3344714706448,-9.23651646585569,0],[-59.3344732563583,-9.23678758840731,0],[-59.335291933601,-9.23678226499981,0],[-59.335288360979,-9.23624002020992,0]],[[-59.2547846174186,-9.23702568178456,0],[-59.2550575253781,-9.23702396800932,0],[-59.2550558003361,-9.23675283030531,0],[-59.2547828925849,-9.23675454402941,0],[-59.2547846174186,-9.23702568178456,0]],[[-59.2553304332848,-9.23702225402707,0],[-59.2550575253781,-9.23702396800932,0],[-59.255059250473,-9.23729510570892,0],[-59.2547863423052,-9.23729681953532,0],[-59.2547880672446,-9.23756795728167,0],[-59.2545151588156,-9.23756967095222,0],[-59.2545186084362,-9.23811194653401,0],[-59.2550644260748,-9.2381085187813,0],[-59.255066151381,-9.2383796564633,0],[-59.2553390603295,-9.23837794222526,0],[-59.2553373348148,-9.23810680459442,0],[-59.2556102435021,-9.23810509020053,0],[-59.2556050666502,-9.23729167743511,0],[-59.255332158588,-9.23729339167551,0],[-59.2553304332848,-9.23702225402707,0]],[[-59.2640669223561,-9.23750956931529,0],[-59.2643398289323,-9.23750784839962,0],[-59.2643380967009,-9.2372367124473,0],[-59.264065190333,-9.23723843331161,0],[-59.2640669223561,-9.23750956931529,0]],[[-59.2640686544322,-9.23778070531456,0],[-59.2640669223561,-9.23750956931529,0],[-59.2637940157269,-9.23751129002396,0],[-59.2637957475946,-9.23778242607459,0],[-59.2640686544322,-9.23778070531456,0]],[[-59.2637974795155,-9.23805356212082,0],[-59.2637957475946,-9.23778242607459,0],[-59.263522840704,-9.23778414662761,0],[-59.2635280360005,-9.23859755490713,0],[-59.2632551284317,-9.23859927540717,0],[-59.2632568600949,-9.23887041154288,0],[-59.2640755832672,-9.23886524926761,0],[-59.2640738509789,-9.23859411328596,0],[-59.2643467583885,-9.23859239216483,0],[-59.2643450259449,-9.23832125623014,0],[-59.2640721187436,-9.2383229772999,0],[-59.2640703865614,-9.23805184130943,0],[-59.2637974795155,-9.23805356212082,0]],[[-59.1267948352836,-9.23943359152843,0],[-59.1262489685611,-9.23943682483447,0],[-59.1262571042379,-9.24079263044478,0],[-59.1265300386665,-9.24079101365411,0],[-59.1265235291915,-9.23970636936757,0],[-59.1267964627363,-9.23970475256274,0],[-59.1267948352836,-9.23943359152843,0]],[[-59.2499032536409,-9.24193698973746,0],[-59.2496303409276,-9.24193870049843,0],[-59.249626897332,-9.24139642320074,0],[-59.2498998096285,-9.24139471254183,0],[-59.2498946440052,-9.24058129671537,0],[-59.2504404671893,-9.24057787508255,0],[-59.2504370228703,-9.24003559804708,0],[-59.2493453779586,-9.24004244007609,0],[-59.2493470992581,-9.24031357880018,0],[-59.24907418769,-9.2403152888408,0],[-59.2490759088337,-9.24058642761151,0],[-59.2488029970045,-9.24058813749607,0],[-59.2488047179925,-9.24085927631341,0],[-59.2482588937591,-9.2408626955633,0],[-59.2482623350594,-9.24140497338879,0],[-59.2485352476193,-9.24140326376538,0],[-59.2485369685569,-9.24167440262051,0],[-59.2482640557886,-9.24167611229494,0],[-59.2482657765704,-9.24194725119668,0],[-59.2477199504587,-9.2419506700262,0],[-59.2477216708764,-9.24222180902553,0],[-59.2474487575331,-9.24222351818062,0],[-59.2474521981094,-9.24276579626804,0],[-59.2490896798806,-9.24275553761875,0],[-59.2490879583153,-9.24248439888326,0],[-59.2496337847339,-9.24248097777852,0],[-59.2496320628044,-9.24220983914068,0],[-59.2499049757262,-9.24220812832866,0],[-59.2499032536409,-9.24193698973746,0]],[[-59.3143020811541,-9.24044295302118,0],[-59.3145749803614,-9.24044119339079,0],[-59.314573209148,-9.24017006704747,0],[-59.3143003101491,-9.24017182662536,0],[-59.3143020811541,-9.24044295302118,0]],[[-59.3151207786133,-9.24043767350891,0],[-59.3145749803614,-9.24044119339079,0],[-59.3145785229507,-9.24098344606416,0],[-59.3151243220362,-9.24097992597224,0],[-59.315126093829,-9.24125105219728,0],[-59.3153989934988,-9.24124929178822,0],[-59.3154007655543,-9.24152041795631,0],[-59.3156736653782,-9.24151865728767,0],[-59.3156754376963,-9.24178978339882,0],[-59.3159483376744,-9.24178802247059,0],[-59.3159501102552,-9.24205914852478,0],[-59.3164959104654,-9.24205562594203,0],[-59.3164941374678,-9.24178449999292,0],[-59.3167670372831,-9.24178273844349,0],[-59.3167652641313,-9.24151161254251,0],[-59.3159465651479,-9.24151689641197,0],[-59.3159447926756,-9.24124577034894,0],[-59.3156718931143,-9.24124753117211,0],[-59.3156701209047,-9.24097640505212,0],[-59.3153972214976,-9.2409781656157,0],[-59.3153954495506,-9.24070703943877,0],[-59.3151225502976,-9.24070879974279,0],[-59.3151207786133,-9.24043767350891,0]],[[-59.3175875102346,-9.24204857829165,0],[-59.3164959104654,-9.24205562594203,0],[-59.3164976835173,-9.24232675188672,0],[-59.3170434839273,-9.24232322837056,0],[-59.3170452574503,-9.24259435420572,0],[-59.3173181577823,-9.24259259208446,0],[-59.3173199315681,-9.24286371786263,0],[-59.3175928320542,-9.24286195548172,0],[-59.3175963802055,-9.24340420691965,0],[-59.3178692810542,-9.2434024442265,0],[-59.317878153425,-9.24475807248104,0],[-59.3181510552617,-9.24475630931787,0],[-59.3181563799614,-9.24556968605976,0],[-59.3184292823693,-9.24556792253169,0],[-59.3184310575863,-9.24583904805088,0],[-59.3187039601484,-9.24583728426306,0],[-59.3186986340348,-9.24502390785,0],[-59.3184257320982,-9.24502567148003,0],[-59.318418632208,-9.24394116932362,0],[-59.3181457310509,-9.24394293253616,0],[-59.318140407329,-9.24312955571464,0],[-59.317867506743,-9.24313131856232,0],[-59.3178639582834,-9.24258906722069,0],[-59.31759105806,-9.24259082975612,0],[-59.3175875102346,-9.24204857829165,0]],[[-59.125987423962,-9.24133656933832,0],[-59.1257144890168,-9.24133818581116,0],[-59.1257161159842,-9.24160934700784,0],[-59.1248973102241,-9.24161419532803,0],[-59.1248989366158,-9.241885356665,0],[-59.1259906783638,-9.24187889163085,0],[-59.125987423962,-9.24133656933832,0]],[[-59.3181315355452,-9.2417739275903,0],[-59.3184044350348,-9.24177216479847,0],[-59.3184026606326,-9.24150103921292,0],[-59.3186755598593,-9.24149927626661,0],[-59.318673785303,-9.24122815072923,0],[-59.3184008862847,-9.24122991362295,0],[-59.3183991119911,-9.24095878802856,0],[-59.3181262131268,-9.24096055066263,0],[-59.318127987212,-9.24123167630961,0],[-59.3178550880849,-9.24123343878922,0],[-59.317856862016,-9.24150456448436,0],[-59.3181297613514,-9.24150280195217,0],[-59.3181315355452,-9.2417739275903,0]],[[-59.1227170755035,-9.2421694385069,0],[-59.1224441393354,-9.24217105263823,0],[-59.122449013328,-9.24298453791072,0],[-59.1229948868658,-9.2429813091519,0],[-59.1229916366534,-9.24243898583392,0],[-59.1227187003265,-9.24244060022061,0],[-59.1227170755035,-9.2421694385069,0]],[[-59.2750109969139,-9.24177871374024,0],[-59.2752839046973,-9.24177698371895,0],[-59.2752821632794,-9.24150584989677,0],[-59.2750092557046,-9.24150757986645,0],[-59.2750109969139,-9.24177871374024,0]],[[-59.2750127381766,-9.24204984760961,0],[-59.2750109969139,-9.24177871374024,0],[-59.2744651811874,-9.24178217316154,0],[-59.2744634403949,-9.24151103918455,0],[-59.2739176248721,-9.24151449767431,0],[-59.2739193652477,-9.24178563175448,0],[-59.2736464571979,-9.24178736074031,0],[-59.2736481974184,-9.24205849486765,0],[-59.2750127381766,-9.24204984760961,0]],[[-59.3306902074151,-9.2425059944669,0],[-59.3309631050246,-9.24250422199161,0],[-59.3309613208719,-9.24223309884504,0],[-59.3306884234709,-9.24223487126746,0],[-59.3306866395812,-9.2419637480636,0],[-59.3309595367739,-9.24196197569405,0],[-59.3309559687417,-9.24141972937878,0],[-59.3298643813107,-9.2414268171917,0],[-59.3298661644659,-9.24169794056299,0],[-59.3295932672632,-9.24169971205144,0],[-59.3295950502646,-9.24197083547116,0],[-59.3298679476757,-9.24196906392986,0],[-59.329871514259,-9.24251131065032,0],[-59.3295986164311,-9.24251308229731,0],[-59.3296039660902,-9.24332645250334,0],[-59.3298768645434,-9.24332468069781,0],[-59.3298750810607,-9.24305355735307,0],[-59.3301479792508,-9.2430517853933,0],[-59.3301461956143,-9.24278066209699,0],[-59.3306919914139,-9.24277711766191,0],[-59.3306902074151,-9.2425059944669,0]],[[-59.2433619199226,-9.2433336898663,0],[-59.243634834889,-9.2433319836144,0],[-59.2436331173881,-9.24306084386852,0],[-59.2441789467462,-9.24305743084511,0],[-59.2441755110681,-9.24251515154375,0],[-59.2444484252514,-9.24251344482317,0],[-59.2444467072827,-9.2422423052168,0],[-59.2439008792805,-9.24224571834901,0],[-59.2439043144366,-9.242787997761,0],[-59.2433584853902,-9.24279141026833,0],[-59.2433602026301,-9.24306255006952,0],[-59.2430872878196,-9.24306425606337,0],[-59.2430890049036,-9.24333539591104,0],[-59.242816089832,-9.24333710174865,0],[-59.2428195237407,-9.24387938153254,0],[-59.2425466081996,-9.24388108726476,0],[-59.2425483250242,-9.24415222720098,0],[-59.2433670721154,-9.24414710923023,0],[-59.2433653546652,-9.24387596944665,0],[-59.2436382700487,-9.24387426309297,0],[-59.2436365524426,-9.24360312335589,0],[-59.2433636372676,-9.24360482965867,0],[-59.2433619199226,-9.2433336898663,0]],[[-59.2425500419014,-9.2444233671328,0],[-59.2425483250242,-9.24415222720098,0],[-59.242275409222,-9.2441539327769,0],[-59.2422771258907,-9.24442507275959,0],[-59.2425500419014,-9.2444233671328,0]],[[-59.2417295774601,-9.24415734330726,0],[-59.242275409222,-9.2441539327769,0],[-59.2422736926059,-9.24388279278981,0],[-59.2420007769597,-9.2438844981077,0],[-59.2419990606046,-9.24361335806534,0],[-59.2422719760423,-9.24361165279831,0],[-59.2422702595312,-9.24334051280241,0],[-59.241451513686,-9.24334562782948,0],[-59.2414532295716,-9.24361676797795,0],[-59.2417261451144,-9.24361506312523,0],[-59.2417295774601,-9.24415734330726,0]],[[-59.2414549455097,-9.24388790812202,0],[-59.2414532295716,-9.24361676797795,0],[-59.2409073983285,-9.24362017706195,0],[-59.2409108294232,-9.24416245754906,0],[-59.241183745488,-9.24416075300896,0],[-59.2411820297059,-9.24388961281844,0],[-59.2414549455097,-9.24388790812202,0]],[[-59.2409125450493,-9.24443359778601,0],[-59.2409108294232,-9.24416245754906,0],[-59.2406379133059,-9.244164161882,0],[-59.2406396287235,-9.24443530216979,0],[-59.2409125450493,-9.24443359778601,0]],[[-59.2428126561336,-9.24279482194714,0],[-59.2433584853902,-9.24279141026833,0],[-59.2433567682028,-9.24252027046275,0],[-59.2428109393632,-9.24252368203978,0],[-59.2428126561336,-9.24279482194714,0]],[[-59.3702652302801,-9.24306017015855,0],[-59.3705381205294,-9.24305836749808,0],[-59.3705363059916,-9.24278725209662,0],[-59.3708091959769,-9.24278544928286,0],[-59.3708073812862,-9.24251433393074,0],[-59.3710802710075,-9.2425125309637,0],[-59.3710766413761,-9.24197030035371,0],[-59.3708037520715,-9.24197210321319,0],[-59.3708055666511,-9.24224321857418,0],[-59.3705326770826,-9.2422450212804,0],[-59.3705344915093,-9.24251613669073,0],[-59.3702616016769,-9.24251793924366,0],[-59.3702652302801,-9.24306017015855,0]],[[-59.2662865932313,-9.24318964262061,0],[-59.2665595037594,-9.24318791896927,0],[-59.2665577687461,-9.24291678352063,0],[-59.2662848584264,-9.24291850712056,0],[-59.2662865932313,-9.24318964262061,0]],[[-59.2662883280892,-9.24346077811625,0],[-59.2662865932313,-9.24318964262061,0],[-59.26601368265,-9.24319136606483,0],[-59.2660154172995,-9.24346250161187,0],[-59.2662883280892,-9.24346077811625,0]],[[-59.2619269439699,-9.2443017381158,0],[-59.2624727683389,-9.24429829682358,0],[-59.2624710362407,-9.24402716062201,0],[-59.2630168599806,-9.24402371860384,0],[-59.2630133951091,-9.2434814463928,0],[-59.2627404836826,-9.2434831674028,0],[-59.2627370194402,-9.24294089507146,0],[-59.2621911972621,-9.24294433626475,0],[-59.2621981242912,-9.24402888132038,0],[-59.2619252122887,-9.24403060181159,0],[-59.2619269439699,-9.2443017381158,0]],[[-59.2594707316866,-9.24431721367651,0],[-59.2597436443744,-9.24431549499839,0],[-59.2597401844008,-9.24377322156498,0],[-59.2600130966187,-9.24377150278223,0],[-59.2600113665028,-9.24350036611018,0],[-59.2594655424312,-9.24350380336599,0],[-59.2594638127853,-9.243232666587,0],[-59.2591909008785,-9.24323438485295,0],[-59.2591943598064,-9.24377665850902,0],[-59.2589214474297,-9.24377837667033,0],[-59.258926635593,-9.24459178727513,0],[-59.2586537225379,-9.24459350538302,0],[-59.258657181161,-9.2451357792,0],[-59.258111354058,-9.24513921499921,0],[-59.2581148120586,-9.24568148900348,0],[-59.2583877260537,-9.24567977110501,0],[-59.2583894553419,-9.24595090804931,0],[-59.2589352835903,-9.24594747152832,0],[-59.2589318242326,-9.24540519784027,0],[-59.2592047378603,-9.24540347937148,0],[-59.2592030080523,-9.24513234257208,0],[-59.2594759214186,-9.24513062394737,0],[-59.2594707316866,-9.24431721367651,0]],[[-59.126827393806,-9.24485681138427,0],[-59.1276462060277,-9.24485195697609,0],[-59.1276445770024,-9.24458079616961,0],[-59.1273716398536,-9.24458241446464,0],[-59.1273700110866,-9.24431125360552,0],[-59.1268241370566,-9.24431448947736,0],[-59.1268225087567,-9.24404332851735,0],[-59.1265495718755,-9.24404494609418,0],[-59.126552828108,-9.24458726810633,0],[-59.1268257654064,-9.24458565043301,0],[-59.126827393806,-9.24485681138427,0]],[[-59.1276429480269,-9.24430963535876,0],[-59.1276445770024,-9.24458079616961,0],[-59.1284633881496,-9.24457594004109,0],[-59.1284617585484,-9.24430477937508,0],[-59.1276429480269,-9.24430963535876,0]],[[-59.2501933916116,-9.24464666397282,0],[-59.2504663063043,-9.24464495228713,0],[-59.2504645833275,-9.24437381383766,0],[-59.250737497759,-9.24437210199585,0],[-59.2507357746265,-9.24410096359303,0],[-59.2499170317993,-9.2441060983438,0],[-59.249915309345,-9.24383495978342,0],[-59.2496423951723,-9.24383667090166,0],[-59.2496441174181,-9.24410780951308,0],[-59.2493712029842,-9.2441095204752,0],[-59.249374647217,-9.24465179778687,0],[-59.2499204768661,-9.24464837545135,0],[-59.2499221994786,-9.24491951399851,0],[-59.2501951144326,-9.24491780246895,0],[-59.2501933916116,-9.24464666397282,0]],[[-59.3525326479333,-9.24399025570887,0],[-59.3530784368199,-9.24398667677996,0],[-59.3530766354552,-9.24371555796313,0],[-59.3536224237044,-9.2437119783126,0],[-59.3536242254859,-9.24398309702266,0],[-59.3538971197363,-9.24398130683337,0],[-59.3538935158114,-9.24343906951558,0],[-59.3528019401469,-9.24344622860313,0],[-59.3528037412479,-9.24371734747777,0],[-59.3525308469855,-9.24371913678531,0],[-59.3525326479333,-9.24399025570887,0]],[[-59.3525344489362,-9.24426137462801,0],[-59.3525326479333,-9.24399025570887,0],[-59.3522597534073,-9.24399204486269,0],[-59.3522615542018,-9.24426316383519,0],[-59.3519886594122,-9.24426495283525,0],[-59.3519922607496,-9.24480719087365,0],[-59.352265155956,-9.24480540176688,0],[-59.3522669569158,-9.24507652072607,0],[-59.3525398522756,-9.24507473135882,0],[-59.3525362499942,-9.24453249354272,0],[-59.3533549344921,-9.24452712451846,0],[-59.3533531328087,-9.24425600576388,0],[-59.3525344489362,-9.24426137462801,0]],[[-59.2608387564494,-9.24485089121993,0],[-59.2611116692894,-9.24484917140345,0],[-59.2611099381277,-9.24457803495415,0],[-59.2608370254962,-9.24457975471935,0],[-59.2608387564494,-9.24485089121993,0]],[[-59.2608404874556,-9.24512202771611,0],[-59.2608387564494,-9.24485089121993,0],[-59.2605658435565,-9.24485261082925,0],[-59.2605675743541,-9.24512374737671,0],[-59.2602946611997,-9.24512546683014,0],[-59.2602963918418,-9.24539660342448,0],[-59.2600234784259,-9.245398322722,0],[-59.2600252089124,-9.2456694593632,0],[-59.259752295235,-9.24567117850481,0],[-59.2597557559498,-9.24621345187652,0],[-59.2603015840859,-9.24621001318104,0],[-59.2602998532849,-9.24593887659993,0],[-59.260572767065,-9.24593715699266,0],[-59.2605710361084,-9.24566602045843,0],[-59.260843949627,-9.24566430069525,0],[-59.2608422185148,-9.24539316420789,0],[-59.2611151317719,-9.24539144428882,0],[-59.2611134005042,-9.24512030784834,0],[-59.2608404874556,-9.24512202771611,0]],[[-59.2406516381166,-9.24633328406101,0],[-59.2409245559023,-9.2463315793214,0],[-59.2409211239674,-9.24578929890474,0],[-59.2406482065989,-9.24579100354268,0],[-59.2406464909188,-9.2455198632769,0],[-59.2403735737064,-9.24552156765682,0],[-59.2403701429208,-9.24497928701041,0],[-59.2400972260729,-9.24498099108148,0],[-59.2400989412309,-9.2452521314577,0],[-59.239826024122,-9.24525383537241,0],[-59.2398311692853,-9.24606725662712,0],[-59.2401040870199,-9.24606555255997,0],[-59.2401058023879,-9.24633669291859,0],[-59.2398328844448,-9.24633839703656,0],[-59.2398345996567,-9.24660953744159,0],[-59.2401075178084,-9.24660783327281,0],[-59.2401092332813,-9.24687897362262,0],[-59.2403821515891,-9.24687726919579,0],[-59.2403804359075,-9.2466061288968,0],[-59.2406533539542,-9.24660442431358,0],[-59.2406516381166,-9.24633328406101,0]],[[-59.246391502193,-9.24765313688916,0],[-59.2469373375893,-9.24764971799014,0],[-59.2469356167441,-9.24737857892595,0],[-59.2472085341547,-9.24737686921656,0],[-59.247205092205,-9.24683459117691,0],[-59.2469321752116,-9.24683630078435,0],[-59.2469287338898,-9.24629402262513,0],[-59.2466558172608,-9.24629573192341,0],[-59.2466575376869,-9.24656687105619,0],[-59.2461117038539,-9.24657028913304,0],[-59.2461168641965,-9.24738370681072,0],[-59.246389781765,-9.24738199772303,0],[-59.246391502193,-9.24765313688916,0]],[[-59.3195333249562,-9.24745874341639,0],[-59.319260421306,-9.24746050814136,0],[-59.3192586451374,-9.24718938280652,0],[-59.3189857416413,-9.2471911472717,0],[-59.3189821898843,-9.24664889648353,0],[-59.3187092867509,-9.24665066063631,0],[-59.3187057356283,-9.24610840972524,0],[-59.3184328328577,-9.24611017356565,0],[-59.3184399344862,-9.24719467558047,0],[-59.318712838091,-9.24719291152968,0],[-59.3187199414229,-9.24827741326331,0],[-59.3192657501377,-9.24827388411932,0],[-59.319269302964,-9.24881613474916,0],[-59.319542207657,-9.24881436976112,0],[-59.3195333249562,-9.24745874341639,0]],[[-59.2482984814349,-9.24709888949298,0],[-59.2491172320927,-9.24709375678763,0],[-59.2491137873284,-9.24655147945319,0],[-59.248295037922,-9.24655661185246,0],[-59.2482984814349,-9.24709888949298,0]],[[-59.3042488723338,-9.24728612070958,0],[-59.3045217787548,-9.24728436743291,0],[-59.3045200139018,-9.24701323926168,0],[-59.3042471076893,-9.24701499248607,0],[-59.3042488723338,-9.24728612070958,0]],[[-59.3042506370322,-9.24755724892867,0],[-59.3042488723338,-9.24728612070958,0],[-59.3039759658588,-9.24728787377904,0],[-59.3039777303487,-9.2475590020504,0],[-59.3042506370322,-9.24755724892867,0]],[[-59.3039812594904,-9.24810125857985,0],[-59.3039777303487,-9.2475590020504,0],[-59.3037048236111,-9.24756075496492,0],[-59.3037065879464,-9.24783188328412,0],[-59.3034336809463,-9.24783363604369,0],[-59.303435445127,-9.24810476441072,0],[-59.3031625378644,-9.24810651701533,0],[-59.3031660659706,-9.24864877384063,0],[-59.3034389736504,-9.24864702113152,0],[-59.3034425023897,-9.24918927783462,0],[-59.3031695942927,-9.24919103064823,0],[-59.3031731228307,-9.24973328743815,0],[-59.3037189398051,-9.24972978139468,0],[-59.3037171750919,-9.24945865310644,0],[-59.3039900832895,-9.24945689982608,0],[-59.3039883184217,-9.24918577158567,0],[-59.3037154104327,-9.24918752481377,0],[-59.3037083523357,-9.24810301159889,0],[-59.3039812594904,-9.24810125857985,0]],[[-59.3520120720449,-9.24778949976782,0],[-59.3525578669896,-9.24778592017328,0],[-59.3525560652702,-9.24751480131179,0],[-59.3528289624513,-9.24751301125711,0],[-59.3528307643793,-9.24778413006523,0],[-59.3531036617139,-9.24778233975,0],[-59.3530982554698,-9.24696898347245,0],[-59.3528253587608,-9.24697077362756,0],[-59.3528271605785,-9.24724189244455,0],[-59.3520084694952,-9.24724726182697,0],[-59.3520120720449,-9.24778949976782,0]],[[-59.2466730238903,-9.249007123053,0],[-59.2472188612674,-9.24900370322976,0],[-59.2472171399503,-9.24873256423857,0],[-59.2469442214967,-9.24873427420285,0],[-59.2469425004409,-9.24846313515629,0],[-59.2466695821432,-9.24846484486233,0],[-59.2466678613487,-9.24819370576038,0],[-59.246394943207,-9.2481954152082,0],[-59.246396663793,-9.24846655436111,0],[-59.2458508269345,-9.2484699727369,0],[-59.2458525471559,-9.24874111198731,0],[-59.2450337908477,-9.24874623814936,0],[-59.2450355104958,-9.24901737754819,0],[-59.2447625914126,-9.24901908590526,0],[-59.2447660304494,-9.24956136479156,0],[-59.2444931108963,-9.24956307304321,0],[-59.2444982692201,-9.25037649149238,0],[-59.2447711893991,-9.25037478308797,0],[-59.2447694696966,-9.25010364366024,0],[-59.2455882292922,-9.25009851735598,0],[-59.2455865090163,-9.24982737807665,0],[-59.2458594285676,-9.24982566894492,0],[-59.2458577081357,-9.24955452971213,0],[-59.2464035466632,-9.24955111092869,0],[-59.2464018258667,-9.24927997179341,0],[-59.2466747448428,-9.24927826214173,0],[-59.2466730238903,-9.249007123053,0]],[[-59.1293131826416,-9.24972313111761,0],[-59.1298590641196,-9.24971988958299,0],[-59.1298574325271,-9.24944872924162,0],[-59.1304033133879,-9.24944548697425,0],[-59.130401681428,-9.24917432672516,0],[-59.1301287412312,-9.24917594791418,0],[-59.1301271095298,-9.24890478761238,0],[-59.1293082892661,-9.24890964979045,0],[-59.1293131826416,-9.24972313111761,0]],[[-59.2401281069484,-9.24986151717991,0],[-59.2404010275509,-9.24985981219404,0],[-59.2403993112918,-9.24958867194349,0],[-59.2406722316332,-9.24958696680115,0],[-59.2406670825453,-9.24877354617557,0],[-59.2403941628298,-9.24877525116542,0],[-59.2403924467808,-9.24850411089726,0],[-59.2401195272214,-9.24850581562902,0],[-59.2401246749001,-9.24931923657276,0],[-59.2398517546624,-9.2493209412497,0],[-59.2398569021876,-9.25013436230626,0],[-59.2401298230512,-9.25013265747687,0],[-59.2401281069484,-9.24986151717991,0]],[[-59.3280004430381,-9.24848842872261,0],[-59.3282733457802,-9.24848665715624,0],[-59.3282715625116,-9.24821553357863,0],[-59.3279986599781,-9.24821730509219,0],[-59.3280004430381,-9.24848842872261,0]],[[-59.1304065774576,-9.24998780745932,0],[-59.1314983402499,-9.24998132004967,0],[-59.1314967073552,-9.24971016000271,0],[-59.1304049453978,-9.24971664721897,0],[-59.1304065774576,-9.24998780745932,0]],[[-59.1304098417271,-9.25053012792689,0],[-59.1304065774576,-9.24998780745932,0],[-59.1295877548392,-9.2499926708393,0],[-59.1295910178563,-9.25053499159683,0],[-59.1298639591965,-9.25053337058088,0],[-59.1298655909887,-9.25080453090476,0],[-59.1301385324876,-9.25080290963312,0],[-59.1301369004867,-9.25053174935757,0],[-59.1304098417271,-9.25053012792689,0]],[[-59.1298672228307,-9.25107569122427,0],[-59.1298655909887,-9.25080453090476,0],[-59.1295926494398,-9.25080615196903,0],[-59.1295942810731,-9.25107731233685,0],[-59.1298672228307,-9.25107569122427,0]],[[-59.1295959127563,-9.2513484727003,0],[-59.1295942810731,-9.25107731233685,0],[-59.1293213392656,-9.25107893324205,0],[-59.12932297074,-9.25135009365381,0],[-59.1295959127563,-9.2513484727003,0]],[[-59.367306939399,-9.24958676953601,0],[-59.3670340434801,-9.24958857100035,0],[-59.3670322303206,-9.24931745500693,0],[-59.3667593345547,-9.24931925621036,0],[-59.3667575216593,-9.24904814015882,0],[-59.3664846260465,-9.24904994110136,0],[-59.3664828134151,-9.24877882499169,0],[-59.3662099179554,-9.24878062567335,0],[-59.3662117303783,-9.2490517418367,0],[-59.3659388346547,-9.24905354236483,0],[-59.3659406469244,-9.24932465857741,0],[-59.3656677509368,-9.24932645895201,0],[-59.3656659388756,-9.24905534268577,0],[-59.3651201471511,-9.24905894270601,0],[-59.3651219587952,-9.24933005907956,0],[-59.3643032701673,-9.24933545771682,0],[-59.3643014591489,-9.24906434118235,0],[-59.3632098743703,-9.24907153624991,0],[-59.363213494794,-9.24961376974336,0],[-59.3629405980438,-9.24961556809945,0],[-59.3629387880129,-9.24934445130134,0],[-59.3621200980558,-9.2493498449655,0],[-59.3621219074611,-9.24962096192437,0],[-59.3618490104894,-9.24962275945158,0],[-59.3618508197415,-9.2498938764596,0],[-59.361577922506,-9.24989567383316,0],[-59.3615851592332,-9.25098014203513,0],[-59.3621309553177,-9.25097654665219,0],[-59.362132765055,-9.25124766358443,0],[-59.3615869685533,-9.25125125907453,0],[-59.3615887779288,-9.25152237610948,0],[-59.3613158793864,-9.25152417359721,0],[-59.3613176886086,-9.25179529068129,0],[-59.3610447898022,-9.25179708801532,0],[-59.3610502171748,-9.2526104394016,0],[-59.3607773176872,-9.25261223668902,0],[-59.3607791267134,-9.25288335386245,0],[-59.3591417273744,-9.25289413355509,0],[-59.359145343089,-9.25343636853103,0],[-59.3580537407547,-9.25344355127489,0],[-59.358057355021,-9.25398578666109,0],[-59.3572386514382,-9.25399117186312,0],[-59.3572404580282,-9.25426228971001,0],[-59.3569675565147,-9.25426408441618,0],[-59.356971169443,-9.25480632020356,0],[-59.356698267457,-9.25480811480932,0],[-59.3567018801888,-9.25535035068587,0],[-59.3569747825922,-9.25534855597319,0],[-59.3569765892497,-9.25561967385134,0],[-59.3567036866375,-9.25562146861749,0],[-59.3567054931414,-9.25589258654466,0],[-59.3564325902653,-9.25589438115691,0],[-59.3564343966158,-9.2561654991331,0],[-59.3569802027302,-9.25616190959432,0],[-59.3569820095534,-9.25643302745915,0],[-59.3561632996727,-9.25643841161663,0],[-59.3561651059248,-9.25670952963739,0],[-59.3558922023121,-9.25671132399524,0],[-59.3558976207736,-9.25752467819121,0],[-59.3556247164794,-9.25752647250199,0],[-59.3556301348114,-9.2583398268183,0],[-59.3550843248048,-9.25834341513823,0],[-59.3550861306083,-9.25861453334164,0],[-59.3548132253135,-9.25861632724389,0],[-59.3548114197187,-9.25834520898706,0],[-59.3545385145775,-9.25834700262846,0],[-59.3545403199634,-9.25861812093871,0],[-59.3542674145582,-9.2586199144261,0],[-59.3542692197905,-9.25889103278531,0],[-59.353723408397,-9.2588946192446,0],[-59.3537252132669,-9.25916573770618,0],[-59.3526335889829,-9.25917290834905,0],[-59.3526353930728,-9.2594440270197,0],[-59.3520895801824,-9.2594476112032,0],[-59.3520949915297,-9.26026096750868,0],[-59.3518220843754,-9.26026275944931,0],[-59.3518256917982,-9.2608049970708,0],[-59.3520985993702,-9.26080320502346,0],[-59.3521040115443,-9.26161656126232,0],[-59.3518311033458,-9.26161835346972,0],[-59.3518329073052,-9.26188947226047,0],[-59.3521058157126,-9.26188767999972,0],[-59.3521094242145,-9.2624299174612,0],[-59.3523823329845,-9.26242812488623,0],[-59.3523859421247,-9.26297036222322,0],[-59.3526588512574,-9.262968569334,0],[-59.3526642660077,-9.26378192514607,0],[-59.352937175712,-9.2637801318892,0],[-59.3529462024432,-9.26513572455361,0],[-59.3526732916944,-9.26513751807734,0],[-59.352676902355,-9.26567975521874,0],[-59.3529498135217,-9.26567796158826,0],[-59.3529534248208,-9.26622019860515,0],[-59.3526805132361,-9.26622199234237,0],[-59.3526841243378,-9.26676422944822,0],[-59.3529570363404,-9.26676243560425,0],[-59.3529588421829,-9.26703355409714,0],[-59.3526859299713,-9.26703534799448,0],[-59.3527003770245,-9.26920429620455,0],[-59.3532462047367,-9.26920070734822,0],[-59.3532480112846,-9.26947182574772,0],[-59.353520925267,-9.26947003095466,0],[-59.3535173118084,-9.26892779425799,0],[-59.3537902253177,-9.26892599936404,0],[-59.3537884184621,-9.26865488106242,0],[-59.3540613317071,-9.26865308601421,0],[-59.3540595246976,-9.26838196776155,0],[-59.3554240890501,-9.26837298967268,0],[-59.3554204731066,-9.26783075368819,0],[-59.3556933853935,-9.26782895755434,0],[-59.3556915772955,-9.26755783960886,0],[-59.3559644893182,-9.26755604332081,0],[-59.3559608728699,-9.26701380752339,0],[-59.3556879612652,-9.26701560370456,0],[-59.3556861533329,-9.26674448574575,0],[-59.354594507198,-9.26675166818052,0],[-59.3545963142944,-9.26702278635304,0],[-59.3543234024137,-9.26702458149611,0],[-59.3543197886941,-9.26648234503981,0],[-59.3545927001568,-9.26648055000356,0],[-59.3545890862398,-9.2659383136363,0],[-59.3551349081639,-9.26593472315466,0],[-59.3551312936319,-9.26539248698329,0],[-59.3548583831153,-9.26539428222107,0],[-59.3548565761411,-9.2651231640753,0],[-59.3534920237756,-9.26513213688341,0],[-59.3534902179012,-9.26486101846618,0],[-59.3532173074715,-9.26486281235168,0],[-59.3532155018612,-9.26459169387662,0],[-59.3540342323579,-9.26458631175757,0],[-59.3540306200491,-9.26404407511447,0],[-59.353211890806,-9.26404945691318,0],[-59.3532100853611,-9.26377833842479,0],[-59.3534829949551,-9.26377654475282,0],[-59.3534757728914,-9.26269207096838,0],[-59.353202864133,-9.2626938644268,0],[-59.353197448791,-9.26188050888167,0],[-59.3545619888982,-9.26187154031525,0],[-59.3545656011598,-9.26241377681583,0],[-59.3548385094334,-9.2624119823732,0],[-59.3548403158559,-9.26268310056341,0],[-59.3551132242832,-9.26268130585985,0],[-59.3551078045549,-9.26186795143617,0],[-59.3548348967541,-9.26186974597946,0],[-59.3548330904972,-9.26159862777593,0],[-59.3553789056258,-9.26159503858869,0],[-59.3553770990064,-9.26132392048756,0],[-59.3551041916786,-9.2613257151315,0],[-59.355100579023,-9.26078347880907,0],[-59.3553734859332,-9.26078168427198,0],[-59.3553716794793,-9.26051056615752,0],[-59.3561903992521,-9.2605051814617,0],[-59.3561867852571,-9.2599629455401,0],[-59.35645969132,-9.25996115033346,0],[-59.3564578841965,-9.25969003241945,0],[-59.3567307899953,-9.2596882370588,0],[-59.3567289827182,-9.2594171191938,0],[-59.3572747937326,-9.25941352795709,0],[-59.3572729860931,-9.25914241019458,0],[-59.3575458913086,-9.25914061431853,0],[-59.3575440835156,-9.25886949660506,0],[-59.3580898933634,-9.25886590433761,0],[-59.358088085208,-9.25859478672667,0],[-59.3589067989388,-9.25858939693026,0],[-59.3589049902123,-9.25831827947537,0],[-59.35917789447,-9.25831648251523,0],[-59.359172467996,-9.25750313028446,0],[-59.359445371572,-9.25750133327746,0],[-59.3594399449693,-9.25668798116727,0],[-59.3591670420195,-9.25668977801372,0],[-59.3591598081582,-9.25560530825721,0],[-59.3594327102731,-9.25560351162483,0],[-59.3594309017372,-9.25533239422812,0],[-59.3597038035881,-9.25533059744191,0],[-59.3597019948988,-9.25505948009428,0],[-59.3599748964857,-9.25505768315425,0],[-59.3599767053837,-9.25532880044835,0],[-59.360249607124,-9.25532700324743,0],[-59.360251416286,-9.25559812048355,0],[-59.360797220018,-9.25559452535259,0],[-59.3607954104386,-9.25532340822356,0],[-59.361068312013,-9.2553216104006,0],[-59.3610665022802,-9.25505049332068,0],[-59.3621581071895,-9.25504330016961,0],[-59.3621562966773,-9.25477218329953,0],[-59.3624291975576,-9.25477038454699,0],[-59.3624255762818,-9.25422815090069,0],[-59.3629713770415,-9.25422455298798,0],[-59.3629695660693,-9.25395343626536,0],[-59.3632424661574,-9.25395163705162,0],[-59.3632352219876,-9.25286717033113,0],[-59.3637810203285,-9.25286357171061,0],[-59.3637792090072,-9.25259245512661,0],[-59.3640521078859,-9.25259065555903,0],[-59.3640502964114,-9.25231953902421,0],[-59.3643231950261,-9.25231773930298,0],[-59.3643213833983,-9.25204662281735,0],[-59.3645942817489,-9.25204482294247,0],[-59.3645960935854,-9.25231593937446,0],[-59.3651418905377,-9.2523123388956,0],[-59.365140078284,-9.25204122257089,0],[-59.3656858745975,-9.25203762137022,0],[-59.3656876872684,-9.25230873758762,0],[-59.3659605855506,-9.25230693662271,0],[-59.3659569598469,-9.25176470429081,0],[-59.3665027554105,-9.25176110195385,0],[-59.3665009422246,-9.25148998588858,0],[-59.3673196345283,-9.25148458098973,0],[-59.367317820772,-9.25121346508109,0],[-59.3670449236015,-9.25121526686761,0],[-59.3670376699654,-9.25013080297386,0],[-59.3673105663015,-9.25012900140213,0],[-59.3673160070712,-9.25094234916801,0],[-59.3675889039776,-9.25094054722795,0],[-59.3675816488946,-9.24985608374603,0],[-59.3673087528225,-9.24985788547129,0],[-59.367306939399,-9.24958676953601,0]],[[-59.3534739675134,-9.26242095251116,0],[-59.3534757728914,-9.26269207096838,0],[-59.3537486815946,-9.26269027730243,0],[-59.3537468760077,-9.2624191588986,0],[-59.3534739675134,-9.26242095251116,0]],[[-59.3537450704759,-9.26214804049033,0],[-59.3537468760077,-9.2624191588986,0],[-59.3540197844469,-9.26241736507852,0],[-59.3540179787063,-9.26214624672365,0],[-59.3537450704759,-9.26214804049033,0]],[[-59.3527021831542,-9.26947541471081,0],[-59.3527003770245,-9.26920429620455,0],[-59.3524274630856,-9.26920609032121,0],[-59.3524292690063,-9.26947720888083,0],[-59.3527021831542,-9.26947541471081,0]],[[-59.3274635514226,-9.24984758984739,0],[-59.3277364553167,-9.24984581843145,0],[-59.327732889123,-9.24930357110486,0],[-59.327459985646,-9.2493053424152,0],[-59.3274635514226,-9.24984758984739,0]],[[-59.3274689004965,-9.25066096096245,0],[-59.3274635514226,-9.24984758984739,0],[-59.3271906474739,-9.24984936105608,0],[-59.3271924302354,-9.25012048481832,0],[-59.3263737174365,-9.25012579735928,0],[-59.3263808465244,-9.25121029299734,0],[-59.3261079413146,-9.25121206364089,0],[-59.3261132880769,-9.25202543548124,0],[-59.3269320054206,-9.25202012245376,0],[-59.326930222486,-9.25174899866973,0],[-59.3272031279495,-9.25174722729877,0],[-59.327195995922,-9.25066273232953,0],[-59.3274689004965,-9.25066096096245,0]],[[-59.3026255417617,-9.24946566415537,0],[-59.3023526332942,-9.24946741639948,0],[-59.3023561606885,-9.25000967349398,0],[-59.3029019784039,-9.25000616858958,0],[-59.3029002142626,-9.24973504014901,0],[-59.3026273056404,-9.2497367926526,0],[-59.3026255417617,-9.24946566415537,0]],[[-59.3034477959034,-9.25000266285612,0],[-59.3029019784039,-9.25000616858958,0],[-59.3029037425992,-9.25027729702573,0],[-59.303449560516,-9.25027379118778,0],[-59.3034477959034,-9.25000266285612,0]],[[-59.240675664621,-9.25012924719618,0],[-59.2404027438624,-9.25013095244017,0],[-59.2404044602264,-9.25040209268191,0],[-59.2409503021085,-9.25039868188495,0],[-59.2409485853272,-9.25012754174488,0],[-59.241494426582,-9.25012413022039,0],[-59.2414927094358,-9.2498529901776,0],[-59.2406739481009,-9.24985810700087,0],[-59.240675664621,-9.25012924719618,0]],[[-59.3479437831547,-9.2516119965943,0],[-59.3484895855917,-9.25160842172385,0],[-59.3484877862298,-9.25133730212468,0],[-59.3487606871572,-9.25133551443183,0],[-59.3487624867276,-9.25160663397772,0],[-59.3493082888345,-9.25160305786364,0],[-59.3492992894464,-9.25024746062266,0],[-59.3487534894257,-9.25025103620389,0],[-59.348755288776,-9.25052215576753,0],[-59.3490281890225,-9.25052036802725,0],[-59.3490299886364,-9.25079148753317,0],[-59.3484841876712,-9.25079506291304,0],[-59.348485986923,-9.25106618252108,0],[-59.3482130861493,-9.2510679699534,0],[-59.3482148852475,-9.25133908961027,0],[-59.3479419842101,-9.25134087688859,0],[-59.3479437831547,-9.2516119965943,0]],[[-59.1249624047338,-9.25246064539698,0],[-59.1257812355313,-9.25245579129036,0],[-59.1257796065712,-9.25218463026858,0],[-59.1263254931029,-9.2521813932569,0],[-59.1263238637751,-9.25191023232721,0],[-59.1265968067574,-9.2519086135585,0],[-59.1265951772707,-9.25163745267269,0],[-59.1260492916736,-9.25164068990622,0],[-59.1260509207429,-9.25191185088852,0],[-59.1252320913474,-9.25191670532802,0],[-59.1252337198401,-9.25218786645062,0],[-59.1249607763999,-9.25218948423053,0],[-59.1249591481159,-9.25191832305971,0],[-59.1241403181228,-9.25192317501035,0],[-59.1241419457805,-9.25219433632578,0],[-59.1238690021411,-9.25219595327604,0],[-59.1238706296399,-9.25246711463529,0],[-59.124143573488,-9.25246549763684,0],[-59.1241468290524,-9.25300782024583,0],[-59.1236009404712,-9.25301105422807,0],[-59.1236025679104,-9.25328221562238,0],[-59.1230566787126,-9.25328544887125,0],[-59.123058305784,-9.25355661035753,0],[-59.1233312506166,-9.25355499378864,0],[-59.1233328779466,-9.25382615522238,0],[-59.1244246576146,-9.25381968667965,0],[-59.1244230294494,-9.25354852543867,0],[-59.1238771401325,-9.25355176002854,0],[-59.1238755124347,-9.25328059868679,0],[-59.1244214013339,-9.25327736419331,0],[-59.1244197732683,-9.25300620294357,0],[-59.1249656615508,-9.25300296771676,0],[-59.1249624047338,-9.25246064539698,0]],[[-59.1230550516909,-9.25301428738059,0],[-59.1233279961059,-9.25301267090804,0],[-59.1233263689252,-9.25274150946118,0],[-59.123053424719,-9.25274312588555,0],[-59.1230550516909,-9.25301428738059,0]],[[-59.3441357336417,-9.25353484050376,0],[-59.3444086371179,-9.25353305570177,0],[-59.3444068405009,-9.25326193533526,0],[-59.3446797437135,-9.25326015037913,0],[-59.3446779469428,-9.25298903006136,0],[-59.3449508498918,-9.25298724495112,0],[-59.3449472560978,-9.25244500440864,0],[-59.3446743535661,-9.25244678941251,0],[-59.344676150227,-9.25271790973915,0],[-59.3444032474317,-9.2527196945889,0],[-59.3444050439388,-9.2529908149643,0],[-59.3441321408799,-9.25299259965993,0],[-59.3441357336417,-9.25353484050376,0]],[[-59.3004722374113,-9.25408886725728,0],[-59.3007451498035,-9.25408711557671,0],[-59.3007416232952,-9.25354485798837,0],[-59.301014535216,-9.25354310620484,0],[-59.301011008506,-9.25300084870319,0],[-59.3004651854452,-9.25300435185413,0],[-59.3004634225884,-9.25273322299228,0],[-59.3001905111858,-9.25273497420457,0],[-59.3001975621016,-9.25381948983414,0],[-59.3004704743389,-9.25381773841312,0],[-59.3004722374113,-9.25408886725728,0]],[[-59.3255799510071,-9.25392684467416,0],[-59.3258528584125,-9.25392507391758,0],[-59.3258492935041,-9.25338282598494,0],[-59.3261222004376,-9.25338105512655,0],[-59.3261204178565,-9.25310993120635,0],[-59.3258475111316,-9.25311170201197,0],[-59.3258457288136,-9.25284057803458,0],[-59.3255728222429,-9.25284234858013,0],[-59.3255781687343,-9.2536557206573,0],[-59.3253052614831,-9.25365749115378,0],[-59.3253088256658,-9.25419973928858,0],[-59.3255817333344,-9.25419796868659,0],[-59.3255799510071,-9.25392684467416,0]],[[-59.1227951231223,-9.25518519583381,0],[-59.1233410153431,-9.25518196232545,0],[-59.1233426429717,-9.25545312373293,0],[-59.1236155892163,-9.25545150661935,0],[-59.1236107058533,-9.2546380225283,0],[-59.1227918688498,-9.25464287281303,0],[-59.1227902417881,-9.25437171129608,0],[-59.1222443506213,-9.25437494368558,0],[-59.1222459772653,-9.25464610529885,0],[-59.1225189230824,-9.25464448915967,0],[-59.122520549985,-9.25491565072041,0],[-59.1227934959612,-9.25491403432561,0],[-59.1227951231223,-9.25518519583381,0]],[[-59.2996534999115,-9.25409412105481,0],[-59.2999264124653,-9.25409236999632,0],[-59.2999228872092,-9.25355011209487,0],[-59.2996499750728,-9.25355186304901,0],[-59.2996534999115,-9.25409412105481,0]],[[-59.1233442706501,-9.25572428513605,0],[-59.1225254309912,-9.25572913537637,0],[-59.122528685244,-9.25627145845847,0],[-59.1230745792352,-9.25626822497975,0],[-59.1230729516661,-9.25599706353722,0],[-59.1233458983782,-9.25599544653478,0],[-59.1233442706501,-9.25572428513605,0]],[[-59.302946099475,-9.25678437816631,0],[-59.3032190134691,-9.25678262409709,0],[-59.3032172477699,-9.25651149581936,0],[-59.3029443339845,-9.25651324983633,0],[-59.3029425685481,-9.25624212150193,0],[-59.3032154821247,-9.2562403675372,0],[-59.3032066547082,-9.25488472606004,0],[-59.3029337421753,-9.25488647976354,0],[-59.302935507342,-9.25515760812007,0],[-59.3026625945464,-9.25515936166843,0],[-59.3026643595582,-9.25543049007277,0],[-59.3023914465,-9.25543224346599,0],[-59.302396741233,-9.25624562880917,0],[-59.3021238274946,-9.25624738215168,0],[-59.3021255923047,-9.25651851064279,0],[-59.3018526783035,-9.25652026383012,0],[-59.3018615021196,-9.25787590648036,0],[-59.3021344171647,-9.25787415303193,0],[-59.3021308870589,-9.25733189608955,0],[-59.3024038016324,-9.25733014253812,0],[-59.3024073321559,-9.25787239937605,0],[-59.3026802470931,-9.25787064551273,0],[-59.3026784815956,-9.25759951714821,0],[-59.30295139627,-9.25759776312969,0],[-59.302946099475,-9.25678437816631,0]],[[-59.2472653567344,-9.25632445432587,0],[-59.2478112051712,-9.25632103092022,0],[-59.2478077589108,-9.25577875337541,0],[-59.2480806826326,-9.25577704146343,0],[-59.2480789593726,-9.25550590273541,0],[-59.2478060358596,-9.25550761459639,0],[-59.2478043128611,-9.25523647581297,0],[-59.2475313895042,-9.25523818741554,0],[-59.2475331122939,-9.25550932624996,0],[-59.2472601886756,-9.25551103769611,0],[-59.2472653567344,-9.25632445432587,0]],[[-59.3381623125607,-9.2581831200136,0],[-59.3384352207923,-9.25818133887096,0],[-59.3384280492902,-9.25709685300591,0],[-59.3381551418937,-9.25709863393638,0],[-59.3381515568889,-9.25655639087115,0],[-59.3384244638678,-9.25655461004677,0],[-59.3384190861454,-9.2557412455748,0],[-59.3373274604056,-9.25574836699157,0],[-59.33732925209,-9.25601948869879,0],[-59.3370563453094,-9.25602126858757,0],[-59.3370581368399,-9.25629239034338,0],[-59.3367852297958,-9.25629417007779,0],[-59.3367995623409,-9.2584631443887,0],[-59.3370724710552,-9.25846136423019,0],[-59.3370760551566,-9.25900360765754,0],[-59.3362573275968,-9.25900894782878,0],[-59.3362591191032,-9.25928006969482,0],[-59.3359862095983,-9.25928184939001,0],[-59.3359880009507,-9.2595529713046,0],[-59.3357150911822,-9.25955475084531,0],[-59.3357168823805,-9.25982587280846,0],[-59.3354439723485,-9.25982765219469,0],[-59.3354457633927,-9.26009877420639,0],[-59.3351728530971,-9.26010055343813,0],[-59.3351746439872,-9.26037167549836,0],[-59.3354475544916,-9.26036989621364,0],[-59.3354493456452,-9.26064101821646,0],[-59.3359951669076,-9.26063745891862,0],[-59.3359987502145,-9.26117970269901,0],[-59.3362716611813,-9.26117792263287,0],[-59.3362698692916,-9.26090680079789,0],[-59.3365427799948,-9.26090502057725,0],[-59.336540987951,-9.26063389879083,0],[-59.3373597191055,-9.26062855704301,0],[-59.3373579264899,-9.2603574354112,0],[-59.3376308365563,-9.26035565446665,0],[-59.3376290437867,-9.26008453288342,0],[-59.3379019535896,-9.26008275178442,0],[-59.3379001606659,-9.25981163024978,0],[-59.3381730702051,-9.25980984899635,0],[-59.3381712771274,-9.25953872751032,0],[-59.338444186403,-9.25953694610246,0],[-59.3384423931713,-9.25926582466504,0],[-59.3387153021832,-9.25926404310277,0],[-59.3387117154666,-9.25872180032071,0],[-59.3384388068722,-9.25872358177687,0],[-59.3384405999943,-9.25899470322317,0],[-59.3376218732561,-9.25900004650613,0],[-59.3376200807603,-9.25872892490072,0],[-59.3378929895191,-9.25872714406688,0],[-59.3378911968693,-9.25845602251007,0],[-59.3381641053645,-9.25845424152182,0],[-59.3381623125607,-9.2581831200136,0]],[[-59.3247790479271,-9.25664339720716,0],[-59.3250519575833,-9.25664162654521,0],[-59.325053740038,-9.25691275061882,0],[-59.3253266498484,-9.25691097969672,0],[-59.3253213020215,-9.25609760762081,0],[-59.3255942111512,-9.25609583664956,0],[-59.3255924284424,-9.25582471266814,0],[-59.3247737015162,-9.2558300248015,0],[-59.3247772657357,-9.25637227307637,0],[-59.3245043562338,-9.2563740434782,0],[-59.3245097023453,-9.25718741601547,0],[-59.3247826124735,-9.25718564545545,0],[-59.3247790479271,-9.25664339720716,0]],[[-59.3528866514906,-9.25618881091634,0],[-59.3523408437209,-9.25619239423392,0],[-59.3523426469956,-9.25646351300678,0],[-59.3520697428194,-9.25646530440787,0],[-59.3520715459404,-9.25673642322964,0],[-59.3528902589301,-9.25673104824415,0],[-59.3528866514906,-9.25618881091634,0]],[[-59.1271834563815,-9.2586843937092,0],[-59.1269105082778,-9.2586860140992,0],[-59.1269088773361,-9.25841485337106,0],[-59.1255441371149,-9.2584229519665,0],[-59.1255425072676,-9.25815179099277,0],[-59.1252695592828,-9.25815341004098,0],[-59.1252679296942,-9.25788224901464,0],[-59.1249949818685,-9.25788386780708,0],[-59.1249966112482,-9.25815502888164,0],[-59.1247236631637,-9.25815664751475,0],[-59.1247269216547,-9.25869896974714,0],[-59.1266375601243,-9.25868763428165,0],[-59.126639190907,-9.25895879505367,0],[-59.1263662424947,-9.25896041507681,0],[-59.1263727652879,-9.26004505831412,0],[-59.1266457145359,-9.26004343809799,0],[-59.1266489766494,-9.26058575959387,0],[-59.1269219262655,-9.26058413907364,0],[-59.1269170325431,-9.25977065696801,0],[-59.1271899814825,-9.25976903638497,0],[-59.1271883501324,-9.25949787572259,0],[-59.1277342474437,-9.25949463403029,0],[-59.1277326157256,-9.25922347346007,0],[-59.1274596673039,-9.25922509436174,0],[-59.1274580358446,-9.25895393373888,0],[-59.1271850875819,-9.25895555438471,0],[-59.1271834563815,-9.2586843937092,0]],[[-59.1266522389624,-9.26112808107224,0],[-59.1266489766494,-9.26058575959387,0],[-59.1263760269835,-9.2605873799065,0],[-59.1263776579061,-9.26085854069612,0],[-59.1261047079814,-9.26086016084939,0],[-59.1261063387448,-9.26113132168287,0],[-59.1266522389624,-9.26112808107224,0]],[[-59.3018667970565,-9.25868929201741,0],[-59.3021397127281,-9.25868753841231,0],[-59.3021432433734,-9.25922979531043,0],[-59.3024161594086,-9.25922804139341,0],[-59.3024108628951,-9.25841465619627,0],[-59.3021379474864,-9.25841640995661,0],[-59.3021361822986,-9.25814528149648,0],[-59.3018632670447,-9.25814703499713,0],[-59.3018667970565,-9.25868929201741,0]],[[-59.3395322348782,-9.25898757594163,0],[-59.3392593262394,-9.25898935807319,0],[-59.3392629139009,-9.25953160063414,0],[-59.3395358229573,-9.25952981839645,0],[-59.3395340288903,-9.25925869717126,0],[-59.3398069376831,-9.25925691477918,0],[-59.3398033492959,-9.25871467242164,0],[-59.3395304409208,-9.25871645470757,0],[-59.3395322348782,-9.25898757594163,0]],[[-59.3392647078139,-9.25980272190796,0],[-59.3392629139009,-9.25953160063414,0],[-59.3389900047898,-9.25953338266437,0],[-59.3389917984939,-9.25980450399126,0],[-59.3392647078139,-9.25980272190796,0]],[[-59.2377472946715,-9.26180704173667,0],[-59.238020224933,-9.26180533638263,0],[-59.2380185082441,-9.2615341958688,0],[-59.2382914382442,-9.26153249035796,0],[-59.2382845711777,-9.26044792846163,0],[-59.2385575002897,-9.26044622294637,0],[-59.2385557834453,-9.26017508251205,0],[-59.2380099255866,-9.26017849323347,0],[-59.2380116420132,-9.26044963376936,0],[-59.2377387127963,-9.26045133886955,0],[-59.2377369965786,-9.26018019828289,0],[-59.2374640675182,-9.26018190312478,0],[-59.2374692157019,-9.2609953250238,0],[-59.2371962859623,-9.26099702981043,0],[-59.2371928542052,-9.26045474844731,0],[-59.236919924831,-9.26045645292489,0],[-59.2369216404744,-9.2607275936594,0],[-59.2366487108389,-9.26072929798019,0],[-59.2366504263259,-9.26100043876104,0],[-59.2369233561703,-9.26099873438951,0],[-59.2369285035725,-9.26181215655338,0],[-59.2366555731013,-9.26181386107715,0],[-59.2366572887979,-9.26208500184036,0],[-59.2363843580653,-9.2620867062073,0],[-59.2363895048429,-9.26290012862272,0],[-59.2372082987639,-9.26289501444247,0],[-59.2372048662727,-9.26235273314108,0],[-59.2374777970569,-9.26235102810066,0],[-59.2374760806811,-9.26207988749411,0],[-59.2377490112039,-9.26207818229687,0],[-59.2377472946715,-9.26180704173667,0]],[[-59.3436330467835,-9.2600453007797,0],[-59.3430872294266,-9.26004887148398,0],[-59.3430890263728,-9.2603199920054,0],[-59.3433619352876,-9.26031820670384,0],[-59.3433637324976,-9.26058932716767,0],[-59.3436366415662,-9.26058754160548,0],[-59.3436330467835,-9.2600453007797,0]],[[-59.2691478553061,-9.26377864278282,0],[-59.2694207811653,-9.26377691314781,0],[-59.269415557906,-9.26296350933855,0],[-59.2696884830852,-9.26296177965041,0],[-59.2696867418962,-9.26269064508998,0],[-59.2694138169259,-9.26269237472663,0],[-59.269412075999,-9.26242124011029,0],[-59.2691391511844,-9.26242296948789,0],[-59.2691426326735,-9.26296523881912,0],[-59.2683238566573,-9.26297042601534,0],[-59.2683255968548,-9.26324156082874,0],[-59.2680526712007,-9.26324328953044,0],[-59.2680561513373,-9.26378555924689,0],[-59.2677832252122,-9.26378728784392,0],[-59.2677867051435,-9.26432955764559,0],[-59.2683325581764,-9.26432610003812,0],[-59.2683342986397,-9.26459723482942,0],[-59.2686072252853,-9.26459550566281,0],[-59.2686002629152,-9.26351096667695,0],[-59.2691461143754,-9.26350750813267,0],[-59.2691478553061,-9.26377864278282,0]],[[-59.2688801518779,-9.26459377628859,0],[-59.2686072252853,-9.26459550566281,0],[-59.2686089660108,-9.26486664039823,0],[-59.2688818928123,-9.26486491097253,0],[-59.2688801518779,-9.26459377628859,0]],[[-59.2683360391561,-9.2648683696163,0],[-59.2683342986397,-9.26459723482942,0],[-59.2675155183837,-9.26460242108356,0],[-59.2675172582732,-9.26487355602479,0],[-59.2677901852873,-9.26487182742958,0],[-59.2677936656438,-9.2654140971959,0],[-59.2680665930227,-9.26541236829017,0],[-59.2680631122483,-9.26487009862675,0],[-59.2683360391561,-9.2648683696163,0]],[[-59.2699614082112,-9.2629600497547,0],[-59.2696884830852,-9.26296177965041,0],[-59.2696902243274,-9.26323291420643,0],[-59.2699631496624,-9.26323118425922,0],[-59.2699614082112,-9.2629600497547,0]],[[-59.3403850679767,-9.26413352788075,0],[-59.3412038049757,-9.26412817534771,0],[-59.3412056012831,-9.26439929617446,0],[-59.3414785137153,-9.26439751152854,0],[-59.3414749207375,-9.26385526997682,0],[-59.3417478326969,-9.26385348522957,0],[-59.3417442395208,-9.26331124376632,0],[-59.3411984163826,-9.2633148128408,0],[-59.3412002125255,-9.26358593368088,0],[-59.34038147678,-9.26359128589531,0],[-59.3403850679767,-9.26413352788075,0]],[[-59.1239455483919,-9.26494053242987,0],[-59.1242185018504,-9.26493891321457,0],[-59.1242168718528,-9.26466775210487,0],[-59.1239439186033,-9.26466937127198,0],[-59.1239455483919,-9.26494053242987,0]],[[-59.1239488081185,-9.26548285473251,0],[-59.1239455483919,-9.26494053242987,0],[-59.1236725948837,-9.26494215143747,0],[-59.1236774839209,-9.26575563502943,0],[-59.1239504380564,-9.26575401587726,0],[-59.1239520680442,-9.26602517701764,0],[-59.124225022339,-9.26602355760956,0],[-59.124228282882,-9.26656587978077,0],[-59.123955328169,-9.26656749928524,0],[-59.1239569583061,-9.26683866041246,0],[-59.1236840033342,-9.26684027975738,0],[-59.1236888934168,-9.26765376325734,0],[-59.1234159377677,-9.26765538253906,0],[-59.1234175676857,-9.26792654374513,0],[-59.12287165582,-9.26792978178161,0],[-59.1228732853695,-9.26820094307966,0],[-59.1236921537208,-9.26819608556874,0],[-59.1236905235439,-9.26792492441523,0],[-59.1239634793523,-9.26792330487756,0],[-59.123958588493,-9.26710982153531,0],[-59.1242315436242,-9.26710820193446,0],[-59.1242299132282,-9.2668370408598,0],[-59.1245028681005,-9.2668354210994,0],[-59.1245044987057,-9.26710658212585,0],[-59.1247774537373,-9.26710496210949,0],[-59.1247790846013,-9.26737612308336,0],[-59.1250520397923,-9.26737450281104,0],[-59.1250504087191,-9.26710334188538,0],[-59.1253233636512,-9.26710172145352,0],[-59.1253217324187,-9.26683056057171,0],[-59.1255946870918,-9.26682893998033,0],[-59.1255914243582,-9.26628661830001,0],[-59.1258643785632,-9.26628499759734,0],[-59.1258611156107,-9.26574267599596,0],[-59.1253152079871,-9.26574591700065,0],[-59.1253135770037,-9.26547475609693,0],[-59.1239488081185,-9.26548285473251,0]],[[-59.1225986998125,-9.2679314004882,0],[-59.12287165582,-9.26792978178161,0],[-59.1228700263203,-9.26765862047919,0],[-59.122597070522,-9.26766023913762,0],[-59.1225986998125,-9.2679314004882,0]],[[-59.2347690623788,-9.26562176218603,0],[-59.2353149298538,-9.26561835441713,0],[-59.2353114992402,-9.26507607249366,0],[-59.2355844324811,-9.26507436839916,0],[-59.235581001659,-9.26453208655949,0],[-59.2347622030332,-9.2645371979158,0],[-59.2347604883277,-9.26426605683721,0],[-59.2344875555567,-9.26426776015669,0],[-59.2344926992032,-9.2650811835313,0],[-59.2342197657528,-9.26508288679522,0],[-59.2342214801974,-9.26535402796196,0],[-59.2339485464856,-9.26535573106892,0],[-59.2339502607735,-9.26562687228193,0],[-59.2336773268004,-9.26562857523192,0],[-59.2336807551152,-9.26617085774608,0],[-59.2334078206717,-9.26617256058976,0],[-59.2334095346986,-9.26644370189089,0],[-59.2339554039514,-9.26644029589452,0],[-59.2339536895065,-9.26616915469474,0],[-59.2344995581318,-9.26616574796904,0],[-59.2344944138568,-9.26535232464735,0],[-59.2347673474639,-9.26535062112508,0],[-59.2347690623788,-9.26562176218603,0]],[[-59.2336756127215,-9.26535743396823,0],[-59.2339485464856,-9.26535573106892,0],[-59.2339468322501,-9.26508458985149,0],[-59.2336738986949,-9.26508629270012,0],[-59.2336756127215,-9.26535743396823,0]],[[-59.3229274734425,-9.26560289204041,0],[-59.3232003903724,-9.26560112109123,0],[-59.3231986076369,-9.26532999679042,0],[-59.3234715243034,-9.26532822568634,0],[-59.3234697414133,-9.2650571014338,0],[-59.3237426578164,-9.26505533017483,0],[-59.323735525965,-9.26397083333117,0],[-59.323189694776,-9.26397437521985,0],[-59.3231968249558,-9.26505887248518,0],[-59.3229239084438,-9.26506064332896,0],[-59.3229274734425,-9.26560289204041,0]],[[-59.2866343036832,-9.26664997211692,0],[-59.2863613788884,-9.26665171540067,0],[-59.2863596242045,-9.2663805840546,0],[-59.2866325487903,-9.26637884082273,0],[-59.2866290391653,-9.26583657822106,0],[-59.2871748873401,-9.2658330913419,0],[-59.2871661121255,-9.26447743527911,0],[-59.2868931891098,-9.26447917856308,0],[-59.2868949438365,-9.26475030983637,0],[-59.2863490972264,-9.26475379588527,0],[-59.2863561149975,-9.26583832134919,0],[-59.2860831907761,-9.26584006426969,0],[-59.28608845404,-9.26665345847676,0],[-59.2855426041824,-9.26665694400599,0],[-59.2855443582928,-9.26692807550321,0],[-59.2852714330747,-9.26692981800819,0],[-59.2852749410382,-9.26747208109305,0],[-59.2850020153484,-9.26747382349406,0],[-59.2850107851491,-9.26882948138797,0],[-59.2852837118842,-9.26882773872776,0],[-59.2852819576079,-9.26855660720967,0],[-59.2858278104991,-9.26855312136984,0],[-59.2858260558582,-9.26828198995103,0],[-59.2860989820144,-9.26828024677143,0],[-59.2860937177861,-9.26746685264401,0],[-59.2863666432616,-9.26746510941232,0],[-59.2863631336259,-9.26692284674231,0],[-59.2866360586297,-9.26692110340669,0],[-59.2866343036832,-9.26664997211692,0]],[[-59.2374932467996,-9.26479129336118,0],[-59.2372203141346,-9.26479299885843,0],[-59.2372254643657,-9.26560642068482,0],[-59.2377713308973,-9.26560300917812,0],[-59.2377678965214,-9.26506072816798,0],[-59.2374949636999,-9.26506243392363,0],[-59.2374932467996,-9.26479129336118,0]],[[-59.1187659269908,-9.26605590630277,0],[-59.1190388822304,-9.26605429084154,0],[-59.1190372560064,-9.26578312883473,0],[-59.1187643009758,-9.26578474424788,0],[-59.1187659269908,-9.26605590630277,0]],[[-59.1193118374204,-9.26605267517257,0],[-59.1190388822304,-9.26605429084154,0],[-59.1190405085042,-9.26632545284397,0],[-59.1193134639033,-9.26632383712692,0],[-59.1193118374204,-9.26605267517257,0]],[[-59.1198593745524,-9.26632060506962,0],[-59.1193134639033,-9.26632383712692,0],[-59.1193150904358,-9.26659499907689,0],[-59.1195880459943,-9.26659338310402,0],[-59.1195896727856,-9.26686454500151,0],[-59.1201355841718,-9.26686131233635,0],[-59.120137211431,-9.26713247413327,0],[-59.1209560787649,-9.26712762343306,0],[-59.1209544508783,-9.26685646178048,0],[-59.1215003617674,-9.26685322703783,0],[-59.1214987335123,-9.26658206547714,0],[-59.1198610015031,-9.2665917669234,0],[-59.1198593745524,-9.26632060506962,0]],[[-59.1160477407212,-9.26797018711451,0],[-59.116320697921,-9.26796857339448,0],[-59.1163190734406,-9.26769741093783,0],[-59.1165920303817,-9.26769579705805,0],[-59.1165904057418,-9.26742463464504,0],[-59.1168633624241,-9.26742302060552,0],[-59.1168601128748,-9.26688069586243,0],[-59.1165871566108,-9.2668823098059,0],[-59.1165887811515,-9.26715347222766,0],[-59.1163158246286,-9.2671550860114,0],[-59.1163174490098,-9.26742624847681,0],[-59.1160444922283,-9.2674278621008,0],[-59.1160477407212,-9.26797018711451,0]],[[-59.116049365042,-9.26824134961479,0],[-59.1160477407212,-9.26797018711451,0],[-59.1157747834717,-9.26797180062676,0],[-59.1157764075835,-9.26824296317505,0],[-59.116049365042,-9.26824134961479,0]],[[-59.2361457438613,-9.2675112267344,0],[-59.2364186788263,-9.26750952156036,0],[-59.2364169622903,-9.26723838083461,0],[-59.2366898969939,-9.2672366755036,0],[-59.2366881803012,-9.26696553482418,0],[-59.2369611147433,-9.26696382933623,0],[-59.2369576810972,-9.26642154806565,0],[-59.2366847470732,-9.26642325345211,0],[-59.236686463661,-9.26669439414035,0],[-59.2361405950377,-9.26669780439171,0],[-59.2361440275344,-9.26724008595792,0],[-59.235871092726,-9.26724179087353,0],[-59.2358745250142,-9.26778407252355,0],[-59.2361474602407,-9.26778236750647,0],[-59.2361457438613,-9.2675112267344,0]],[[-59.2285001226918,-9.2670166028874,0],[-59.2287730587038,-9.26701490363014,0],[-59.228771348126,-9.26674376147733,0],[-59.2284984123231,-9.26674546068402,0],[-59.2285001226918,-9.2670166028874,0]],[[-59.2285052541111,-9.26783002947107,0],[-59.2285001226918,-9.2670166028874,0],[-59.2282271866276,-9.26701830193697,0],[-59.2282288968394,-9.26728944418649,0],[-59.227955960514,-9.26729114307891,0],[-59.2279593806761,-9.26783342766583,0],[-59.2282323174197,-9.2678317286723,0],[-59.2282340277882,-9.2681028709086,0],[-59.2287799015369,-9.2680994721973,0],[-59.2287781907503,-9.26782833006212,0],[-59.2285052541111,-9.26783002947107,0]],[[-59.2683586707079,-9.26839312144354,0],[-59.2686316002799,-9.26839139155643,0],[-59.2686263761895,-9.26757798750931,0],[-59.2680805182467,-9.26758144676704,0],[-59.2680787774076,-9.26731031197291,0],[-59.2675329196703,-9.26731377029702,0],[-59.2675294389878,-9.26677150048968,0],[-59.2672565104575,-9.26677322923734,0],[-59.2672599907219,-9.26731549914756,0],[-59.2667141326657,-9.2673189562256,0],[-59.2667158724595,-9.26759009127693,0],[-59.2664429431426,-9.26759181955586,0],[-59.2664481622156,-9.26840522483761,0],[-59.2667210921597,-9.26840349640442,0],[-59.266722832166,-9.26867463143808,0],[-59.2669957622659,-9.26867290274576,0],[-59.2669940220506,-9.26840176776353,0],[-59.2675398816729,-9.26839830985864,0],[-59.2675433629931,-9.26894057961293,0],[-59.2680892232392,-9.26893712067143,0],[-59.2680874821344,-9.2686659858994,0],[-59.2683604119687,-9.26866425616854,0],[-59.2683586707079,-9.26839312144354,0]],[[-59.3223994634989,-9.2683176776609,0],[-59.3226723826277,-9.26831590660006,0],[-59.3226705997658,-9.26804478223821,0],[-59.3229435186311,-9.2680430110224,0],[-59.3229399526526,-9.26750076239079,0],[-59.3232128710454,-9.26749899107271,0],[-59.3232075218589,-9.26668561825012,0],[-59.3226616862728,-9.26668916036245,0],[-59.3226634688625,-9.26696028474647,0],[-59.3223905507788,-9.26696205554387,0],[-59.3223994634989,-9.2683176776609,0]],[[-59.2301462968788,-9.26836211366187,0],[-59.2304192336225,-9.26836041290546,0],[-59.2304175215291,-9.2680892710782,0],[-59.2309633944417,-9.26808586904344,0],[-59.2309616819824,-9.26781472731298,0],[-59.2312346181512,-9.26781302603464,0],[-59.2312311929714,-9.26727074266174,0],[-59.2304123855626,-9.26727584556995,0],[-59.2304140974992,-9.26754698741044,0],[-59.2301411613826,-9.26754868801505,0],[-59.2301445849944,-9.26809097178401,0],[-59.2298716484074,-9.2680926722821,0],[-59.2298750718102,-9.2686349561346,0],[-59.2301480088153,-9.26863325553532,0],[-59.2301462968788,-9.26836211366187,0]],[[-59.2295987117682,-9.26809437257247,0],[-59.2298716484074,-9.2680926722821,0],[-59.2298699367845,-9.26782153034923,0],[-59.2295970003543,-9.26782323058902,0],[-59.2295952889927,-9.26755208860116,0],[-59.2293223527193,-9.26755378858266,0],[-59.2293274863338,-9.26836721468475,0],[-59.2296004232344,-9.26836551455151,0],[-59.2295987117682,-9.26809437257247,0]],[[-59.3338691862416,-9.26932760304614,0],[-59.3341421039148,-9.2693258230516,0],[-59.334140312055,-9.26905470092597,0],[-59.3338673945909,-9.26905648086757,0],[-59.3338691862416,-9.26932760304614,0]],[[-59.3338727697073,-9.26986984738996,0],[-59.3338691862416,-9.26932760304614,0],[-59.3333233507312,-9.26933116241216,0],[-59.3333269333606,-9.26987340696773,0],[-59.3338727697073,-9.26986984738996,0]],[[-59.3327775150019,-9.26933472094744,0],[-59.3333233507312,-9.26933116241216,0],[-59.3333215594985,-9.26906004012772,0],[-59.3327757241873,-9.26906359855714,0],[-59.3327775150019,-9.26933472094744,0]],[[-59.2285274956937,-9.27135487754165,0],[-59.2288004350514,-9.27135317747539,0],[-59.2287987236379,-9.27108203539314,0],[-59.2290716627342,-9.27108033516966,0],[-59.2290665281796,-9.27026690904816,0],[-59.2293394665963,-9.27026520876862,0],[-59.2293360434029,-9.26972292476671,0],[-59.2287901673539,-9.26972632491574,0],[-59.2287918785062,-9.26999746702004,0],[-59.2285189401942,-9.26999916683349,0],[-59.2285206511896,-9.27027030898394,0],[-59.2279747739907,-9.27027370808865,0],[-59.2279781953017,-9.27081599257855,0],[-59.2274323170573,-9.27081939105436,0],[-59.227430606794,-9.27054824871053,0],[-59.2268847287591,-9.27055164625417,0],[-59.2268932785062,-9.27190735843446,0],[-59.2271662185956,-9.27190565951391,0],[-59.2271627981218,-9.27136337475607,0],[-59.2277086773072,-9.27135997649368,0],[-59.2277103879363,-9.27163111877374,0],[-59.2279833276599,-9.27162941928031,0],[-59.2279816168216,-9.27135827705079,0],[-59.2282545562838,-9.27135657740012,0],[-59.2282528452886,-9.27108543521675,0],[-59.2285257844893,-9.27108373540884,0],[-59.2285274956937,-9.27135487754165,0]],[[-59.2277018353129,-9.27027540732936,0],[-59.2279747739907,-9.27027370808865,0],[-59.2279730634136,-9.27000256583709,0],[-59.22824600183,-9.27000086643917,0],[-59.2282442910959,-9.26972972423374,0],[-59.2276984146291,-9.26973312272074,0],[-59.2277018353129,-9.27027540732936,0]],[[-59.1146975652388,-9.27041871710275,0],[-59.1141516464294,-9.27042194270528,0],[-59.1141532697322,-9.27069310550208,0],[-59.113880310044,-9.27069471803956,0],[-59.1138819331872,-9.27096588087995,0],[-59.1147008127308,-9.27096104250007,0],[-59.1146975652388,-9.27041871710275,0]],[[-59.1125155108598,-9.2707027776094,0],[-59.113880310044,-9.27069471803956,0],[-59.1138786869504,-9.2704235551948,0],[-59.1125138888122,-9.27043161452489,0],[-59.1125155108598,-9.2707027776094,0]],[[-59.239438151224,-9.27020215236761,0],[-59.239165214745,-9.27020386033437,0],[-59.2391669339489,-9.27047500050388,0],[-59.2388939972083,-9.27047670831368,0],[-59.2388922782135,-9.27020556809337,0],[-59.238346404993,-9.2702089829881,0],[-59.238344686469,-9.26993784266179,0],[-59.2380717499892,-9.26993954974674,0],[-59.2380734683041,-9.27021069012382,0],[-59.2378005315627,-9.27021239705178,0],[-59.237802249721,-9.27048353747523,0],[-59.237529312718,-9.2704852442462,0],[-59.2375310307196,-9.27075638471599,0],[-59.2369851561381,-9.27075979773615,0],[-59.236993744841,-9.2721155005265,0],[-59.2367208064258,-9.27211720697866,0],[-59.2367259596492,-9.27293062875215,0],[-59.2369988986919,-9.27292892214775,0],[-59.2369971806892,-9.27265778161175,0],[-59.237543058199,-9.27265436788098,0],[-59.2375413398303,-9.27238322744208,0],[-59.2378142782974,-9.27238152031574,0],[-59.237810841299,-9.27183923952624,0],[-59.2375379032503,-9.27184094655104,0],[-59.237536185039,-9.2715698060989,0],[-59.2386279360824,-9.27156297695601,0],[-59.2386227792532,-9.27074955618241,0],[-59.2397145269474,-9.27074272432447,0],[-59.2397128072727,-9.27047158426099,0],[-59.239439870637,-9.27047329248632,0],[-59.239438151224,-9.27020215236761,0]],[[-59.2367122187687,-9.27076150393457,0],[-59.2369851561381,-9.27075979773615,0],[-59.2369834385548,-9.27048865716484,0],[-59.2372563756626,-9.2704869508094,0],[-59.2372529402351,-9.26994466975505,0],[-59.2369800035455,-9.26994637600897,0],[-59.2369817210239,-9.27021751658911,0],[-59.2364358470692,-9.27022092857519,0],[-59.2364375641818,-9.27049206925241,0],[-59.2361646269167,-9.27049377498454,0],[-59.2361680608808,-9.2710360564272,0],[-59.2348033716778,-9.27104458247854,0],[-59.23480680376,-9.27158686441072,0],[-59.2345338653439,-9.27158856909904,0],[-59.2345355812545,-9.27185971010921,0],[-59.2342626425768,-9.27186141464044,0],[-59.2342609268755,-9.27159027357957,0],[-59.2339879883546,-9.27159197785231,0],[-59.2339914193914,-9.272134260071,0],[-59.233445541356,-9.27213766819579,0],[-59.2334403961344,-9.27132424455708,0],[-59.2331674576656,-9.27132594815576,0],[-59.2331640281979,-9.27078366560655,0],[-59.2334369662484,-9.2707819621092,0],[-59.2334352513839,-9.27051082087864,0],[-59.2331623135426,-9.27051252432532,0],[-59.233158884389,-9.26997024174964,0],[-59.2328859469136,-9.26997194488723,0],[-59.232889375649,-9.27051422756423,0],[-59.2323434997047,-9.27051763341875,0],[-59.2323452137326,-9.27078877485194,0],[-59.2328910900951,-9.27078536889612,0],[-59.2328928045937,-9.2710565102236,0],[-59.2326198662294,-9.27105821335605,0],[-59.2326250094115,-9.27187163746396,0],[-59.2323520703674,-9.27187334054058,0],[-59.2323503561302,-9.27160219912504,0],[-59.232077417243,-9.27160390194322,0],[-59.2320808453514,-9.27214618487117,0],[-59.2315349665833,-9.27214959008668,0],[-59.2315401078831,-9.27296301474933,0],[-59.231267167793,-9.27296471719724,0],[-59.231268881455,-9.27323585879325,0],[-59.2318147620013,-9.27323245358834,0],[-59.231816476134,-9.27350359507869,0],[-59.2312705951694,-9.27350700038485,0],[-59.2312740227549,-9.27404928355483,0],[-59.2310010817757,-9.27405098599739,0],[-59.2310027954377,-9.27432212762637,0],[-59.2318216188461,-9.27431701952325,0],[-59.2318233331881,-9.27458816099594,0],[-59.2320962744288,-9.27458645782855,0],[-59.2320945598776,-9.2743153164065,0],[-59.2323675008568,-9.27431361308188,0],[-59.2323606423383,-9.2732290475521,0],[-59.2331794624513,-9.273223936939,0],[-59.2331777473249,-9.27295279569749,0],[-59.2337236267201,-9.27294938768428,0],[-59.2337201957876,-9.2724071053907,0],[-59.2350848912675,-9.27239858222767,0],[-59.2350866077535,-9.27266972312319,0],[-59.2356324859972,-9.27266631230187,0],[-59.2356273354412,-9.27185288990633,0],[-59.2361732122202,-9.2718494785581,0],[-59.2361697779415,-9.27130719714192,0],[-59.2367156536742,-9.27130378516545,0],[-59.2367122187687,-9.27076150393457,0]],[[-59.2334524023843,-9.27322223298564,0],[-59.2331794624513,-9.273223936939,0],[-59.2331811776301,-9.2734950781761,0],[-59.2334541177723,-9.27349337417207,0],[-59.2334524023843,-9.27322223298564,0]],[[-59.1106112727495,-9.27179870591365,0],[-59.1111571949387,-9.27179548523582,0],[-59.1111555737392,-9.27152432192925,0],[-59.1106096519685,-9.27152754251128,0],[-59.1106112727495,-9.27179870591365,0]],[[-59.1106128935801,-9.27206986931163,0],[-59.1106112727495,-9.27179870591365,0],[-59.1097923890948,-9.27180353537138,0],[-59.1097940092976,-9.27207469891301,0],[-59.1095210477712,-9.2720763083644,0],[-59.1095226678142,-9.27234747194951,0],[-59.1100685912361,-9.27234425274314,0],[-59.1100669707746,-9.27207308925376,0],[-59.1106128935801,-9.27206986931163,0]],[[-59.1095242879067,-9.27261863553025,0],[-59.1095226678142,-9.27234747194951,0],[-59.1087037823105,-9.27235229919999,0],[-59.1087054017752,-9.2726234629243,0],[-59.1095242879067,-9.27261863553025,0]],[[-59.1081578583942,-9.27235551632758,0],[-59.1087037823105,-9.27235229919999,0],[-59.1087021628952,-9.27208113547131,0],[-59.108429201171,-9.2720827440912,0],[-59.1084275820144,-9.27181158031029,0],[-59.1076086971731,-9.27181640477923,0],[-59.107610315702,-9.27208756870363,0],[-59.1081562393974,-9.27208435250322,0],[-59.1081578583942,-9.27235551632758,0]],[[-59.1076119342803,-9.27235873262365,0],[-59.107610315702,-9.27208756870363,0],[-59.1070643918089,-9.27209078407255,0],[-59.1070676281779,-9.27263311209948,0],[-59.1073405905676,-9.27263150442333,0],[-59.1073389721492,-9.27236034045987,0],[-59.1076119342803,-9.27235873262365,0]],[[-59.1070692464365,-9.27290427610638,0],[-59.1070676281779,-9.27263311209948,0],[-59.1067946657387,-9.27263471956774,0],[-59.1067962837881,-9.27290588362244,0],[-59.1070692464365,-9.27290427610638,0]],[[-59.1067995200349,-9.2734482117187,0],[-59.1067962837881,-9.27290588362244,0],[-59.1065233210903,-9.27290749093062,0],[-59.1065265569186,-9.27344981912248,0],[-59.1067995200349,-9.2734482117187,0]],[[-59.1065297929444,-9.27399214729683,0],[-59.1065265569186,-9.27344981912248,0],[-59.1062535937528,-9.27345142631835,0],[-59.1062552115318,-9.27372259045551,0],[-59.1059822481074,-9.27372419749127,0],[-59.1059871011126,-9.27453769001982,0],[-59.1062600651648,-9.27453608284071,0],[-59.1062568293601,-9.27399375458829,0],[-59.1065297929444,-9.27399214729683,0]],[[-59.1059887188797,-9.27480885418725,0],[-59.1059871011126,-9.27453769001982,0],[-59.105714137011,-9.27453929699101,0],[-59.1057157545688,-9.27481046120622,0],[-59.1059887188797,-9.27480885418725,0]],[[-59.337979101137,-9.27174097357473,0],[-59.3382520198707,-9.27173918998757,0],[-59.338250224382,-9.27146806869688,0],[-59.3385231428517,-9.27146628495503,0],[-59.3385213472087,-9.27119516371294,0],[-59.3387942654146,-9.27119337981642,0],[-59.3387924696173,-9.27092225862294,0],[-59.3379737154625,-9.2709276095302,0],[-59.337979101137,-9.27174097357473,0]],[[-59.3180541059782,-9.27159948912567,0],[-59.3183270284859,-9.27159772075647,0],[-59.3183288087097,-9.27186884590292,0],[-59.3186017313722,-9.27186707727339,0],[-59.3185981705609,-9.27132482708126,0],[-59.3183252483166,-9.2713265956056,0],[-59.3183234682015,-9.27105547045028,0],[-59.317777623968,-9.27105900677057,0],[-59.3177794036649,-9.27133013203106,0],[-59.3180523260179,-9.2713283639222,0],[-59.3180541059782,-9.27159948912567,0]],[[-59.2301736941368,-9.27270038310776,0],[-59.2296278137999,-9.2727037856163,0],[-59.2296312385613,-9.27324606941999,0],[-59.2299041791743,-9.27324436816845,0],[-59.2299058918426,-9.27351551001309,0],[-59.2301788326125,-9.27351380850312,0],[-59.2301736941368,-9.27270038310776,0]],[[-59.2288192640481,-9.27433574008895,0],[-59.2293651472091,-9.27433233822046,0],[-59.2293634348025,-9.27406119628789,0],[-59.2296363760953,-9.27405949509244,0],[-59.2296329510204,-9.27351721131522,0],[-59.2290870692193,-9.27352061329595,0],[-59.2290853571786,-9.27324947129957,0],[-59.2288124164089,-9.27325117192761,0],[-59.228815840124,-9.2737934560171,0],[-59.2290887813122,-9.27379175528793,0],[-59.2290904934573,-9.27406289727548,0],[-59.22881755206,-9.27406459805523,0],[-59.2288192640481,-9.27433574008895,0]],[[-59.2288209760886,-9.27460688211825,0],[-59.2288192640481,-9.27433574008895,0],[-59.2285463223893,-9.27433744071141,0],[-59.2285480342205,-9.27460858279127,0],[-59.2288209760886,-9.27460688211825,0]],[[-59.3183412717971,-9.27376672180378,0],[-59.3186141959236,-9.27376495280608,0],[-59.3186124151104,-9.27349382774329,0],[-59.318339491193,-9.2734955966884,0],[-59.3183412717971,-9.27376672180378,0]],[[-59.3183501756325,-9.27512234731413,0],[-59.3183412717971,-9.27376672180378,0],[-59.3180683476162,-9.27376849059369,0],[-59.3180701280654,-9.27403961575723,0],[-59.317797203621,-9.27404138439192,0],[-59.3177989839154,-9.27431250960361,0],[-59.318071908569,-9.27431074091633,0],[-59.3180772504057,-9.27512411636699,0],[-59.3183501756325,-9.27512234731413,0]],[[-59.2381061262547,-9.27536235644972,0],[-59.2383790669182,-9.27536064834918,0],[-59.2383773473973,-9.27508950810675,0],[-59.2391961684453,-9.27508438271025,0],[-59.2391944483491,-9.27481324261579,0],[-59.2394673883842,-9.27481153378535,0],[-59.2394622277831,-9.27399811362788,0],[-59.2391892883756,-9.2739998223059,0],[-59.2391910083143,-9.27427096241361,0],[-59.2386451289236,-9.27427437924771,0],[-59.2386468484963,-9.2745455194526,0],[-59.2381009684772,-9.27454893555685,0],[-59.2381026876839,-9.27482007585889,0],[-59.2375568070365,-9.27482349123325,0],[-59.2375585258772,-9.27509463163241,0],[-59.2372855852656,-9.27509633905856,0],[-59.2372873039495,-9.27536747950407,0],[-59.2370143630761,-9.2753691867731,0],[-59.2370160816032,-9.27564032726495,0],[-59.2381078456188,-9.27563349673851,0],[-59.2381061262547,-9.27536235644972,0]],[[-59.2465689882482,-9.27558044738267,0],[-59.2468419274915,-9.27557873278706,0],[-59.2468402014315,-9.27530759412631,0],[-59.2471131404129,-9.27530587937379,0],[-59.2471114141962,-9.2750347407596,0],[-59.2473843529157,-9.27503302585019,0],[-59.2473826265425,-9.27476188728257,0],[-59.2465638108537,-9.27476703123425,0],[-59.2465689882482,-9.27558044738267,0]],[[-59.2260983953719,-9.27570844958903,0],[-59.2263713385469,-9.27570675058477,0],[-59.2263730489652,-9.27597789304686,0],[-59.2269189355771,-9.27597449431364,0],[-59.2269172247403,-9.27570335195258,0],[-59.2271901677587,-9.27570165232465,0],[-59.2271850349338,-9.27488822536657,0],[-59.2269120925432,-9.27488992484292,0],[-59.2269138032234,-9.27516106721722,0],[-59.2266408605713,-9.27516276653622,0],[-59.2266425710944,-9.27543390895663,0],[-59.2260966852151,-9.27543730707201,0],[-59.2260983953719,-9.27570844958903,0]],[[-59.2261001055809,-9.27597959210162,0],[-59.2260983953719,-9.27570844958903,0],[-59.2258254521448,-9.27571014838539,0],[-59.2258271621445,-9.27598129094849,0],[-59.2261001055809,-9.27597959210162,0]],[[-59.2252846944339,-9.27652697333348,0],[-59.2250117504224,-9.27652867165762,0],[-59.2250100409462,-9.27625752895187,0],[-59.2247370970918,-9.27625922701762,0],[-59.224735387877,-9.27598808425698,0],[-59.2244624441798,-9.27598978206435,0],[-59.2244607352264,-9.27571863924883,0],[-59.2241877916863,-9.27572033679784,0],[-59.2241912092266,-9.2762626225254,0],[-59.2236453211529,-9.27626601720157,0],[-59.2236487380646,-9.27680830311331,0],[-59.223375793531,-9.27681000024043,0],[-59.2233775018558,-9.27708114324013,0],[-59.2228316122136,-9.27708453697148,0],[-59.2228333201719,-9.27735568006764,0],[-59.2225603750633,-9.27735737667186,0],[-59.2225620828644,-9.27762851981404,0],[-59.2228350281823,-9.2776268231594,0],[-59.2228384443593,-9.27816910932966,0],[-59.2239302267842,-9.27816232022815,0],[-59.2239285178323,-9.277891177347,0],[-59.2244744083133,-9.27788778164948,0],[-59.2244692805147,-9.27707435328233,0],[-59.2250151695313,-9.27707095705589,0],[-59.2250134599508,-9.27679981435896,0],[-59.2252864041716,-9.27679811598433,0],[-59.2252846944339,-9.27652697333348,0]],[[-59.2446670347908,-9.27694813900692,0],[-59.2449399754489,-9.2769464256118,0],[-59.2449382505904,-9.27667528661646,0],[-59.2446653101416,-9.27667699996065,0],[-59.244663585545,-9.27640586090996,0],[-59.2443906452529,-9.27640757399532,0],[-59.2443889209182,-9.2761364348893,0],[-59.2435701003538,-9.27614157274526,0],[-59.2435752716322,-9.27695499050827,0],[-59.2433023307111,-9.27695670286383,0],[-59.2433057780744,-9.27749898145221,0],[-59.2441246019357,-9.27749384345637,0],[-59.2441263263242,-9.27776498259122,0],[-59.2443992677154,-9.27776326945917,0],[-59.2443975431177,-9.27749213037524,0],[-59.244670484247,-9.27749041708619,0],[-59.2446670347908,-9.27694813900692,0]],[[-59.1038211666497,-9.277533349771,0],[-59.1040941333995,-9.2775317437302,0],[-59.1040925166043,-9.27726057927222,0],[-59.1038195500639,-9.27726218526528,0],[-59.1038211666497,-9.277533349771,0]],[[-59.1038227832849,-9.27780451427233,0],[-59.1038211666497,-9.277533349771,0],[-59.1035481998506,-9.2775349556038,0],[-59.1035498162764,-9.27780612015286,0],[-59.1038227832849,-9.27780451427233,0]],[[-59.1035514327516,-9.27807728469755,0],[-59.1035498162764,-9.27780612015286,0],[-59.1032768492187,-9.2778077258254,0],[-59.1032784654844,-9.27807889041781,0],[-59.1035514327516,-9.27807728469755,0]],[[-59.1032816981638,-9.27862121958948,0],[-59.1032784654844,-9.27807889041781,0],[-59.1030054981679,-9.27808049593005,0],[-59.1030087304285,-9.27862282519717,0],[-59.1032816981638,-9.27862121958948,0]],[[-59.1030103466328,-9.27889398982416,0],[-59.1030087304285,-9.27862282519717,0],[-59.102735762644,-9.27862443059684,0],[-59.1027373786388,-9.27889559527154,0],[-59.1030103466328,-9.27889398982416,0]],[[-59.102738994683,-9.27916675994186,0],[-59.1027373786388,-9.27889559527154,0],[-59.1024644105956,-9.27889720051089,0],[-59.1024660264303,-9.27916836522892,0],[-59.102738994683,-9.27916675994186,0]],[[-59.1024676423143,-9.27943952994257,0],[-59.1024660264303,-9.27916836522892,0],[-59.1021930581283,-9.27916997030793,0],[-59.1021946738029,-9.27944113506929,0],[-59.1024676423143,-9.27943952994257,0]],[[-59.1021979053,-9.27998346457886,0],[-59.1021946738029,-9.27944113506929,0],[-59.1019217052423,-9.27944273998796,0],[-59.1019249363205,-9.27998506959293,0],[-59.1021979053,-9.27998346457886,0]],[[-59.2427598952372,-9.27750240574316,0],[-59.2424869537398,-9.27750411757675,0],[-59.2424852306598,-9.27723297813211,0],[-59.2430311131835,-9.27722955435878,0],[-59.2430293897374,-9.27695841501149,0],[-59.2427564487111,-9.27696012695123,0],[-59.2427547255269,-9.27668898754863,0],[-59.2424817846573,-9.27669069922958,0],[-59.2424835076323,-9.27696183868305,0],[-59.2422105665008,-9.27696355020697,0],[-59.242212289319,-9.2772346897069,0],[-59.2419393479258,-9.27723640107378,0],[-59.2419427933013,-9.27777868016212,0],[-59.2427616185792,-9.27777354513251,0],[-59.2427598952372,-9.27750240574316,0]],[[-59.219020609834,-9.27873513254668,0],[-59.2192935566659,-9.27873343839384,0],[-59.2192918511685,-9.27846229466465,0],[-59.2201106907241,-9.27845721110944,0],[-59.2201089846507,-9.27818606752691,0],[-59.2203819308559,-9.27818437264297,0],[-59.2203785184465,-9.27764208556543,0],[-59.2192867349882,-9.27764886345058,0],[-59.2192884403296,-9.27792000719302,0],[-59.2190154941257,-9.2779217011948,0],[-59.2190189045458,-9.27846398876713,0],[-59.2184730111446,-9.27846737634822,0],[-59.2184781259089,-9.27928080797566,0],[-59.2187510732636,-9.27927911413808,0],[-59.2187493680808,-9.27900797031702,0],[-59.2190223151741,-9.27900627632181,0],[-59.219020609834,-9.27873513254668,0]],[[-59.2823446216377,-9.27860764878661,0],[-59.2820716867833,-9.27860939102598,0],[-59.2820699330902,-9.27833825904558,0],[-59.282615802327,-9.27833477446246,0],[-59.2826140482688,-9.27806364258119,0],[-59.2823411138865,-9.27806538492493,0],[-59.2823376063492,-9.27752312104553,0],[-59.2820646723319,-9.27752486307781,0],[-59.2820664258645,-9.27779599507149,0],[-59.2817934915844,-9.27779773694763,0],[-59.2817969983915,-9.27834000102526,0],[-59.2815240636394,-9.27834174279702,0],[-59.2815258169139,-9.27861287488096,0],[-59.281252881899,-9.27861461649655,0],[-59.2812563881897,-9.27915688075465,0],[-59.2815293236233,-9.27915513903554,0],[-59.2815275702418,-9.27888400696046,0],[-59.2818005054125,-9.27888226508517,0],[-59.2818022590033,-9.27915339710848,0],[-59.2820751943299,-9.27915165497349,0],[-59.2820734405298,-9.27888052300195,0],[-59.2823463755936,-9.2788787807108,0],[-59.2823446216377,-9.27860764878661,0]],[[-59.2217603211941,-9.28034504122195,0],[-59.2220332687617,-9.28034334468702,0],[-59.222028145208,-9.27952991507711,0],[-59.2223010920954,-9.27952821848542,0],[-59.222299384139,-9.2792570753237,0],[-59.2225723307649,-9.27925537857446,0],[-59.2225689145897,-9.27871309233864,0],[-59.2220230221231,-9.27871648542747,0],[-59.2220247297659,-9.27898762864843,0],[-59.2217517832452,-9.27898932493131,0],[-59.2217603211941,-9.28034504122195,0]],[[-59.1477846793687,-9.27998366544651,0],[-59.1480576401885,-9.27998202543272,0],[-59.1480543382284,-9.27943971213368,0],[-59.1477813778275,-9.27944135204999,0],[-59.1477846793687,-9.27998366544651,0]],[[-59.1477863302149,-9.28025482213818,0],[-59.1477846793687,-9.27998366544651,0],[-59.1475117184987,-9.27998530525226,0],[-59.1475133691354,-9.28025646199266,0],[-59.1477863302149,-9.28025482213818,0]],[[-59.1472387575783,-9.27998694484998,0],[-59.1475117184987,-9.27998530525226,0],[-59.1475100679123,-9.27971414850747,0],[-59.1472371072013,-9.27971578805646,0],[-59.1472387575783,-9.27998694484998,0]],[[-59.1472404080056,-9.2802581016391,0],[-59.1472387575783,-9.27998694484998,0],[-59.1469657966075,-9.27998858423966,0],[-59.1469674468254,-9.2802597410775,0],[-59.1472404080056,-9.2802581016391,0]],[[-59.2807175287109,-9.28024489244608,0],[-59.2809904650886,-9.28024315093587,0],[-59.280988711912,-9.279972018775,0],[-59.2815345840884,-9.27996853523418,0],[-59.2815328305465,-9.2796974031724,0],[-59.2812598946944,-9.27969914499503,0],[-59.2812581414153,-9.27942801287705,0],[-59.280985205719,-9.27942975443998,0],[-59.2809869587887,-9.2797008866097,0],[-59.2807140228296,-9.27970262801643,0],[-59.2807175287109,-9.28024489244608,0]],[[-59.2807210348059,-9.28078715685801,0],[-59.2807175287109,-9.28024489244608,0],[-59.2804445922796,-9.28024663374833,0],[-59.2804463450911,-9.28051776600825,0],[-59.280173408397,-9.28051950715427,0],[-59.2801769137616,-9.28106177176429,0],[-59.2804498508743,-9.2810600305148,0],[-59.280448097956,-9.28078889826375,0],[-59.2807210348059,-9.28078715685801,0]],[[-59.2329597108603,-9.28163101855222,0],[-59.2335056037553,-9.28162760771199,0],[-59.2335038867967,-9.28135646665802,0],[-59.2337768329563,-9.28135476097655,0],[-59.2337716817665,-9.28054133794019,0],[-59.2334987362351,-9.28054304346963,0],[-59.2334953027892,-9.28000076132195,0],[-59.2329494124067,-9.28000417155417,0],[-59.2329511286848,-9.28027531273155,0],[-59.2326781832057,-9.28027701758634,0],[-59.2326798993267,-9.28054815880997,0],[-59.2321340077928,-9.28055156799686,0],[-59.2321357235474,-9.28082270931737,0],[-59.2318627774926,-9.28082441364946,0],[-59.2318644930902,-9.28109555501619,0],[-59.2315915467736,-9.28109725919091,0],[-59.231596693252,-9.2819106834165,0],[-59.231323746255,-9.28191238753509,0],[-59.2313340393676,-9.28353923617078,0],[-59.2316069876212,-9.28353753174842,0],[-59.2316052717622,-9.28326639037081,0],[-59.2321511676936,-9.28326298100317,0],[-59.232146019174,-9.28244955714766,0],[-59.2324189664329,-9.28244785230368,0],[-59.2324172501549,-9.28217671106033,0],[-59.232690197152,-9.28217500605896,0],[-59.232688480717,-9.28190386486184,0],[-59.2329614274524,-9.2819021597031,0],[-59.2329597108603,-9.28163101855222,0]],[[-59.2422346907386,-9.28075950280395,0],[-59.241961746624,-9.28076121483211,0],[-59.2419634699686,-9.28103235432105,0],[-59.242509358564,-9.281028929955,0],[-59.2425076348006,-9.2807577905678,0],[-59.2427805788101,-9.28075607812364,0],[-59.2427771310222,-9.28021379943775,0],[-59.2425041874315,-9.28021551178015,0],[-59.2425059110897,-9.28048665117618,0],[-59.2422329672371,-9.28048836336146,0],[-59.2422346907386,-9.28075950280395,0]],[[-59.2799004716496,-9.28052124809232,0],[-59.2788087241253,-9.2805282097648,0],[-59.278813979112,-9.28134160744891,0],[-59.2796327917195,-9.28133638604113,0],[-59.2796310393758,-9.28106525363932,0],[-59.2799039765954,-9.28106351280579,0],[-59.2799004716496,-9.28052124809232,0]],[[-59.3192170721243,-9.28243741048579,0],[-59.3203087944382,-9.28243032401857,0],[-59.3203070106297,-9.28215919941358,0],[-59.3205799408629,-9.28215742732944,0],[-59.3205763729903,-9.28161517821141,0],[-59.3203034431759,-9.28161695019027,0],[-59.3202998759396,-9.28107470094919,0],[-59.3192081578127,-9.28108178636387,0],[-59.3192099405663,-9.28135291119714,0],[-59.3189370106893,-9.28135468208352,0],[-59.3189387932879,-9.28162580696496,0],[-59.3192117233743,-9.28162403602597,0],[-59.3192170721243,-9.28243741048579,0]],[[-59.2414210271725,-9.28157805702315,0],[-59.2406021923137,-9.28158319106923,0],[-59.2406056372769,-9.28212547052468,0],[-59.2408785827012,-9.28212375928233,0],[-59.2408768599839,-9.28185261960765,0],[-59.241422750256,-9.28184919660055,0],[-59.2414210271725,-9.28157805702315,0]],[[-59.2406073598373,-9.28239661024577,0],[-59.2406056372769,-9.28212547052468,0],[-59.2403326918001,-9.282127181559,0],[-59.2403344141511,-9.28239832133093,0],[-59.2406073598373,-9.28239661024577,0]],[[-59.3776175008391,-9.28124027096966,0],[-59.3770716641683,-9.28124390164339,0],[-59.3770734914088,-9.28151501517469,0],[-59.3768005727805,-9.28151683025359,0],[-59.3768023998674,-9.28178794383436,0],[-59.377621156213,-9.2817824978121,0],[-59.3776175008391,-9.28124027096966,0]],[[-59.3765276540965,-9.28151864512454,0],[-59.3768005727805,-9.28151683025359,0],[-59.3767987457493,-9.28124571666836,0],[-59.3765258272746,-9.28124753148539,0],[-59.3765276540965,-9.28151864512454,0]],[[-59.3082998012139,-9.28250809212256,0],[-59.3077539353925,-9.28251161746849,0],[-59.3077574839098,-9.2830538714949,0],[-59.3085762838171,-9.28304858284982,0],[-59.3085745089032,-9.28277745599593,0],[-59.3083015758643,-9.28277921903326,0],[-59.3082998012139,-9.28250809212256,0]],[[-59.3779050435986,-9.28340736215212,0],[-59.3781779634693,-9.28340554586386,0],[-59.3781761350015,-9.28313443257951,0],[-59.3787219741569,-9.28313079948697,0],[-59.378718316551,-9.28258857312071,0],[-59.3784453974198,-9.28259038966305,0],[-59.3784435689098,-9.28231927641927,0],[-59.3781706499322,-9.2823210926997,0],[-59.3781743065893,-9.2828633192907,0],[-59.3779013871373,-9.28286513547107,0],[-59.3779050435986,-9.28340736215212,0]],[[-59.2318833681163,-9.28407810975869,0],[-59.2321563166842,-9.28407640481892,0],[-59.2321546003017,-9.28380526355142,0],[-59.2318816519433,-9.28380696844055,0],[-59.2318833681163,-9.28407810975869,0]],[[-59.2318850843417,-9.28434925107242,0],[-59.2318833681163,-9.28407810975869,0],[-59.2307915733217,-9.28408492743699,0],[-59.2307967196412,-9.2848983519724,0],[-59.2310696690467,-9.2848966477131,0],[-59.2310679533451,-9.28462550625633,0],[-59.2316138515803,-9.28462209721468,0],[-59.2316121355121,-9.28435095585474,0],[-59.2318850843417,-9.28434925107242,0]],[[-59.3779105287086,-9.28422070214026,0],[-59.3784563696505,-9.28421706903206,0],[-59.378454540806,-9.28394595581504,0],[-59.3779087002829,-9.28394958881534,0],[-59.3779105287086,-9.28422070214026,0]],[[-59.3779123571901,-9.28449181546071,0],[-59.3779105287086,-9.28422070214026,0],[-59.3773646875438,-9.28422433441646,0],[-59.3773665156065,-9.28449544784479,0],[-59.3779123571901,-9.28449181546071,0]],[[-59.377368343725,-9.28476656126866,0],[-59.3773665156065,-9.28449544784479,0],[-59.3770935947312,-9.28449726372482,0],[-59.3770954226402,-9.28476837720262,0],[-59.377368343725,-9.28476656126866,0]],[[-59.3650886585925,-9.28511918820258,0],[-59.3659074296452,-9.28511376707376,0],[-59.3659037909416,-9.28457153571115,0],[-59.3650850211453,-9.284576956518,0],[-59.3650886585925,-9.28511918820258,0]]],[[[-59.3085946779903,-9.0750843735883,0],[-59.3085929434998,-9.0748132436284,0],[-59.3088657174937,-9.07481151951723,0],[-59.3088674521887,-9.07508264942478,0],[-59.3085946779903,-9.0750843735883,0]]],[[[-59.3025158356702,-9.06292134950996,0],[-59.3025192909684,-9.06346361210743,0],[-59.301973757613,-9.063467046391,0],[-59.3019720303454,-9.06319591499003,0],[-59.3022447968458,-9.06319419800195,0],[-59.3022430694278,-9.06292306664884,0],[-59.3025158356702,-9.06292134950996,0]]],[[[-59.2836657171327,-9.0584300620725,0],[-59.2836640045635,-9.05815892710607,0],[-59.2839367707771,-9.05815722470388,0],[-59.2839384835505,-9.05842835961853,0],[-59.2836657171327,-9.0584300620725,0]]],[[[-59.0967352932346,-9.27947319391414,0],[-59.096741739671,-9.28055785672682,0],[-59.0961957988564,-9.28056105841484,0],[-59.0961925763776,-9.28001872682698,0],[-59.0964655463906,-9.28001712618214,0],[-59.0964623236896,-9.27947479467189,0],[-59.0967352932346,-9.27947319391414,0]]],[[[-59.0970050393883,-9.27892926161089,0],[-59.0970002047438,-9.27811576457185,0],[-59.0972731731434,-9.27811416363593,0],[-59.0972780084161,-9.27892766053221,0],[-59.0970050393883,-9.27892926161089,0]]],[[[-59.085537614074,-9.1857112314597,0],[-59.0855392005309,-9.18598240052727,0],[-59.0849934013158,-9.18598555295787,0],[-59.0849902292798,-9.18544321462918,0],[-59.0847173300135,-9.185444790441,0],[-59.0847157442759,-9.18517362122286,0],[-59.0852615423453,-9.1851704694879,0],[-59.0852631284973,-9.18544163861144,0],[-59.0858089267857,-9.18543848595824,0],[-59.085810513401,-9.18570965498283,0],[-59.085537614074,-9.1857112314597,0]]],[[[-59.0869005227763,-9.18543217818092,0],[-59.0866276238519,-9.18543375543411,0],[-59.0866260366639,-9.18516258654717,0],[-59.086898935381,-9.18516100934131,0],[-59.0869005227763,-9.18543217818092,0]]],[[[-59.0874447326687,-9.18515785431189,0],[-59.0871718340493,-9.18515943192956,0],[-59.0871702464957,-9.18488826313297,0],[-59.0874431449079,-9.18488668556266,0],[-59.0874447326687,-9.18515785431189,0]]],[[[-59.0863531378979,-9.18516416354712,0],[-59.0863515509659,-9.18489299460851,0],[-59.0866244495247,-9.1848914176559,0],[-59.0866260366639,-9.18516258654717,0],[-59.0863531378979,-9.18516416354712,0]]],[[[-59.156756100631,-9.18420815870934,0],[-59.1567544603468,-9.18393700217874,0],[-59.1573002309464,-9.18393374203241,0],[-59.1573018716449,-9.18420489846515,0],[-59.156756100631,-9.18420815870934,0]]],[[[-59.0855344413067,-9.18516889331156,0],[-59.0855328549963,-9.18489772423099,0],[-59.0852599562421,-9.18489930036002,0],[-59.0852583701878,-9.18462813122781,0],[-59.085804167233,-9.18462497885847,0],[-59.0857994081199,-9.1838114717197,0],[-59.0860723059476,-9.18380989536816,0],[-59.086073892477,-9.18408106437143,0],[-59.0863467904631,-9.18407948776668,0],[-59.0863483772485,-9.1843506567183,0],[-59.0860754790552,-9.18435223337037,0],[-59.0860770656823,-9.18462340236497,0],[-59.0863499640828,-9.18462182566557,0],[-59.0863515509659,-9.18489299460851,0],[-59.0860786523582,-9.18489457135524,0],[-59.086080239083,-9.18516574034117,0],[-59.0855344413067,-9.18516889331156,0]]],[[[-59.1645480718822,-9.1640953147479,0],[-59.1645464293416,-9.16382415931685,0],[-59.1648192978885,-9.16382252701101,0],[-59.1648209406357,-9.16409368239297,0],[-59.1645480718822,-9.1640953147479,0]]],[[[-59.1014534773159,-9.15416255081002,0],[-59.1014486986871,-9.15334905048057,0],[-59.1017215705079,-9.15334746752826,0],[-59.1017263497562,-9.15416096771471,0],[-59.1014534773159,-9.15416255081002,0]]],[[[-59.083435891783,-9.15291073185242,0],[-59.0834343127288,-9.15263956192605,0],[-59.0831614382451,-9.15264113098977,0],[-59.0831598594461,-9.15236996101182,0],[-59.0834327337234,-9.15236839199535,0],[-59.0834295758588,-9.151826052121,0],[-59.0837024496744,-9.15182448299391,0],[-59.0837040287887,-9.15209565288598,0],[-59.0839769027619,-9.15209408350647,0],[-59.0839784821315,-9.15236525334695,0],[-59.0837056079518,-9.15236682277373,0],[-59.083711925092,-9.15345150228155,0],[-59.0834390500378,-9.15345307169222,0],[-59.0834406292383,-9.15372424160565,0],[-59.0831677539288,-9.1537258108584,0],[-59.0831630170929,-9.1529123009634,0],[-59.083435891783,-9.15291073185242,0]]],[[[-59.0880715889683,-9.15234168732651,0],[-59.0880731714833,-9.1526128564529,0],[-59.0878002978297,-9.15261442900438,0],[-59.087801880187,-9.15288559817381,0],[-59.0875290062781,-9.15288717056749,0],[-59.0875242599719,-9.15207366290417,0],[-59.0883428796941,-9.1520689455339,0],[-59.0883444623666,-9.15234011461724,0],[-59.0880715889683,-9.15234168732651,0]]],[[[-59.0842529358871,-9.1526348535039,0],[-59.0839800615498,-9.15263642318311,0],[-59.0839784821315,-9.15236525334695,0],[-59.0842513562624,-9.15236368371502,0],[-59.0842529358871,-9.1526348535039,0]]],[[[-59.1019880698118,-9.15226121758571,0],[-59.1017151988658,-9.15226280055247,0],[-59.1017136060783,-9.15199163379772,0],[-59.1019864768178,-9.15199005087863,0],[-59.1019880698118,-9.15226121758571,0]]],[[[-59.1011630876229,-9.15118129844427,0],[-59.101161495445,-9.15091013157689,0],[-59.1014343654573,-9.15090854925874,0],[-59.1014359578416,-9.15117971607845,0],[-59.1011630876229,-9.15118129844427,0]]],[[[-59.083423260715,-9.1507413723205,0],[-59.0834264181893,-9.15128371222938,0],[-59.0828806712375,-9.15128684967913,0],[-59.0828790928888,-9.15101567963234,0],[-59.0831519661827,-9.15101411105729,0],[-59.0831503876763,-9.15074294105342,0],[-59.083423260715,-9.1507413723205,0]]],[[[-59.0836929760129,-9.15019746355081,0],[-59.08369139724,-9.14992629362852,0],[-59.083964269562,-9.14992472462716,0],[-59.0839658485412,-9.15019589450218,0],[-59.0836929760129,-9.15019746355081,0]]],[[[-59.1011535352933,-9.14955429717516,0],[-59.1008806662638,-9.14955587904992,0],[-59.1008790745874,-9.14928471210895,0],[-59.1011519434106,-9.14928313028185,0],[-59.1011535352933,-9.14955429717516,0]]],[[[-59.0902371521839,-9.14934624340293,0],[-59.0899642813984,-9.14934781702676,0],[-59.0899595314265,-9.14853431047426,0],[-59.090232401593,-9.14853273699265,0],[-59.090229234777,-9.14799039936421,0],[-59.0905021044819,-9.14798882577238,0],[-59.090498937449,-9.1474464882215,0],[-59.0907718066922,-9.14744491451945,0],[-59.0907765579339,-9.14825842069703,0],[-59.0905036880717,-9.14825999454134,0],[-59.0905068553982,-9.14880233206631,0],[-59.0902339850744,-9.1488039058004,0],[-59.0902371521839,-9.14934624340293,0]]],[[[-59.0825857081326,-9.14749203638695,0],[-59.0825793985861,-9.14640735574318,0],[-59.0828522684207,-9.14640578817639,0],[-59.0828475361539,-9.14559227778997,0],[-59.0842118815011,-9.14558443758959,0],[-59.0842087248377,-9.14504209778302,0],[-59.0874831437423,-9.14502326152742,0],[-59.0874847245249,-9.14529443086511,0],[-59.0872118563452,-9.14529600172786,0],[-59.0872134369704,-9.14556717110858,0],[-59.0874863053564,-9.14556560019848,0],[-59.0874878862367,-9.14583676952753,0],[-59.0872150176444,-9.14583834048497,0],[-59.0872165983673,-9.14610950985706,0],[-59.0874894671659,-9.14610793885227,0],[-59.0874910481439,-9.14637910817269,0],[-59.0883096548652,-9.14637439378615,0],[-59.0883128182058,-9.14691673212988,0],[-59.0877670796152,-9.14691987544871,0],[-59.087770242326,-9.14746221396462,0],[-59.0874973725448,-9.1474637854112,0],[-59.0875005350385,-9.14800612400455,0],[-59.0877734052324,-9.14800455246327,0],[-59.0877718237548,-9.1477333832161,0],[-59.0883175635832,-9.14773023961309,0],[-59.0883191454735,-9.14800140876553,0],[-59.088864885519,-9.14799826424757,0],[-59.0888696327212,-9.14881177139472,0],[-59.0883238914376,-9.14881491619693,0],[-59.0883207274126,-9.14827257791365,0],[-59.0880478571102,-9.14827414991241,0],[-59.0880510207224,-9.14881648829043,0],[-59.0877781499584,-9.14881806017885,0],[-59.0877797316315,-9.14908922940874,0],[-59.0872339895441,-9.14909237266507,0],[-59.0872355708534,-9.14936354198535,0],[-59.0877813133535,-9.14936039863432,0],[-59.0877828951244,-9.14963156785558,0],[-59.0875100236924,-9.14963313968099,0],[-59.0875116053057,-9.14990430894528,0],[-59.0872387336185,-9.14990588061295,0],[-59.0872371522115,-9.14963471130131,0],[-59.0861456657995,-9.14964099573165,0],[-59.0861440852668,-9.14936982622636,0],[-59.0858712137481,-9.14937139677389,0],[-59.0858727940743,-9.1496425663265,0],[-59.085054178606,-9.14964727688049,0],[-59.085055758362,-9.1499184465707,0],[-59.083964269562,-9.14992472462716,0],[-59.0839611117499,-9.14938238486416,0],[-59.0836882398407,-9.14938395377098,0],[-59.083689818516,-9.14965512370191,0],[-59.0834169463516,-9.14965669245091,0],[-59.0834185248693,-9.14992786242478,0],[-59.0831456524497,-9.14992943101594,0],[-59.0831472308098,-9.15020060103275,0],[-59.0828743581351,-9.15020216946606,0],[-59.0828617342709,-9.14803280883269,0],[-59.0825888631984,-9.14803437668294,0],[-59.0825872856411,-9.14776320653711,0],[-59.0823144147262,-9.14776477413506,0],[-59.082312837424,-9.14749360393767,0],[-59.0825857081326,-9.14749203638695,0]]],[[[-59.0899531988157,-9.14744963501046,0],[-59.0899516157853,-9.14717846613372,0],[-59.0904973540059,-9.14717531943958,0],[-59.090498937449,-9.1474464882215,0],[-59.0899531988157,-9.14744963501046,0]]],[[[-59.0948632527197,-9.14715011636149,0],[-59.0948616660246,-9.14687894833476,0],[-59.0951345340714,-9.14687737144711,0],[-59.0951361209727,-9.14714853942633,0],[-59.0948632527197,-9.14715011636149,0]]],[[[-59.0913096252115,-9.1460859232589,0],[-59.0910367570977,-9.14608749713386,0],[-59.0910351734868,-9.1458163284252,0],[-59.0913080413943,-9.14581475459768,0],[-59.0913064576261,-9.14554358593214,0],[-59.0915793252784,-9.14554201194706,0],[-59.0915777413528,-9.14527084332464,0],[-59.0918506087499,-9.145269269182,0],[-59.0918553612923,-9.14608277489396,0],[-59.0915824932764,-9.14608434917893,0],[-59.0915840773488,-9.1463555177884,0],[-59.0913112090777,-9.1463570919158,0],[-59.0913096252115,-9.1460859232589,0]]],[[[-59.0964893470025,-9.14524247739366,0],[-59.0970350799827,-9.14523932152376,0],[-59.0970382561337,-9.14578165686407,0],[-59.0962196553521,-9.14578639064678,0],[-59.0962180678709,-9.14551522283611,0],[-59.0964909346409,-9.1455136451611,0],[-59.0964893470025,-9.14524247739366,0]]]]},"properties":{"name":"Project Area"}}
]}
