{"type":"FeatureCollection", "features":[
{"type":"Feature","geometry":{"type":"MultiPolygon","coordinates":[[[[-51.1248877059335,-9.99587821498393,0],[-51.12488760237,-9.99560687833148,0],[-51.1246138728529,-9.99560698087566,0],[-51.1246137695193,-9.99533564421599,0],[-51.1248874988095,-9.99533554167465,0],[-51.124887395252,-9.99506420501336,0],[-51.1251611243122,-9.99506410224987,0],[-51.1251610205307,-9.99479276558708,0],[-51.1265296646526,-9.99479224840911,0],[-51.1265298744885,-9.99533492170171,0],[-51.1268036037578,-9.99533481758541,0],[-51.1268037351644,-9.9956739094033,0],[-51.1266051518818,-9.99642023978022,0],[-51.1265302941961,-9.99642026823397,0],[-51.1265303991304,-9.99669160485599,0],[-51.126256668723,-9.99669170876169,0],[-51.1262567734334,-9.99696304538216,0],[-51.1257093121557,-9.9969632525242,0],[-51.1257092078994,-9.99669191589799,0],[-51.1251617470638,-9.99669212213419,0],[-51.1251616432645,-9.99642078549784,0],[-51.1248879130693,-9.99642088827555,0],[-51.1248878094999,-9.99614955163192,0],[-51.1246140795287,-9.99614965418177,0],[-51.1246139761893,-9.99587831753094,0],[-51.1248877059335,-9.99587821498393,0]]],[[[-51.1251547990545,-9.97851255774603,0],[-51.1251546954535,-9.97824122081423,0],[-51.1257021254454,-9.97824101496619,0],[-51.1257020213942,-9.97796967803566,0],[-51.1259757361591,-9.97796957477759,0],[-51.1259756318843,-9.97769823784557,0],[-51.1262493464197,-9.97769813436578,0],[-51.126249137426,-9.97715546049423,0],[-51.1273439937251,-9.97715504435226,0],[-51.1273443099387,-9.97796905511834,0],[-51.1270705951888,-9.97796915949938,0],[-51.1270707003728,-9.97824049641554,0],[-51.1267969853933,-9.97824060057488,0],[-51.1265232701921,-9.97824070421984,0],[-51.1265233749261,-9.97851204142718,0],[-51.1259759447175,-9.9785122486285,0],[-51.1259760490012,-9.97878358554731,0],[-51.125428618109,-9.97878379185599,0],[-51.1254287219425,-9.9790551287761,0],[-51.1251550062654,-9.97905523159637,0],[-51.1251551098752,-9.97932656851502,0],[-51.1248813939685,-9.97932667111351,0],[-51.124881704136,-9.98014068185134,0],[-51.1246079875466,-9.98014078423372,0],[-51.1246082970608,-9.98095479494039,0],[-51.1243345797885,-9.98095489710662,0],[-51.1243347856927,-9.98149757089475,0],[-51.1237873502327,-9.98149777456449,0],[-51.123787452736,-9.98176911145756,0],[-51.123240016811,-9.98176931423422,0],[-51.1232401188638,-9.9820406511285,0],[-51.1229664006703,-9.9820407521826,0],[-51.1229665024994,-9.98231208907533,0],[-51.1226927840762,-9.98231218990753,0],[-51.1226928856816,-9.98258352679861,0],[-51.1224191670289,-9.98258362740891,0],[-51.1224192684105,-9.98285496429835,0],[-51.1221455495282,-9.98285506468672,0],[-51.1221456506859,-9.98312640157453,0],[-51.1215982124594,-9.9831266016827,0],[-51.1215979103548,-9.98231259098938,0],[-51.1218716287895,-9.98231249105596,0],[-51.1218715278671,-9.9820411541521,0],[-51.1221452460722,-9.98204105399676,0],[-51.122145144926,-9.98176971709131,0],[-51.1224188629016,-9.98176961671406,0],[-51.1224187615317,-9.98149827980699,0],[-51.1226924792777,-9.98149817920785,0],[-51.1226923776839,-9.98122684229914,0],[-51.1229660952004,-9.98122674147812,0],[-51.122965993383,-9.98095540456776,0],[-51.1232397106699,-9.98095530352486,0],[-51.1232395065905,-9.98041262969662,0],[-51.1235132234212,-9.98041252843467,0],[-51.1235131211593,-9.98014119151676,0],[-51.1237868377605,-9.98014109003297,0],[-51.1237865303123,-9.97932707926119,0],[-51.1240602462307,-9.97932697756121,0],[-51.1240601435273,-9.97905564063121,0],[-51.1243338592162,-9.97905553870944,0],[-51.1243336533649,-9.97851286484207,0],[-51.1251547990545,-9.97851255774603,0]]],[[[-51.1221439313969,-9.97851367388201,0],[-51.1221438302882,-9.97824233691926,0],[-51.1224175453179,-9.97824223657818,0],[-51.1224172413296,-9.97742822567182,0],[-51.1226909556766,-9.97742812511451,0],[-51.1226908541264,-9.97715678813973,0],[-51.1229645682439,-9.97715668736062,0],[-51.1229644664701,-9.97688535038417,0],[-51.1232381803582,-9.97688524938329,0],[-51.1232382823586,-9.97715658635694,0],[-51.1235119964704,-9.97715648512868,0],[-51.1235120987002,-9.97742782209506,0],[-51.124059527368,-9.97742761895917,0],[-51.1240596300539,-9.97769895591553,0],[-51.1243333446099,-9.97769885400788,0],[-51.1243334475253,-9.97797019095699,0],[-51.1240597327427,-9.97797029286747,0],[-51.1240598354344,-9.97824162981505,0],[-51.1237861204223,-9.97824173150375,0],[-51.1237862228904,-9.97851306844971,0],[-51.1235125076488,-9.97851316991662,0],[-51.1235126098932,-9.97878450686097,0],[-51.122965178948,-9.97878470912657,0],[-51.1229652807422,-9.97905604607211,0],[-51.1226915650387,-9.97905614687078,0],[-51.122691463471,-9.97878480992244,0],[-51.1224177479912,-9.9787849104937,0],[-51.1224176466531,-9.97851357353816,0],[-51.1221439313969,-9.97851367388201,0]]],[[[-51.125701501183,-9.9766129933171,0],[-51.1257010850676,-9.97552764546294,0],[-51.1259747977936,-9.97552754223065,0],[-51.1259746935457,-9.97525620525897,0],[-51.1257009810462,-9.9752563084884,0],[-51.1257005649902,-9.97417096054612,0],[-51.1259742765838,-9.97417085732815,0],[-51.1259738596695,-9.97308550932688,0],[-51.1276161237333,-9.97308488537356,0],[-51.1276168628764,-9.97498424420834,0],[-51.1273431506212,-9.97498434878208,0],[-51.1273434667626,-9.97579835965393,0],[-51.127069753825,-9.97579846401182,0],[-51.1270699641479,-9.97634113791015,0],[-51.1265225373576,-9.97634134596383,0],[-51.1265226420705,-9.97661268291217,0],[-51.125701501183,-9.9766129933171,0]]],[[[-51.1229630419418,-9.97308663225192,0],[-51.1229628384843,-9.97254395816255,0],[-51.1226891282171,-9.97254405889414,0],[-51.1226889252241,-9.97200138478152,0],[-51.1224152154068,-9.97200148528307,0],[-51.1224143041194,-9.96955945153352,0],[-51.1226880118991,-9.96955935105707,0],[-51.1226878089699,-9.96901667684765,0],[-51.1232352236152,-9.96901647523273,0],[-51.123235325531,-9.96928781233403,0],[-51.1235090330757,-9.96928771118718,0],[-51.1235092373689,-9.96983038537098,0],[-51.1237829453633,-9.9698302839941,0],[-51.123783764464,-9.97200098053075,0],[-51.1240574742667,-9.9720008789069,0],[-51.1240577821571,-9.97281489002706,0],[-51.1237840716751,-9.97281499165936,0],[-51.1237843789125,-9.97362900274836,0],[-51.1235106677483,-9.97362910416463,0],[-51.1235109743326,-9.9744431152224,0],[-51.123237262486,-9.97444321642259,0],[-51.1232374664372,-9.97498589044467,0],[-51.1226900418293,-9.97498609218268,0],[-51.1221426172098,-9.97498629302259,0],[-51.1221425161387,-9.97471495600259,0],[-51.1224162282234,-9.97471485569768,0],[-51.122415924348,-9.97390084461953,0],[-51.1226896357504,-9.97390074409847,0],[-51.1226893312217,-9.9730867329891,0],[-51.1229630419418,-9.97308663225192,0]]],[[[-51.1270561086169,-9.94052462286879,0],[-51.1270562133863,-9.94079596039186,0],[-51.1267825296121,-9.94079606415266,0],[-51.1267824250684,-9.94052472662671,0],[-51.1259613744048,-9.94052503655803,0],[-51.1259611666804,-9.93998236147578,0],[-51.1265085328898,-9.93998215509012,0],[-51.1265084285808,-9.93971081754816,0],[-51.1267821114553,-9.93971071402262,0],[-51.12678221599,-9.9399820515617,0],[-51.1270558990872,-9.93998194780956,0],[-51.1270560038506,-9.94025328534139,0],[-51.1273296871704,-9.94025318136263,0],[-51.1273297921624,-9.94052451888713,0],[-51.1270561086169,-9.94052462286879,0]]],[[[-51.1404606958912,-9.92668105276348,0],[-51.1404605802365,-9.92640971516139,0],[-51.1407342519007,-9.92640960038293,0],[-51.1407341360239,-9.9261382627797,0],[-51.140460464585,-9.92613837755497,0],[-51.1404603489368,-9.92586703994416,0],[-51.1410076913607,-9.92586681017663,0],[-51.1410075752652,-9.92559547256782,0],[-51.1407339042803,-9.92559558756008,0],[-51.1407335566898,-9.92478157469774,0],[-51.1415545676068,-9.92478122907967,0],[-51.1415548006823,-9.92532390430633,0],[-51.1418284714319,-9.92532378864711,0],[-51.1418285882,-9.92559512625068,0],[-51.1412812462468,-9.92559535735217,0],[-51.1412814788917,-9.92613803255896,0],[-51.1410078074595,-9.92613814778103,0],[-51.141008039667,-9.92668082297674,0],[-51.1407343677808,-9.92668093798182,0],[-51.1407348313346,-9.92776628833342,0],[-51.1404611585436,-9.92776640312787,0],[-51.140461274215,-9.92803774070799,0],[-51.1401876011953,-9.92803785528219,0],[-51.1401877166446,-9.92830919286111,0],[-51.1399140433963,-9.92830930721505,0],[-51.1399139281723,-9.92803796963294,0],[-51.139640255146,-9.92803808376024,0],[-51.1396400251588,-9.92749540857642,0],[-51.1399136977343,-9.92749529445548,0],[-51.1399135825203,-9.92722395686024,0],[-51.1401872548672,-9.92722384251904,0],[-51.1401870239984,-9.92668116732172,0],[-51.1404606958912,-9.92668105276348,0]]],[[[-51.1297872759424,-9.9261426795324,0],[-51.1295136043757,-9.92614278537136,0],[-51.1295131778537,-9.92505743441042,0],[-51.1292395071852,-9.9250575400142,0],[-51.1292392943931,-9.92451486450153,0],[-51.1289656241722,-9.92451496987605,0],[-51.1289649872209,-9.92288694321524,0],[-51.1295123249565,-9.9228867322781,0],[-51.1295122183581,-9.92261539449184,0],[-51.129785886996,-9.92261528869123,0],[-51.1297859938196,-9.92288662647454,0],[-51.1300596626797,-9.92288652044764,0],[-51.1300597697317,-9.9231578582236,0],[-51.1303334388139,-9.92315775197041,0],[-51.1303335460942,-9.923429089739,0],[-51.1300598767867,-9.92342919599515,0],[-51.1300605191814,-9.92505722253271,0],[-51.1303341898406,-9.92505711625878,0],[-51.1303346190665,-9.92614246718426,0],[-51.130060947506,-9.92614257347003,0],[-51.1300610545948,-9.92641391119339,0],[-51.1297873828059,-9.92641401725872,0],[-51.1297872759424,-9.9261426795324,0]]],[[[-51.1451057159394,-9.90985613490027,0],[-51.1453793738128,-9.90985601652535,0],[-51.1453794933141,-9.91012735433607,0],[-51.145653151409,-9.9101272357348,0],[-51.1456535106083,-9.91094124913092,0],[-51.1453798518385,-9.91094136774212,0],[-51.1453799713535,-9.91121270553533,0],[-51.1448326533538,-9.91121294209516,0],[-51.1448325342887,-9.91094160429535,0],[-51.1445588755086,-9.91094172223737,0],[-51.1445582813593,-9.90958503315601,0],[-51.1451055966665,-9.90958479708185,0],[-51.1451057159394,-9.90985613490027,0]]],[[[-51.1426420914852,-9.90822916308501,0],[-51.1426419742569,-9.90795782521087,0],[-51.1429156305865,-9.90795770886598,0],[-51.1429153956904,-9.90741503311105,0],[-51.1431890515668,-9.90741491654968,0],[-51.1431886985733,-9.90660090289418,0],[-51.1434623537718,-9.90660078611962,0],[-51.14346211801,-9.90605811033394,0],[-51.1442830822358,-9.90605775869213,0],[-51.1442834379073,-9.90687177233465,0],[-51.1440097824942,-9.90687188978137,0],[-51.1440100191758,-9.90741456552771,0],[-51.1437363633096,-9.90741468275801,0],[-51.143736599555,-9.90795735849339,0],[-51.1434629432356,-9.90795747550724,0],[-51.1434631790448,-9.90850015123168,0],[-51.1431895222722,-9.90850026802906,0],[-51.1431898753367,-9.90931428159259,0],[-51.1434635327842,-9.90931416478542,0],[-51.143463650704,-9.909585502628,0],[-51.143737308373,-9.90958538559454,0],[-51.1437375446728,-9.91012806125985,0],[-51.1426429121772,-9.91012852808158,0],[-51.1426427949254,-9.90985719023809,0],[-51.142369137018,-9.90985730638268,0],[-51.1423690199945,-9.90958596853156,0],[-51.1418217046195,-9.90958620014517,0],[-51.1418214714823,-9.90904352441679,0],[-51.1420951287216,-9.90904340872796,0],[-51.142095011933,-9.90877207086047,0],[-51.1423686689441,-9.90877195495186,0],[-51.1423684349273,-9.90822927921015,0],[-51.1426420914852,-9.90822916308501,0]]],[[[-51.115970294785,-9.89789752798542,0],[-51.1166492833995,-9.89506869813204,0],[-51.1175971412941,-9.89111951481735,0],[-51.1185449998814,-9.88717033177855,0],[-51.1194928582624,-9.88322114901939,0],[-51.120376287572,-9.87961015889436,0],[-51.1212597172158,-9.8759991668054,0],[-51.1218314473662,-9.87366217015032,0],[-51.1218314897285,-9.87377737902468,0],[-51.1231996311083,-9.87377688156267,0],[-51.1231997320019,-9.87404822020205,0],[-51.1242942459497,-9.87404781822145,0],[-51.1242943477426,-9.87431915684518,0],[-51.1256624912318,-9.87431864935544,0],[-51.1256625941481,-9.87458998796057,0],[-51.1264834808783,-9.87458968079149,0],[-51.1264834156243,-9.87441875618008,0],[-51.1270307163273,-9.8745311684707,0],[-51.1270308427233,-9.87486081348738,0],[-51.1278517300809,-9.87486050297623,0],[-51.127851834796,-9.87513184154962,0],[-51.1286727227987,-9.87513152902964,0],[-51.1286728281893,-9.87540286758988,0],[-51.1289464577415,-9.87540276296914,0],[-51.1289467746037,-9.87621677861492,0],[-51.128673144379,-9.87621688324445,0],[-51.1286735660079,-9.87730223738941,0],[-51.1283999348835,-9.87730234180837,0],[-51.1284001452678,-9.87784501886052,0],[-51.1281265136921,-9.87784512306302,0],[-51.1281267236402,-9.8783878001036,0],[-51.1278530916131,-9.87838790408963,0],[-51.1278533011249,-9.87893058111851,0],[-51.1275796686464,-9.87893068488804,0],[-51.1275801913577,-9.88028737739853,0],[-51.127306557755,-9.88028748096023,0],[-51.1273068707452,-9.8811014964228,0],[-51.1270332364668,-9.88110159977082,0],[-51.1270336529321,-9.88218695367141,0],[-51.1267600177537,-9.8821870568086,0],[-51.1267608490338,-9.88435776442331,0],[-51.1264872120579,-9.88435786736115,0],[-51.1264875231644,-9.88517188265329,0],[-51.1262138855124,-9.8851719853773,0],[-51.1262141959727,-9.88598600063871,0],[-51.1259405576446,-9.88598610314886,0],[-51.1259409707358,-9.88707145678111,0],[-51.1256673315073,-9.88707155908021,0],[-51.1256678468162,-9.88842825103663,0],[-51.1267624082008,-9.88842784044771,0],[-51.1267625121692,-9.88869917881442,0],[-51.1281307149546,-9.88869866055657,0],[-51.1281308200482,-9.88896999890436,0],[-51.1297726646373,-9.88896936963324,0],[-51.1297727710806,-9.88924070795913,0],[-51.1308673349766,-9.88924028398209,0],[-51.1308674423208,-9.88951162229172,0],[-51.1314147246991,-9.88951140896187,0],[-51.131414616906,-9.88924007065821,0],[-51.1319618988231,-9.88923985644408,0],[-51.1319620070651,-9.88951119474175,0],[-51.1322356482434,-9.88951108729784,0],[-51.132235756713,-9.88978242558812,0],[-51.1330566809025,-9.88978210191192,0],[-51.1330567900486,-9.89005344018879,0],[-51.1338777148832,-9.89005311450033,0],[-51.1338778247059,-9.89032445276378,0],[-51.1346987501854,-9.89032412506294,0],[-51.1346988606847,-9.89059546331279,0],[-51.1360670708759,-9.8905949126776,0],[-51.1360671825008,-9.89086625090768,0],[-51.1371617514939,-9.89086580638045,0],[-51.13716186402,-9.89113714459377,0],[-51.1374355064847,-9.89113703290234,0],[-51.1374360702861,-9.89249372388766,0],[-51.1377097138702,-9.89249361195798,0],[-51.1377098268647,-9.89276495013883,0],[-51.1385307582707,-9.89276461300455,0],[-51.1385308719422,-9.89303595117155,0],[-51.1401727360128,-9.89303527087265,0],[-51.1401728510348,-9.89330660901633,0],[-51.140720139481,-9.89330638046246,0],[-51.1407202549554,-9.89357771859534,0],[-51.1412675438374,-9.89357748914443,0],[-51.1412676597642,-9.89384882726652,0],[-51.141814949082,-9.89384859691853,0],[-51.1418148327061,-9.89357725880289,0],[-51.1420884771354,-9.89357714329813,0],[-51.1420885937359,-9.89384848141054,0],[-51.1442777508454,-9.89384754933062,0],[-51.1442773956648,-9.89303353505838,0],[-51.1445510396146,-9.89303341755624,0],[-51.1445509210034,-9.89276207946008,0],[-51.1453718521586,-9.89276172562769,0],[-51.1453717328772,-9.892490387537,0],[-51.1456453763641,-9.8924902691509,0],[-51.1456452568616,-9.89221893105918,0],[-51.1459189001207,-9.89221881245376,0],[-51.1459187803971,-9.89194747436093,0],[-51.1461924234282,-9.89194735553621,0],[-51.1461923034836,-9.89167601744241,0],[-51.1464659462867,-9.89167589839838,0],[-51.146466426984,-9.89276125073419,0],[-51.1461927832828,-9.89276136979153,0],[-51.1461932631374,-9.89384672207071,0],[-51.1459196185346,-9.8938468409187,0],[-51.1459196609986,-9.89394306162853,0],[-51.1454880838864,-9.89394324861827,0],[-51.145488442081,-9.8947572628028,0],[-51.1463093781555,-9.89475690661097,0],[-51.1463092580805,-9.89448556946823,0],[-51.14646719076,-9.89448550071561,0],[-51.1464672683376,-9.8946606171536,0],[-51.1467409136072,-9.89466049785027,0],[-51.1467413953552,-9.89574584998044,0],[-51.1464677491873,-9.8957459692971,0],[-51.1464678694083,-9.89601730732202,0],[-51.1461942230123,-9.8960174264193,0],[-51.1461943430122,-9.89628876444324,0],[-51.1459206963881,-9.89628888332113,0],[-51.1459208161668,-9.89656022134398,0],[-51.1456471693146,-9.89656034000247,0],[-51.1456472888722,-9.89683167802425,0],[-51.1453736417919,-9.89683179646332,0],[-51.1453737611283,-9.89710313448404,0],[-51.14510011382,-9.89710325270367,0],[-51.1451003520537,-9.89764592873868,0],[-51.1448267042927,-9.89764604674217,0],[-51.1448269420909,-9.8981887227662,0],[-51.1451005903012,-9.89818860475611,0],[-51.1451014242754,-9.90008797067958,0],[-51.1448277744923,-9.90008808871275,0],[-51.144828131287,-9.90090210262426,0],[-51.1445544808263,-9.90090222044449,0],[-51.1445547182571,-9.90144489637024,0],[-51.1442810673435,-9.90144501397422,0],[-51.1442811858393,-9.90171635193378,0],[-51.1440075346976,-9.90171646931819,0],[-51.1440078895312,-9.90253048318051,0],[-51.1437342377117,-9.9025306003519,0],[-51.1437343557716,-9.90280193830055,0],[-51.143460703724,-9.90280205525234,0],[-51.1434608215625,-9.90307339319984,0],[-51.1431871692868,-9.90307350993201,0],[-51.1431875221483,-9.90388752375815,0],[-51.1429138691948,-9.90388764027721,0],[-51.1429139865973,-9.90415897821374,0],[-51.1426403334156,-9.90415909451315,0],[-51.1426404505966,-9.90443043244861,0],[-51.1423667971868,-9.90443054852836,0],[-51.1423665632777,-9.90388787264664,0],[-51.142092910314,-9.90388798849702,0],[-51.142092676868,-9.90334531259137,0],[-51.142366329382,-9.90334519674747,0],[-51.1423662124392,-9.90307385879127,0],[-51.1426398647251,-9.90307374272773,0],[-51.1426396304001,-9.90253106680879,0],[-51.1429132822331,-9.90253095052887,0],[-51.1429131648509,-9.90225961256609,0],[-51.1431868164557,-9.90225949606655,0],[-51.1431866988521,-9.90198815810263,0],[-51.1434603502288,-9.90198804138349,0],[-51.1434602324039,-9.90171670341848,0],[-51.1437338835524,-9.90171658647976,0],[-51.1437337655061,-9.90144524851365,0],[-51.1440074164265,-9.90144513135535,0],[-51.1440068251223,-9.9000884414754,0],[-51.1442804749157,-9.90008832411066,0],[-51.1442803564403,-9.89981698612487,0],[-51.1440067068717,-9.89981710348633,0],[-51.1440065886244,-9.89954576549284,0],[-51.1442802379684,-9.89954564813466,0],[-51.1442800010348,-9.89900297214114,0],[-51.1437327032422,-9.8990032066216,0],[-51.1437325852298,-9.89873186861177,0],[-51.1434589365531,-9.89873198551456,0],[-51.1434591721318,-9.89927466153645,0],[-51.1431855230023,-9.89927477822297,0],[-51.143185640572,-9.8995461162306,0],[-51.1429119912145,-9.8995462326976,0],[-51.1429121085629,-9.89981757070414,0],[-51.1423648093883,-9.89981780297623,0],[-51.1423646924892,-9.8995464649632,0],[-51.1418173937506,-9.89954669633761,0],[-51.1418168115526,-9.89819000617457,0],[-51.1412695150472,-9.89819023662559,0],[-51.1412691671166,-9.89737622245605,0],[-51.1407218719458,-9.89737645199676,0],[-51.1407217564249,-9.89710511392504,0],[-51.1404481090591,-9.89710522835808,0],[-51.1404482243554,-9.897376566433,0],[-51.1401745767617,-9.89737668064649,0],[-51.1401744616901,-9.89710534256837,0],[-51.1396271669421,-9.89710557032074,0],[-51.139627052323,-9.89683423223194,0],[-51.1390797580111,-9.896834459087,0],[-51.1390795296813,-9.89629178288359,0],[-51.1388058829696,-9.8962918959707,0],[-51.1388056551023,-9.89574921974347,0],[-51.1390793013647,-9.89574910666268,0],[-51.1390790730613,-9.89520643042429,0],[-51.1396263646779,-9.89520620360727,0],[-51.1396262500819,-9.89493486548783,0],[-51.1393526044998,-9.89493497900452,0],[-51.1393523757669,-9.89439230274627,0],[-51.1382577952024,-9.89439275456084,0],[-51.1382579086689,-9.89466409270478,0],[-51.137984263295,-9.89466420510487,0],[-51.1379844897886,-9.89520688138595,0],[-51.1377108439623,-9.89520699356963,0],[-51.1377110700198,-9.89574966983951,0],[-51.137437423741,-9.89574978180674,0],[-51.13743753655,-9.89602111993822,0],[-51.1377111830534,-9.89602100796786,0],[-51.1377115221737,-9.89683502232679,0],[-51.1374378749965,-9.89683513430654,0],[-51.1374379878185,-9.89710647242056,0],[-51.1371643404133,-9.8971065841807,0],[-51.1371644530139,-9.89737792229351,0],[-51.1368908053809,-9.89737803383403,0],[-51.1368914797047,-9.89900606243755,0],[-51.1366178307205,-9.89900617377399,0],[-51.1366183916224,-9.9003628641723,0],[-51.1363447415114,-9.90036297530147,0],[-51.1363451893921,-9.90144832755381,0],[-51.136618840402,-9.90144821641222,0],[-51.136618952605,-9.90171955446124,0],[-51.1368926038363,-9.9017194430937,0],[-51.1368928287015,-9.90226211917244,0],[-51.1371664803791,-9.90226200757581,0],[-51.1371667057067,-9.90280468363082,0],[-51.1374403578307,-9.90280457180509,0],[-51.1374404707241,-9.90307590982288,0],[-51.1377141230696,-9.90307579777114,0],[-51.1377143493158,-9.90361847378742,0],[-51.1379880021076,-9.90361836150653,0],[-51.1379881154603,-9.90388969950497,0],[-51.1382617684737,-9.90388958699805,0],[-51.1382622228166,-9.90497493893546,0],[-51.1379885689041,-9.90497505145495,0],[-51.1379886822732,-9.90524638943147,0],[-51.1374413739886,-9.90524661380795,0],[-51.1374412610692,-9.90497527582516,0],[-51.1371676071468,-9.90497538767588,0],[-51.1371672690825,-9.90416137369177,0],[-51.1368936158314,-9.90416148531022,0],[-51.1368932784706,-9.90334747127744,0],[-51.136072320721,-9.90334780476742,0],[-51.1360720971786,-9.90280512870504,0],[-51.1355247928953,-9.90280534990492,0],[-51.1355245702649,-9.90226267381268,0],[-51.1349772668678,-9.90226289410876,0],[-51.1349771560069,-9.90199155604991,0],[-51.1347035045283,-9.9019916658606,0],[-51.1347036151644,-9.90226300392251,0],[-51.1341563117482,-9.90226322288143,0],[-51.1341564887886,-9.90269917422061,0],[-51.1341150236649,-9.90268514088695,0],[-51.1339242420029,-9.90245656669104,0],[-51.1339075201269,-9.90244101301935,0],[-51.1336116136228,-9.90222823802492,0],[-51.1334670143717,-9.90210668355525,0],[-51.1332675977552,-9.90177130738058,0],[-51.1332621314749,-9.90176315855107,0],[-51.1330645525147,-9.90150057249185,0],[-51.133042569946,-9.90147975599392,0],[-51.1327498421178,-9.90128330084557,0],[-51.1325278375979,-9.90107709460213,0],[-51.132091117079,-9.90056066944982,0],[-51.1319901852251,-9.90034254417876,0],[-51.1319871626643,-9.90033659853773,0],[-51.1318064841068,-9.90001160089428,0],[-51.1315822314861,-9.89947286812694,0],[-51.1313532933808,-9.89888712495931,0],[-51.1312298065922,-9.89838878099906,0],[-51.131114407546,-9.89779882913463,0],[-51.1310613886463,-9.89773317420368,0],[-51.1310162253135,-9.89771360299829,0],[-51.1310882140556,-9.89762430556547,0],[-51.1312914211614,-9.89747911006387,0],[-51.1315816928312,-9.89750366664421,0],[-51.1318391022233,-9.89760382164334,0],[-51.1319081340852,-9.89760285211523,0],[-51.1322933780717,-9.89744032652102,0],[-51.1323479262898,-9.89737016141059,0],[-51.1324055656326,-9.89697853074665,0],[-51.1324059148397,-9.89697588053929,0],[-51.1324518332296,-9.89658295838361,0],[-51.1325653747071,-9.89638011816128,0],[-51.1329345156324,-9.89632889570222,0],[-51.1329408373432,-9.89632779247392,0],[-51.1332586885563,-9.89626080709714,0],[-51.1333284686056,-9.8961932505862,0],[-51.133424633976,-9.8957920533528,0],[-51.1334247450687,-9.89579158208466,0],[-51.1346815989671,-9.89042035272207,0],[-51.1344943075032,-9.89042042765348,0],[-51.1332470909298,-9.89575046068011,0],[-51.1331643233843,-9.89609576140932,0],[-51.1329060520095,-9.89615019094119,0],[-51.1324950502139,-9.89620722112829,0],[-51.1324279374909,-9.89625290113008,0],[-51.1322835506458,-9.89651084686311,0],[-51.1322726956966,-9.89654432884373,0],[-51.132224850828,-9.89695373101041,0],[-51.1321748053452,-9.89729376550922,0],[-51.1318710263884,-9.89742192207493,0],[-51.1316359839968,-9.89733047010568,0],[-51.1316104183825,-9.89732454685305,0],[-51.1312732621493,-9.89729602445683,0],[-51.1312121806005,-9.89731276454612,0],[-51.1309714315007,-9.89748478374921,0],[-51.1309535078808,-9.89750168967599,0],[-51.1307994604741,-9.89769277808672,0],[-51.1308341822777,-9.89783212840538,0],[-51.1309444348786,-9.89787990521938,0],[-51.1310511404553,-9.89842541533442,0],[-51.1310521063392,-9.89842977445836,0],[-51.1311775334207,-9.89893595035781,0],[-51.1311810624278,-9.89894705394839,0],[-51.131412483888,-9.89953915100384,0],[-51.1314132198181,-9.89954097410866,0],[-51.131639806857,-9.90008531644407,0],[-51.1316442408978,-9.90009447237055,0],[-51.1318257728329,-9.90042100644481,0],[-51.1319304239863,-9.90064717095938,0],[-51.1319434350877,-9.90066756686304,0],[-51.1323915730864,-9.90119749492017,0],[-51.1323991089466,-9.90120538879575,0],[-51.1326303827558,-9.90142020464129,0],[-51.1326416142298,-9.9014290982903,0],[-51.1329275482667,-9.90162099321496,0],[-51.1331129541301,-9.90186740066542,0],[-51.1333176904013,-9.9022117235518,0],[-51.1333372794869,-9.90223477771036,0],[-51.1334962759002,-9.9023684336219,0],[-51.1335017123353,-9.90237266343215,0],[-51.1337910639379,-9.90258072527457,0],[-51.1339909033112,-9.90282015307467,0],[-51.1340317107165,-9.9028480837189,0],[-51.1343920490447,-9.902970035597,0],[-51.1344302666597,-9.9030081975784,0],[-51.1344304051352,-9.9033484657295,0],[-51.1347040577408,-9.90334835612637,0],[-51.1347041683929,-9.90361969416638,0],[-51.1349778212201,-9.90361958433729,0],[-51.1349780429834,-9.90416226039807,0],[-51.135251696257,-9.90416215033995,0],[-51.1352519184826,-9.90470482637713,0],[-51.1355255722027,-9.90470471608994,0],[-51.1355257948907,-9.90524739210338,0],[-51.1356415111613,-9.90524734539813,0],[-51.1356415506807,-9.90534356608551,0],[-51.1350942421813,-9.90534378663999,0],[-51.135094686182,-9.90642913862774,0],[-51.1356419964801,-9.90642891804861,0],[-51.135642219399,-9.90697159400389,0],[-51.1356424423308,-9.90751426994166,0],[-51.1356433341861,-9.90968497351771,0],[-51.1359169920292,-9.90968486285665,0],[-51.1359171037504,-9.90995620078085,0],[-51.1367380779351,-9.90995586745018,0],[-51.1367377407565,-9.90914185369229,0],[-51.1367376283701,-9.90887051576426,0],[-51.1364639712114,-9.90887062708509,0],[-51.1364631861714,-9.90697126144447,0],[-51.1361895305838,-9.90697137252058,0],[-51.1361890829602,-9.90588602152172,0],[-51.1363470211576,-9.9058859565447,0],[-51.1363470934603,-9.90606107384539,0],[-51.1366207482917,-9.90606096265101,0],[-51.136621085075,-9.90687497656193,0],[-51.1368947405777,-9.90687486513527,0],[-51.1368950780646,-9.90768887899745,0],[-51.1366214218873,-9.90768899043344,0],[-51.1366218710156,-9.90877434220086,0],[-51.1368955280926,-9.90877423075242,0],[-51.1368956406076,-9.90904556868021,0],[-51.1374429552017,-9.90904534510807,0],[-51.1374428422368,-9.90877400718653,0],[-51.1377164993041,-9.90877389506907,0],[-51.1377162729342,-9.90823121921904,0],[-51.1379899295484,-9.90823110688484,0],[-51.1379900429566,-9.90850244480893,0],[-51.1382636997924,-9.90850233224859,0],[-51.138264608975,-9.91067303545825,0],[-51.1379909503397,-9.91067314804373,0],[-51.1379912906622,-9.91148716168458,0],[-51.1377176313488,-9.91148727405641,0],[-51.1377177445711,-9.91175861193106,0],[-51.1374440850294,-9.91175872408295,0],[-51.13744419803,-9.91203006195634,0],[-51.1371705382601,-9.91203017388828,0],[-51.137170312712,-9.91148749813085,0],[-51.1368966533888,-9.91148760983347,0],[-51.136896315766,-9.9106735961551,0],[-51.1366226571145,-9.91067370762532,0],[-51.1366225448049,-9.91040236972068,0],[-51.1363488863751,-9.91040248096474,0],[-51.1363491105474,-9.91094515677587,0],[-51.1360754516645,-9.91094526780308,0],[-51.1360755635305,-9.91121660570514,0],[-51.1358019044194,-9.91121671651238,0],[-51.1358021277112,-9.91175939230967,0],[-51.1360757872722,-9.91175928149624,0],[-51.1360760110268,-9.91230195726975,0],[-51.1363496710347,-9.91230184622705,0],[-51.1363497831418,-9.91257318410422,0],[-51.1366234433715,-9.91257307283533,0],[-51.1366235955435,-9.91294063134493,0],[-51.136191993436,-9.91294080673711,0],[-51.1361921054208,-9.91321214460569,0],[-51.136076386361,-9.91321219153792,0],[-51.1360763466828,-9.91311597089727,0],[-51.1358026859968,-9.91311608172616,0],[-51.1358025743332,-9.91284474385163,0],[-51.1347079324568,-9.91284518492379,0],[-51.1347078216965,-9.91257384703257,0],[-51.1333395204044,-9.91257439333772,0],[-51.1333394107724,-9.9123030554268,0],[-51.1312658491062,-9.91230387266014,0],[-51.1312656715312,-9.91185741744709,0],[-51.1318129909146,-9.91185720299102,0],[-51.1318128825456,-9.91158586505177,0],[-51.1320865420076,-9.91158575749211,0],[-51.1320864334168,-9.9113144195515,0],[-51.1323600926508,-9.91131431177178,0],[-51.1323599838384,-9.91104297473422,0],[-51.1326336428439,-9.91104286582997,0],[-51.1326335338093,-9.9107715278866,0],[-51.1329071925871,-9.91077141966679,0],[-51.1329067555809,-9.90968606876608,0],[-51.1327910377417,-9.90968611454956,0],[-51.1327909990351,-9.90958989297132,0],[-51.1326330590424,-9.90958995539494,0],[-51.132632879668,-9.90914350013449,0],[-51.1322435045852,-9.90914365370548,0],[-51.1322434660407,-9.9090474330264,0],[-51.132085526304,-9.90904749518911,0],[-51.1320854562397,-9.90887237788879,0],[-51.1316578688953,-9.90844766210182,0],[-51.1312681614852,-9.9084823161981,0],[-51.130219790887,-9.90931956193173,0],[-51.1300543140017,-9.90931962606354,0],[-51.1300543660233,-9.90945167240956,0],[-51.1298798634737,-9.90959103162306,0],[-51.1297807630694,-9.90959106994064,0],[-51.1297807941591,-9.90967014930054,0],[-51.1295399354996,-9.90986250097292,0],[-51.1295072116873,-9.90986251359616,0],[-51.1295072219319,-9.90988862597041,0],[-51.1292366803093,-9.91010468182173,0],[-51.1285287422377,-9.91100544671609,0],[-51.1285291426279,-9.91203359363675,0],[-51.1284134239455,-9.91203363792197,0],[-51.1284135295245,-9.91230497589076,0],[-51.1270452290017,-9.91230549652528,0],[-51.1270452895975,-9.91246290120658,0],[-51.124429204102,-9.91226562796682,0],[-51.1244258544296,-9.91226543655839,0],[-51.1196349762579,-9.91207944835049,0],[-51.1167617153305,-9.91189618706176,0],[-51.1167617654649,-9.91203789276511,0],[-51.1166460467297,-9.91203793299403,0],[-51.1166459508283,-9.91176659490098,0],[-51.1163722910554,-9.91176668987587,0],[-51.116372327959,-9.91187134921237,0],[-51.1139093343614,-9.91171423356534,0],[-51.1139092591089,-9.91149619619789,0],[-51.1136355997524,-9.91149628922918,0],[-51.1133619401746,-9.91149638174763,0],[-51.1133617537849,-9.91095370547681,0],[-51.1130880946544,-9.91095379776703,0],[-51.1130879087254,-9.91041112147356,0],[-51.113361567406,-9.91041102918849,0],[-51.1133611946803,-9.90932567655928,0],[-51.1136348524585,-9.90932558406149,0],[-51.113634385487,-9.90796889318951,0],[-51.113908042138,-9.90796880048164,0],[-51.1139076074852,-9.90670886390457,0],[-51.1139299716431,-9.90661210191661,0],[-51.1141812296332,-9.90661201659528,0],[-51.1141808543593,-9.90552666375216,0],[-51.114454508981,-9.90552657062171,0],[-51.1144540992837,-9.90434435058358,0],[-51.1144944270859,-9.90416986572029,0],[-51.1147276923201,-9.90416978614194,0],[-51.1147273423261,-9.90316211882311,0],[-51.1147452986226,-9.90308442702107,0],[-51.115000967938,-9.90308433960932,0],[-51.1150005901072,-9.90199898656999,0],[-51.1152742417985,-9.90199889280479,0],[-51.1152738232021,-9.90079914590881,0],[-51.1153625273679,-9.9004295924752,0],[-51.115970294785,-9.89789752798542,0]],[[-51.1342714044391,-9.90073136891496,0],[-51.1342711839148,-9.90018869272776,0],[-51.1339975339214,-9.90018880194384,0],[-51.1339974238887,-9.89991746384063,0],[-51.1337237741169,-9.89991757283085,0],[-51.1337236643121,-9.89964623472022,0],[-51.1334500147618,-9.8996463434846,0],[-51.1334499051849,-9.89937500536655,0],[-51.1331762558562,-9.8993751139051,0],[-51.1331763652084,-9.89964645202618,0],[-51.1331764745639,-9.89991779014288,0],[-51.133450124342,-9.89991768159827,0],[-51.1334503435117,-9.90046035781248,0],[-51.1337239937361,-9.90046024903899,0],[-51.1337241035504,-9.9007315871365,0],[-51.1337243231885,-9.9012742633184,0],[-51.1342716249761,-9.90127404508467,0],[-51.134271514706,-9.901002707002,0],[-51.1345451653704,-9.90100259755394,0],[-51.1345452758652,-9.90127393563355,0],[-51.1345453863632,-9.90154527370878,0],[-51.1348190374738,-9.90154516403176,0],[-51.1348189267511,-9.90127382595959,0],[-51.1348188160315,-9.90100248788304,0],[-51.1348187053151,-9.90073114980212,0],[-51.1342714044391,-9.90073136891496,0]]],[[[-51.144549142026,-9.88869200720308,0],[-51.1442755018867,-9.88869212494236,0],[-51.1437282211606,-9.88869235917385,0],[-51.1437279853974,-9.8881496828176,0],[-51.1440016253133,-9.88814956581968,0],[-51.1440015072124,-9.88787822763824,0],[-51.1442751469004,-9.88787811042105,0],[-51.1442750285785,-9.88760677223859,0],[-51.1448223074956,-9.88760653714321,0],[-51.1448224262664,-9.88787787531909,0],[-51.1450960659442,-9.88787775743432,0],[-51.1450961849428,-9.8881490956026,0],[-51.1453698248417,-9.888148977492,0],[-51.1453699440681,-9.88842031565256,0],[-51.145643584188,-9.88842019731611,0],[-51.1456437036423,-9.88869153546903,0],[-51.1461909843205,-9.88869129812185,0],[-51.1461911042272,-9.88896263626371,0],[-51.1464647447855,-9.88896251725298,0],[-51.1464652253444,-9.89004786976356,0],[-51.1461915838883,-9.8900479887876,0],[-51.1461917038122,-9.89031932690771,0],[-51.1459180621281,-9.8903194457125,0],[-51.1459179424286,-9.89004810758908,0],[-51.145097018029,-9.89004846265801,0],[-51.1450968990064,-9.88977712452036,0],[-51.1445496165052,-9.8897773601135,0],[-51.1445492608047,-9.88896334565449,0],[-51.144549142026,-9.88869200720308,0]]],[[[-51.1316867459469,-9.88544122699442,0],[-51.1308658324824,-9.88544154718867,0],[-51.1308656178898,-9.88489887043398,0],[-51.1308655103796,-9.88462753176043,0],[-51.1305918734436,-9.88462763832769,0],[-51.1305917663793,-9.88435629993646,0],[-51.1305915522602,-9.88381362314093,0],[-51.1308651887418,-9.8838135168723,0],[-51.1308650814626,-9.88354217847098,0],[-51.131685990216,-9.88354185833945,0],[-51.1316862061236,-9.88408453511984,0],[-51.1314125694269,-9.88408464205877,0],[-51.1314128926386,-9.88489865720556,0],[-51.1316865300083,-9.88489855025765,0],[-51.1316867459469,-9.88544122699442,0]]],[[[-51.1489238466537,-9.88082129099182,0],[-51.1486502128571,-9.88082141190401,0],[-51.1486500910358,-9.88055007366133,0],[-51.1483764574599,-9.88055019434777,0],[-51.1483763358665,-9.88027885609732,0],[-51.1486499692181,-9.88027873541427,0],[-51.1486498474039,-9.8800073971628,0],[-51.1489234805278,-9.88000727626077,0],[-51.1489233584929,-9.87973593800834,0],[-51.1486497255932,-9.87973605890698,0],[-51.1486496563436,-9.87958179919894,0],[-51.149196979598,-9.87970964783208,0],[-51.1491972359109,-9.88027849338108,0],[-51.149470869252,-9.88027837203096,0],[-51.1494713592349,-9.88136372495236,0],[-51.1497449934695,-9.88136360336627,0],[-51.1497453616666,-9.88217761800131,0],[-51.1494717267592,-9.88217773959762,0],[-51.1494718492744,-9.88244907780397,0],[-51.1491982141392,-9.88244919918127,0],[-51.1491991925931,-9.88461990470206,0],[-51.1494728295228,-9.88461978329759,0],[-51.1494729520697,-9.8848911214646,0],[-51.1497465892202,-9.88489099983427,0],[-51.1497468347734,-9.88543367614851,0],[-51.1494731971742,-9.88543379778565,0],[-51.1494733197317,-9.88570513593958,0],[-51.1491996819046,-9.88570525735765,0],[-51.1491998042413,-9.88597659551061,0],[-51.1489261661864,-9.88597671670958,0],[-51.1489262883022,-9.88624805486163,0],[-51.1483790117329,-9.88624829659889,0],[-51.1483791334035,-9.88651963475329,0],[-51.1481054948893,-9.88651975529155,0],[-51.148105616339,-9.88679109344494,0],[-51.1478319775968,-9.88679121376407,0],[-51.1478320988257,-9.88706255191644,0],[-51.1475584598556,-9.88706267201643,0],[-51.1475585808635,-9.88733401016789,0],[-51.1470113024641,-9.88733424970704,0],[-51.1470114230267,-9.88760558786075,0],[-51.1464641441647,-9.8876058265165,0],[-51.1464640240509,-9.88733448835611,0],[-51.1461903848391,-9.88733460734688,0],[-51.1461900251917,-9.88652059282945,0],[-51.1464636637303,-9.88652047384867,0],[-51.1464634235339,-9.88597779748852,0],[-51.1467370616203,-9.88597767829191,0],[-51.1467369413029,-9.88570634010865,0],[-51.1470105791615,-9.8857062206929,0],[-51.1470104586232,-9.88543488250862,0],[-51.147284096254,-9.88543476287374,0],[-51.1472839754948,-9.88516342468841,0],[-51.1475576128977,-9.88516330483441,0],[-51.1475574919177,-9.88489196664804,0],[-51.1478311290928,-9.88489184657493,0],[-51.1478310078919,-9.88462050838763,0],[-51.1481046448392,-9.88462038809542,0],[-51.1481042805845,-9.88380637351727,0],[-51.1483779168552,-9.88380625301273,0],[-51.1483776735876,-9.88326357661226,0],[-51.1486513094062,-9.88326345589204,0],[-51.1486510657041,-9.88272077948079,0],[-51.1489247010706,-9.88272065854492,0],[-51.1489243348708,-9.88190664390549,0],[-51.149197969561,-9.88190652275738,0],[-51.1491978472771,-9.88163518453893,0],[-51.1489242128113,-9.88163530568366,0],[-51.1489238466537,-9.88082129099182,0]]],[[[-51.1336002393264,-9.88055638120883,0],[-51.1336001298418,-9.8802850427852,0],[-51.1338737633735,-9.88028493410932,0],[-51.1338736536678,-9.88001359568434,0],[-51.1341472869721,-9.88001348678916,0],[-51.1341471770454,-9.87974214836286,0],[-51.1344208101223,-9.87974203924838,0],[-51.1344205898299,-9.87919936238887,0],[-51.1349678550774,-9.87919914350513,0],[-51.1349682974685,-9.88028449718226,0],[-51.1346946639495,-9.88028460674756,0],[-51.1346949951037,-9.88109862196876,0],[-51.1344213609087,-9.88109873132088,0],[-51.1344214710755,-9.88137006972227,0],[-51.1338742022277,-9.8813702877655,0],[-51.1338743119491,-9.88164162616866,0],[-51.1333270426401,-9.88164184332845,0],[-51.1333266055673,-9.88055648966539,0],[-51.1336002393264,-9.88055638120883,0]]],[[[-51.1445197270682,-9.82112867016735,0],[-51.1445190208794,-9.81950063398626,0],[-51.1447926042129,-9.81950051715327,0],[-51.1447922504964,-9.81868649932129,0],[-51.145065833158,-9.81868638227723,0],[-51.1450657150366,-9.81841504299454,0],[-51.1453392974721,-9.81841492573283,0],[-51.1453391791313,-9.81814358644906,0],[-51.1458863435465,-9.81814335126946,0],[-51.1458864623328,-9.8184146905466,0],[-51.1464336271798,-9.81841445447663,0],[-51.146433746415,-9.81868579374274,0],[-51.1464345811587,-9.82058516848416,0],[-51.1467081653593,-9.82058505009111,0],[-51.146708284845,-9.82085638931917,0],[-51.1472554536814,-9.82085615186341,0],[-51.14725533375,-9.82058481264203,0],[-51.1475289179402,-9.82058469358602,0],[-51.1475290380944,-9.82085603280404,0],[-51.1486233757115,-9.82085555435665,0],[-51.1486232546661,-9.82058421515209,0],[-51.1494440071736,-9.8205838540063,0],[-51.149444250605,-9.82112653239073,0],[-51.1497178352127,-9.82112641156003,0],[-51.1497179571565,-9.82139775074236,0],[-51.1499915419836,-9.82139762968725,0],[-51.1499916641538,-9.8216689688618,0],[-51.1502652492002,-9.82166884758228,0],[-51.1502653715967,-9.82194018674911,0],[-51.1499917863275,-9.82194030803205,0],[-51.1499921528699,-9.82275432551671,0],[-51.1502657388077,-9.82275420422352,0],[-51.1502656164005,-9.82248286506972,0],[-51.1508075009721,-9.82248262418156,0],[-51.1498531421707,-9.8265106110265,0],[-51.1488335665777,-9.83081385635176,0],[-51.1478139891196,-9.83511710241357,0],[-51.147271245534,-9.83740783217944,0],[-51.1472627758517,-9.8374078367726,0],[-51.147262791648,-9.83744351151379,0],[-51.1471426537995,-9.83795056616782,0],[-51.1469894176817,-9.83795063281722,0],[-51.1469895378309,-9.83822197205369,0],[-51.1469896577649,-9.8384933107063,0],[-51.1467160586295,-9.83849342954088,0],[-51.1467162982803,-9.83903610770911,0],[-51.1467164180015,-9.83930744635202,0],[-51.1464428181929,-9.83930756497521,0],[-51.146442937913,-9.83957890419664,0],[-51.1464432964382,-9.84039292096565,0],[-51.1461696959515,-9.84039303938064,0],[-51.1461702829274,-9.84172808531382,0],[-51.1461644271212,-9.84174973617203,0],[-51.145896690621,-9.84174985184582,0],[-51.1458968099256,-9.84202119103481,0],[-51.1458970481079,-9.84256386882017,0],[-51.1459442506664,-9.84256384844035,0],[-51.1456001329341,-9.84383622795046,0],[-51.1432296244963,-9.84329135133114,0],[-51.1408591172272,-9.842746475144,0],[-51.1408591254203,-9.84274643986651,0],[-51.1408415775804,-9.84274240603768,0],[-51.1408415693873,-9.84274244131517,0],[-51.1374837473619,-9.84197057462168,0],[-51.1376129560212,-9.8412769287857,0],[-51.1378428494597,-9.84020102549172,0],[-51.1378432417277,-9.84019908435299,0],[-51.1381838508071,-9.83841318956267,0],[-51.1381841847378,-9.83841133165792,0],[-51.1382940717074,-9.83776116458667,0],[-51.1384117675302,-9.83729037926264,0],[-51.1385206397475,-9.83699098252274,0],[-51.1385249638121,-9.83697420204518,0],[-51.1386714317975,-9.83604046772873,0],[-51.1388166673593,-9.83552306663344,0],[-51.1391289264729,-9.83459547221439,0],[-51.1391310975034,-9.83458795341817,0],[-51.1394161699167,-9.83341088076831,0],[-51.1396091495586,-9.83270328702665,0],[-51.1396000546468,-9.83263438058015,0],[-51.1395356151842,-9.83252391242795,0],[-51.1395248895854,-9.83250917318548,0],[-51.1393858642153,-9.83235379203913,0],[-51.1393609364411,-9.83220422568259,0],[-51.1394938117986,-9.83207134948935,0],[-51.1395116021428,-9.83204611755913,0],[-51.1395408698328,-9.83198432817873,0],[-51.1401469402539,-9.83198407766224,0],[-51.140147054531,-9.83225541678623,0],[-51.1409678361174,-9.83225507577974,0],[-51.1412414297547,-9.83225496228311,0],[-51.1412411996374,-9.83171228344167,0],[-51.1412410844746,-9.83144094432171,0],[-51.1415146776575,-9.83144082999876,0],[-51.14151433152,-9.8306268126227,0],[-51.1417879240304,-9.83062669808818,0],[-51.1417875772537,-9.82981268039282,0],[-51.1420611688731,-9.82981256564687,0],[-51.1420610532832,-9.82954122679595,0],[-51.1423346455881,-9.82954111154182,0],[-51.1423344126232,-9.82899843354419,0],[-51.1426080040038,-9.82899831836538,0],[-51.1426078877593,-9.82872697921817,0],[-51.1428814786951,-9.82872686382152,0],[-51.1428812457702,-9.8281841855206,0],[-51.1431548362565,-9.82818406990928,0],[-51.1431544862256,-9.82737005243507,0],[-51.1434280760396,-9.82736993661236,0],[-51.1434277253702,-9.82655591910889,0],[-51.1437013145119,-9.82655580307485,0],[-51.1437009632041,-9.82574178554205,0],[-51.1439745516736,-9.82574166929669,0],[-51.1439743170395,-9.82519899092632,0],[-51.1442479050597,-9.82519887446641,0],[-51.1442477875249,-9.82492753527804,0],[-51.1445213753188,-9.82492741860032,0],[-51.1447949628907,-9.8249273014118,0],[-51.144794845132,-9.82465596251537,0],[-51.1447947271581,-9.82438462332478,0],[-51.1450683144994,-9.82438450621148,0],[-51.145068196306,-9.82411316701995,0],[-51.1447946091877,-9.82411328412995,0],[-51.1447944912206,-9.82384194493077,0],[-51.1453416650082,-9.82384171049631,0],[-51.1453414281928,-9.82329903209805,0],[-51.1456150146356,-9.82329891455585,0],[-51.1456148960102,-9.82302757535354,0],[-51.1453413097902,-9.82302769289244,0],[-51.1453410729955,-9.82248501446818,0],[-51.1447939014367,-9.82248524886965,0],[-51.1447937834902,-9.82221390964437,0],[-51.1450673690484,-9.82221379255745,0],[-51.1450672508824,-9.82194245333119,0],[-51.1447936655471,-9.82194257041482,0],[-51.1447934296711,-9.82139989194263,0],[-51.1447933124316,-9.82112855240991,0],[-51.1445197270682,-9.82112867016735,0]]],[[[-51.1188906287412,-9.81795597169297,0],[-51.1196224370299,-9.81815364305312,0],[-51.1226321439767,-9.81896658566831,0],[-51.1237264765209,-9.81896618774065,0],[-51.1239999586783,-9.81869474819237,0],[-51.1239998577098,-9.81842340838425,0],[-51.1242734401716,-9.81842330813474,0],[-51.1242732380166,-9.81788062938052,0],[-51.1242731368342,-9.81760928985204,0],[-51.1248203008494,-9.81760908870705,0],[-51.1248203516633,-9.81774475908363,0],[-51.1248204024773,-9.81788042822986,0],[-51.125094065863,-9.8180965384999,0],[-51.1250943921354,-9.8189656853597,0],[-51.1253681794289,-9.81950826320722,0],[-51.126462616623,-9.81977919589398,0],[-51.1275570553362,-9.82005012472815,0],[-51.1286514962238,-9.82032105057864,0],[-51.1291986645988,-9.82032084230561,0],[-51.1291987698212,-9.8205921817389,0],[-51.1283780165856,-9.82059249382577,0],[-51.1281044319491,-9.82059259712301,0],[-51.1281045362836,-9.82086393746803,0],[-51.1275573679049,-9.8208641439845,0],[-51.1275574708843,-9.82113548281226,0],[-51.1272838862301,-9.821135585742,0],[-51.1272841972541,-9.82194960405087,0],[-51.12701061171,-9.82194970676836,0],[-51.1270110255596,-9.82303506507892,0],[-51.1267374389023,-9.82303516668257,0],[-51.1267375423678,-9.82330650638831,0],[-51.1267377488706,-9.82384918491755,0],[-51.1264641615423,-9.82384928811769,0],[-51.1264642647935,-9.82412062690884,0],[-51.1264645739106,-9.82493464510046,0],[-51.1261909859057,-9.8249347471865,0],[-51.1261913972119,-9.82602010472602,0],[-51.1261914798632,-9.82623876688903,0],[-51.1281069362356,-9.82710270021837,0],[-51.1281069370215,-9.82710474278898,0],[-51.128111461451,-9.82710474107658,0],[-51.1286542112279,-9.82734953629046,0],[-51.1286542214059,-9.82737587458444,0],[-51.12871255878,-9.82737585240537,0],[-51.1292014870227,-9.82759637146371,0],[-51.129201506673,-9.82764700547935,0],[-51.1293136574621,-9.82764696264976,0],[-51.1300222772673,-9.82764669117368,0],[-51.1300223832409,-9.82791803048085,0],[-51.1305695640677,-9.82791781983206,0],[-51.1305696704905,-9.82818915912896,0],[-51.1311168517509,-9.8281889475896,0],[-51.1311169586227,-9.82846028687624,0],[-51.1316641403168,-9.82846007444626,0],[-51.1316642476377,-9.82873141372254,0],[-51.1319378387031,-9.82873130717281,0],[-51.1319379462501,-9.82900264644178,0],[-51.1324851288176,-9.82900243267278,0],[-51.1324852368137,-9.82927377193135,0],[-51.1330324198147,-9.82927355727159,0],[-51.13303252826,-9.82954489651984,0],[-51.133853303407,-9.8295445728622,0],[-51.1338534125246,-9.82981591209696,0],[-51.134127004457,-9.82981580376565,0],[-51.1341271138008,-9.83008714299303,0],[-51.134947890248,-9.83008681666273,0],[-51.134948000264,-9.83035815587657,0],[-51.1354951849923,-9.83035793721086,0],[-51.1354952954577,-9.83062927641426,0],[-51.1360424806193,-9.83062905685754,0],[-51.136042591534,-9.83090039605039,0],[-51.1365897771288,-9.8309001756026,0],[-51.1365898884929,-9.83117151478488,0],[-51.1374106675301,-9.83117118244468,0],[-51.1374107795666,-9.83144252161325,0],[-51.1385051524631,-9.83144207538323,0],[-51.1385052653951,-9.831713414535,0],[-51.1393260457025,-9.83171307753004,0],[-51.1393261583444,-9.83198211764693,0],[-51.1391986037328,-9.83210967111358,0],[-51.1391733801834,-9.83218811208114,0],[-51.1392102025889,-9.83240904661571,0],[-51.1392319649672,-9.83245432869091,0],[-51.1393823479619,-9.83262240298956,0],[-51.1394231729207,-9.83269238715064,0],[-51.1392397613196,-9.83336489179558,0],[-51.1392391203262,-9.83336738295294,0],[-51.1389546664028,-9.83454190010015,0],[-51.1386429242183,-9.8354679574712,0],[-51.1386415708314,-9.83547234377085,0],[-51.1384942806161,-9.83599706636689,0],[-51.1384920241032,-9.83600741887864,0],[-51.1383460822749,-9.83693779915908,0],[-51.1382385900092,-9.83723340105625,0],[-51.1382358613832,-9.83724231837489,0],[-51.1381161877585,-9.83772101217593,0],[-51.1381147633168,-9.83772782698714,0],[-51.1380044520546,-9.83838049773444,0],[-51.1376642051423,-9.84016449283875,0],[-51.1374342701856,-9.84124058507059,0],[-51.1374338060224,-9.84124290520823,0],[-51.1373058764462,-9.84192968648889,0],[-51.136633646004,-9.84177515545334,0],[-51.1361135639614,-9.84165560437111,0],[-51.1338940967948,-9.84108921307944,0],[-51.1316746297172,-9.84052282156977,0],[-51.1299260547055,-9.84011335727768,0],[-51.1299260774901,-9.84011331747253,0],[-51.1299076278334,-9.84010899760785,0],[-51.1299076050489,-9.84010903741297,0],[-51.1273186716942,-9.83950275624094,0],[-51.1247297356924,-9.83889647500497,0],[-51.1217383621456,-9.83819591006864,0],[-51.1180727754554,-9.83733738547595,0],[-51.1144071890181,-9.83647886068534,0],[-51.1153892840746,-9.83242142891296,0],[-51.1163713794349,-9.82836399629773,0],[-51.1173534742025,-9.82430656555712,0],[-51.1183355693028,-9.82024913398123,0],[-51.1188906287412,-9.81795597169297,0]]],[[[-51.1305667981589,-9.8208629965885,0],[-51.1313876590004,-9.82113401858985,0],[-51.1316612436087,-9.82113391234513,0],[-51.1316613517577,-9.8214052517383,0],[-51.1313877660145,-9.82140535798636,0],[-51.1305670108471,-9.82140567540371,0],[-51.1305669042829,-9.82113433570854,0],[-51.1302933196623,-9.82113444135907,0],[-51.1302932133243,-9.82086310256105,0],[-51.1300196289232,-9.82086320723975,0],[-51.1294724596752,-9.8208634166939,0],[-51.129472248782,-9.82032073845232,0],[-51.1297458329617,-9.82032063314866,0],[-51.1300194171385,-9.82032052823872,0],[-51.1300195230293,-9.82059186766316,0],[-51.1305667981589,-9.8208629965885,0]]],[[[-51.1502617012432,-9.81380000985716,0],[-51.1499881226564,-9.81380013103767,0],[-51.1499882447275,-9.81407147033368,0],[-51.1491675082781,-9.81407183256045,0],[-51.1491672654755,-9.81352915394366,0],[-51.1488936870973,-9.81352927423746,0],[-51.1488935659239,-9.81325793491908,0],[-51.1491671440795,-9.81325781462867,0],[-51.149167022687,-9.81298647530944,0],[-51.1499877564646,-9.8129861131235,0],[-51.149987878525,-9.81325745243252,0],[-51.1502614566665,-9.81325733125884,0],[-51.1502617012432,-9.81380000985716,0]]],[[[-51.1467029114154,-9.80864611976114,0],[-51.1467025534361,-9.80783210147841,0],[-51.1469761271681,-9.80783198302133,0],[-51.146976007626,-9.80756064358841,0],[-51.1480703016292,-9.80756016756658,0],[-51.1480701812007,-9.80728882814278,0],[-51.1486173277363,-9.80728858881449,0],[-51.1486170859998,-9.80674590996735,0],[-51.149711377249,-9.80674542868974,0],[-51.1497114990055,-9.80701676810187,0],[-51.1499850720315,-9.80701664722739,0],[-51.1499860479907,-9.80918736234143,0],[-51.1502596227933,-9.80918724121897,0],[-51.1502597450267,-9.80945858058537,0],[-51.1505333200482,-9.80945845923876,0],[-51.1505335649707,-9.81000113795156,0],[-51.1502599895041,-9.81000125930501,0],[-51.1502602339957,-9.81054393800734,0],[-51.1499866580803,-9.81054405914688,0],[-51.1499867801088,-9.81081539849498,0],[-51.1477981708784,-9.8108163596912,0],[-51.1477980506305,-9.81054502031601,0],[-51.1475244746834,-9.81054513946876,0],[-51.1475243546616,-9.81027380008591,0],[-51.1472507789337,-9.81027391901454,0],[-51.1472502997713,-9.80918856142629,0],[-51.1469767249302,-9.80918868012079,0],[-51.1469764858149,-9.80864600129404,0],[-51.1467029114154,-9.80864611976114,0]]],[[[-51.1305618035346,-9.80811003943626,0],[-51.1305619097323,-9.80838137904989,0],[-51.1305620159331,-9.80865271865916,0],[-51.130562122137,-9.80892405826407,0],[-51.1302885473185,-9.80892416349139,0],[-51.1302886533029,-9.80919550309492,0],[-51.1297415032118,-9.80919571289331,0],[-51.1297413976724,-9.80892437328387,0],[-51.1294678226264,-9.80892447784912,0],[-51.1294676122204,-9.8083817986112,0],[-51.1294675069128,-9.80811045898574,0],[-51.1305618035346,-9.80811003943626,0]]],[[[-51.1420524927593,-9.80946211834405,0],[-51.1420519150078,-9.80810542097035,0],[-51.141778340992,-9.80810553545818,0],[-51.1417782256743,-9.80783419596725,0],[-51.1420517994676,-9.80783408148266,0],[-51.1420516839307,-9.80756274199057,0],[-51.1425988310623,-9.80756251236578,0],[-51.1425987150837,-9.80729117287586,0],[-51.142872288422,-9.80729105773568,0],[-51.142872404623,-9.80756239722234,0],[-51.1431459781804,-9.80756228185823,0],[-51.1431460946072,-9.8078336210475,0],[-51.1428725206089,-9.80783373641496,0],[-51.1428729856788,-9.80891909459073,0],[-51.1428732181247,-9.80946177350778,0],[-51.1425996430062,-9.80946188867393,0],[-51.1425997590117,-9.80973322812917,0],[-51.1423261836674,-9.80973334307783,0],[-51.1423260678844,-9.80946200361936,0],[-51.1420524927593,-9.80946211834405,0]]],[[[-51.1513534295095,-9.80810139706804,0],[-51.1510798556113,-9.80810151905965,0],[-51.1510797327281,-9.80783017968195,0],[-51.150532585366,-9.80783042299621,0],[-51.1505323405003,-9.80728774421403,0],[-51.1502587672589,-9.80728786553328,0],[-51.1502582784602,-9.80620250790323,0],[-51.1505318508116,-9.80620238659766,0],[-51.1505317283983,-9.80593104718272,0],[-51.1508053005237,-9.80593092565992,0],[-51.1508054231595,-9.80620226507143,0],[-51.1510789955038,-9.80620214332455,0],[-51.1510791183656,-9.80647348272831,0],[-51.1513526909288,-9.80647336075733,0],[-51.1513529371081,-9.80701603954487,0],[-51.1516265101127,-9.80701591734634,0],[-51.1516268800759,-9.80782993548492,0],[-51.1513533064038,-9.80783005769378,0],[-51.1513534295095,-9.80810139706804,0]]],[[[-51.1417759200226,-9.80240740523811,0],[-51.1415023506749,-9.80240751943758,0],[-51.1415022356498,-9.80213617985234,0],[-51.1417758047752,-9.80213606565609,0],[-51.1417756895311,-9.80186472606984,0],[-51.1420492584308,-9.80186461165625,0],[-51.1420491429676,-9.80159327206889,0],[-51.1425962803122,-9.80159304258651,0],[-51.1425961644077,-9.80132170300126,0],[-51.1428697328526,-9.80132158793249,0],[-51.1428698489794,-9.80159292751449,0],[-51.1431434176432,-9.80159281222193,0],[-51.1431435339958,-9.80186415179632,0],[-51.1442378095068,-9.80186368840748,0],[-51.1442379267523,-9.80213502796446,0],[-51.1447850649321,-9.80213479494013,0],[-51.1447851826257,-9.8024061344863,0],[-51.1450587519329,-9.80240601764,0],[-51.1450591057014,-9.80322003624241,0],[-51.1453326756723,-9.80321991916563,0],[-51.1453330301389,-9.80403393771914,0],[-51.1456066007736,-9.80403382041184,0],[-51.1456067191584,-9.80430515991775,0],[-51.1458802900121,-9.80430504238653,0],[-51.1458804086228,-9.80457638188476,0],[-51.1467011216121,-9.80457602795755,0],[-51.1469746928928,-9.80457590954045,0],[-51.1469748123967,-9.80484724902101,0],[-51.147248383678,-9.80484713038004,0],[-51.1472485034078,-9.80511846985292,0],[-51.147522074908,-9.80511835098797,0],[-51.1475221948637,-9.80538969045321,0],[-51.147795766583,-9.80538957136428,0],[-51.147796367526,-9.80674626860853,0],[-51.145334211917,-9.806747332616,0],[-51.1453340937237,-9.80647599314584,0],[-51.1456076663605,-9.80647587580877,0],[-51.1456074295393,-9.80593319686198,0],[-51.1453338573475,-9.80593331419243,0],[-51.1453337391646,-9.80566197470927,0],[-51.1450601669733,-9.80566209181586,0],[-51.1450600490161,-9.80539075203524,0],[-51.1445129057237,-9.80539098586943,0],[-51.1442393339631,-9.80539110231072,0],[-51.1442394512528,-9.80566244181141,0],[-51.1434187352833,-9.80566278982125,0],[-51.143418851909,-9.80593412932741,0],[-51.1431452796899,-9.80593424489266,0],[-51.1431453960965,-9.80620558439777,0],[-51.1425982512033,-9.80620581487283,0],[-51.1425983671684,-9.80647715438011,0],[-51.1423247944942,-9.80647726928989,0],[-51.1423246787516,-9.80620592977937,0],[-51.1417775338382,-9.80620615893049,0],[-51.1417774185439,-9.80593481940918,0],[-51.1415038463046,-9.80593493365053,0],[-51.1415026957701,-9.80322153816708,0],[-51.141776265785,-9.80322142395794,0],[-51.1417761505276,-9.80295008438896,0],[-51.141502580735,-9.80295019859488,0],[-51.1415024657033,-9.8026788590184,0],[-51.1417760352734,-9.80267874481571,0],[-51.1417759200226,-9.80240740523811,0]]],[[[-51.1242281394954,-9.79590454257573,0],[-51.1242944069995,-9.79563076286629,0],[-51.1245385147897,-9.79563067341548,0],[-51.1245384136256,-9.79535933353451,0],[-51.1248119773884,-9.79535923308407,0],[-51.1248118760051,-9.79508789320158,0],[-51.1250854395428,-9.79508779253357,0],[-51.1250853379402,-9.79481645264959,0],[-51.1256324652557,-9.79481625065781,0],[-51.1257576997986,-9.79481620429897,0],[-51.1257548403408,-9.79495477384085,0],[-51.1257560119008,-9.79497118947182,0],[-51.1257906230413,-9.79518157452402,0],[-51.1257906815424,-9.7953369265497,0],[-51.1256789023512,-9.7954602078159,0],[-51.1256181925002,-9.79551692404262,0],[-51.125520975139,-9.79550468729268,0],[-51.1254793394415,-9.79550905768789,0],[-51.1253773070287,-9.79554452061435,0],[-51.125319091655,-9.7956075707494,0],[-51.1252859749886,-9.79573663494464,0],[-51.1252831714562,-9.79575741699816,0],[-51.1252806750615,-9.79590418205634,0],[-51.1253048671463,-9.79596708057191,0],[-51.1253967470102,-9.79606573297167,0],[-51.1253977568633,-9.79606679986897,0],[-51.1254923823475,-9.7961651599893,0],[-51.125532627662,-9.79624854775972,0],[-51.1255299680008,-9.79632455557028,0],[-51.1254746543872,-9.79636158677941,0],[-51.1253621257448,-9.79638192276468,0],[-51.1252385694125,-9.79637961223087,0],[-51.1252006998965,-9.79638700573912,0],[-51.125070610683,-9.79644272268611,0],[-51.1250172700874,-9.79650838940278,0],[-51.1249918075624,-9.79663745074632,0],[-51.1249979821195,-9.79669158530435,0],[-51.1250796191236,-9.79687359083898,0],[-51.1251343153609,-9.79699676532343,0],[-51.1251563880345,-9.79705900436577,0],[-51.125126658272,-9.7971549692491,0],[-51.1250741782367,-9.79725917315539,0],[-51.1249860561082,-9.7973581524137,0],[-51.1249104670841,-9.79743818389598,0],[-51.1248869673624,-9.79748576385047,0],[-51.1248767861117,-9.79754902777616,0],[-51.1248763908789,-9.79757481968177,0],[-51.1248891832346,-9.79767350038585,0],[-51.124942420164,-9.79774454109189,0],[-51.1250035795523,-9.797771651659,0],[-51.1250160965442,-9.79780694565403,0],[-51.1250118761216,-9.79783316949399,0],[-51.1249472569221,-9.79795688989897,0],[-51.1249466500491,-9.79795807497315,0],[-51.1248880155207,-9.79807449683443,0],[-51.1248787165633,-9.79810743729831,0],[-51.1248691525911,-9.79822177982098,0],[-51.1248392268468,-9.79834282197764,0],[-51.1247897560201,-9.79841353596271,0],[-51.1247528254977,-9.79845019308267,0],[-51.1247248861227,-9.79845251245242,0],[-51.1246564036282,-9.79859249380918,0],[-51.1247406400425,-9.79871898411971,0],[-51.1247477361829,-9.79872827671105,0],[-51.1248814207923,-9.79888169466453,0],[-51.1249293446007,-9.79902411960115,0],[-51.1249304728764,-9.79902727486844,0],[-51.1249841003202,-9.79916895874728,0],[-51.1249868785636,-9.79917550696383,0],[-51.1250702057189,-9.79935211037253,0],[-51.1250702324637,-9.79942351073105,0],[-51.1250136715266,-9.79949895409835,0],[-51.1249208266975,-9.79957268147388,0],[-51.1249124364816,-9.7995802386633,0],[-51.1248206285836,-9.7996738973507,0],[-51.1248086638492,-9.79968903980101,0],[-51.1247321732979,-9.79981052777747,0],[-51.1247204669813,-9.79987790214571,0],[-51.1247485777159,-9.80000441215718,0],[-51.1247868149924,-9.80006004809288,0],[-51.1249504218464,-9.80016895164546,0],[-51.1249951877557,-9.80021332002709,0],[-51.1250069375923,-9.80025986314408,0],[-51.1250097697048,-9.80026900082657,0],[-51.1250286349237,-9.80032008897713,0],[-51.1249731670536,-9.80037812186469,0],[-51.1249550972858,-9.80040573644221,0],[-51.1249117646483,-9.80050950008502,0],[-51.1249288912153,-9.80060533462777,0],[-51.1250156674103,-9.80069892848067,0],[-51.1250348987667,-9.8007146744816,0],[-51.1251216598462,-9.80076778169589,0],[-51.1251839906088,-9.80078011733334,0],[-51.1253753191859,-9.80074968196544,0],[-51.1254290570578,-9.80072044061746,0],[-51.1254902604878,-9.80065209733595,0],[-51.1255014053169,-9.8006366476472,0],[-51.125554944767,-9.8005430020359,0],[-51.1255572655231,-9.80053811886936,0],[-51.1255560891923,-9.80055512326709,0],[-51.1255714419187,-9.80067657833757,0],[-51.1256222352785,-9.80074675696042,0],[-51.1257013372145,-9.80078468358838,0],[-51.1258078708599,-9.80076477208634,0],[-51.1258356104435,-9.80073512063934,0],[-51.1258944437496,-9.80069087856784,0],[-51.1259287337435,-9.80068617437982,0],[-51.1259675297894,-9.80069457603802,0],[-51.1259989877403,-9.80072690987516,0],[-51.1260062402731,-9.80076137095734,0],[-51.1260291068668,-9.80087957256242,0],[-51.1260299052616,-9.80088327876779,0],[-51.1260707893622,-9.80105533101245,0],[-51.1261196396564,-9.80111590756322,0],[-51.1261933251005,-9.80115147995294,0],[-51.1262210599456,-9.80120095297478,0],[-51.1262220616721,-9.80121183151963,0],[-51.1262039887815,-9.80122379076018,0],[-51.1261245623405,-9.80122766427096,0],[-51.1261005765998,-9.80123207341222,0],[-51.1259373199871,-9.80128527322867,0],[-51.1259126724836,-9.80129767808214,0],[-51.1256882256843,-9.80145717795196,0],[-51.1256659101014,-9.80147986932059,0],[-51.1255792163358,-9.80160642264681,0],[-51.1255672006259,-9.80163159205183,0],[-51.1255273708643,-9.8017651041657,0],[-51.1254725298753,-9.80190953059008,0],[-51.1253946759656,-9.80204364464849,0],[-51.1253129435304,-9.80213117650354,0],[-51.1252134650597,-9.80219318090815,0],[-51.1252098165432,-9.80219557818499,0],[-51.1251586978599,-9.80223094448098,0],[-51.125085730741,-9.80221452457804,0],[-51.1250590241419,-9.80221251474977,0],[-51.1249875916022,-9.80221760246199,0],[-51.1249159108864,-9.8022613109497,0],[-51.1248394216897,-9.80238786032991,0],[-51.1248295318242,-9.80245770231198,0],[-51.124857105824,-9.80256010937499,0],[-51.1248571052112,-9.80256090892314,0],[-51.1248819147268,-9.80262288917926,0],[-51.1249445887284,-9.8026888885056,0],[-51.1249469658634,-9.80270300634448,0],[-51.12491168039,-9.80273351159894,0],[-51.1248654697285,-9.80276234579958,0],[-51.1248057499594,-9.80274182011381,0],[-51.1247836958946,-9.80271558876236,0],[-51.1247155685128,-9.8026830910226,0],[-51.124595661029,-9.80268060438048,0],[-51.1245529430184,-9.80269014770967,0],[-51.1244509139799,-9.80274079364004,0],[-51.1244101470927,-9.80278125811973,0],[-51.1243687874794,-9.80286337708933,0],[-51.1242631821231,-9.80296364237529,0],[-51.1241333835861,-9.80308490009228,0],[-51.1241301493441,-9.8030880750468,0],[-51.1240102284498,-9.80321186793897,0],[-51.1238331750818,-9.80332349487204,0],[-51.1236620212002,-9.80341682312036,0],[-51.1234914861391,-9.80347246829071,0],[-51.1234510313061,-9.80349919460812,0],[-51.1233240407714,-9.80364472234105,0],[-51.1232481738097,-9.80367831283517,0],[-51.1232040184807,-9.80371998948173,0],[-51.1231737006801,-9.80377927376522,0],[-51.1231735976221,-9.80350002806389,0],[-51.1231726964908,-9.80105796936783,0],[-51.1234462649362,-9.80105786996054,0],[-51.1234461646026,-9.80078652986506,0],[-51.1234459639445,-9.80024385053056,0],[-51.12371953172,-9.80024375091116,0],[-51.1237194311731,-9.79997241170996,0],[-51.123718727425,-9.79807303197327,0],[-51.123718703791,-9.7980092381659,0],[-51.1242281394954,-9.79590454257573,0]]],[[[-51.1360162843996,-9.76632154561796,0],[-51.1360161742491,-9.76605020568439,0],[-51.1362897139212,-9.76605009631123,0],[-51.1362896035524,-9.76577875608666,0],[-51.1368366824439,-9.76577853668735,0],[-51.1368365716352,-9.76550719646464,0],[-51.1373836500709,-9.76550697619264,0],[-51.1373836363948,-9.76547362004972,0],[-51.1389741836261,-9.7658469529614,0],[-51.1421414390753,-9.76659038430069,0],[-51.1420342763343,-9.7665904290192,0],[-51.142034506399,-9.76713310930526,0],[-51.1417609659097,-9.76713322330577,0],[-51.1417610807255,-9.76740456315572,0],[-51.1412139990752,-9.767404790504,0],[-51.1412141134515,-9.76767613093569,0],[-51.1409405734208,-9.76767624428296,0],[-51.1406670317816,-9.76767635741113,0],[-51.1406671457178,-9.76794769726529,0],[-51.1406672596576,-9.76821903769481,0],[-51.1403937189587,-9.76821915060902,0],[-51.1401201768698,-9.76821926330402,0],[-51.1401202903696,-9.76849060344573,0],[-51.1398467487492,-9.76849071592385,0],[-51.1398468620308,-9.76876205606441,0],[-51.1392997783369,-9.7687622803676,0],[-51.1392998911785,-9.7690336205103,0],[-51.1390263491051,-9.76903373233536,0],[-51.139026236485,-9.7687623921895,0],[-51.1387526946298,-9.7687625037916,0],[-51.1384791534647,-9.76876261488384,0],[-51.1384790403792,-9.7684912747278,0],[-51.1373848737992,-9.76849171804649,0],[-51.1373849850865,-9.76876305821544,0],[-51.1371114434303,-9.76876316878846,0],[-51.1360172756808,-9.76876360772382,0],[-51.1357437340084,-9.76876371690805,0],[-51.1357439539337,-9.76930639698054,0],[-51.1357440639013,-9.76957773744499,0],[-51.1354705213425,-9.76957784641876,0],[-51.1354706310916,-9.7698491865922,0],[-51.1354707408438,-9.77012052676128,0],[-51.1354709603582,-9.77066320770118,0],[-51.1351974176028,-9.77066331556272,0],[-51.1351975264498,-9.77093465601203,0],[-51.1351977455397,-9.77147733602768,0],[-51.1349242012051,-9.77147744548786,0],[-51.1349243107515,-9.77174878502247,0],[-51.1346507661919,-9.77174889397608,0],[-51.1346508753013,-9.77202023350952,0],[-51.1343773309535,-9.77202034163147,0],[-51.1343774398447,-9.7722916817783,0],[-51.1341038950537,-9.77229178968352,0],[-51.1341041124023,-9.77283446997026,0],[-51.1338305671647,-9.7728345776617,0],[-51.1338306756223,-9.77310591841637,0],[-51.1335571299411,-9.77310602498654,0],[-51.1335576711668,-9.77446272563684,0],[-51.1338312177376,-9.77446261814705,0],[-51.1338313264325,-9.77473395855078,0],[-51.1335577794213,-9.77473406575391,0],[-51.1335578878976,-9.77500540615642,0],[-51.1335579961587,-9.77527674687951,0],[-51.1332844496125,-9.77527685325374,0],[-51.1332845569615,-9.77554819365097,0],[-51.1330110092789,-9.77554830042328,0],[-51.1330111173211,-9.77581964081886,0],[-51.1327375694139,-9.77581974827875,0],[-51.1327376772372,-9.7760910877686,0],[-51.1324641291048,-9.77609119410703,0],[-51.1324643440994,-9.77663387459895,0],[-51.1324644514923,-9.77690521530826,0],[-51.1321909036034,-9.77690532172522,0],[-51.1321910100838,-9.77717666120413,0],[-51.1319174610581,-9.7771767671146,0],[-51.131917568232,-9.77744810749638,0],[-51.1319177821521,-9.77799078766743,0],[-51.1316442326764,-9.77799089365667,0],[-51.1316443394193,-9.7782622337387,0],[-51.1313707897187,-9.77826233951092,0],[-51.1313713223706,-9.7796190395814,0],[-51.1310977713394,-9.77961914514862,0],[-51.1310978776576,-9.77989048611516,0],[-51.1308243266199,-9.77989059146522,0],[-51.1308244327186,-9.78016193062151,0],[-51.1305508814559,-9.78016203575449,0],[-51.1305509882485,-9.78043337671796,0],[-51.1308245388212,-9.78043327158236,0],[-51.1308252825345,-9.78233265095143,0],[-51.1310988346576,-9.78233254647938,0],[-51.1310990473584,-9.78287522651276,0],[-51.1313726010518,-9.78287512000527,0],[-51.1313728142087,-9.7834178000154,0],[-51.1313733471556,-9.78477450086946,0],[-51.1313737735687,-9.7858598607514,0],[-51.1313738801793,-9.78613119980657,0],[-51.1311003238221,-9.78613130544541,0],[-51.1311005368279,-9.78667398564748,0],[-51.1311007496279,-9.78721666615716,0],[-51.1308271923795,-9.78721677158772,0],[-51.1308274047475,-9.78775945147136,0],[-51.1311009624397,-9.78775934542021,0],[-51.131101175046,-9.78830202589538,0],[-51.1308276171275,-9.78830213043325,0],[-51.1308277233225,-9.78857347064982,0],[-51.1305541651792,-9.78857357587493,0],[-51.1297334909495,-9.78857389022868,0],[-51.1297339122066,-9.7896592499396,0],[-51.1311017073794,-9.78965872485598,0],[-51.131101813812,-9.78993006537273,0],[-51.1311019202472,-9.79020140465585,0],[-51.1313754794982,-9.79020129897241,0],[-51.1316490391831,-9.79020119306851,0],[-51.1316491460658,-9.79047253295597,0],[-51.1327433847885,-9.79047210712578,0],[-51.1327434925628,-9.79074344699688,0],[-51.1338377321238,-9.79074301762984,0],[-51.1338376234612,-9.79047167777087,0],[-51.1346583024325,-9.79047135344157,0],[-51.1346585210936,-9.79101403313685,0],[-51.1343849609954,-9.79101414147303,0],[-51.1343850701086,-9.79128548131733,0],[-51.1346586304289,-9.79128537297809,0],[-51.1346587397673,-9.79155671281492,0],[-51.1349323003065,-9.7915566042523,0],[-51.1349324098703,-9.79182794408174,0],[-51.1354795313834,-9.79182772628939,0],[-51.1354796413946,-9.79209906610838,0],[-51.1363003243067,-9.79209873775814,0],[-51.1363004349875,-9.7923700775635,0],[-51.1368475573571,-9.79236985755546,0],[-51.1368476684855,-9.79264119735032,0],[-51.1373947912864,-9.79264097645468,0],[-51.1373949028623,-9.79291231623892,0],[-51.1376684644801,-9.79291220545746,0],[-51.1376685762814,-9.79318354523431,0],[-51.1373950144414,-9.7931836560189,0],[-51.1373953491983,-9.79399767533275,0],[-51.1371217866886,-9.79399778590635,0],[-51.137122120808,-9.79481180519065,0],[-51.1368485576285,-9.79481191555322,0],[-51.1368488911105,-9.79562593480792,0],[-51.1365753272611,-9.79562604495941,0],[-51.1365756601055,-9.79644006418445,0],[-51.1363020955862,-9.79644017412484,0],[-51.1363025385347,-9.79752553304339,0],[-51.1360289731232,-9.79752564277574,0],[-51.1360291941722,-9.79806832221518,0],[-51.135755628313,-9.79806843173325,0],[-51.1357559592436,-9.79888245057951,0],[-51.1354823924959,-9.79888255988645,0],[-51.1354825028088,-9.79915389988261,0],[-51.135482833111,-9.7999679189759,0],[-51.1352092656893,-9.79996802807458,0],[-51.1352093755741,-9.8002393677668,0],[-51.1349358079268,-9.80023947664804,0],[-51.1349359175925,-9.80051081633897,0],[-51.1341152139646,-9.80051114166874,0],[-51.1341151049659,-9.80023980196863,0],[-51.1327472666344,-9.80024033975923,0],[-51.1327473745214,-9.80051167947451,0],[-51.1324738066234,-9.80051178637409,0],[-51.1324739142912,-9.80078312608804,0],[-51.1322003461677,-9.8007832327701,0],[-51.1322004536162,-9.80105457248272,0],[-51.1316533169151,-9.80105478519125,0],[-51.1316534239221,-9.80132612490559,0],[-51.1313798553446,-9.80132623093204,0],[-51.1313799621323,-9.80159757064501,0],[-51.1311063933293,-9.8015976764539,0],[-51.1308328243046,-9.8015977817525,0],[-51.1308329306509,-9.80186912175691,0],[-51.1300122235469,-9.8018694372075,0],[-51.13001211878,-9.80159809809829,0],[-51.1294649804465,-9.80159830680205,0],[-51.1286442746571,-9.8015986188088,0],[-51.1286441691809,-9.8013272787768,0],[-51.12837060057,-9.8013273832817,0],[-51.1283707049115,-9.80159872241252,0],[-51.1280971362933,-9.80159882587646,0],[-51.127823567235,-9.8015989286678,0],[-51.1278236720471,-9.80187026870422,0],[-51.1272765332204,-9.80187047437901,0],[-51.1270029648426,-9.80187057658662,0],[-51.1270030671668,-9.80214191662805,0],[-51.1267294980887,-9.80214201891381,0],[-51.1267296011053,-9.80241335866375,0],[-51.1264560315835,-9.80241346073191,0],[-51.1264562371809,-9.80295614022438,0],[-51.1261826672113,-9.80295624207771,0],[-51.1261827697919,-9.80322758153054,0],[-51.1259092002904,-9.80322768316589,0],[-51.1259093017402,-9.80349902381188,0],[-51.1256357313195,-9.80349912432525,0],[-51.1256360379727,-9.80431314382114,0],[-51.1253624666635,-9.80431324473722,0],[-51.1253625688105,-9.80458458475655,0],[-51.1250889974945,-9.80458468574464,0],[-51.1250890992034,-9.8048560254727,0],[-51.1242683845704,-9.80485632712175,0],[-51.1242684856149,-9.80512766685398,0],[-51.1237213420667,-9.80512786685586,0],[-51.1237215432747,-9.80567054631867,0],[-51.1239951154952,-9.80567044642241,0],[-51.1239953171599,-9.80621312586222,0],[-51.1242688898223,-9.80621302573967,0],[-51.1242689908815,-9.80648436545027,0],[-51.1239954179966,-9.80648446557564,0],[-51.1239955188362,-9.8067558052847,0],[-51.1239956196788,-9.8070271449894,0],[-51.1237220470393,-9.80702724460971,0],[-51.1237223480051,-9.80784126370669,0],[-51.123995922224,-9.80784116378782,0],[-51.1239964265247,-9.80919786247129,0],[-51.1237228514117,-9.80919796240417,0],[-51.1237229520581,-9.80946930207279,0],[-51.1234493767196,-9.80946940178775,0],[-51.1234494771464,-9.80974074145477,0],[-51.1231759015824,-9.8097408409518,0],[-51.1231760017895,-9.81001218061728,0],[-51.1229024260001,-9.81001227989638,0],[-51.1229028259671,-9.81109763823642,0],[-51.1226292499779,-9.81109773730568,0],[-51.1226294488404,-9.81164041689025,0],[-51.1226295486228,-9.81191175714561,0],[-51.1223559710511,-9.81191185600279,0],[-51.1223564691107,-9.81326855354067,0],[-51.1223565686877,-9.81353989315826,0],[-51.1220829899957,-9.81353999181125,0],[-51.1220830893528,-9.81381133113738,0],[-51.1218095102169,-9.81381142957241,0],[-51.1218096102663,-9.81408276947626,0],[-51.1215360302114,-9.81408286769347,0],[-51.1215359312965,-9.81381152778652,0],[-51.1212623525918,-9.81381162606954,0],[-51.1212622545959,-9.81354028615518,0],[-51.1209886751991,-9.813540384215,0],[-51.1209885765172,-9.81326904519835,0],[-51.1206014100698,-9.81326918227562,0],[-51.1207346302709,-9.81322700122318,0],[-51.1207614268935,-9.81321333515125,0],[-51.1209017103902,-9.81310953751315,0],[-51.120925011895,-9.81308417703078,0],[-51.1210079311259,-9.81294949241198,0],[-51.1211060529807,-9.81280714604006,0],[-51.1211205007318,-9.8127722465955,0],[-51.1211374653614,-9.81267951291223,0],[-51.1212211736389,-9.81255600443958,0],[-51.1212334603721,-9.81248171719056,0],[-51.1211798129926,-9.81228689458437,0],[-51.1211773169916,-9.81227920028327,0],[-51.1211159633792,-9.81211555192172,0],[-51.1211129265426,-9.81204239349598,0],[-51.121170084698,-9.81197856935106,0],[-51.121192476339,-9.81192904094891,0],[-51.1212053278058,-9.81182036390426,0],[-51.1212860790621,-9.8116934511563,0],[-51.1212998342849,-9.81163763708691,0],[-51.121289584769,-9.81151618096758,0],[-51.1212880178212,-9.81150542833615,0],[-51.1212369019117,-9.81125999544459,0],[-51.1212352699126,-9.81125341332713,0],[-51.1211892893749,-9.81109401317126,0],[-51.1211889789394,-9.81109296229312,0],[-51.1210561526598,-9.8106527167569,0],[-51.1210342795644,-9.81061570659416,0],[-51.1207401909189,-9.81031467683129,0],[-51.1212611190385,-9.80816250365423,0],[-51.1213371470062,-9.80815453886719,0],[-51.1213399209284,-9.80815420503123,0],[-51.1215021643711,-9.80813220278922,0],[-51.1216107824725,-9.8081321638545,0],[-51.1216511303598,-9.80812281348655,0],[-51.1220388515229,-9.80793289192467,0],[-51.1220436126191,-9.80793038393654,0],[-51.1222094098161,-9.80783669844982,0],[-51.1222257533694,-9.80782490737017,0],[-51.1223711261011,-9.80769327416228,0],[-51.1224002128129,-9.8076370113184,0],[-51.122408331004,-9.80756835400582,0],[-51.1224916715603,-9.80741667936539,0],[-51.1224990051196,-9.80739918615638,0],[-51.1225320306171,-9.8072890726959,0],[-51.1225837327995,-9.80719342303049,0],[-51.1225918232146,-9.80712871914248,0],[-51.1225829017658,-9.80709337855566,0],[-51.1226168862564,-9.80705445795895,0],[-51.1226589018399,-9.80701030031051,0],[-51.1226820916871,-9.80696551091437,0],[-51.1227228352354,-9.80675800175899,0],[-51.1227245109648,-9.80673966310742,0],[-51.1227220611145,-9.80653016075783,0],[-51.1228137414598,-9.80626662500808,0],[-51.1228163553259,-9.80625762372165,0],[-51.1228903600383,-9.80594218824537,0],[-51.1229009265368,-9.80594218441685,0],[-51.1229009065326,-9.80588787367083,0],[-51.1229194514786,-9.80577315715895,0],[-51.1229159120443,-9.80573020445149,0],[-51.1229008319531,-9.80568539001248,0],[-51.1229007490351,-9.80546026214607,0],[-51.1229285378649,-9.80537747535551,0],[-51.1229297620137,-9.80537352872709,0],[-51.122973077254,-9.80522168847225,0],[-51.1229693017752,-9.80516179158482,0],[-51.1229251547882,-9.80505840180455,0],[-51.122960781568,-9.80492100775164,0],[-51.12296232553,-9.80491387095564,0],[-51.1229827536589,-9.80479654798564,0],[-51.1230396401951,-9.80469038104206,0],[-51.1230467420742,-9.80467297111432,0],[-51.1230721692075,-9.80458542344261,0],[-51.1231739982002,-9.8045853864839,0],[-51.1231738980515,-9.80431404734636,0],[-51.1231738356208,-9.80414489595162,0],[-51.1231828361125,-9.80410844360909,0],[-51.1232059520791,-9.80404457358521,0],[-51.1232462994438,-9.80399082189232,0],[-51.1232463641572,-9.80399073594448,0],[-51.1233164886307,-9.80389708466534,0],[-51.1233246061399,-9.8038840727803,0],[-51.1233520436998,-9.80383042254524,0],[-51.1234168957956,-9.80380170929794,0],[-51.1234486760589,-9.80377830914924,0],[-51.1235724325324,-9.80363648633712,0],[-51.1237270441361,-9.80358603766366,0],[-51.1237424792531,-9.80357937787792,0],[-51.1239235800264,-9.80348062549134,0],[-51.1239285661291,-9.80347769862704,0],[-51.1241173128493,-9.80335869958701,0],[-51.1241341496701,-9.80334503418172,0],[-51.1242600849755,-9.8032150335028,0],[-51.1243884960869,-9.80309507325104,0],[-51.1243890293612,-9.80309457017247,0],[-51.1245063448432,-9.80298318828177,0],[-51.1245248653579,-9.8029582697779,0],[-51.1245597187992,-9.80288906714416,0],[-51.1246143980385,-9.80286192484384,0],[-51.1246702322738,-9.80286308375598,0],[-51.1246819152537,-9.80287697929631,0],[-51.1247220910832,-9.80290451185082,0],[-51.124847116783,-9.80294748317501,0],[-51.1249255313832,-9.80293857878686,0],[-51.125014803771,-9.80288287783241,0],[-51.1250261629059,-9.80287450190961,0],[-51.1251052254487,-9.80280615121452,0],[-51.1251352514248,-9.80272306674977,0],[-51.1251199110478,-9.80263197730572,0],[-51.1250963481549,-9.8025848669335,0],[-51.12503520765,-9.8025204815416,0],[-51.125015697794,-9.80244802743649,0],[-51.1250479526319,-9.80239466200527,0],[-51.1250585814378,-9.80239390557221,0],[-51.1251576411264,-9.80241619669463,0],[-51.1252299877238,-9.80240217519807,0],[-51.1253123600105,-9.80234518603955,0],[-51.1254201831572,-9.80227797965122,0],[-51.1254385668136,-9.80226285741957,0],[-51.125535474412,-9.80215907390245,0],[-51.1255475965128,-9.80214274651936,0],[-51.1256342818559,-9.80199341965685,0],[-51.1256405935816,-9.80198016779721,0],[-51.1256992123983,-9.8018257899169,0],[-51.1257013174517,-9.80181957455111,0],[-51.1257380533417,-9.8016964287451,0],[-51.1258076411,-9.80159484769779,0],[-51.1260075280456,-9.8014528004026,0],[-51.1261458091548,-9.80140774008259,0],[-51.1262381141054,-9.80140323950304,0],[-51.1262585152479,-9.80139656147596,0],[-51.1262571837774,-9.8013987010335,0],[-51.1263439452265,-9.80145180792852,0],[-51.126364275799,-9.80146105575899,0],[-51.1265250211763,-9.80151160435217,0],[-51.126530496783,-9.80151314171161,0],[-51.1267039958424,-9.80155609337576,0],[-51.1267560013149,-9.80155377841858,0],[-51.1268809940585,-9.80151071439762,0],[-51.1269369243706,-9.80145576525988,0],[-51.1269853460875,-9.80132163473347,0],[-51.1269690850796,-9.80123269563113,0],[-51.1268848577608,-9.80113403994419,0],[-51.1268481532598,-9.80110812986139,0],[-51.1266899556707,-9.80104745858782,0],[-51.1266570348711,-9.80104137206224,0],[-51.1265179472264,-9.80104142394636,0],[-51.126414510154,-9.80102714841521,0],[-51.1263975705094,-9.80102638864242,0],[-51.1263291513666,-9.8010296457769,0],[-51.1262989696921,-9.80100129838297,0],[-51.1262383750833,-9.80097204607715,0],[-51.1262078592239,-9.80084362505735,0],[-51.1261852127672,-9.80072656391469,0],[-51.126184923154,-9.80072512773025,0],[-51.1261721437199,-9.80066440210802,0],[-51.1261484961561,-9.80062007668601,0],[-51.1260795876979,-9.80054925003957,0],[-51.1260334216501,-9.80052369160066,0],[-51.125951777723,-9.80050600884806,0],[-51.125919829988,-9.80050477977615,0],[-51.1258458491709,-9.80051492909817,0],[-51.1258032502904,-9.80053244902452,0],[-51.1257427778793,-9.80057792357059,0],[-51.1257392712307,-9.80055018037266,0],[-51.1257626778956,-9.80046351842142,0],[-51.1257104838653,-9.80035696632855,0],[-51.1256211779507,-9.80031904347783,0],[-51.1255732026464,-9.8003125418412,0],[-51.1254966703842,-9.80032269112651,0],[-51.1254235681632,-9.80038007034703,0],[-51.1253928964653,-9.80045972353951,0],[-51.1253475085158,-9.80053910901622,0],[-51.125314309448,-9.80057618267987,0],[-51.1251885877986,-9.80059618160316,0],[-51.1251413919465,-9.80056729227346,0],[-51.1251025368733,-9.80052538459513,0],[-51.1251171350403,-9.80049042521614,0],[-51.1251998806044,-9.80040385357328,0],[-51.1252193281943,-9.80031051906227,0],[-51.1251826812236,-9.80021128099246,0],[-51.125165969683,-9.80014507933148,0],[-51.1251419675195,-9.80010306940003,0],[-51.1250730594165,-9.80003477323932,0],[-51.1250594179038,-9.80002364971502,0],[-51.1249188110781,-9.79993005759632,0],[-51.1249065839068,-9.79987502623601,0],[-51.1249581900076,-9.79979306079707,0],[-51.1250392416921,-9.7997103744972,0],[-51.1251368269549,-9.79963288276282,0],[-51.125153010432,-9.79961624728078,0],[-51.1252346084698,-9.79950740899854,0],[-51.1252526217608,-9.79945340481717,0],[-51.1252525761986,-9.79933194497744,0],[-51.1252439791209,-9.79929364129437,0],[-51.1251535827756,-9.79910205172185,0],[-51.1251018073284,-9.79896526306282,0],[-51.1250487072854,-9.79880745508783,0],[-51.125031200364,-9.79877694484752,0],[-51.1248895706849,-9.79861441104739,0],[-51.1248719157343,-9.79858790040233,0],[-51.1249245294689,-9.79853567706118,0],[-51.1249349440735,-9.79852330827033,0],[-51.1249986892331,-9.79843218877282,0],[-51.1250123353368,-9.79840216813121,0],[-51.1250479981355,-9.79825792067028,0],[-51.1250503090627,-9.79824385717798,0],[-51.1250590168977,-9.79813975171538,0],[-51.1251095033485,-9.79803950830307,0],[-51.1251805767613,-9.79790342957484,0],[-51.1251896561915,-9.79787608149848,0],[-51.125199837392,-9.79781281756527,0],[-51.1251958103208,-9.79776854723652,0],[-51.1251626099457,-9.7976749336552,0],[-51.1251137952535,-9.79762237231311,0],[-51.1250635465803,-9.79760009754482,0],[-51.1250589547381,-9.79756467310187,0],[-51.1250626611319,-9.79754163588501,0],[-51.1251200698065,-9.7974808535907,0],[-51.1251218736902,-9.79747888661619,0],[-51.1252187772092,-9.79737004268866,0],[-51.1252320013647,-9.79735059359448,0],[-51.1252931842905,-9.7972291102425,0],[-51.1252987735044,-9.79721525808748,0],[-51.1253395427977,-9.7970836621874,0],[-51.1253383981224,-9.79702708100818,0],[-51.1253051986957,-9.79693346743601,0],[-51.125302628414,-9.79692702406236,0],[-51.1252464554523,-9.7968005235229,0],[-51.1252463185545,-9.79680021605484,0],[-51.1251763195316,-9.79664415631248,0],[-51.1251870238499,-9.79658990157156,0],[-51.1252548716134,-9.79656084227321,0],[-51.1253677926514,-9.79656295412732,0],[-51.1253858574138,-9.79656150573669,0],[-51.1255261619938,-9.7965361487309,0],[-51.1255608319705,-9.79652213567627,0],[-51.1256705047182,-9.79644871212779,0],[-51.1257106233005,-9.79637688265027,0],[-51.1257156709919,-9.79623264644286,0],[-51.1257067861514,-9.79619045457007,0],[-51.1256506169723,-9.79607407506914,0],[-51.1256343402151,-9.79605069068894,0],[-51.1255302110336,-9.79594245011345,0],[-51.1254636415007,-9.7958709730376,0],[-51.1254653410898,-9.79577102164255,0],[-51.1254837714783,-9.79569919477642,0],[-51.1255193538691,-9.79568682751793,0],[-51.1256383379827,-9.79570180307798,0],[-51.1257143207257,-9.79567600761106,0],[-51.1257209950188,-9.79566938263716,0],[-51.1258066980107,-9.79558931647401,0],[-51.1258119785122,-9.79558395645868,0],[-51.1259496844155,-9.79543208077867,0],[-51.1259730695405,-9.79537156601767,0],[-51.1259729951078,-9.79517419339655,0],[-51.1259718050969,-9.79515966087245,0],[-51.1259373492176,-9.7949502128094,0],[-51.1259420837761,-9.79472066472116,0],[-51.1259750956811,-9.79447673416929,0],[-51.1260169209321,-9.79439022271911,0],[-51.1260793895967,-9.79435786666575,0],[-51.1260900027594,-9.79435983627069,0],[-51.1261537119862,-9.79446382805277,0],[-51.1262337362195,-9.7946224263419,0],[-51.1262745306547,-9.7946628598149,0],[-51.1264378356595,-9.7947437732073,0],[-51.1265129380732,-9.79474664314405,0],[-51.1266761875215,-9.79468079049308,0],[-51.1267074214095,-9.79465984586993,0],[-51.1268553304265,-9.79450796511212,0],[-51.126874743802,-9.79447787711651,0],[-51.1269461073457,-9.79429566016545,0],[-51.1269520292791,-9.79426981282477,0],[-51.1269621840793,-9.79413822725881,0],[-51.1269620798791,-9.79412318240393,0],[-51.1269162475918,-9.79362020135004,0],[-51.1269111230459,-9.7933854417698,0],[-51.1269040352624,-9.79335238978834,0],[-51.1268376469265,-9.79319552855541,0],[-51.1268180215347,-9.79316655858873,0],[-51.1266802084902,-9.7930299668498,0],[-51.1266769072419,-9.79302685400319,0],[-51.1265743879316,-9.79293492155564,0],[-51.1264639289569,-9.79280431523714,0],[-51.1264740536567,-9.79276865920749,0],[-51.1264929549298,-9.79274453547409,0],[-51.1266563465968,-9.7927268582861,0],[-51.1267017327227,-9.79275684522335,0],[-51.1268105315072,-9.79288811958,0],[-51.1268245667512,-9.79290174917091,0],[-51.1269087785385,-9.79296750950724,0],[-51.1269611711337,-9.79298680118807,0],[-51.127075974178,-9.79299181964518,0],[-51.1271398050738,-9.79296972767854,0],[-51.127224075488,-9.79289708464995,0],[-51.1274098692216,-9.79282935729169,0],[-51.1274319229673,-9.79281769948973,0],[-51.1275058856141,-9.79276453251725,0],[-51.1275202645803,-9.79275168007733,0],[-51.127609516484,-9.79265296022037,0],[-51.1276255185177,-9.79262802530335,0],[-51.1276994365515,-9.79245592910812,0],[-51.1277066934441,-9.79242310419651,0],[-51.1277117305088,-9.79225103298587,0],[-51.1276952649966,-9.79219651251159,0],[-51.1276245367167,-9.79209637305232,0],[-51.1275352589251,-9.79196201553117,0],[-51.1275283516739,-9.79185014556956,0],[-51.1275451134164,-9.79173960533023,0],[-51.1276277706921,-9.79168460261694,0],[-51.1276489253856,-9.79155393634168,0],[-51.127555219934,-9.79143452950625,0],[-51.1275408842834,-9.79136002946048,0],[-51.1275480072426,-9.79119850082367,0],[-51.1275317429103,-9.79114287048121,0],[-51.1274509348788,-9.79102774413209,0],[-51.1273967009013,-9.79094467656262,0],[-51.1273640851946,-9.79088953804146,0],[-51.1273548538543,-9.79080923482228,0],[-51.1273680370667,-9.79072402822579,0],[-51.127402652408,-9.79054216591226,0],[-51.127447435844,-9.79038400042104,0],[-51.1274503766064,-9.79035051234744,0],[-51.1274361361492,-9.79020980258903,0],[-51.1274555671257,-9.79007839801212,0],[-51.1275872397532,-9.78994769567331,0],[-51.1276048694519,-9.78992305499968,0],[-51.1276405564155,-9.78984965950527,0],[-51.127620693168,-9.78974429480052,0],[-51.1275561413648,-9.78968444335495,0],[-51.1274947508688,-9.7895357567131,0],[-51.1273259828711,-9.78960431164575,0],[-51.1273949268648,-9.7897712937497,0],[-51.1274170416577,-9.78980309011959,0],[-51.127447060806,-9.7898309237679,0],[-51.1273052238107,-9.78997171647406,0],[-51.1272795057816,-9.79002252185912,0],[-51.1272540600616,-9.79019459982932,0],[-51.1272535505594,-9.79021675945158,0],[-51.1272671932412,-9.79035155875337,0],[-51.127225996741,-9.79049705491993,0],[-51.1272241832257,-9.79050472999794,0],[-51.1271885394376,-9.79069199505874,0],[-51.1271880108078,-9.79069505506706,0],[-51.1271727417716,-9.79079374713005,0],[-51.127172273985,-9.79081771295552,0],[-51.127185072461,-9.7909290470919,0],[-51.1271970223226,-9.79096457006339,0],[-51.1272404195749,-9.79103793679873,0],[-51.1272425300165,-9.79104133047108,0],[-51.1272986873113,-9.79112734409612,0],[-51.1273003907262,-9.79112985877918,0],[-51.1273644605125,-9.79122113884913,0],[-51.1273582189136,-9.79136266758878,0],[-51.1273597497031,-9.79138357828077,0],[-51.127380198737,-9.79148984723725,0],[-51.1273978116058,-9.7915284459758,0],[-51.1274449051594,-9.79158845684674,0],[-51.1274101198017,-9.79161160524554,0],[-51.1273707487375,-9.79167326211744,0],[-51.1273465738338,-9.79183268792503,0],[-51.1273457293816,-9.79185167027994,0],[-51.1273547138607,-9.79199716572225,0],[-51.1273695932953,-9.79204140935655,0],[-51.1274729730105,-9.79219699126589,0],[-51.1274744282541,-9.79219911440694,0],[-51.1275285551389,-9.79227575123881,0],[-51.1275248970057,-9.79240076163555,0],[-51.1274636563285,-9.79254334391419,0],[-51.1273909852783,-9.79262372397974,0],[-51.1273351165207,-9.7926638833432,0],[-51.1271454452096,-9.79273302579302,0],[-51.1271170841063,-9.79274965236263,0],[-51.1270476431839,-9.79280951242033,0],[-51.1269985261903,-9.79280736549808,0],[-51.1269451412023,-9.79276567779491,0],[-51.1268340078568,-9.7926315869394,0],[-51.1268141195453,-9.79261374833816,0],[-51.1267299107934,-9.79255810985893,0],[-51.126669470041,-9.79254347281376,0],[-51.1264347748447,-9.79256886361966,0],[-51.1263726620433,-9.79260327545722,0],[-51.12631911359,-9.79267161606293,0],[-51.1263033417098,-9.79270259809684,0],[-51.1262753170601,-9.79280129576016,0],[-51.1262932273797,-9.79288394376938,0],[-51.126438707873,-9.79305595895711,0],[-51.1264474160045,-9.79306492169097,0],[-51.1265529108622,-9.79315952305221,0],[-51.1266764285653,-9.7932819453763,0],[-51.1267291657092,-9.79340655122652,0],[-51.1267339829502,-9.79362721481634,0],[-51.1267343318079,-9.7936333976186,0],[-51.1267797600049,-9.7941319478699,0],[-51.1267712166999,-9.7942426477964,0],[-51.1267113962831,-9.79439539379494,0],[-51.1265896333558,-9.79452042380083,0],[-51.1264824385271,-9.79456366558279,0],[-51.1263832232024,-9.79451450678902,0],[-51.1263151279144,-9.79437955046696,0],[-51.126311511694,-9.79437306136125,0],[-51.1262247186409,-9.79423138997945,0],[-51.1261793585966,-9.79420028776615,0],[-51.126179283716,-9.79400202785158,0],[-51.1261791812366,-9.79373068825154,0],[-51.1264527436486,-9.79373058649589,0],[-51.1264525382541,-9.79318790670897,0],[-51.1261789762865,-9.79318800845888,0],[-51.1261786688836,-9.79237398873739,0],[-51.1264522301848,-9.7923738869961,0],[-51.1264520248202,-9.7918312071659,0],[-51.126725585674,-9.79183110521003,0],[-51.1267254827743,-9.79155976590596,0],[-51.1267253798771,-9.79128842536831,0],[-51.1269989402837,-9.79128832319788,0],[-51.1269987340545,-9.79074564334455,0],[-51.1269986309444,-9.79047430341143,0],[-51.1269985278374,-9.79020296347397,0],[-51.1267249683191,-9.79020306563286,0],[-51.1267248654371,-9.78993172568816,0],[-51.1269984247333,-9.78993162353215,0],[-51.1269983216321,-9.78966028358606,0],[-51.1272718807032,-9.78966018121266,0],[-51.127271777383,-9.78938884126513,0],[-51.127545336229,-9.78938873867435,0],[-51.1275452326896,-9.78911739843553,0],[-51.1275451291535,-9.78884605877204,0],[-51.1278186875523,-9.78884595596679,0],[-51.127818583797,-9.7885746160121,0],[-51.1286392583092,-9.78857430628358,0],[-51.1286388406536,-9.7874889461666,0],[-51.128638527444,-9.78667492654062,0],[-51.1289120840544,-9.78667482287777,0],[-51.128911770206,-9.78586080293183,0],[-51.1286382142616,-9.78586090658589,0],[-51.1286380054885,-9.78531822659448,0],[-51.128364449985,-9.78531833002251,0],[-51.1283643458249,-9.78504699001741,0],[-51.1280907905404,-9.78504709322234,0],[-51.1280905826734,-9.78450441319329,0],[-51.1278170278297,-9.78450451617223,0],[-51.1278169241229,-9.78423317676295,0],[-51.1278168204186,-9.78396183583023,0],[-51.1280903755121,-9.78396173376133,0],[-51.1280900628403,-9.78314771304508,0],[-51.1283636167896,-9.78314760986048,0],[-51.1283632002646,-9.78206224938584,0],[-51.1283629920204,-9.78151956955737,0],[-51.1280894396209,-9.78151967272439,0],[-51.1280888215449,-9.7799053536268,0],[-51.1280921004683,-9.77989163101104,0],[-51.1283623673601,-9.77989152909859,0],[-51.1283622632607,-9.77962018900704,0],[-51.1281569403364,-9.77962026644785,0],[-51.1282217809722,-9.77934890186897,0],[-51.1283621591643,-9.77934884891115,0],[-51.1283619341688,-9.77876234337142,0],[-51.1290437052586,-9.775909023148,0],[-51.1299783447997,-9.771997409492,0],[-51.1306856993885,-9.76903703649574,0],[-51.131093627574,-9.76903687964738,0],[-51.1310935213798,-9.76876553941245,0],[-51.1313670633242,-9.7687654339647,0],[-51.1313669569116,-9.76849409372853,0],[-51.1316404986313,-9.76849398806397,0],[-51.1316402853722,-9.76795130758463,0],[-51.1313667440956,-9.76795141324321,0],[-51.1313665312921,-9.76740873274058,0],[-51.1316400721256,-9.76740862708798,0],[-51.1316398588913,-9.7668659465741,0],[-51.1327340204217,-9.76686552179007,0],[-51.1327341279234,-9.76713686203714,0],[-51.1335547497029,-9.76713654113261,0],[-51.1335548578724,-9.76740788136629,0],[-51.134922561883,-9.76740734211493,0],[-51.1349224526057,-9.76713600189651,0],[-51.1351959938701,-9.76713589338974,0],[-51.1354695337446,-9.76713578466375,0],[-51.1354694240273,-9.76686444415734,0],[-51.1354693143135,-9.76659310422624,0],[-51.1357428542167,-9.76659299528647,0],[-51.1360163945535,-9.76659288612677,0],[-51.1360162843996,-9.76632154561796,0]]],[[[-51.1360195901907,-9.77446175060114,0],[-51.1362931369513,-9.77446164113191,0],[-51.1365666832722,-9.77446153205753,0],[-51.1365667939657,-9.77473287214087,0],[-51.1368403407228,-9.7747327613243,0],[-51.1368402298076,-9.77446142124412,0],[-51.1371137763402,-9.77446131111519,0],[-51.1371136652066,-9.77418997132357,0],[-51.137387212426,-9.77418986097747,0],[-51.1377378275052,-9.7741897192214,0],[-51.1384813967122,-9.77418941739567,0],[-51.138754943222,-9.77418930595023,0],[-51.1387550556863,-9.77446064662744,0],[-51.1387551681533,-9.77473198607105,0],[-51.1384816214185,-9.77473209752271,0],[-51.1384817336673,-9.77500343757984,0],[-51.1390288275771,-9.77500321445028,0],[-51.1390287148848,-9.77473187439947,0],[-51.1395758083379,-9.77473165039649,0],[-51.1395756952055,-9.77446031034775,0],[-51.1401227879837,-9.77446008547148,0],[-51.1414905206355,-9.77445951943175,0],[-51.1414921265218,-9.77825827940814,0],[-51.1406714777577,-9.77825861982646,0],[-51.140671819965,-9.77907263974009,0],[-51.1403982697048,-9.77907275278242,0],[-51.1403983835586,-9.77934409245836,0],[-51.1401248337667,-9.77934420528356,0],[-51.1401249474021,-9.77961554524819,0],[-51.1398513957802,-9.77961565876168,0],[-51.1398515091967,-9.77988699782067,0],[-51.1390308563806,-9.77988733524028,0],[-51.1390309691348,-9.78015867430451,0],[-51.1387574179679,-9.78015878694372,0],[-51.1387575305036,-9.78043012629659,0],[-51.138210427934,-9.78043034911214,0],[-51.1382105400296,-9.78070168908162,0],[-51.1376634365663,-9.78070191102337,0],[-51.1362956786159,-9.78070246202615,0],[-51.1362955680734,-9.78043112203482,0],[-51.1357484659204,-9.78043134088901,0],[-51.1357483549129,-9.78016000059772,0],[-51.1354748039253,-9.7801601099815,0],[-51.1352012534094,-9.78016021885522,0],[-51.1352011428487,-9.77988887855338,0],[-51.1349275920766,-9.77988898749394,0],[-51.1349274824344,-9.77961764718453,0],[-51.1346539318809,-9.77961775590199,0],[-51.1346538224641,-9.7793464164896,0],[-51.1343802719103,-9.77934652378979,0],[-51.1343801629367,-9.77907518375525,0],[-51.1341066128206,-9.77907529202656,0],[-51.1341065038537,-9.77880395259942,0],[-51.1338329539558,-9.77880405945333,0],[-51.1338327369117,-9.77826137964034,0],[-51.1341062865841,-9.77826127188797,0],[-51.134106177845,-9.77798993183314,0],[-51.1343797272924,-9.77798982386381,0],[-51.13437950938,-9.77744714374727,0],[-51.1346530583807,-9.77744703556405,0],[-51.1346528400374,-9.77690435543635,0],[-51.1349263885913,-9.77690424703926,0],[-51.1349262792027,-9.77663290697198,0],[-51.1351998275317,-9.77663279835798,0],[-51.1351997179243,-9.77636145799966,0],[-51.1354732658099,-9.77636134916885,0],[-51.1354731562027,-9.77609000938884,0],[-51.1354730463799,-9.77581866902491,0],[-51.1357465938192,-9.77581856088477,0],[-51.1357463739583,-9.77527588011509,0],[-51.1357461538922,-9.77473320055751,0],[-51.1360197004406,-9.77473309040082,0],[-51.1360195901907,-9.77446175060114,0]]],[[[-50.8893986187277,-10.2330299502548,0],[-50.8893985245677,-10.233301283757,0],[-50.8896724557779,-10.2333013760786,0],[-50.8896720060729,-10.2346027588139,0],[-50.8885816533276,-10.2339630683909,0],[-50.8883456625257,-10.2336407742995,0],[-50.8883754935319,-10.2330296011118,0],[-50.8885768264675,-10.233029670071,0],[-50.8885769211039,-10.2327583371864,0],[-50.8888508514033,-10.2327584308088,0],[-50.8888507569993,-10.2330297643106,0],[-50.8893986187277,-10.2330299502548,0]]],[[[-50.9047397967104,-10.2295074696898,0],[-50.905287652236,-10.2295076303636,0],[-50.9052877326512,-10.2292362963727,0],[-50.9055616602943,-10.2292363759098,0],[-50.9055619008279,-10.2284223769067,0],[-50.9058358279943,-10.228422456207,0],[-50.9058359878738,-10.2278797899849,0],[-50.9069316938262,-10.2278801048652,0],[-50.9069316997221,-10.2278598567931,0],[-50.9070096960494,-10.22788938112,0],[-50.9070171817424,-10.2278918523884,0],[-50.9071214177263,-10.2279213850817,0],[-50.9070696031014,-10.2280141924694,0],[-50.9070598792188,-10.2280752306084,0],[-50.9071358289748,-10.2284620060064,0],[-50.9071690732176,-10.2287213403185,0],[-50.9070755744432,-10.2291205188582,0],[-50.9070741331932,-10.2291281438123,0],[-50.9070178199235,-10.2295178028067,0],[-50.9070169201041,-10.2295286703458,0],[-50.9070067178067,-10.229997255202,0],[-50.9069535840034,-10.2302886318884,0],[-50.9068251017176,-10.2305820880346,0],[-50.9067128738945,-10.2308294908908,0],[-50.9067049284312,-10.2308628463056,0],[-50.9066946384655,-10.2311108182894,0],[-50.9066972817049,-10.2311364437438,0],[-50.9067622856677,-10.2313943111001,0],[-50.9066954976211,-10.2315925839985,0],[-50.9065339570273,-10.2317569429098,0],[-50.9063989904503,-10.2318394608504,0],[-50.9062795427181,-10.2318197069113,0],[-50.9062645326358,-10.2318184716433,0],[-50.9061623494922,-10.2318184422139,0],[-50.9060942288665,-10.2318486300882,0],[-50.9060029484725,-10.2319498354089,0],[-50.9058347883409,-10.2319497859206,0],[-50.9058347602121,-10.2320483214214,0],[-50.9057791251108,-10.2320758546793,0],[-50.9057529846275,-10.2320952628045,0],[-50.9056352059138,-10.2322210621175,0],[-50.9052868481816,-10.2322209603652,0],[-50.9052870088356,-10.2316782939882,0],[-50.9050130800142,-10.2316782151061,0],[-50.9050131606798,-10.2314068820579,0],[-50.9044653009891,-10.2314067212637,0],[-50.9039174420017,-10.2314065600002,0],[-50.9039176867763,-10.2305925608547,0],[-50.904191615571,-10.2305926415545,0],[-50.9044655450622,-10.2305927226387,0],[-50.9044656254898,-10.230321388962,0],[-50.9047395538378,-10.230321468909,0],[-50.904739715828,-10.2297788030571,0],[-50.9047397967104,-10.2295074696898,0]]],[[[-50.9074845690278,-10.2105149311894,0],[-50.9077584804378,-10.2105150087382,0],[-50.9077586369915,-10.2099723421814,0],[-50.9077590620792,-10.2084966334753,0],[-50.9080513171394,-10.207260331553,0],[-50.9083075086518,-10.2063075463736,0],[-50.9083074692579,-10.2064451615838,0],[-50.908581377412,-10.2064452384116,0],[-50.9085814548518,-10.2061739049167,0],[-50.9086556325509,-10.2061739256825,0],[-50.9097268709075,-10.2064367367796,0],[-50.9097459509457,-10.2064414162279,0],[-50.9107725737941,-10.2066932816351,0],[-50.9107725671371,-10.2067171782666,0],[-50.9108700865278,-10.2067172049102,0],[-50.9111108310788,-10.2067762672233,0],[-50.9115942433788,-10.206894861826,0],[-50.9115942174682,-10.2069887353692,0],[-50.911977299488,-10.2069888389028,0],[-50.9121489410213,-10.2070309478841,0],[-50.9126898044569,-10.2071636421549,0],[-50.9126897780903,-10.2072603637967,0],[-50.9130844796613,-10.2072604691415,0],[-50.9137853674028,-10.2074324197217,0],[-50.9137853405999,-10.2075319885578,0],[-50.9141916580902,-10.2075320956345,0],[-50.9151548237112,-10.2077683874284,0],[-50.9151548143612,-10.2078036809734,0],[-50.9152988338612,-10.2078037183813,0],[-50.9159764988943,-10.2079699747082,0],[-50.9159764712801,-10.2080752270795,0],[-50.9164059613224,-10.2080753373699,0],[-50.9170720674384,-10.208238755745,0],[-50.9170720394499,-10.2083468408395,0],[-50.9175130906902,-10.2083469526132,0],[-50.9181676378492,-10.2085075331141,0],[-50.9181676095059,-10.2086184509318,0],[-50.9186202217606,-10.2086185641109,0],[-50.9187199500754,-10.2086430304003,0],[-50.919263210125,-10.2087763122419,0],[-50.9192631814476,-10.2088900573562,0],[-50.919727307666,-10.208890171851,0],[-50.9206326780918,-10.2091122895855,0],[-50.9206326658387,-10.2091617268451,0],[-50.9208343916213,-10.2091617758444,0],[-50.9217282545643,-10.2093810667904,0],[-50.9217282417905,-10.2094333250148,0],[-50.921941477278,-10.2094333760915,0],[-50.9222219399736,-10.2095021806031,0],[-50.9222409299965,-10.2095068403081,0],[-50.9228238329003,-10.2096498484664,0],[-50.922823819627,-10.2097049195157,0],[-50.9230485212172,-10.2097049725819,0],[-50.9239194130997,-10.2099186328043,0],[-50.9239193993476,-10.2099765103474,0],[-50.924155551539,-10.2099765653222,0],[-50.925014995164,-10.2101874134728,0],[-50.9250149809523,-10.2102480975096,0],[-50.9252625846777,-10.2102481543161,0],[-50.9257618999566,-10.2103706502995,0],[-50.9261105790576,-10.2104563424181,0],[-50.9261105644406,-10.210519681002,0],[-50.9263685386803,-10.2105197393189,0],[-50.9269322681459,-10.2106582820494,0],[-50.9269322378122,-10.2107911995996,0],[-50.9274736080237,-10.2107913203848,0],[-50.9283017522938,-10.2109948423077,0],[-50.9283017370668,-10.2110628369764,0],[-50.9285786774404,-10.211062897716,0],[-50.9287748602247,-10.2111111101593,0],[-50.929397341711,-10.2112640912688,0],[-50.9293973262039,-10.2113344094576,0],[-50.9296837241037,-10.2113344713072,0],[-50.9296925903775,-10.2113366508322,0],[-50.930492932993,-10.2115333446989,0],[-50.9304929172233,-10.2116059782678,0],[-50.9307887324923,-10.2116060411552,0],[-50.9318624247185,-10.211869910846,0],[-50.9318624230818,-10.2118776007288,0],[-50.9318937420707,-10.2118776072683,0],[-50.9329580201982,-10.2121391587286,0],[-50.9329580181034,-10.2121491612779,0],[-50.9329987542553,-10.2121491696465,0],[-50.9333330610006,-10.2122313261974,0],[-50.9336232902028,-10.2123026502348,0],[-50.9340536175415,-10.2124084110793,0],[-50.9340536150061,-10.212420718155,0],[-50.9341037372938,-10.2124207282831,0],[-50.9351492167476,-10.2126776706111,0],[-50.9351492137896,-10.2126922713598,0],[-50.9352086791115,-10.2126922831756,0],[-50.9359709173762,-10.2128796119454,0],[-50.9359709005428,-10.2129637672439,0],[-50.9363136214096,-10.2129638343324,0],[-50.9370665198458,-10.2131488641455,0],[-50.9370665028488,-10.213235314022,0],[-50.9374185653992,-10.2132353817534,0],[-50.937553980242,-10.2132686602482,0],[-50.9381621241781,-10.2134181199081,0],[-50.9381621070347,-10.2135068571269,0],[-50.9385234711107,-10.2135069254307,0],[-50.9392577303735,-10.2136873765196,0],[-50.9392577131002,-10.2137783965585,0],[-50.9396283748607,-10.2137784653713,0],[-50.9414846796591,-10.2142346600612,0],[-50.9422490905853,-10.2144225211487,0],[-50.9422746904783,-10.2144288115749,0],[-50.9439140774857,-10.2148317059772,0],[-50.9439140717273,-10.2148645647623,0],[-50.9440478728767,-10.2148645877432,0],[-50.9444441707367,-10.2149619798386,0],[-50.945009693458,-10.2151009631964,0],[-50.9450096874231,-10.2151360849035,0],[-50.9451527075768,-10.215136108986,0],[-50.9454153701769,-10.2152006605108,0],[-50.9493773698149,-10.2161710303959,0],[-50.9493921764853,-10.216174656806,0],[-50.9493921689775,-10.2162221287132,0],[-50.9495861228279,-10.2162221587538,0],[-50.9533393699579,-10.2171413901877,0],[-50.9555552813691,-10.2176841127503,0],[-50.9573013705884,-10.218111759771,0],[-50.9574007810696,-10.218948259798,0],[-50.9574214725754,-10.2191223591577,0],[-50.9572995888625,-10.2192430595171,0],[-50.9572728624986,-10.2193049544353,0],[-50.9572677232429,-10.2195276263559,0],[-50.957270652685,-10.2195525116443,0],[-50.9573319294157,-10.2197853130022,0],[-50.957350433456,-10.2198207434448,0],[-50.957501184523,-10.2199981184954,0],[-50.9575182910413,-10.2200583956631,0],[-50.9574171120721,-10.2202038905013,0],[-50.9573778088222,-10.2202127335517,0],[-50.9571582148353,-10.2202086609928,0],[-50.9570842332118,-10.2201907758082,0],[-50.9570604244112,-10.2201882221378,0],[-50.9568458474352,-10.2201932559829,0],[-50.9568103434299,-10.2202022070968,0],[-50.9567630402682,-10.2202013298457,0],[-50.9567519945504,-10.2202308729851,0],[-50.9566274335076,-10.2202943068798,0],[-50.9565911400039,-10.2203277945563,0],[-50.9565042679103,-10.2204694832976,0],[-50.9565006476256,-10.2204759740172,0],[-50.9564239931355,-10.2206277848396,0],[-50.9564171338479,-10.2206904167458,0],[-50.9564707489662,-10.2209004442004,0],[-50.9564711514227,-10.2209019655307,0],[-50.9564838075854,-10.2209481454733,0],[-50.9562416797909,-10.2215957237645,0],[-50.9561599004527,-10.2216497805003,0],[-50.9560148380511,-10.2216497600529,0],[-50.956012637413,-10.2216441087833,0],[-50.9559750087026,-10.2215322365133,0],[-50.9559591754127,-10.2215037045599,0],[-50.9559029853101,-10.2214353760884,0],[-50.9558252026301,-10.2214023198474,0],[-50.9557587851639,-10.2214073712097,0],[-50.9556944838817,-10.2214410403918,0],[-50.9556536050739,-10.2214916412466,0],[-50.9556338585164,-10.2215412030523,0],[-50.9556266689539,-10.2216336273123,0],[-50.9556154311175,-10.2216844845356,0],[-50.9555755988263,-10.2217272150415,0],[-50.9555211198799,-10.2217703749642,0],[-50.95541265559,-10.2217935329312,0],[-50.9552646353028,-10.2218223544968,0],[-50.9551389219732,-10.2218271271595,0],[-50.9550847529603,-10.2218473810769,0],[-50.9550157734966,-10.221903040155,0],[-50.954986374755,-10.2219459167389,0],[-50.9549406589439,-10.2220892477716,0],[-50.9548872952316,-10.2222452363501,0],[-50.9548832670851,-10.222262297243,0],[-50.9548730390843,-10.2223382067996,0],[-50.9548764192537,-10.2223772349733,0],[-50.9549172729714,-10.2225062886461,0],[-50.9549307590028,-10.2225327021135,0],[-50.9549704856852,-10.2225863782741,0],[-50.9549739262188,-10.2226701837164,0],[-50.9549417591944,-10.2228021115629,0],[-50.9548990807114,-10.2229412997393,0],[-50.9548970361283,-10.2229492477186,0],[-50.9548816988953,-10.2230226259282,0],[-50.9548819437429,-10.2230604389966,0],[-50.9549419368307,-10.2233299311895,0],[-50.9549438733563,-10.2233371860101,0],[-50.9549714449598,-10.2234254627418,0],[-50.9549598260985,-10.2235289142604,0],[-50.9548944111769,-10.2238868465235,0],[-50.9548075858828,-10.2240922194597,0],[-50.9547587455812,-10.2241871522629,0],[-50.9547154302762,-10.2241983821653,0],[-50.954642538515,-10.2241774703065,0],[-50.954625058995,-10.2241742417183,0],[-50.9545089971645,-10.2241642278033,0],[-50.9544031493928,-10.2241517307663,0],[-50.9543492881905,-10.2241617815571,0],[-50.9542394346786,-10.2242199644642,0],[-50.9542279452869,-10.2242271893652,0],[-50.9540976506615,-10.2243233243814,0],[-50.9540639737992,-10.224372542239,0],[-50.9540419577548,-10.2244542747217,0],[-50.9539799800234,-10.2244967631255,0],[-50.9539277200214,-10.2245150255271,0],[-50.9536912104176,-10.2244713516336,0],[-50.9536829079516,-10.2244702063309,0],[-50.9535449653942,-10.2244575353205,0],[-50.9535190145748,-10.2244588285938,0],[-50.953311876641,-10.2244989418625,0],[-50.9532369169908,-10.2244828274735,0],[-50.9531894191438,-10.2244478864715,0],[-50.9531683356996,-10.2243947871026,0],[-50.9531648497785,-10.2243870816359,0],[-50.95311440386,-10.2242882438831,0],[-50.9530925720826,-10.2241766168695,0],[-50.9530719673211,-10.2241346259544,0],[-50.952981297445,-10.2240308685359,0],[-50.9529690100403,-10.2240192066595,0],[-50.9528208647574,-10.2239027886166,0],[-50.9527876558172,-10.2238862559815,0],[-50.9526343907487,-10.223845748075,0],[-50.9525700287657,-10.2238522326282,0],[-50.9524371835225,-10.2239180025868,0],[-50.9523872193331,-10.2239892565019,0],[-50.9523737456853,-10.2241136518798,0],[-50.9523031842954,-10.2242456253889,0],[-50.9522462037405,-10.2242753217261,0],[-50.9522460393891,-10.2242753027086,0],[-50.9522341850089,-10.2242622525454,0],[-50.9522141727897,-10.224245725404,0],[-50.9520813502181,-10.2241647336655,0],[-50.9520365903713,-10.2241513630035,0],[-50.9517351600178,-10.2241411968562,0],[-50.9517295984594,-10.2241411770391,0],[-50.951555222583,-10.2241458190028,0],[-50.951416003569,-10.2241044253516,0],[-50.9513725231078,-10.2241022328231,0],[-50.9512396846036,-10.2241275166273,0],[-50.9512236548108,-10.2241321051904,0],[-50.9511061392107,-10.2241776345176,0],[-50.9510768302299,-10.2241959930625,0],[-50.9509899648629,-10.2242769522427,0],[-50.9509765685026,-10.2242926423456,0],[-50.9508845849418,-10.2244292674973,0],[-50.9508757775704,-10.2244458464523,0],[-50.950817518271,-10.2245900531999,0],[-50.950709494783,-10.2247602262577,0],[-50.9506979446751,-10.2247875125145,0],[-50.9506569729837,-10.2249587556999,0],[-50.9505605844214,-10.2250715579148,0],[-50.9504246780395,-10.2252111211333,0],[-50.950414746394,-10.2252232645066,0],[-50.9502869908601,-10.2254104913362,0],[-50.9502716489378,-10.2254536147303,0],[-50.9502562926787,-10.2256357983112,0],[-50.9502598959323,-10.2256695391726,0],[-50.9503109606133,-10.2258365517817,0],[-50.9503694617451,-10.2258961337596,0],[-50.9504614191584,-10.2259265126771,0],[-50.9504902928823,-10.2259311577719,0],[-50.9505873655403,-10.225931172508,0],[-50.9506447413367,-10.2259110971044,0],[-50.950777197682,-10.2258051578223,0],[-50.9508552610742,-10.2257441313432,0],[-50.9509573024357,-10.2257278441015,0],[-50.9509748475531,-10.2257382758943,0],[-50.9510489962919,-10.2260841322421,0],[-50.9510154494413,-10.2261625217564,0],[-50.9509423808769,-10.2262392619423,0],[-50.9509410758644,-10.2262406609218,0],[-50.9508236735839,-10.2263692860132,0],[-50.9507192968382,-10.2264652598641,0],[-50.9506904855202,-10.2265233443707,0],[-50.950678130828,-10.2266577357479,0],[-50.9506148580052,-10.226720388805,0],[-50.9505774488499,-10.2267323715467,0],[-50.9505624686145,-10.2267274228658,0],[-50.9505529554065,-10.2266314643621,0],[-50.9505526690875,-10.2266289436312,0],[-50.950529706308,-10.2264492848671,0],[-50.9505151020392,-10.226410485589,0],[-50.950397619659,-10.2262358737164,0],[-50.9503797737233,-10.226216287962,0],[-50.9502188585184,-10.2260846838928,0],[-50.9501761912963,-10.2260652905983,0],[-50.9499232993365,-10.2260222355325,0],[-50.9499054752261,-10.2260209584299,0],[-50.9497087751661,-10.2260259894005,0],[-50.949673251272,-10.2260341094467,0],[-50.9495276332229,-10.2260998762303,0],[-50.9494881771055,-10.2261340879726,0],[-50.9494074585643,-10.2262614703934,0],[-50.9493905804153,-10.2262614677721,0],[-50.9493905711238,-10.226320157802,0],[-50.9493681359535,-10.226496006403,0],[-50.9491714549732,-10.2268041004727,0],[-50.9491165686743,-10.2268040919051,0],[-50.9491165549835,-10.2268900988744,0],[-50.9489982576884,-10.227075406804,0],[-50.9488425994252,-10.2270753823985,0],[-50.9488425688257,-10.2272665762756,0],[-50.9487448179679,-10.2273467004225,0],[-50.9485686297111,-10.2273466726548,0],[-50.9485686053728,-10.2274979307765,0],[-50.9484516922559,-10.2276179875599,0],[-50.9482946595318,-10.2276179626739,0],[-50.9482946334376,-10.2277792700762,0],[-50.9481875045816,-10.2278892790307,0],[-50.9480206888876,-10.2278892524558,0],[-50.948020659187,-10.2280718801097,0],[-50.9479669119381,-10.2281605772469,0],[-50.9477467177782,-10.2281605420005,0],[-50.9477466583462,-10.2285240578705,0],[-50.9476569866167,-10.2286720413534,0],[-50.9476306844797,-10.2287031901036,0],[-50.9474727016093,-10.228703164666,0],[-50.9474726708491,-10.2288903192707,0],[-50.9474015990421,-10.228974486553,0],[-50.9471987293359,-10.2289744537306,0],[-50.9471986896289,-10.2292147833361,0],[-50.946943426999,-10.2295170789491,0],[-50.9469247115341,-10.2295170758999,0],[-50.9469247078517,-10.2295392480662,0],[-50.9467143403935,-10.2297883748957,0],[-50.9466507380965,-10.2297883644841,0],[-50.9466507255176,-10.2298637116521,0],[-50.9466445195927,-10.2298710601513,0],[-50.9462314786356,-10.2300596288784,0],[-50.9458289069892,-10.2300595621697,0],[-50.945828875819,-10.2302434318116,0],[-50.9456373644305,-10.2303308635857,0],[-50.945281003327,-10.230330803908,0],[-50.9452809754552,-10.2304935665266,0],[-50.9450688900816,-10.2305903904893,0],[-50.9450570168959,-10.2306020995224,0],[-50.9447330987383,-10.2306020447153,0],[-50.9447330605759,-10.2308226848969,0],[-50.9446749575776,-10.2308733681612,0],[-50.9444591225148,-10.2308733314235,0],[-50.9444590897772,-10.2310616690071,0],[-50.9443639631482,-10.2311446484924,0],[-50.944185145826,-10.2311446178942,0],[-50.9441851060662,-10.2313722246375,0],[-50.9441512852329,-10.2314159453953,0],[-50.943911168672,-10.2314159041275,0],[-50.9439111210397,-10.2316872374198,0],[-50.9436371910528,-10.2316871901232,0],[-50.9436371568094,-10.2318813016671,0],[-50.9433939358497,-10.2319584812235,0],[-50.9433632129683,-10.2319584758815,0],[-50.943363211239,-10.2319682309276,0],[-50.9425393279575,-10.2322296648297,0],[-50.9422674430781,-10.2322296167392,0],[-50.9422674274782,-10.2323159438435,0],[-50.9421136803902,-10.2323647303097,0],[-50.9420868889647,-10.2324458912782,0],[-50.9420649652135,-10.2324568944649,0],[-50.9420148827032,-10.2325009051421,0],[-50.9419934633692,-10.2325009013271,0],[-50.9419934599504,-10.2325197306616,0],[-50.9418605656532,-10.2326365132218,0],[-50.9418314613078,-10.2326872717659,0],[-50.9418151542588,-10.2327722027873,0],[-50.941719483195,-10.2327721856775,0],[-50.9417193841931,-10.2333148521918,0],[-50.9418099648756,-10.2333148683929,0],[-50.9418172469406,-10.2334047241272,0],[-50.9418180282706,-10.2334113176651,0],[-50.9418546786892,-10.2336459117121,0],[-50.941862690241,-10.2338869294285,0],[-50.9418539651955,-10.2339990183499,0],[-50.9413238104841,-10.2340065902085,0],[-50.9413115542648,-10.2340242364183,0],[-50.941276797827,-10.2340239488691,0],[-50.9411183986566,-10.2340973014325,0],[-50.9410723847196,-10.2341454122495,0],[-50.9410090996093,-10.2343008792594,0],[-50.9409365762856,-10.2343835693867,0],[-50.9408285846899,-10.2344929829945,0],[-50.9408139247734,-10.2345125226539,0],[-50.9406631532197,-10.2347832441726,0],[-50.9406519605294,-10.2348214965003,0],[-50.9406442732949,-10.2349480141665,0],[-50.9406590317082,-10.2350029998225,0],[-50.940756002291,-10.2351496613359,0],[-50.9408606352669,-10.2353089773844,0],[-50.9408963256457,-10.2353405462514,0],[-50.941034262092,-10.2354088911627,0],[-50.9410683997524,-10.2354182022652,0],[-50.9412421103207,-10.2354308850298,0],[-50.941243160385,-10.2354309557659,0],[-50.9415274541826,-10.2354484509685,0],[-50.9417198209813,-10.2354787997174,0],[-50.9417378822806,-10.2354839817973,0],[-50.9418702819182,-10.2355570547021,0],[-50.9419570225009,-10.2357903633898,0],[-50.9419569929203,-10.2359480993343,0],[-50.9419620324772,-10.2359777461003,0],[-50.9420054375777,-10.2361017404546,0],[-50.9420282744846,-10.2361371652649,0],[-50.9421764159652,-10.2362788917685,0],[-50.9422038681792,-10.2362969620094,0],[-50.9423826776416,-10.2363729055073,0],[-50.942407766054,-10.2363795784131,0],[-50.9424833875696,-10.2363885801492,0],[-50.9432277498932,-10.2367505002044,0],[-50.9431656601134,-10.2371137731684,0],[-50.9430883641954,-10.237113759662,0],[-50.9430882674769,-10.237656426045,0],[-50.9432294488449,-10.2376564507019,0],[-50.9432490081154,-10.2377420829619,0],[-50.9432532818235,-10.2377557010157,0],[-50.9433022681935,-10.2378770642285,0],[-50.9431864612396,-10.2379277763944,0],[-50.9428142837805,-10.237927711212,0],[-50.9428142545777,-10.2380907667877,0],[-50.9427915698081,-10.2381006999267,0],[-50.9426969054878,-10.2382760992721,0],[-50.9426539801932,-10.2383398513914,0],[-50.9426402381595,-10.2383731650665,0],[-50.9426378810158,-10.2383854641842,0],[-50.9425920737447,-10.2384703384601,0],[-50.942540250789,-10.2384703293143,0],[-50.9425402335011,-10.23856639182,0],[-50.9422992204845,-10.2390129530164,0],[-50.9422662168622,-10.2390129471628,0],[-50.9422662057992,-10.239074125265,0],[-50.9421527934797,-10.2392842601868,0],[-50.9419922313008,-10.2392842316049,0],[-50.9419921908828,-10.2395066783738,0],[-50.9419685469457,-10.2395281049555,0],[-50.9419077389591,-10.2395555496933,0],[-50.940074624944,-10.2395552172783,0],[-50.9400746019513,-10.23967770943,0],[-50.9395479496912,-10.23964535955,0],[-50.9392372607304,-10.2395056284242,0],[-50.9391591339658,-10.2394338796733,0],[-50.9391368027922,-10.239418778521,0],[-50.9388302748604,-10.2392719596588,0],[-50.9388042186423,-10.2392639630942,0],[-50.9384670162663,-10.2392132922571,0],[-50.9384627977485,-10.2392127569331,0],[-50.9382175574173,-10.2391874077446,0],[-50.938164311263,-10.239197985955,0],[-50.9380062370021,-10.2392834966566,0],[-50.9378831840439,-10.2392834731909,0],[-50.9378831686444,-10.2393626207761,0],[-50.9377485158148,-10.2395453180174,0],[-50.9377438716556,-10.2395547797097,0],[-50.9376091945459,-10.2395547539157,0],[-50.9376091415188,-10.2398260870416,0],[-50.9373352045824,-10.2398260344024,0],[-50.9373351151569,-10.240281595183,0],[-50.9373009004065,-10.2403036099883,0],[-50.9373350995708,-10.2403609935833,0],[-50.9373350447934,-10.240640033749,0],[-50.9374752814539,-10.2406400607275,0],[-50.9374704567082,-10.2406996632568,0],[-50.9375808568186,-10.2407952769212,0],[-50.9377994226721,-10.2407482587616,0],[-50.9379496932029,-10.2407709374384,0],[-50.9380031103307,-10.2407935297722,0],[-50.9380348420189,-10.2414021269489,0],[-50.9380248049917,-10.2414393781686,0],[-50.9370024452335,-10.2421934290376,0],[-50.9369272825009,-10.2421947928462,0],[-50.9367804906574,-10.2421385477551,0],[-50.9366243679681,-10.2419838493766,0],[-50.9365709039012,-10.2419580189001,0],[-50.9363205536734,-10.2419276060119,0],[-50.9362677857387,-10.2419368897419,0],[-50.936239032256,-10.2419514881594,0],[-50.9362390774701,-10.2417251532446,0],[-50.9361410501642,-10.2417251340182,0],[-50.9361438559449,-10.241721886422,0],[-50.9360056721707,-10.2416036213521,0],[-50.9358986830247,-10.2417250863552,0],[-50.935691200354,-10.2417250454091,0],[-50.9356911528743,-10.2419606960904,0],[-50.9356223855823,-10.2420387676303,0],[-50.9356140875807,-10.242049774876,0],[-50.9354954620245,-10.2422349778121,0],[-50.9354727860496,-10.242267668337,0],[-50.9354171519925,-10.2422676572973,0],[-50.9354171357557,-10.2423478983366,0],[-50.9353450548053,-10.2424518145375,0],[-50.935330249249,-10.2424881439983,0],[-50.935321685653,-10.2425389714112,0],[-50.9351431578345,-10.2425389358678,0],[-50.9351429372672,-10.2436242680937,0],[-50.9353034842748,-10.243624300065,0],[-50.9353327945442,-10.2439327000426,0],[-50.9353253203178,-10.2443572805143,0],[-50.9354166923869,-10.2445387282245,0],[-50.9354166577915,-10.244709654758,0],[-50.9354681365875,-10.2447096649758,0],[-50.9355714454111,-10.2451114281002,0],[-50.9355829848937,-10.2451378003392,0],[-50.93569047904,-10.2453044499419,0],[-50.9356898331672,-10.2485083710476,0],[-50.9359637775484,-10.2485084251172,0],[-50.9359637230741,-10.2487797580855,0],[-50.9360836202475,-10.2487797816781,0],[-50.9361186928884,-10.2488913875346,0],[-50.9361202224337,-10.2488958440271,0],[-50.9362070364368,-10.2491286548155,0],[-50.9362503081601,-10.2491774290738,0],[-50.936464881678,-10.2492888062313,0],[-50.9365084533245,-10.2492991326319,0],[-50.9368967714554,-10.2492941478756,0],[-50.9369484207021,-10.2492774790587,0],[-50.9372652499888,-10.2490548691336,0],[-50.9372898982499,-10.2490289615892,0],[-50.9373499026721,-10.2489336629261,0],[-50.9377210406567,-10.2487800994548,0],[-50.9378456693109,-10.2487801233039,0],[-50.9378188282023,-10.2488182899106,0],[-50.9371523696854,-10.2497659405058,0],[-50.9333330604032,-10.2497698466477,0],[-50.9327216194814,-10.2497704704688,0],[-50.9282908704453,-10.249774995215,0],[-50.9238601198615,-10.2497795201708,0],[-50.9222219404941,-10.2497811972123,0],[-50.9194293595352,-10.2497840507603,0],[-50.9149986095823,-10.2497885806574,0],[-50.9111108298564,-10.2497925524048,0],[-50.9105678599843,-10.2497931053373,0],[-50.9085689772945,-10.2497951541035,0],[-50.9085692702567,-10.2487732084178,0],[-50.9066516592966,-10.2487726634992,0],[-50.9066523739008,-10.2463306683477,0],[-50.9058305469566,-10.2463304314065,0],[-50.9058303867732,-10.2468730970145,0],[-50.9055564439969,-10.2468730175683,0],[-50.9055562030061,-10.2476870159401,0],[-50.9047343725937,-10.2476867761973,0],[-50.9047337416948,-10.2497990715953,0],[-50.9017063601209,-10.2498021607512,0],[-50.8999997197536,-10.249803906795,0],[-50.8972756099056,-10.2498066905807,0],[-50.8928448501005,-10.2498112160937,0],[-50.890762529021,-10.2498133494477,0],[-50.8907626083608,-10.2495817112666,0],[-50.9017204093623,-10.2495852085302,0],[-50.9017204929734,-10.2493138758065,0],[-50.9022683826587,-10.2493140409701,0],[-50.9022684658013,-10.2490427082374,0],[-50.9025424104144,-10.2490427904707,0],[-50.9025427420293,-10.2479574594859,0],[-50.9028166857126,-10.2479575414795,0],[-50.9028170163586,-10.2468722104135,0],[-50.9030909591121,-10.2468722921675,0],[-50.9030912887892,-10.2457869610204,0],[-50.9033652306132,-10.2457870425347,0],[-50.903365394972,-10.2452443769297,0],[-50.9036393363323,-10.2452444582089,0],[-50.9036395002161,-10.2447017925814,0],[-50.9039134411127,-10.2447018736255,0],[-50.9039137679211,-10.2436165423074,0],[-50.9036398279561,-10.2436164612721,0],[-50.9036399098854,-10.2433451284335,0],[-50.9039138496175,-10.2433452094666,0],[-50.9039140130034,-10.2428025437714,0],[-50.904187952272,-10.2428026245695,0],[-50.9041881966351,-10.2419886259863,0],[-50.9039142580652,-10.2419885451948,0],[-50.9039145031065,-10.2411745465775,0],[-50.9036405652376,-10.2411744655619,0],[-50.9036407290527,-10.2406317997988,0],[-50.9033667916517,-10.2406317185569,0],[-50.9033669559234,-10.2400890527802,0],[-50.9030930189904,-10.2400889713121,0],[-50.9030933484376,-10.2390036397132,0],[-50.9033672844393,-10.2390037211725,0],[-50.9033673665626,-10.2387323882593,0],[-50.9030934307936,-10.2387323068022,0],[-50.9030935131474,-10.2384609738867,0],[-50.9033674486835,-10.2384610553416,0],[-50.9033675308022,-10.2381897224194,0],[-50.9030935954988,-10.2381896409667,0],[-50.903093677848,-10.2379183080421,0],[-50.9036415479914,-10.2379184707125,0],[-50.9036416298727,-10.237647137779,0],[-50.9055591738169,-10.2376476998472,0],[-50.9058331084564,-10.2376477789306,0],[-50.9058331886919,-10.2373764462651,0],[-50.906107124014,-10.237376525116,0],[-50.906107282881,-10.2368338594771,0],[-50.9061082400626,-10.233577863527,0],[-50.9061083195946,-10.2333065302119,0],[-50.9058343886764,-10.2333064513934,0],[-50.9058344693517,-10.2330351189807,0],[-50.9055605377556,-10.2330350387394,0],[-50.9055606179668,-10.2327637066139,0],[-50.9058345493305,-10.2327637859486,0],[-50.9058346293074,-10.2324924520076,0],[-50.9061085588332,-10.2324925311093,0],[-50.9061086729807,-10.2321041250921,0],[-50.9062031785927,-10.231999342693,0],[-50.9062569227492,-10.2319993581692,0],[-50.9064027350377,-10.2320234727829,0],[-50.9064657334062,-10.2320112275339,0],[-50.9066394762773,-10.2319050025577,0],[-50.9066569415396,-10.2318911288776,0],[-50.9068409254748,-10.2317039355092,0],[-50.9068621157733,-10.2316694705112,0],[-50.9069439326355,-10.2314265793386,0],[-50.90694590595,-10.2313760432103,0],[-50.9068776431129,-10.2311052459354,0],[-50.9068866712976,-10.2308877117306,0],[-50.9069919230415,-10.2306556859824,0],[-50.9069924063848,-10.2306546025969,0],[-50.9071253318804,-10.2303509970805,0],[-50.907131417056,-10.2303310883923,0],[-50.907187706822,-10.2300224006186,0],[-50.9071891399177,-10.2300082745207,0],[-50.9071993762146,-10.2295380300122,0],[-50.9072429012713,-10.229236859315,0],[-50.9077530817376,-10.2292370042024,0],[-50.9077531600572,-10.2289656710923,0],[-50.9080270874876,-10.2289657485539,0],[-50.9080271655724,-10.2286944154371,0],[-50.9077532383746,-10.2286943379776,0],[-50.9077533166898,-10.2284230048586,0],[-50.9073141868968,-10.2284228802067,0],[-50.9072454743361,-10.2280729636087,0],[-50.9073367594136,-10.227909455291,0],[-50.9072819654596,-10.2277787276686,0],[-50.9070711973458,-10.2277190141148,0],[-50.9069317561016,-10.2276662316656,0],[-50.9069317728324,-10.2276087717388,0],[-50.9074796253568,-10.2276089277927,0],[-50.9074797038958,-10.2273375946576,0],[-50.9080275559639,-10.227337749786,0],[-50.9080276340357,-10.2270664166422,0],[-50.9085754856475,-10.227066570845,0],[-50.908575563252,-10.2267952376926,0],[-50.9091234144075,-10.22679539097,0],[-50.9091233372679,-10.2270667241266,0],[-50.9093972630814,-10.2270668004219,0],[-50.9093971861723,-10.2273381335761,0],[-50.9096711122204,-10.2273382096431,0],[-50.9096705754241,-10.2292375416104,0],[-50.9093966477481,-10.2292374655289,0],[-50.9093965708218,-10.229508798647,0],[-50.9096704987304,-10.2295088747305,0],[-50.9096704220345,-10.2297802078461,0],[-50.9093964938933,-10.2297801317605,0],[-50.9093964169627,-10.2300514648696,0],[-50.9099442737123,-10.2300516168145,0],[-50.9099441972447,-10.2303229499231,0],[-50.9104920544681,-10.2303231009506,0],[-50.9104919784636,-10.2305944340588,0],[-50.9132312670327,-10.2305951753922,0],[-50.9132313407112,-10.230323842264,0],[-50.9137791979847,-10.2303239877619,0],[-50.913779271196,-10.2300526546252,0],[-50.9143271280125,-10.2300527991976,0],[-50.9143272007566,-10.2297814660524,0],[-50.9146011289353,-10.2297815379911,0],[-50.9146012014447,-10.2295102048395,0],[-50.9148751293929,-10.2295102765458,0],[-50.9148752016677,-10.2292389433878,0],[-50.9151491293853,-10.2292390148618,0],[-50.9151492014255,-10.2289676816973,0],[-50.9154231289126,-10.228967752939,0],[-50.9154232007182,-10.228696419768,0],[-50.9156971279747,-10.2286964907775,0],[-50.9156971995458,-10.2284251576001,0],[-50.9159711265717,-10.2284252283773,0],[-50.9159711979082,-10.2281538951934,0],[-50.9162451247036,-10.2281539657384,0],[-50.9162451958056,-10.2278826325481,0],[-50.9165191223704,-10.2278827028608,0],[-50.9165191932379,-10.2276113696641,0],[-50.9167931195721,-10.2276114397446,0],[-50.9167931902051,-10.2273401065415,0],[-50.9170671163088,-10.2273401763897,0],[-50.9170671867073,-10.2270688431803,0],[-50.9176150384556,-10.227068982182,0],[-50.917615108387,-10.2267976489642,0],[-50.9178890340316,-10.2267977181177,0],[-50.9178891037285,-10.2265263848935,0],[-50.9181630291425,-10.2265264538149,0],[-50.918163098605,-10.2262551205844,0],[-50.9184370237885,-10.2262551892735,0],[-50.9184370930166,-10.2259838560366,0],[-50.9187110179694,-10.2259839244936,0],[-50.9187111559548,-10.2254412580026,0],[-50.9192590049364,-10.2254413942183,0],[-50.9192590734612,-10.2251700609624,0],[-50.92172439188,-10.2251706625178,0],[-50.9217244583106,-10.224899329241,0],[-50.9219983823563,-10.2248993949273,0],[-50.9219986471306,-10.2238140617681,0],[-50.9217247240148,-10.2238139960889,0],[-50.9217251225154,-10.2221859962254,0],[-50.921451200796,-10.2221859303266,0],[-50.9214514007183,-10.2213719303394,0],[-50.9211774796979,-10.2213718642158,0],[-50.9211775465674,-10.2211005308795,0],[-50.9200818634342,-10.2211002640905,0],[-50.9200817956352,-10.2213715974196,0],[-50.9181643485987,-10.2213711216639,0],[-50.9181644180243,-10.2210997883477,0],[-50.9178904972592,-10.2210997194637,0],[-50.9178904276012,-10.221371052778,0],[-50.9176165066056,-10.221370983662,0],[-50.917616576496,-10.2210996503496,0],[-50.9165208934629,-10.2210993715911,0],[-50.916520822643,-10.2213707048959,0],[-50.910494561426,-10.2213691058484,0],[-50.9104944854916,-10.2216404391055,0],[-50.9083031159496,-10.2216398299944,0],[-50.9083031937433,-10.221368496464,0],[-50.9072075102818,-10.2213681868989,0],[-50.9069335893673,-10.2213681085887,0],[-50.9069339841117,-10.220011442081,0],[-50.9072079036457,-10.2200115201638,0],[-50.9072079825742,-10.2197401871945,0],[-50.9072080612819,-10.2194688539308,0],[-50.9072081399874,-10.2191975206626,0],[-50.9072084547872,-10.2181121881592,0],[-50.9074823736101,-10.2181122659973,0],[-50.9074826874459,-10.2170269318944,0],[-50.907208769552,-10.2170268549692,0],[-50.9072090056024,-10.2162128550293,0],[-50.9074829218866,-10.216212931948,0],[-50.9074831572202,-10.2153989328656,0],[-50.9072092416333,-10.2153988541445,0],[-50.9072094776439,-10.2145848550279,0],[-50.9074833925343,-10.2145849328384,0],[-50.9074837064747,-10.213499598791,0],[-50.9074838633223,-10.2129569320476,0],[-50.9077577770404,-10.2129570096154,0],[-50.9077578552287,-10.2126856762349,0],[-50.9074839417428,-10.2126855986691,0],[-50.9074840201611,-10.2124142652861,0],[-50.9061144539252,-10.2124138740182,0],[-50.9061145335022,-10.2121425406414,0],[-50.9044710554857,-10.2121420635433,0],[-50.9044711364534,-10.2118707301749,0],[-50.9039233109302,-10.2118705693068,0],[-50.9039233923599,-10.2115992359382,0],[-50.9050190424866,-10.2115995567458,0],[-50.9050191229855,-10.2113282233641,0],[-50.9058408599077,-10.2113284615487,0],[-50.9058409397079,-10.211057128156,0],[-50.9066626759538,-10.2110573642646,0],[-50.9066625968501,-10.2113286976638,0],[-50.9072104214894,-10.211328853924,0],[-50.9072105787661,-10.2107861871127,0],[-50.9074844906248,-10.2107862648937,0],[-50.9074845690278,-10.2105149311894,0]],[[-50.9104874143063,-10.2468744122916,0],[-50.9099395286817,-10.2468742610147,0],[-50.9099396052796,-10.2466029281816,0],[-50.9091177775577,-10.2466026995417,0],[-50.9091174683572,-10.2476880308227,0],[-50.9104871858977,-10.2476884107764,0],[-50.9104874143063,-10.2468744122916,0]],[[-50.9104880233023,-10.2447037494666,0],[-50.9129534919437,-10.2447044186443,0],[-50.9129533439005,-10.2452470844139,0],[-50.9135012267755,-10.2452472305899,0],[-50.9135017416293,-10.2433479002898,0],[-50.9104884038558,-10.2433470850542,0],[-50.9104880233023,-10.2447037494666,0]],[[-50.9066530883257,-10.2438886728302,0],[-50.9082967296943,-10.2438891403682,0],[-50.908296885636,-10.2433464746228,0],[-50.9066532470624,-10.24334600711,0],[-50.9066530883257,-10.2438886728302,0]],[[-50.9521306464886,-10.220835212536,0],[-50.9518567257646,-10.2208351721959,0],[-50.951856766605,-10.2205638386886,0],[-50.9518568074443,-10.220292505177,0],[-50.9515828871862,-10.2202924646089,0],[-50.9510350466736,-10.2202923827822,0],[-50.9510350882088,-10.2200210492692,0],[-50.9504872481655,-10.2200209665241,0],[-50.9504872061656,-10.2202923000348,0],[-50.9502132859134,-10.2202922583159,0],[-50.95021324368,-10.2205635918209,0],[-50.9499393231966,-10.2205635498706,0],[-50.9499391957921,-10.2213775503553,0],[-50.9502131169727,-10.221377592309,0],[-50.9502130747345,-10.2216489257959,0],[-50.9518566032366,-10.2216491726905,0],[-50.9518566440803,-10.2213778398114,0],[-50.9518566849231,-10.2211065056986,0],[-50.9521306058794,-10.2211065460398,0],[-50.9521306464886,-10.220835212536,0]]],[[[-50.8926883391441,-10.225433726728,0],[-50.8926884302194,-10.2251623936797,0],[-50.8924145061768,-10.225162303352,0],[-50.8924148713823,-10.2240769711235,0],[-50.892688794495,-10.2240770614415,0],[-50.8926888855575,-10.2238057283706,0],[-50.8929628084404,-10.2238058184558,0],[-50.892962899268,-10.223534485378,0],[-50.8932367313258,-10.2238059083108,0],[-50.8935105638486,-10.2240773307238,0],[-50.8935104734807,-10.2243486640873,0],[-50.8935103831105,-10.2246199971564,0],[-50.8935103656327,-10.2246724726817,0],[-50.8932407523954,-10.2248912420228,0],[-50.89323636892,-10.2248912405866,0],[-50.8932361877019,-10.2254339066974,0],[-50.8926883391441,-10.225433726728,0]]],[[[-50.8899493767014,-10.2246188139798,0],[-50.8899494700937,-10.224347480653,0],[-50.890223393197,-10.2243475730455,0],[-50.8902234863541,-10.2240762402912,0],[-50.8904974096649,-10.2240763324512,0],[-50.890497502587,-10.2238049994001,0],[-50.8907714254493,-10.2238050913273,0],[-50.8907715181364,-10.2235337582692,0],[-50.8913193634038,-10.2235339414278,0],[-50.891318994281,-10.2246192733631,0],[-50.8915929180671,-10.224619364607,0],[-50.8915928260668,-10.224890698559,0],[-50.8913189020482,-10.2248906073126,0],[-50.891318810032,-10.2251619397385,0],[-50.8910448857836,-10.2251618479696,0],[-50.8910447942265,-10.2254331812932,0],[-50.8902230214553,-10.2254329054669,0],[-50.8902231137099,-10.2251615721507,0],[-50.8899491899092,-10.2251614797506,0],[-50.8899492833066,-10.2248901470124,0],[-50.8899493767014,-10.2246188139798,0]]],[[[-50.9542322240973,-10.2244495884379,0],[-50.9543315611746,-10.2243762944047,0],[-50.954410061786,-10.224334716308,0],[-50.9544888235805,-10.2243440159663,0],[-50.9544917070425,-10.2243443103136,0],[-50.9546003155638,-10.2243536810407,0],[-50.9546888030349,-10.2243790666532,0],[-50.9547373248914,-10.224379688419,0],[-50.9548446201979,-10.2243518699178,0],[-50.9549028519795,-10.2243054401638,0],[-50.9549718421164,-10.2241713395208,0],[-50.9549747100467,-10.2241652086851,0],[-50.9550667031674,-10.2239476101314,0],[-50.9550723294598,-10.2239287866954,0],[-50.9551400761533,-10.223558097522,0],[-50.9551409773043,-10.2235519872161,0],[-50.9551550443844,-10.2234267352872,0],[-50.9551515250606,-10.2233900043896,0],[-50.955119452142,-10.223287311105,0],[-50.9550644776583,-10.2230403674482,0],[-50.9550750179807,-10.2229899415729,0],[-50.9551172597445,-10.2228521741966,0],[-50.9551186492401,-10.2228471248717,0],[-50.9551544322247,-10.2227003682255,0],[-50.9551569092364,-10.2226754583428,0],[-50.9551518179737,-10.2225514690892,0],[-50.9551342236321,-10.2225016706402,0],[-50.9550869901518,-10.2224378501144,0],[-50.9550567269753,-10.2223422542474,0],[-50.9550631013958,-10.222294954462,0],[-50.955113915599,-10.2221464154173,0],[-50.9551145038676,-10.222144636455,0],[-50.9551522787785,-10.2220262036767,0],[-50.9551764194941,-10.2220067252519,0],[-50.9552787508098,-10.2220028411505,0],[-50.9552928662253,-10.2220012087548,0],[-50.9554486944868,-10.2219708660634,0],[-50.955450321628,-10.2219705343545,0],[-50.9555806053984,-10.2219427178402,0],[-50.9556183953633,-10.2219249370766,0],[-50.9556950388424,-10.2218642185425,0],[-50.955705093964,-10.2218549412076,0],[-50.9557664103723,-10.2217891602032,0],[-50.9557885225637,-10.2217471435914,0],[-50.9558064144362,-10.2216661746715,0],[-50.9558082559874,-10.2216537840241,0],[-50.9558111025207,-10.2216171996082,0],[-50.9558400587366,-10.2217032868024,0],[-50.9558414971898,-10.2217072529887,0],[-50.9558976759457,-10.2218514915398,0],[-50.9559653913552,-10.2218901168799,0],[-50.9559653870908,-10.2219210877904,0],[-50.9560209274485,-10.2219210952891,0],[-50.9560137042798,-10.2219399510887,0],[-50.956017002476,-10.2220116803553,0],[-50.9561191541224,-10.222219184664,0],[-50.9561410408068,-10.2222434665318,0],[-50.9561145994033,-10.2231862003479,0],[-50.9561244835429,-10.2232054835407,0],[-50.9561200150851,-10.2233508806052,0],[-50.9561389772054,-10.2234088653144,0],[-50.9562079370478,-10.223497437837,0],[-50.9562349280615,-10.2235207263978,0],[-50.9563069542063,-10.2235615066314,0],[-50.9564235943363,-10.223789088734,0],[-50.9564075599048,-10.2238283639193,0],[-50.9564029498583,-10.2238813303107,0],[-50.9564310322445,-10.2240103820763,0],[-50.956443679749,-10.2240405334382,0],[-50.956504975655,-10.2241341652402,0],[-50.9565189973654,-10.2241508098021,0],[-50.9566058402391,-10.2242317936171,0],[-50.9566086184007,-10.2242342794016,0],[-50.956650481845,-10.2242702276138,0],[-50.956646273434,-10.2243243219035,0],[-50.9564541191753,-10.2244547190453,0],[-50.9564409333618,-10.2244549587698,0],[-50.9562330418133,-10.2244400446558,0],[-50.9562234170684,-10.2244398588562,0],[-50.9560701450346,-10.2244448985989,0],[-50.9560150323692,-10.2244655559213,0],[-50.95595627182,-10.2245136255612,0],[-50.9559334674643,-10.2245415146539,0],[-50.9558810411317,-10.2246410145854,0],[-50.955787448395,-10.2247151600485,0],[-50.9556438750069,-10.224792269786,0],[-50.9556377166897,-10.2247958930582,0],[-50.9555431916372,-10.2248566091259,0],[-50.9555038072482,-10.2249125617535,0],[-50.955485914553,-10.2249910009073,0],[-50.9554837718315,-10.2250152234566,0],[-50.9554870166285,-10.2250829107433,0],[-50.9554836313449,-10.2250864394246,0],[-50.9554338630457,-10.2250987574915,0],[-50.955356545223,-10.2250524339048,0],[-50.9553193854788,-10.2250399348105,0],[-50.9552274241042,-10.2250298005454,0],[-50.9551785420966,-10.2250378117287,0],[-50.95508506479,-10.2250812583363,0],[-50.9550087444585,-10.2250583906774,0],[-50.9550055579307,-10.2250574984547,0],[-50.954964689918,-10.2250468393531,0],[-50.9549597621515,-10.2250199730425,0],[-50.954955029252,-10.2250033713031,0],[-50.9549023506273,-10.2248691380703,0],[-50.9548725158012,-10.2247779749432,0],[-50.954803098341,-10.2247170862345,0],[-50.9547111381516,-10.2246993608185,0],[-50.9546505914354,-10.2247084095087,0],[-50.954579059908,-10.2247463545742,0],[-50.9545436604941,-10.2247798991153,0],[-50.9544571639275,-10.224924155035,0],[-50.9543815071434,-10.2249740996539,0],[-50.9542990680074,-10.2249918396409,0],[-50.9541027828279,-10.2249547768454,0],[-50.9540527900931,-10.2249592513241,0],[-50.9538529668273,-10.2250356920878,0],[-50.95369404608,-10.2250034269889,0],[-50.95362450578,-10.2249345237276,0],[-50.9534745797139,-10.2246836817134,0],[-50.9534713390121,-10.2246786480152,0],[-50.9534553169165,-10.2246554774679,0],[-50.953541172595,-10.2246388515525,0],[-50.9536618673783,-10.2246499391429,0],[-50.9539182972494,-10.2246972906349,0],[-50.953965408141,-10.2246936704699,0],[-50.954052265599,-10.2246633187063,0],[-50.9540738514674,-10.2246523960554,0],[-50.9541734874191,-10.2245840910317,0],[-50.9542097467394,-10.2245330375032,0],[-50.9542322240973,-10.2244495884379,0]]],[[[-50.8927968230236,-10.2116734177217,0],[-50.8932408232207,-10.2115451548229,0],[-50.8932408960804,-10.2113245819553,0],[-50.8932409100879,-10.2112825756551,0],[-50.8932409865588,-10.2110532492824,0],[-50.8935148983104,-10.211053338793,0],[-50.8935149894676,-10.2107820048842,0],[-50.8937889005139,-10.2107820941622,0],[-50.89378908053,-10.2102394275549,0],[-50.894062991809,-10.2102395165984,0],[-50.8940629020343,-10.2105108499067,0],[-50.894610725064,-10.2105110273086,0],[-50.8946106357511,-10.2107823606173,0],[-50.8948845475018,-10.2107824489757,0],[-50.8948843693327,-10.2113251155842,0],[-50.8946104571177,-10.2113250272209,0],[-50.8946103677973,-10.211596360516,0],[-50.8943364553526,-10.2115962719204,0],[-50.8937886302522,-10.2115960937494,0],[-50.8937885404515,-10.2118674273227,0],[-50.8921450644739,-10.2118668881456,0],[-50.8918711516012,-10.2118667974778,0],[-50.8918712432454,-10.2115954648261,0],[-50.891597331045,-10.2115953735783,0],[-50.8905016813937,-10.2115950075168,0],[-50.8891321191693,-10.2115945446207,0],[-50.8891320252032,-10.2118658781519,0],[-50.8880363747173,-10.2118655039824,0],[-50.8880364696117,-10.2115941713658,0],[-50.8877625574479,-10.2115940766364,0],[-50.8877627483876,-10.2110514107805,0],[-50.8874888355591,-10.2110513155362,0],[-50.88748893091,-10.2107799822965,0],[-50.8877628428122,-10.2107800769235,0],[-50.887882142089,-10.2107801179391,0],[-50.8880613275651,-10.2111229807296,0],[-50.8885889467489,-10.2112310877493,0],[-50.889132307312,-10.2110518784144,0],[-50.8899541363765,-10.2107808233418,0],[-50.8902280480838,-10.2107809156093,0],[-50.8913236075468,-10.2110387439037,0],[-50.8913236028381,-10.2110526156548,0],[-50.8913537031356,-10.2110526256793,0],[-50.8918713351063,-10.2113241309407,0],[-50.8925292000373,-10.2116691882241,0],[-50.8927968230236,-10.2116734177217,0]]],[[[-50.9094058640002,-10.1966774583502,0],[-50.9094059397533,-10.1964061255912,0],[-50.9093566058738,-10.1964061119082,0],[-50.9097241651212,-10.1961348799829,0],[-50.9102277153883,-10.1961350187256,0],[-50.9102277904422,-10.1958636841426,0],[-50.9105016895673,-10.1958637592819,0],[-50.9105017653001,-10.195592425597,0],[-50.9106567208609,-10.1955924680035,0],[-50.9098281300507,-10.1990594497103,0],[-50.9096033392108,-10.2000000099457,0],[-50.9089925802132,-10.2025555197836,0],[-50.9083223616208,-10.2053598316808,0],[-50.9083077799319,-10.2053598275854,0],[-50.9083077624461,-10.2054209171306,0],[-50.908157030082,-10.2060516003859,0],[-50.9082015424542,-10.2060625205142,0],[-50.9081889319622,-10.2060776619001,0],[-50.9081711318194,-10.206111941692,0],[-50.9078745082799,-10.2072150965286,0],[-50.9078738364387,-10.2072177545028,0],[-50.9076716643002,-10.2080729833285,0],[-50.9072113650177,-10.2080728527862,0],[-50.9072114436308,-10.2078015193287,0],[-50.9069375343273,-10.2078014413411,0],[-50.9069374554822,-10.2080727747964,0],[-50.906663545949,-10.2080726965768,0],[-50.9066636250261,-10.2078013631236,0],[-50.9063897157271,-10.2078012846762,0],[-50.9063896364179,-10.2080726181273,0],[-50.906115726889,-10.2080725394479,0],[-50.9061158064303,-10.207801205999,0],[-50.9058418971358,-10.2078011270918,0],[-50.9058418173624,-10.2080724605386,0],[-50.9050200885772,-10.2080722224314,0],[-50.9050201699596,-10.207800889606,0],[-50.9025549855581,-10.2078001628903,0],[-50.9025549030002,-10.2080714956962,0],[-50.9020070840083,-10.2080713316708,0],[-50.9020071679437,-10.2077999979651,0],[-50.9017332579889,-10.2077999158995,0],[-50.8935159810715,-10.2077973383476,0],[-50.889955162083,-10.207796157158,0],[-50.8894073444767,-10.2077959716988,0],[-50.8894072507794,-10.2080673052955,0],[-50.8891333407066,-10.2080672124443,0],[-50.8888594311118,-10.2080671198156,0],[-50.8888593369481,-10.2083384524984,0],[-50.8885854275615,-10.208338359104,0],[-50.8880376081402,-10.2083381713355,0],[-50.8880375134961,-10.2086095049107,0],[-50.8872157847098,-10.2086092225759,0],[-50.8872156882353,-10.2088805552339,0],[-50.8858461379946,-10.2088800790403,0],[-50.8858462347167,-10.2086087454903,0],[-50.8855723251274,-10.2086086498544,0],[-50.8855724227732,-10.2083373163027,0],[-50.8852985125056,-10.2083372204392,0],[-50.8852986094678,-10.2080658868853,0],[-50.8850247003481,-10.208065790505,0],[-50.8850247977581,-10.207794457529,0],[-50.8847508886545,-10.2077943609214,0],[-50.8847509862939,-10.2075230276536,0],[-50.8844770772064,-10.2075229308186,0],[-50.8844771750753,-10.2072515972592,0],[-50.8842032664412,-10.2072515001971,0],[-50.8842033001147,-10.2071583623388,0],[-50.8843424004438,-10.2069802162217,0],[-50.8844772729413,-10.2069802639851,0],[-50.8844773452932,-10.2067796636749,0],[-50.8845891425942,-10.2065951983769,0],[-50.8846021539509,-10.2065501137107,0],[-50.8846039976989,-10.206437642179,0],[-50.8847513775188,-10.2064376942481,0],[-50.8847517680055,-10.2053523610602,0],[-50.8850256750208,-10.2053524576443,0],[-50.8850259545961,-10.2045734696456,0],[-50.8850521051284,-10.2045384669021,0],[-50.8852998725703,-10.2045385540443,0],[-50.8852999913874,-10.2042066799203,0],[-50.8854495828238,-10.2040064567596,0],[-50.885452118643,-10.2040028859977,0],[-50.8854568003513,-10.2039959424105,0],[-50.8855739727135,-10.2039959844016,0],[-50.8855740348275,-10.2038220669677,0],[-50.885639701973,-10.2037246740582,0],[-50.8858479761637,-10.2037247460379,0],[-50.8858480719213,-10.2034534126919,0],[-50.8861219782367,-10.2034535083388,0],[-50.8861220737596,-10.2031821752755,0],[-50.8863959791514,-10.2031822706899,0],[-50.8863960753527,-10.20291093733,0],[-50.8866699802965,-10.2029110325119,0],[-50.8866700762632,-10.2026396991449,0],[-50.8869439809778,-10.2026397940945,0],[-50.8869440738614,-10.2023765344075,0],[-50.8870044733431,-10.2023684813358,0],[-50.8894092171739,-10.2023693049044,0],[-50.8918743578504,-10.2023701304785,0],[-50.8918744494052,-10.2020987967648,0],[-50.8926961623145,-10.2020990679582,0],[-50.8935178752468,-10.2020993370839,0],[-50.8935179564688,-10.2018549042532,0],[-50.8939311977599,-10.2018312898248,0],[-50.8939318560561,-10.2018312493385,0],[-50.8943396851158,-10.201805015171,0],[-50.8943396774478,-10.2018282711612,0],[-50.8968048152737,-10.2018290585684,0],[-50.8968048779778,-10.2016315033779,0],[-50.8974494663638,-10.2015826240109,0],[-50.8974518210918,-10.2015824140146,0],[-50.8981744368104,-10.2015089287639,0],[-50.8981744220818,-10.201558155895,0],[-50.8989961337709,-10.2015584110771,0],[-50.898996175705,-10.2014253617919,0],[-50.8990812209976,-10.201416712647,0],[-50.8990834661765,-10.2014164564784,0],[-50.9003657471026,-10.2012541839463,0],[-50.9003657367456,-10.2012874973706,0],[-50.9011874477957,-10.2012877479368,0],[-50.901187494795,-10.2011353163825,0],[-50.9014362655912,-10.2010888171543,0],[-50.9014409514761,-10.2010878146343,0],[-50.9020092620195,-10.2009506357008,0],[-50.9020092427447,-10.2010166610982,0],[-50.9025570487605,-10.2010168250076,0],[-50.9025571096234,-10.2008166495951,0],[-50.9028402586423,-10.2007455767268,0],[-50.9039266474612,-10.2007458981176,0],[-50.9039267285868,-10.2004752673184,0],[-50.9039295956493,-10.2004745645033,0],[-50.9050223408733,-10.2004748850154,0],[-50.9050224212801,-10.2002035505446,0],[-50.9058441305777,-10.2002037893692,0],[-50.9058442102866,-10.1999324548874,0],[-50.9061181119409,-10.1999325346366,0],[-50.9061181914157,-10.1996612001482,0],[-50.9063920937536,-10.1996612787614,0],[-50.9063921729938,-10.1993899460753,0],[-50.9066660760154,-10.1993900235526,0],[-50.9066662340259,-10.1988473563537,0],[-50.9069401347596,-10.1988474345009,0],[-50.9069402135297,-10.1985761008925,0],[-50.9072141158599,-10.1985761788085,0],[-50.9072141934829,-10.1983048451933,0],[-50.9074880946702,-10.1983049237817,0],[-50.9074881738852,-10.1980335901604,0],[-50.9077620739304,-10.1980336667079,0],[-50.9077621519984,-10.1977623330796,0],[-50.9080360527266,-10.1977624103,0],[-50.9080361305606,-10.1974910766653,0],[-50.9079960287888,-10.1974910653742,0],[-50.9080343323954,-10.1974545039997,0],[-50.9091161109784,-10.1965835796321,0],[-50.9091319931816,-10.1965718597213,0],[-50.9091319641881,-10.1966773831907,0],[-50.9094058640002,-10.1966774583502,0]]],[[[-50.8916395939209,-10.085967590235,0],[-50.892187205183,-10.0859677695167,0],[-50.8921872954095,-10.0856964341703,0],[-50.8935563224635,-10.0856968783883,0],[-50.8935564115418,-10.0854255430252,0],[-50.896020658335,-10.0854263282906,0],[-50.8960207453486,-10.0851549929015,0],[-50.8968421603035,-10.0851552505623,0],[-50.8968422466273,-10.0848839151618,0],[-50.8982112704553,-10.0848843400437,0],[-50.8982111852772,-10.0851556754559,0],[-50.899854015325,-10.0851561778353,0],[-50.8998540991284,-10.0848848424093,0],[-50.9004017087052,-10.0848850080481,0],[-50.90040162536,-10.0851563434786,0],[-50.900675430381,-10.0851564259597,0],[-50.9006752641419,-10.085699096812,0],[-50.9012228751075,-10.085699261102,0],[-50.9012227097756,-10.0862419319455,0],[-50.9017703216672,-10.0862420953361,0],[-50.901770239456,-10.0865134307558,0],[-50.9023178518152,-10.0865135932425,0],[-50.90231777006,-10.0867849286621,0],[-50.9028653828868,-10.086785090245,0],[-50.9028653015876,-10.0870564256645,0],[-50.9034129148819,-10.0870565863434,0],[-50.9034128340388,-10.0873279217629,0],[-50.904234254685,-10.0873281610845,0],[-50.9042341745271,-10.0875994965061,0],[-50.9050555958812,-10.0875997337903,0],[-50.9050555164086,-10.087871069214,0],[-50.9056031311143,-10.0878712262721,0],[-50.9056030520979,-10.0881425616956,0],[-50.9064244748608,-10.0881427955859,0],[-50.9064243965297,-10.0884141310114,0],[-50.9072458200002,-10.0884143628639,0],[-50.9072457423545,-10.0886856982913,0],[-50.9080671665323,-10.0886859281059,0],[-50.9080670895721,-10.0889572635351,0],[-50.9086147061599,-10.0889574156133,0],[-50.908614629656,-10.0892287510423,0],[-50.909162246711,-10.089228902216,0],[-50.9091621706633,-10.0895002376447,0],[-50.9094359794233,-10.0895003128929,0],[-50.9094359036027,-10.0897716483192,0],[-50.9102573305831,-10.089771872707,0],[-50.9102572554481,-10.090043208135,0],[-50.9105310644563,-10.0900432824786,0],[-50.9105309895485,-10.0903146176144,0],[-50.9108047992255,-10.090314691733,0],[-50.9108046498619,-10.0908573625749,0],[-50.9105308397264,-10.0908572884523,0],[-50.9105306901144,-10.0913999595621,0],[-50.9105300907073,-10.0935706426641,0],[-50.910803902917,-10.093570716807,0],[-50.9108038282109,-10.0938420521767,0],[-50.9118990779884,-10.0938423464839,0],[-50.9124467026711,-10.093842491984,0],[-50.9124467760012,-10.093571156892,0],[-50.9127205884442,-10.0935712294442,0],[-50.9129944006707,-10.0935713017691,0],[-50.9138158373625,-10.0935715173802,0],[-50.9138157651791,-10.0938428527719,0],[-50.9146372025773,-10.0938430663436,0],[-50.9146370595803,-10.0943857371254,0],[-50.9146369880786,-10.0946570731242,0],[-50.914363174704,-10.0946570012505,0],[-50.9143631038838,-10.0949283369184,0],[-50.9140892898062,-10.0949282657198,0],[-50.9140892178419,-10.0951996010911,0],[-50.9135415906223,-10.095199458316,0],[-50.9132677777096,-10.0951993867413,0],[-50.9132677041426,-10.0954707214874,0],[-50.9129938905273,-10.095470649376,0],[-50.9129938176414,-10.0957419847306,0],[-50.9127200035801,-10.0957419123898,0],[-50.9127199304628,-10.0960132474482,0],[-50.912446116868,-10.0960131757827,0],[-50.9124460428254,-10.0962845105096,0],[-50.9121722280906,-10.0962844383249,0],[-50.9121721547291,-10.0965557730456,0],[-50.9116245259388,-10.0965556264713,0],[-50.9116244509848,-10.0968269627023,0],[-50.9113506360163,-10.096826889217,0],[-50.9113504134109,-10.09764089455,0],[-50.9110765984504,-10.0976408205417,0],[-50.9110764487374,-10.0981834914367,0],[-50.9110763742249,-10.0984548267327,0],[-50.9110760761535,-10.0995401678722,0],[-50.9110760016303,-10.0998115037606,0],[-50.9108021848362,-10.0998114297985,0],[-50.9108019596533,-10.1006254346823,0],[-50.9113495962272,-10.1006255826814,0],[-50.911623414408,-10.100625656195,0],[-50.9118972323721,-10.1006257300956,0],[-50.9118973071259,-10.1003543942148,0],[-50.9140878501335,-10.1003549723007,0],[-50.9140879221365,-10.100083637014,0],[-50.916004646376,-10.1000841308869,0],[-50.9160047167706,-10.0998127955822,0],[-50.9192905272245,-10.099813616275,0],[-50.9192905948634,-10.0995422809434,0],[-50.9217549508198,-10.0995428749578,0],[-50.9217548852462,-10.0998142103057,0],[-50.9220287028135,-10.0998142751721,0],[-50.9220286374675,-10.1000856105174,0],[-50.9217548196707,-10.1000855456492,0],[-50.9217546229331,-10.1008995513631,0],[-50.9214808042311,-10.1008994862621,0],[-50.9214807386372,-10.1011708218758,0],[-50.9214805411888,-10.1019848278207,0],[-50.9212067217892,-10.1019847624851,0],[-50.9212065236355,-10.1027987680947,0],[-50.9209327033305,-10.1027987025263,0],[-50.9209326372645,-10.1030700381052,0],[-50.9209324383996,-10.1038840439457,0],[-50.9206586173969,-10.1038839781426,0],[-50.9206582847701,-10.1052406541555,0],[-50.9203844624027,-10.1052405881158,0],[-50.9203843958606,-10.105511923651,0],[-50.9203841955676,-10.1063259290705,0],[-50.9201103722833,-10.1063258637005,0],[-50.9201103055043,-10.1065971983116,0],[-50.9201100374942,-10.1076825391698,0],[-50.9198362132824,-10.1076824726588,0],[-50.9198360115659,-10.10849647825,0],[-50.9195621866671,-10.1084964115059,0],[-50.9195619842444,-10.1093104170517,0],[-50.9198358098324,-10.1093104838012,0],[-50.919835742584,-10.1095818189761,0],[-50.9212048717008,-10.1095821493187,0],[-50.9212048055991,-10.1098534844981,0],[-50.9225739359111,-10.1098538091592,0],[-50.9225738709561,-10.110125144343,0],[-50.924764481388,-10.110125651978,0],[-50.9247645445052,-10.1098543167802,0],[-50.9253121966716,-10.1098544414092,0],[-50.9253121340139,-10.1101257766104,0],[-50.9253120711357,-10.1103971124216,0],[-50.9255858978998,-10.1103971737835,0],[-50.9258597244469,-10.1103972355323,0],[-50.9258596622451,-10.1106685707279,0],[-50.9266811425862,-10.1106687546135,0],[-50.9266809797751,-10.1113868854198,0],[-50.9266193210311,-10.1116317951176,0],[-50.9264857669764,-10.1121622717587,0],[-50.9257862762243,-10.1149405968552,0],[-50.9250867815005,-10.1177189217228,0],[-50.9248828944424,-10.1185370690028,0],[-50.9247625236535,-10.1185370406042,0],[-50.9247624119945,-10.1190205343446,0],[-50.9246124351762,-10.1196223474121,0],[-50.9244884365914,-10.1196223180794,0],[-50.9244883733988,-10.1198936534046,0],[-50.9244883204106,-10.1201203823397,0],[-50.9243419731554,-10.1207076248997,0],[-50.9242143478815,-10.1207075955314,0],[-50.9242142276298,-10.1212202257697,0],[-50.9241391274843,-10.1215215838901,0],[-50.9239403207515,-10.1215215370899,0],[-50.9239402570863,-10.1217928723803,0],[-50.9239401329535,-10.1223200823151,0],[-50.9238686658903,-10.1226068605515,0],[-50.9236662283263,-10.1226068145497,0],[-50.923666164424,-10.1228781489161,0],[-50.9236660363823,-10.1234199484942,0],[-50.9235982042788,-10.1236921378108,0],[-50.9233921340342,-10.1236920898873,0],[-50.9233920055343,-10.1242347600956,0],[-50.923391937918,-10.1245198143577,0],[-50.9233862291217,-10.1245427218393,0],[-50.9233277426497,-10.1247774150532,0],[-50.9231180380928,-10.1247773661059,0],[-50.9231178443004,-10.1255913706281,0],[-50.9228440046776,-10.1255913065047,0],[-50.922843940065,-10.1258626417212,0],[-50.9228437352992,-10.1267195876475,0],[-50.9227868202506,-10.1269479677483,0],[-50.9225698399503,-10.1269479167331,0],[-50.9225697750984,-10.1272192519256,0],[-50.9225696449519,-10.1277619217173,0],[-50.9225839730199,-10.1277619250907,0],[-50.9225359507085,-10.127954622777,0],[-50.9222219409886,-10.1293653598422,0],[-50.9218120673497,-10.1312067897158,0],[-50.9182882609721,-10.1308091977827,0],[-50.9182693398184,-10.1308070603875,0],[-50.91737664847,-10.1307063384406,0],[-50.9129412292028,-10.1302058825854,0],[-50.9111108309931,-10.1299993637625,0],[-50.9085058104827,-10.1297054302991,0],[-50.9040703905091,-10.1292049788762,0],[-50.8999997201158,-10.1287435099667,0],[-50.8997382212308,-10.1287138684151,0],[-50.8968833402997,-10.1283902283481,0],[-50.8968638398321,-10.1283880180899,0],[-50.8954060510646,-10.1282227525382,0],[-50.8910738809424,-10.1277316421069,0],[-50.8888886101125,-10.1274839168642,0],[-50.8867417108883,-10.1272405317025,0],[-50.8824095400119,-10.1267494213326,0],[-50.8831260272899,-10.1229277119471,0],[-50.8832582889647,-10.1222222299122,0],[-50.8838425098928,-10.119106002643,0],[-50.8841548657842,-10.1174399140206,0],[-50.8842355871983,-10.1174399424196,0],[-50.8842357417271,-10.1170085243887,0],[-50.8842375961559,-10.116998629461,0],[-50.8842422172255,-10.1169739794154,0],[-50.8842565970985,-10.1168972802238,0],[-50.8845096132978,-10.1168973690896,0],[-50.8845100964663,-10.1155451050146,0],[-50.8845589905665,-10.1152842988502,0],[-50.8845617880194,-10.1152693785143,0],[-50.8847840253289,-10.1152694563622,0],[-50.884784448634,-10.1140817277636,0],[-50.8848161203786,-10.1139127933948,0],[-50.8850583380417,-10.1139128780363,0],[-50.8850587982424,-10.1126183600757,0],[-50.8852754784517,-10.1114625906249,0],[-50.8853413708782,-10.1111111109677,0],[-50.8859860331802,-10.1076724975799,0],[-50.8861558517292,-10.1076725563025,0],[-50.8861560426932,-10.1071298864291,0],[-50.8864298661633,-10.1071299809269,0],[-50.8864305079102,-10.1053016804625,0],[-50.8864438257649,-10.1052306407924,0],[-50.8867043547102,-10.1052307304637,0],[-50.8867048421749,-10.1038383710602,0],[-50.8867084421175,-10.1038191726307,0],[-50.8867490195568,-10.1036027356725,0],[-50.8869787451597,-10.1036028145275,0],[-50.8869791241603,-10.1025174744644,0],[-50.8872529437355,-10.1025175682358,0],[-50.8872533217752,-10.1014322280911,0],[-50.8875271404349,-10.1014323216248,0],[-50.8875272347086,-10.1011609865749,0],[-50.8872534162784,-10.1011608930437,0],[-50.8872535030179,-10.1009118424501,0],[-50.8872576798663,-10.1008895594177,0],[-50.8875273289797,-10.1008896515205,0],[-50.8875274232481,-10.1006183164618,0],[-50.887308546634,-10.1006182417199,0],[-50.887359411456,-10.1003469240082,0],[-50.8875275175138,-10.1003469813985,0],[-50.8875278374568,-10.0994259984192,0],[-50.8875576308388,-10.0992616512427,0],[-50.8878017113766,-10.0992617343867,0],[-50.8878021788258,-10.0979126758928,0],[-50.8878527448884,-10.097633740958,0],[-50.888076090927,-10.0976338168344,0],[-50.8880764660215,-10.0965484763381,0],[-50.888350280559,-10.0965485691437,0],[-50.8883508417449,-10.0949205582504,0],[-50.8886246549087,-10.0949206508134,0],[-50.8886251213442,-10.0935639749338,0],[-50.888898933364,-10.0935640672569,0],[-50.888899398587,-10.0922073912531,0],[-50.8891732094629,-10.0922074833363,0],[-50.8891733950749,-10.0916648135133,0],[-50.8894472052765,-10.0916649044597,0],[-50.8894472980679,-10.0913935695216,0],[-50.8897211080426,-10.0913936608529,0],[-50.8897212927217,-10.0908509912829,0],[-50.8894474832059,-10.0908508987623,0],[-50.8894476683333,-10.0903082285648,0],[-50.8897214776094,-10.090308320176,0],[-50.8899952866697,-10.0903084112701,0],[-50.8899953789895,-10.0900370763047,0],[-50.8902691878232,-10.0900371671691,0],[-50.8902694634238,-10.0892231613689,0],[-50.8899956552778,-10.0892230705119,0],[-50.8899957471502,-10.0889517349489,0],[-50.8897219392362,-10.0889516435775,0],[-50.8897224943819,-10.087319869344,0],[-50.8897709978299,-10.0870523130172,0],[-50.889996391932,-10.0870523882021,0],[-50.8899966681343,-10.0862383822624,0],[-50.8902704739777,-10.0862384733817,0],[-50.8902705658108,-10.0859671380571,0],[-50.8908181770471,-10.0859673196095,0],[-50.8916395939209,-10.085967590235,0]],[[-50.8908153430078,-10.0943787124669,0],[-50.8905415302814,-10.0943786226316,0],[-50.8905414385974,-10.0946499569162,0],[-50.8908152524652,-10.0946500485633,0],[-50.8908153430078,-10.0943787124669,0]]],[[[-50.9269604167692,-10.0865199649923,0],[-50.9269604776793,-10.086248630008,0],[-50.9266866717641,-10.086248569318,0],[-50.9266868558279,-10.085434561885,0],[-50.9269606612743,-10.08543462257,0],[-50.9269607223963,-10.0851632869533,0],[-50.9272345276153,-10.0851633474096,0],[-50.9272345885064,-10.0848920117868,0],[-50.9277821984913,-10.0848921320149,0],[-50.928329808483,-10.0848922519494,0],[-50.9283296885322,-10.0854349225891,0],[-50.9280558830772,-10.0854348630394,0],[-50.9278100043806,-10.0858254347059,0],[-50.9278099383373,-10.0861220461333,0],[-50.9279384252525,-10.086123049203,0],[-50.9281978612506,-10.0861221298253,0],[-50.9281987238111,-10.0859775653951,0],[-50.9283295685744,-10.0859775938256,0],[-50.92832944861,-10.0865202647545,0],[-50.9280556420198,-10.0865202051982,0],[-50.9280555820244,-10.0867915410891,0],[-50.9277817761195,-10.0867914810145,0],[-50.9277817149805,-10.0870628168991,0],[-50.9277816890563,-10.0871791879223,0],[-50.9275095299416,-10.0871763389398,0],[-50.9275078474783,-10.0873340924743,0],[-50.9275077261217,-10.0878767636386,0],[-50.9277815336357,-10.0878768236572,0],[-50.9277814731841,-10.0881481592343,0],[-50.928055280929,-10.0881482190275,0],[-50.9280552207048,-10.0884195546018,0],[-50.9283289752826,-10.0886611079653,0],[-50.9283288560969,-10.0892001052124,0],[-50.9281589028584,-10.0892000673581,0],[-50.9281588843067,-10.0892878805897,0],[-50.9279383368682,-10.0892878325092,0],[-50.9279382416325,-10.0897161610052,0],[-50.9281558358752,-10.0897162084449,0],[-50.9281558068448,-10.0898430487701,0],[-50.9283655245965,-10.0898430943574,0],[-50.9283654862086,-10.0900167681022,0],[-50.9286024848283,-10.0900168194601,0],[-50.9286023584711,-10.0905903579705,0],[-50.9283285486597,-10.0905902986169,0],[-50.9283284886494,-10.0908616341528,0],[-50.9280546786103,-10.0908615751851,0],[-50.92805473885,-10.0905902390362,0],[-50.927780929042,-10.0905901792283,0],[-50.9277809895091,-10.0903188436912,0],[-50.9277810497559,-10.0900475078598,0],[-50.9275072406266,-10.0900474481178,0],[-50.927507301101,-10.0897761122837,0],[-50.9272334922028,-10.0897760520264,0],[-50.9272335531231,-10.0895047167691,0],[-50.9269597442373,-10.0895046562863,0],[-50.9269602333721,-10.0873339717622,0],[-50.9272340404244,-10.0873340322318,0],[-50.9272341013293,-10.0870626966446,0],[-50.9272342229153,-10.086520025167,0],[-50.9269604167692,-10.0865199649923,0]]],[[[-50.9206626052544,-10.0876038538212,0],[-50.9206626716614,-10.08733251828,0],[-50.9203888646525,-10.0873324523598,0],[-50.9203889979192,-10.0867897812677,0],[-50.9206628044697,-10.0867898471843,0],[-50.9210190731232,-10.0867899332275,0],[-50.9210182374834,-10.0869719259338,0],[-50.921241744755,-10.0869729335299,0],[-50.9212425850648,-10.0867899857221,0],[-50.9214842241327,-10.0867900435714,0],[-50.9214841581984,-10.0870613788371,0],[-50.9215873112545,-10.0870614033554,0],[-50.9215872828373,-10.087178888032,0],[-50.9220317437375,-10.0871789924033,0],[-50.922031641473,-10.0876041800245,0],[-50.9217578342256,-10.0876041152381,0],[-50.9209364124944,-10.0876039195161,0],[-50.9206626052544,-10.0876038538212,0]]],[[[-50.9121753902922,-10.084617014081,0],[-50.9121754635622,-10.0843456791644,0],[-50.9119016593541,-10.0843456056925,0],[-50.9116278549293,-10.0843455324456,0],[-50.9116279288741,-10.084074196914,0],[-50.9113541246805,-10.0840741235234,0],[-50.9113541988524,-10.0838027879893,0],[-50.9110803948899,-10.0838027143737,0],[-50.9110806180802,-10.0829887077508,0],[-50.9110808412514,-10.082174701088,0],[-50.9110809156377,-10.081903365235,0],[-50.9121761250859,-10.0819036585689,0],[-50.9143665440819,-10.0819042337619,0],[-50.9143664008046,-10.0824469049315,0],[-50.9146402036464,-10.0824469758131,0],[-50.9146401322338,-10.0827183113931,0],[-50.9149139353067,-10.0827183820496,0],[-50.9149138641212,-10.0829897176272,0],[-50.9154614707311,-10.0829898582631,0],[-50.9154614000017,-10.0832611938401,0],[-50.9160090070778,-10.0832613335717,0],[-50.9160090773491,-10.0829899979909,0],[-50.9171042906087,-10.0829902747225,0],[-50.9171042212538,-10.0832616103109,0],[-50.9173780248028,-10.0832616789282,0],[-50.917377955675,-10.083533014514,0],[-50.9179255632368,-10.0835331510712,0],[-50.9179254945653,-10.0838044866564,0],[-50.9187469066099,-10.0838046897951,0],[-50.9187468386237,-10.0840760253813,0],[-50.9190206428715,-10.084076092642,0],[-50.9190205751125,-10.0843474282257,0],[-50.9192943795913,-10.0843474952612,0],[-50.9192943120595,-10.0846188308423,0],[-50.9195681167694,-10.0846188976526,0],[-50.9195680494647,-10.084890233231,0],[-50.9198418544056,-10.0848902998161,0],[-50.9198417873281,-10.0851616353918,0],[-50.9201155925001,-10.0851617017517,0],[-50.9201155256499,-10.0854330373249,0],[-50.9203893310528,-10.0854331034595,0],[-50.9203891978051,-10.0859757743063,0],[-50.9201153926377,-10.0859757090727,0],[-50.9201153250879,-10.0862470440177,0],[-50.9198415187809,-10.0862469773607,0],[-50.9198414516939,-10.0865183129143,0],[-50.9195676453782,-10.0865182463183,0],[-50.91956757806,-10.08678958277,0],[-50.9192937717357,-10.0867895156378,0],[-50.9190199651947,-10.0867894482784,0],[-50.9190198974164,-10.0870607838175,0],[-50.9187460906481,-10.0870607165365,0],[-50.9184722836631,-10.0870606487385,0],[-50.9184722156432,-10.0873319845594,0],[-50.9179246016577,-10.087331849065,0],[-50.9173769876802,-10.0873317123548,0],[-50.9162817597485,-10.0873314363038,0],[-50.9160079527705,-10.0873313667498,0],[-50.9160080230716,-10.0870600312357,0],[-50.9157342163248,-10.0870599614566,0],[-50.9157342868531,-10.08678862594,0],[-50.9151866738237,-10.0867884857043,0],[-50.9151868157909,-10.0862458146654,0],[-50.9146392036863,-10.086245673529,0],[-50.9146392751251,-10.0859743380068,0],[-50.914365469305,-10.0859742671,0],[-50.914365540971,-10.0857029315753,0],[-50.914091735382,-10.0857028604433,0],[-50.9140918072751,-10.085431524916,0],[-50.9132703909892,-10.0854313101634,0],[-50.9132704635675,-10.0851599752523,0],[-50.9129966586637,-10.0851599026014,0],[-50.9129967312505,-10.0848885676877,0],[-50.9124491216886,-10.0848884223232,0],[-50.9124491947318,-10.0846170865047,0],[-50.9121753902922,-10.084617014081,0]]],[[[-50.8919142135593,-10.0835256617337,0],[-50.8919143944219,-10.0829829909612,0],[-50.892188197534,-10.0829830804615,0],[-50.8921883779283,-10.0824404096663,0],[-50.8927359832439,-10.082440587976,0],[-50.8927361627117,-10.0818979171532,0],[-50.8932837671213,-10.0818980945452,0],[-50.8932838563933,-10.0816267591223,0],[-50.8935425847529,-10.0816268426171,0],[-50.8938314071736,-10.0817887425766,0],[-50.8938313713221,-10.0818982716438,0],[-50.8940817908268,-10.0818983511429,0],[-50.8945573710369,-10.0820995249051,0],[-50.8945810218181,-10.0821059766722,0],[-50.8951967024116,-10.0824469789994,0],[-50.896021615349,-10.0824416387663,0],[-50.8962954180406,-10.0824417248567,0],[-50.896295504798,-10.0821703894162,0],[-50.896569307263,-10.0821704752773,0],[-50.8965691342038,-10.0827131461583,0],[-50.8968429371294,-10.082713231797,0],[-50.8968426782095,-10.0835272378023,0],[-50.8965688743781,-10.0835271521565,0],[-50.8965687015129,-10.0840698232829,0],[-50.8965686149674,-10.0843411586945,0],[-50.8962948106698,-10.0843410728146,0],[-50.8962947254597,-10.0846075085166,0],[-50.8957471162032,-10.084607336071,0],[-50.8938304855616,-10.08460672536,0],[-50.8938305718839,-10.0843402893889,0],[-50.8935567678296,-10.0843402015285,0],[-50.8930091592917,-10.0843400245468,0],[-50.8930092488155,-10.0840686891664,0],[-50.8924616407459,-10.0840685112814,0],[-50.8924617307254,-10.0837971759014,0],[-50.8921879269235,-10.0837970866208,0],[-50.8921880171295,-10.0835257512388,0],[-50.8919142135593,-10.0835256617337,0]]],[[[-50.8960237892728,-10.0756582514817,0],[-50.8960239631203,-10.0751155803788,0],[-50.8965715561413,-10.0751157522051,0],[-50.8965717290634,-10.0745730810751,0],[-50.8971193211787,-10.0745732519847,0],[-50.8971193452346,-10.0744973546123,0],[-50.8990992803022,-10.0743408508199,0],[-50.899999719325,-10.0742696763865,0],[-50.9009525822277,-10.0741943610616,0],[-50.9009525490516,-10.0743030873399,0],[-50.9006787531881,-10.0743030051762,0],[-50.9006786701637,-10.0745743407825,0],[-50.9004048740737,-10.0745742583897,0],[-50.9004047075602,-10.0751169295845,0],[-50.9001309110148,-10.0751168469603,0],[-50.9001308275256,-10.0753881825488,0],[-50.9009522178557,-10.0753884297476,0],[-50.9009521350509,-10.0756597653383,0],[-50.9012259320612,-10.0756598472865,0],[-50.901225849483,-10.0759311828751,0],[-50.9009520522437,-10.0759311009247,0],[-50.9009517209917,-10.0770164429358,0],[-50.9006779235332,-10.0770163607497,0],[-50.9006778397913,-10.0772876966011,0],[-50.9004040411936,-10.0772876138958,0],[-50.900403958133,-10.0775589497409,0],[-50.9001301593088,-10.0775588668064,0],[-50.9001300760169,-10.0778302026447,0],[-50.8998562769661,-10.0778301194811,0],[-50.8998561934429,-10.0781014553127,0],[-50.8998560259522,-10.0786441263827,0],[-50.899308426921,-10.0786439599409,0],[-50.8993085111255,-10.0783726244127,0],[-50.8990347118424,-10.0783725408537,0],[-50.8990347962734,-10.0781012053233,0],[-50.8984871981724,-10.0781010375292,0],[-50.8984871132835,-10.078372373055,0],[-50.8982133140076,-10.0783722888153,0],[-50.8982132288873,-10.0786436243343,0],[-50.8979394293849,-10.0786435398654,0],[-50.8979392586791,-10.0791862108854,0],[-50.8979391731041,-10.0794575460988,0],[-50.8982129735118,-10.0794576314793,0],[-50.8982125478383,-10.0808143080365,0],[-50.897938746285,-10.0808142244533,0],[-50.8979385764534,-10.0813568947879,0],[-50.8976647739693,-10.0813568100686,0],[-50.8976646883643,-10.0816281461486,0],[-50.897117084115,-10.0816279751203,0],[-50.8971169980496,-10.0818993108664,0],[-50.896493994823,-10.0818991162092,0],[-50.8964392907372,-10.081874075309,0],[-50.8963963337901,-10.0818658584608,0],[-50.89580393745,-10.0818960363502,0],[-50.8957881292294,-10.0818982264666,0],[-50.8954741617193,-10.0819699235202,0],[-50.8954741855541,-10.081898794744,0],[-50.8952003824151,-10.0818987088815,0],[-50.8952003477169,-10.0820060980206,0],[-50.8946176485844,-10.0819283414185,0],[-50.8941052354254,-10.0817115876116,0],[-50.8941052621209,-10.0816270232106,0],[-50.8939135468837,-10.0816269616878,0],[-50.8938314754045,-10.0815809566185,0],[-50.8938315491663,-10.0813556001692,0],[-50.8941053509218,-10.0813556880659,0],[-50.8941054395016,-10.0810843526268,0],[-50.8938316379751,-10.0810842647325,0],[-50.8938317267815,-10.0808129292914,0],[-50.8932841241942,-10.0808127528268,0],[-50.8932842134561,-10.0805414173861,0],[-50.8930104123952,-10.0805413288157,0],[-50.8930105018836,-10.080269993373,0],[-50.8924629002275,-10.0802698155564,0],[-50.8924629901714,-10.0799984801141,0],[-50.8927367907691,-10.0799985691334,0],[-50.8927371496032,-10.07891322731,0],[-50.8924633499214,-10.0789131383004,0],[-50.8924636197072,-10.0780991318934,0],[-50.8921898207148,-10.0780990426643,0],[-50.8921900911645,-10.0772850362247,0],[-50.8919162928615,-10.077284946776,0],[-50.8919163832352,-10.0770136112897,0],[-50.8921901813093,-10.0770137007359,0],[-50.8921902714515,-10.0767423652427,0],[-50.8919164736064,-10.076742275799,0],[-50.891916563975,-10.0764709403037,0],[-50.8921903615912,-10.076471029745,0],[-50.8921905418629,-10.0759283587363,0],[-50.893285730522,-10.0759287142133,0],[-50.8932858197384,-10.0756573786925,0],[-50.8935596166805,-10.0756574669922,0],[-50.893559438703,-10.0762001380342,0],[-50.8938332361055,-10.0762002261119,0],[-50.8938331473418,-10.0764715616286,0],[-50.8941069449758,-10.0764716494819,0],[-50.8941068564385,-10.0767429849966,0],[-50.8960234415484,-10.0767435936341,0],[-50.8960237023454,-10.0759295870265,0],[-50.8957499051519,-10.075929500766,0],[-50.8957499923082,-10.0756581652236,0],[-50.8960237892728,-10.0756582514817,0]]],[[[-50.9132730759367,-10.0753918924569,0],[-50.9132732209395,-10.0748492210717,0],[-50.912999423825,-10.0748491494002,0],[-50.9129994965523,-10.0745778134131,0],[-50.9129997147216,-10.0737638065843,0],[-50.9132735109205,-10.0737638785378,0],[-50.9135473057335,-10.0737639502641,0],[-50.9135473779948,-10.0734926145451,0],[-50.9140949683386,-10.0734927573137,0],[-50.9140947531403,-10.0743067644693,0],[-50.913820956953,-10.0743066929026,0],[-50.913820885133,-10.0745780289001,0],[-50.9138208130924,-10.0748493646033,0],[-50.9135470166679,-10.0748492930957,0],[-50.9135468721229,-10.0753919641951,0],[-50.9132730759367,-10.0753918924569,0]]],[[[-51.116131821312,-10.0056495045906,0],[-51.1161317249133,-10.0053781680093,0],[-51.1158200724025,-10.0053782766497,0],[-51.1155841675025,-10.0051469037385,0],[-51.1155840574622,-10.0048356854761,0],[-51.1153103201272,-10.0048357804595,0],[-51.1153101287122,-10.0042931072503,0],[-51.1150363918288,-10.0042932020032,0],[-51.1150362008791,-10.0037505287712,0],[-51.1147624644474,-10.0037506232937,0],[-51.1147623692038,-10.0034792866684,0],[-51.1144886329965,-10.0034793809631,0],[-51.1144885379828,-10.0032080443308,0],[-51.1141299919862,-10.0032081674962,0],[-51.1139410070602,-10.0030390598851,0],[-51.1139409714579,-10.0029368955976,0],[-51.1138268772619,-10.0029369346437,0],[-51.1136671860015,-10.0027940388266,0],[-51.11366714137,-10.0026656525626,0],[-51.11352376304,-10.0026657015049,0],[-51.1133933653528,-10.0025490175347,0],[-51.1133933117365,-10.002394409293,0],[-51.1132206493203,-10.0023944680802,0],[-51.1131195451143,-10.0023039969138,0],[-51.1131194825572,-10.0021231657885,0],[-51.1129175361029,-10.0021232343694,0],[-51.1128457252853,-10.002058975155,0],[-51.1128456538323,-10.0018519220494,0],[-51.1126876693626,-10.0018519755799,0],[-51.1126876099291,-10.001676859122,0],[-51.1126875155148,-10.0014055224436,0],[-51.1126874220156,-10.0011341857605,0],[-51.1126873285191,-10.0008628490731,0],[-51.1136665146005,-10.0008625161161,0],[-51.1136665754657,-10.0010376325763,0],[-51.1139403096368,-10.0010375389804,0],[-51.1139404041746,-10.0013088756532,0],[-51.1144878729629,-10.0013086877809,0],[-51.114488062955,-10.001851361103,0],[-51.1147617977994,-10.0018512668239,0],[-51.1147619882567,-10.0023939401231,0],[-51.1150357235526,-10.0023938456136,0],[-51.1150358190125,-10.002665182254,0],[-51.1153095545328,-10.0026650875167,0],[-51.1153096502226,-10.00293642415,0],[-51.1155833859673,-10.002936329185,0],[-51.1155835778093,-10.0034790024331,0],[-51.1158573140057,-10.0034789072377,0],[-51.115857410158,-10.0037502438524,0],[-51.1161311465788,-10.0037501484292,0],[-51.116131242961,-10.0040214850369,0],[-51.115857506313,-10.0040215804628,0],[-51.1158576986313,-10.0045642536703,0],[-51.1161314357337,-10.0045641582391,0],[-51.1161315321241,-10.0048354948336,0],[-51.116405269451,-10.0048353991746,0],[-51.1164053660714,-10.005106735762,0],[-51.1165211176017,-10.0051066952431,0],[-51.1165211518995,-10.005202915428,0],[-51.1165213453427,-10.0057455885842,0],[-51.1164055935862,-10.0057456291057,0],[-51.1164055593205,-10.0056494089236,0],[-51.116131821312,-10.0056495045906,0]]],[[[-51.1226972574562,-9.99425100894381,0],[-51.1226973591893,-9.99452234564085,0],[-51.1224236305566,-9.99452244637386,0],[-51.1224234275473,-9.99397977296977,0],[-51.1221496993656,-9.99397987347223,0],[-51.1218759711811,-9.99397997374972,0],[-51.1218757690912,-9.99343730031692,0],[-51.1221494968218,-9.99343720004498,0],[-51.1221493955543,-9.99316586332469,0],[-51.1237917605159,-9.99316525698583,0],[-51.1237919657771,-9.99370793038838,0],[-51.1232445098938,-9.99370813341236,0],[-51.1232448164459,-9.99452214349992,0],[-51.1235185450699,-9.99452204209199,0],[-51.123518442656,-9.99425070540334,0],[-51.1237921710501,-9.99425060377324,0],[-51.1237923763347,-9.99479327714046,0],[-51.1240661051798,-9.99479317527975,0],[-51.1240666195776,-9.99614985860643,0],[-51.1237928895976,-9.99614996048124,0],[-51.1237930949232,-9.99669263378671,0],[-51.1235193644863,-9.99669273544213,0],[-51.1235191596147,-9.99615006213103,0],[-51.1229716996401,-9.99615026475558,0],[-51.1229714956881,-9.99560759141566,0],[-51.1226977661504,-9.99560769238482,0],[-51.1226974609252,-9.99479368233346,0],[-51.1229711897819,-9.99479358137269,0],[-51.1229709858591,-9.99425090798863,0],[-51.1226972574562,-9.99425100894381,0]]],[[[-51.1065425100197,-9.97960437060146,0],[-51.1065425982261,-9.97987570769046,0],[-51.1059951651316,-9.97987588212296,0],[-51.1059950773784,-9.97960454502912,0],[-51.105721361054,-9.979604631906,0],[-51.1057210984891,-9.97879062059075,0],[-51.1059948141338,-9.9787905337211,0],[-51.1059947263906,-9.97851919660963,0],[-51.1068158726297,-9.97851893466025,0],[-51.1068162263366,-9.97960428305068,0],[-51.1065425100197,-9.97960437060146,0]]],[[[-51.093130330432,-9.97933704820645,0],[-51.0931302533338,-9.97906571099724,0],[-51.092856537352,-9.979065787312,0],[-51.0928564604826,-9.97879445009637,0],[-51.0925827447252,-9.9787945261844,0],[-51.0925825914462,-9.97825185173565,0],[-51.0928563067504,-9.97825177565184,0],[-51.0928562298876,-9.97798043842292,0],[-51.093129944963,-9.97798036211662,0],[-51.0931300220524,-9.97825169934342,0],[-51.0934037373522,-9.9782516228104,0],[-51.0934038146704,-9.97852296003064,0],[-51.0936775301945,-9.97852288327088,0],[-51.0936776077415,-9.97879422048457,0],[-51.09395132349,-9.97879414349807,0],[-51.0939514012658,-9.9790654807052,0],[-51.0942251172387,-9.97906540349194,0],[-51.0942251952433,-9.97933674069263,0],[-51.093677762842,-9.9793368948988,0],[-51.0936778403957,-9.97960823209927,0],[-51.0934041239651,-9.97960830886754,0],[-51.0934040466381,-9.97933697166494,0],[-51.093130330432,-9.97933704820645,0]]],[[[-51.0923088761398,-9.97825192759486,0],[-51.0923089525516,-9.97852326482355,0],[-51.0917615214792,-9.97852341587234,0],[-51.0917614455205,-9.97825207863946,0],[-51.0914877302075,-9.97825215382486,0],[-51.0914878059397,-9.97852349105982,0],[-51.091214090398,-9.97852356602269,0],[-51.0912140148924,-9.97825222878564,0],[-51.0909402995752,-9.97825230352183,0],[-51.0909402242984,-9.97798096627827,0],[-51.0906665092056,-9.97798104078779,0],[-51.0906662840676,-9.97716702902463,0],[-51.0903925696524,-9.97716710330337,0],[-51.0903924948372,-9.97689576603807,0],[-51.0909399232126,-9.97689561726014,0],[-51.0909399984808,-9.97716695452132,0],[-51.0914874273006,-9.97716680484095,0],[-51.0914875030241,-9.97743814209351,0],[-51.0917612176574,-9.97743806691438,0],[-51.0917613695639,-9.97798074140214,0],[-51.0920350846481,-9.97798066599424,0],[-51.0920351608312,-9.97825200322946,0],[-51.0923088761398,-9.97825192759486,0]]],[[[-51.1202278250005,-9.97824303301788,0],[-51.119954109948,-9.97824313156213,0],[-51.1199539113644,-9.97770045757932,0],[-51.1196801967622,-9.97770055589351,0],[-51.119679998643,-9.97715788188767,0],[-51.1191325703363,-9.9771580778314,0],[-51.119132274538,-9.97634406677325,0],[-51.1196797014856,-9.97634387084581,0],[-51.1196796024388,-9.97607253382307,0],[-51.1207744553937,-9.97607213928443,0],[-51.1207745553466,-9.97634347629622,0],[-51.12132198226,-9.97634327767406,0],[-51.1213218818541,-9.97607194066778,0],[-51.1215955950799,-9.97607184102262,0],[-51.1215956957124,-9.97634317802614,0],[-51.1218694091619,-9.97634307815366,0],[-51.1221431226086,-9.97634297805662,0],[-51.1221433247883,-9.97688565203938,0],[-51.1218696108886,-9.97688575214197,0],[-51.1218698126268,-9.9774284261127,0],[-51.1215960982711,-9.97742852599625,0],[-51.121596198918,-9.97769986297777,0],[-51.1213224843329,-9.97769996263951,0],[-51.1213226851822,-9.97824263659487,0],[-51.1202278250005,-9.97824303301788,0]]],[[[-51.0890220088577,-9.9698413633448,0],[-51.0892957171692,-9.96984129024374,0],[-51.0892957910232,-9.9701126276317,0],[-51.089569499559,-9.9701125543042,0],[-51.0895696477262,-9.97065522906277,0],[-51.0892959387377,-9.97065530239435,0],[-51.0892960125981,-9.97092663976906,0],[-51.089022303381,-9.97092671287823,0],[-51.089022229747,-9.97065537550149,0],[-51.0887485207543,-9.97065544838421,0],[-51.0887484473488,-9.97038411100104,0],[-51.0884747385803,-9.97038418365731,0],[-51.0884746654033,-9.97011284626772,0],[-51.0882009568591,-9.97011291869755,0],[-51.0882008109641,-9.96957024390113,0],[-51.0881958511549,-9.96957024521147,0],[-51.0879271028706,-9.96957031610254,0],[-51.0879270301526,-9.96929897869571,0],[-51.0876533222834,-9.96929905067071,0],[-51.0876532497938,-9.96902771325751,0],[-51.0874312170215,-9.96902777147747,0],[-51.087823448145,-9.96758183038349,0],[-51.0878728735749,-9.96739963084712,0],[-51.0879265211847,-9.96739961672477,0],[-51.0879267393013,-9.96821362902446,0],[-51.0881954864744,-9.96821355814324,0],[-51.0882004462631,-9.96821355683307,0],[-51.0882005921372,-9.96875623167347,0],[-51.0884742995496,-9.96875615925369,0],[-51.0884744458848,-9.9692988340725,0],[-51.0887481537478,-9.96929876142429,0],[-51.0887482271449,-9.96957009882509,0],[-51.0890219352321,-9.96957002595047,0],[-51.0890220088577,-9.9698413633448,0]]],[[[-51.110916649006,-9.96386538643007,0],[-51.1109164656539,-9.96332271180728,0],[-51.1111901683449,-9.96332262081395,0],[-51.1111900764466,-9.96305128349847,0],[-51.1114637789087,-9.96305119228341,0],[-51.1114636867868,-9.96277985496603,0],[-51.1117373890201,-9.96277976352925,0],[-51.1117372043318,-9.96223708888646,0],[-51.1125583096588,-9.96223681324593,0],[-51.1125584026802,-9.9625081505619,0],[-51.112284700681,-9.96250824266887,0],[-51.1122847934789,-9.96277957998294,0],[-51.1120110912508,-9.96277967186822,0],[-51.1120113689818,-9.96359368379182,0],[-51.1122850718886,-9.96359359189889,0],[-51.1122851646971,-9.96386492919538,0],[-51.1120114615641,-9.96386502109087,0],[-51.1120115541491,-9.96413635838558,0],[-51.1117378507873,-9.96413645005934,0],[-51.1117379431487,-9.96440778735212,0],[-51.1111905359647,-9.96440797003187,0],[-51.1111906278762,-9.96467930732534,0],[-51.1109169240539,-9.9646793983313,0],[-51.1109170157418,-9.96495073562293,0],[-51.1100959035808,-9.96495100730262,0],[-51.1100957215651,-9.96440833269992,0],[-51.1103694251689,-9.96440824236934,0],[-51.1103692427112,-9.96386556775402,0],[-51.110916649006,-9.96386538643007,0]]],[[[-51.1161145138007,-9.9568088489168,0],[-51.1161144178964,-9.95653751154234,0],[-51.116388114883,-9.95653741635416,0],[-51.1163879226305,-9.95599474159732,0],[-51.1166616191623,-9.95599464619033,0],[-51.1166613301261,-9.95518063403,0],[-51.1172087218251,-9.95518044255972,0],[-51.1172086250332,-9.95490910516949,0],[-51.1174823206525,-9.95490900910091,0],[-51.1174824176704,-9.95518034648847,0],[-51.117756113513,-9.95518025019314,0],[-51.1177562107597,-9.95545158757366,0],[-51.1193983871126,-9.95545100507995,0],[-51.1193984857183,-9.95572234243984,0],[-51.1221354483401,-9.95572135366306,0],[-51.122135549209,-9.95599269099114,0],[-51.1218618527337,-9.95599279087999,0],[-51.1218619533794,-9.95626412820641,0],[-51.1191249862082,-9.95626511479715,0],[-51.1191248878229,-9.95599377744331,0],[-51.1177564052615,-9.95599426232148,0],[-51.1177565025166,-9.95626559968879,0],[-51.1174828057699,-9.95626569599482,0],[-51.1174829028017,-9.9565370333604,0],[-51.1172092058262,-9.956537129445,0],[-51.1172093026347,-9.95680846680883,0],[-51.1169356054303,-9.95680856267199,0],[-51.1169357020156,-9.95707990003419,0],[-51.1166620045824,-9.9570799956759,0],[-51.1166621009444,-9.95735133303628,0],[-51.1163884032823,-9.95735142845651,0],[-51.1163884994209,-9.95762276581514,0],[-51.1155674057401,-9.95762305073902,0],[-51.1155672148221,-9.95708037600153,0],[-51.1158409122663,-9.9570802812563,0],[-51.1158408165853,-9.95680894388351,0],[-51.1161145138007,-9.9568088489168,0]]],[[[-51.046312502025,-9.89170459875745,0],[-51.0463124640285,-9.89143325986003,0],[-51.0457651772054,-9.89143333476677,0],[-51.0457651400113,-9.89116454163648,0],[-51.0466489712946,-9.88806322334756,0],[-51.047708050943,-9.88477434872809,0],[-51.048767131574,-9.88148547384857,0],[-51.0498262122855,-9.87819659871244,0],[-51.0501491264478,-9.87676620020971,0],[-51.0506885369958,-9.87692769377962,0],[-51.0506885974924,-9.87732300078615,0],[-51.0504149657651,-9.87732304185284,0],[-51.0504152135961,-9.87895107643476,0],[-51.0501415805226,-9.87895111728602,0],[-51.050141662694,-9.87949379544742,0],[-51.0498680291708,-9.87949383607863,0],[-51.0498680700341,-9.87976517515389,0],[-51.0501417037815,-9.87976513452154,0],[-51.0501417448702,-9.88003647359133,0],[-51.0506890128098,-9.8800363916573,0],[-51.0506890543481,-9.88030773072043,0],[-51.0515099569213,-9.88030760614827,0],[-51.0515099991335,-9.88057894520352,0],[-51.0526045367777,-9.88057877598954,0],[-51.0526045798881,-9.88085011503567,0],[-51.0536991184094,-9.88084994225903,0],[-51.0536991624181,-9.88112128129603,0],[-51.0539727972695,-9.88112123754472,0],[-51.0539728415038,-9.88139257657608,0],[-51.0542142194214,-9.88139253779666,0],[-51.0542464886138,-9.88146598740391,0],[-51.0542465654991,-9.88193521064834,0],[-51.054452622026,-9.88193517738514,0],[-51.0545202263641,-9.88208905336874,0],[-51.0545202903953,-9.88247784447586,0],[-51.0546910254161,-9.88247781678322,0],[-51.0547939651501,-9.88271211998692,0],[-51.0547940161925,-9.88302047805848,0],[-51.0549294305039,-9.88302045599057,0],[-51.0550677049718,-9.8833351863539,0],[-51.0550677428909,-9.88356311139633,0],[-51.0551678354651,-9.88356309500766,0],[-51.0553414458291,-9.88395825156526,0],[-51.0553415158604,-9.88437708346636,0],[-51.0555254448362,-9.88437705317584,0],[-51.055561793154,-9.88445978718797,0],[-51.0556151877229,-9.88458132014322,0],[-51.0556153357859,-9.88546239422555,0],[-51.0558889742172,-9.88546234889731,0],[-51.0558890658689,-9.88600502679849,0],[-51.0561627047477,-9.88600498124523,0],[-51.0561627968535,-9.88654765912647,0],[-51.0564364361796,-9.88654761334815,0],[-51.0564365287395,-9.88709029120928,0],[-51.0567101685131,-9.88709024520588,0],[-51.0567102150195,-9.8873615841287,0],[-51.05683666392,-9.88736156279479,0],[-51.0571104031871,-9.88798462428444,0],[-51.0572576606397,-9.88831980411632,0],[-51.0572576826271,-9.88844684679891,0],[-51.0573134716201,-9.88844683730053,0],[-51.0575314100105,-9.88894289716376,0],[-51.0575314181114,-9.88898947820092,0],[-51.0575518726594,-9.88898947470267,0],[-51.0580789114254,-9.89018908250378,0],[-51.058078938992,-9.89034607855776,0],[-51.0581478812431,-9.89034606664814,0],[-51.0583526636881,-9.8908121747963,0],[-51.0583527250628,-9.89116004777775,0],[-51.0585054880229,-9.89116002124284,0],[-51.0586590144687,-9.89150946147686,0],[-51.0589000939818,-9.89162409076503,0],[-51.0589001079694,-9.89170263008233,0],[-51.059065211881,-9.89170260113058,0],[-51.0594474278018,-9.89188433686356,0],[-51.0594474438964,-9.89197387263728,0],[-51.0596356644576,-9.8919738393183,0],[-51.0599947624791,-9.8921445820624,0],[-51.0599947807172,-9.89224511429202,0],[-51.0602061179657,-9.89224507652874,0],[-51.0602684301392,-9.89227470432439,0],[-51.0602684741883,-9.89251640419242,0],[-51.0607765724049,-9.89251631276171,0],[-51.0608157661025,-9.89253494817354,0],[-51.0608158125752,-9.89278764449302,0],[-51.0613470277755,-9.89278754801721,0],[-51.061363102923,-9.89279519112278,0],[-51.0613631518558,-9.89305888389309,0],[-51.0616367965427,-9.89305883385368,0],[-51.0616368471204,-9.89333017265614,0],[-51.0621841369389,-9.89333007190655,0],[-51.0621841879671,-9.89360141070179,0],[-51.0627314782287,-9.89360130905873,0],[-51.0627315297075,-9.89387264784675,0],[-51.0630051750607,-9.89387259668979,0],[-51.0630052267656,-9.89414393547199,0],[-51.0635525179166,-9.89414383248719,0],[-51.0635525700721,-9.89441517126225,0],[-51.0640998616663,-9.89441506738384,0],[-51.0640999142724,-9.89468640615154,0],[-51.0646472063097,-9.89468630137948,0],[-51.0646472593665,-9.89495764013987,0],[-51.0649209056075,-9.89495758741834,0],[-51.0649209588904,-9.89522892617293,0],[-51.0654682518168,-9.89522882005881,0],[-51.0654683055505,-9.89550015880603,0],[-51.0660155989199,-9.89550005179812,0],[-51.0660156531044,-9.89577139053801,0],[-51.0665629469168,-9.89577128263626,0],[-51.066563001552,-9.89604262136871,0],[-51.0668366486804,-9.89604256708225,0],[-51.0668367035418,-9.89631390580888,0],[-51.0676576455916,-9.8963137416086,0],[-51.0676577011284,-9.89658508032623,0],[-51.0679313486998,-9.89658502514581,0],[-51.0679314602275,-9.89712770256486,0],[-51.0682051082465,-9.89712764715861,0],[-51.0682051642374,-9.89739898586008,0],[-51.0687524607199,-9.89739887437623,0],[-51.0687525171617,-9.89767021307019,0],[-51.0690261656252,-9.89767015699257,0],[-51.0690262222933,-9.89794149568056,0],[-51.0695735196646,-9.89794138285391,0],[-51.0695735767836,-9.89821272153437,0],[-51.0698472256915,-9.89821266478531,0],[-51.0698472830369,-9.89848400345991,0],[-51.0701209321677,-9.89848394648649,0],[-51.0701209897394,-9.89875528515504,0],[-51.0709419377961,-9.89875511289333,0],[-51.0709419960435,-9.89902645155268,0],[-51.0712156456171,-9.89902639368493,0],[-51.0712157040908,-9.89929773233836,0],[-51.0717630036823,-9.89929761593125,0],[-51.0717630626071,-9.899568954577,0],[-51.0728576626683,-9.89956871908268,0],[-51.0728577224937,-9.89984005771751,0],[-51.0731313727294,-9.89983999828527,0],[-51.0731314327812,-9.90011133691402,0],[-51.0734050832399,-9.90011127725731,0],[-51.0734051435181,-9.90038261588009,0],[-51.0736787941998,-9.90038255599889,0],[-51.0736788547045,-9.90065389461558,0],[-51.074226156512,-9.90065377418137,0],[-51.0742262174679,-9.90092511279031,0],[-51.0747735197179,-9.90092499146141,0],[-51.074773581125,-9.9011963300626,0],[-51.0753208838174,-9.90119620783896,0],[-51.0753209456757,-9.90146754643242,0],[-51.075594597244,-9.90146748498463,0],[-51.0755946593288,-9.90173882357194,0],[-51.0761419629095,-9.90173870000437,0],[-51.0761420254457,-9.90201003858385,0],[-51.0766893294687,-9.90200991412141,0],[-51.0766893924561,-9.90228125269308,0],[-51.0772366969214,-9.90228112733572,0],[-51.0772367603602,-9.90255246589947,0],[-51.0777840652677,-9.90255233964714,0],[-51.0777841291578,-9.90282367820303,0],[-51.0783314345075,-9.90282355105567,0],[-51.0783314988491,-9.90309488960358,0],[-51.0791524575341,-9.90309469720561,0],[-51.0791523925181,-9.90282335866307,0],[-51.079375844206,-9.90282330594959,0],[-51.0779281191432,-9.90559805675325,0],[-51.0758746699654,-9.90953377178808,0],[-51.0738212204333,-9.91346948636105,0],[-51.0717677714331,-9.91740520136171,0],[-51.0697143211138,-9.92134091677564,0],[-51.0676608712734,-9.92527663168331,0],[-51.0656074218855,-9.92921234697453,0],[-51.0635539720115,-9.93314806173014,0],[-51.0615005234496,-9.93708377683968,0],[-51.0594470734365,-9.94101949138441,0],[-51.0591673356613,-9.94155565246628,0],[-51.0573936237705,-9.9449552062537,0],[-51.0573943381311,-9.9449554096347,0],[-51.0591681804355,-9.94155565231697,0],[-51.0594477057224,-9.94101990461041,0],[-51.0615011940424,-9.93708417196572,0],[-51.0635546809101,-9.93314843875573,0],[-51.0656081690888,-9.92921270589915,0],[-51.0676616558681,-9.92527697341121,0],[-51.0697151430987,-9.92134124040184,0],[-51.0717686308073,-9.91740550779021,0],[-51.0738221181077,-9.9134697746868,0],[-51.0758756050265,-9.90953404201081,0],[-51.0779290925022,-9.90559830887229,0],[-51.0793769698306,-9.90282330568367,0],[-51.0794260451846,-9.90282329408645,0],[-51.0794260225825,-9.90272928946261,0],[-51.0796601470132,-9.90228056154358,0],[-51.0796995669239,-9.90228055219592,0],[-51.0796995487073,-9.90220504290982,0],[-51.0798017348014,-9.9020091893803,0],[-51.0799731534525,-9.90200914862691,0],[-51.0799730739688,-9.9016807961248,0],[-51.0799825796492,-9.9016625761906,0],[-51.0826451371266,-9.90291058667677,0],[-51.0853076945244,-9.90415859751992,0],[-51.086185513783,-9.90817824010479,0],[-51.0863532256242,-9.90894621951766,0],[-51.0859249080935,-9.90915870054052,0],[-51.0855637608879,-9.90915879275894,0],[-51.0855638072937,-9.90933783540036,0],[-51.0853076797826,-9.90946489508601,0],[-51.0855639718782,-9.90997280793539,0],[-51.085721993639,-9.91028597083093,0],[-51.0857220282443,-9.91041922358942,0],[-51.0857892241483,-9.91041920642668,0],[-51.0858377715453,-9.91051541484555,0],[-51.0859957938289,-9.91082857759774,0],[-51.0859958285467,-9.91096183035098,0],[-51.0860630245607,-9.91096181313252,0],[-51.0861115721184,-9.91105802150733,0],[-51.086385231561,-9.91105795120506,0],[-51.0863853025782,-9.91132928956512,0],[-51.0863853735974,-9.91160062792074,0],[-51.0863855866672,-9.91241464296135,0],[-51.086543528257,-9.91241460227961,0],[-51.0865436453391,-9.91286105814454,0],[-51.0868173062737,-9.91286098747737,0],[-51.0868175204367,-9.91367500244768,0],[-51.0870911820443,-9.91367493155147,0],[-51.08709132528,-9.91421760817249,0],[-51.0873649873356,-9.91421753704919,0],[-51.0873652747319,-9.91530289023079,0],[-51.0876389376857,-9.91530281887638,0],[-51.0876390818463,-9.91584549543697,0],[-51.0878598933672,-9.91584543769715,0],[-51.0879128098244,-9.91608774673164,0],[-51.0879128898674,-9.9163881003944,0],[-51.0881815947099,-9.91638802988888,0],[-51.0884602175653,-9.91638795655374,0],[-51.0884602903282,-9.91665929481275,0],[-51.0898232993645,-9.91665893271705,0],[-51.0901022926146,-9.91672436230226,0],[-51.090102348838,-9.9169301961645,0],[-51.0909789745026,-9.91692995962019,0],[-51.0911970201123,-9.91698109443082,0],[-51.0911970809768,-9.91720123866175,0],[-51.0921346524177,-9.91720098252136,0],[-51.0923183564783,-9.91724406275955,0],[-51.0939338461839,-9.91762293346208,0],[-51.0939338804232,-9.9177431600899,0],[-51.0942075453515,-9.91774308336039,0],[-51.0942076228526,-9.91801442155382,0],[-51.0953022834437,-9.91801411239499,0],[-51.0953023618477,-9.91828545057536,0],[-51.0966706886616,-9.91828505909342,0],[-51.0966707681935,-9.91855639725856,0],[-51.0979126494208,-9.91855603711229,0],[-51.0980391049028,-9.91858569333338,0],[-51.0980391767361,-9.91882733833448,0],[-51.0990681952985,-9.9188270360398,0],[-51.0991338445348,-9.91884243198257,0],[-51.099133921464,-9.91909835478458,0],[-51.0996812534827,-9.91909819259752,0],[-51.0996813354983,-9.91936953072489,0],[-51.1013233328489,-9.91936903879207,0],[-51.1013233281669,-9.91935380018358,0],[-51.1024180699571,-9.91960136131831,0],[-51.1024180819711,-9.91964004447184,0],[-51.10258889781,-9.91963999227607,0],[-51.1026917556562,-9.91966325127412,0],[-51.1026918329007,-9.91991129889962,0],[-51.1035128328585,-9.91991104655642,0],[-51.1035129180337,-9.9201823846383,0],[-51.1046075855106,-9.9201820450455,0],[-51.104607671589,-9.92045338311351,0],[-51.1059760070053,-9.92045295358693,0],[-51.1059760942123,-9.92072429163868,0],[-51.1070707634011,-9.92072394398871,0],[-51.1070708515113,-9.92099528202631,0],[-51.1081655215604,-9.920994930794,0],[-51.1081656105741,-9.9212662688174,0],[-51.1092602814831,-9.92126591400256,0],[-51.1092603714001,-9.92153725201175,0],[-51.1106287111044,-9.92153680345652,0],[-51.1106286200613,-9.92126546545983,0],[-51.1109022877691,-9.92126537508139,0],[-51.1109018314667,-9.91990868504503,0],[-51.1111754980459,-9.91990859445593,0],[-51.1111752236204,-9.91909458038909,0],[-51.1114488895215,-9.91909448958431,0],[-51.1114484310725,-9.91773779939798,0],[-51.1117220958452,-9.91773770838266,0],[-51.1117216363365,-9.91638101809948,0],[-51.1119952999809,-9.91638092687367,0],[-51.1119949315212,-9.91529557457852,0],[-51.1119348842236,-9.91529559461224,0],[-51.1119755732427,-9.91511798814331,0],[-51.1122457240386,-9.91393880017977,0],[-51.1122681326222,-9.91393879268503,0],[-51.1122680993937,-9.91384113148081,0],[-51.1123078915275,-9.91366744124901,0],[-51.1125417016906,-9.91366736293431,0],[-51.1125414240711,-9.91285334860349,0],[-51.1128150847819,-9.91285325674144,0],[-51.1128149920224,-9.91258191862499,0],[-51.1130886525055,-9.91258182654241,0],[-51.1130885595236,-9.91231048842406,0],[-51.1141832005294,-9.91231011787312,0],[-51.1141830460635,-9.91186366237331,0],[-51.1142987647477,-9.9118636229941,0],[-51.1142987843915,-9.91192034351383,0],[-51.1161448683256,-9.91203810676519,0],[-51.1158250667278,-9.91203821725739,0],[-51.1158252571889,-9.91258089344629,0],[-51.1180145407387,-9.91258013090641,0],[-51.1180144437068,-9.91230879283538,0],[-51.1182881039131,-9.91230869651664,0],[-51.1182880411465,-9.91213357915757,0],[-51.1184037599083,-9.91213353836224,0],[-51.1184037773633,-9.91218219018299,0],[-51.1196244082009,-9.9122600402809,0],[-51.1196266942183,-9.91226015795057,0],[-51.124417041366,-9.91244612563848,0],[-51.1261548205947,-9.91257717035502,0],[-51.1248560506665,-9.91257765594179,0],[-51.1248561533265,-9.91284899393929,0],[-51.1273190984794,-9.9128480687924,0],[-51.1273192031674,-9.91311940675971,0],[-51.1278665247296,-9.91311919871158,0],[-51.1278664195916,-9.91284786075007,0],[-51.1286874012371,-9.91284754701331,0],[-51.1286875070502,-9.91311888496606,0],[-51.1289611678177,-9.913118779938,0],[-51.1289615920007,-9.91420413169354,0],[-51.1286879303332,-9.91420423673332,0],[-51.1286885653488,-9.91583226425291,0],[-51.1288042853622,-9.91583221985602,0],[-51.1288043229305,-9.91592844050953,0],[-51.1288044288733,-9.91619977841133,0],[-51.1288047467201,-9.91701379209048,0],[-51.1288048105426,-9.91717957049406,0],[-51.1286736646784,-9.91729282842196,0],[-51.1288049140249,-9.91744223551222,0],[-51.1288049586332,-9.91755646785468,0],[-51.1288051705585,-9.91809914360135,0],[-51.1289631146485,-9.91809908292674,0],[-51.1289631831216,-9.91827420015285,0],[-51.1292368481625,-9.91827409484588,0],[-51.1292372734778,-9.91935944625684,0],[-51.1295109394164,-9.91935934071487,0],[-51.1295114722552,-9.92071602986532,0],[-51.1292378051907,-9.92071613542201,0],[-51.1292379115425,-9.92098747324187,0],[-51.1270485731161,-9.92098830968049,0],[-51.1270486776692,-9.92125964751927,0],[-51.1267750101271,-9.92125975107218,0],[-51.126775114458,-9.92153108890954,0],[-51.1265014466877,-9.92153119224204,0],[-51.1265018631404,-9.92261654355904,0],[-51.1262281944661,-9.92261664667973,0],[-51.1262284022599,-9.92315932231768,0],[-51.1259547331322,-9.92315942522078,0],[-51.125954769897,-9.92325564584305,0],[-51.1247021464515,-9.92325611399938,0],[-51.1247025570536,-9.92434146528017,0],[-51.1259551846235,-9.92434099707164,0],[-51.1259552515424,-9.92451611425334,0],[-51.1256815812854,-9.92451621694742,0],[-51.1256824090941,-9.92668691919446,0],[-51.1254087370315,-9.92668702168801,0],[-51.1254091501058,-9.92777237271776,0],[-51.1251354771388,-9.9277724749993,0],[-51.1251357862995,-9.92858648823409,0],[-51.1248621126534,-9.92858659030071,0],[-51.1248625240074,-9.92967194123045,0],[-51.1245888494568,-9.92967204308495,0],[-51.1245892599564,-9.93075739395587,0],[-51.1243155845011,-9.93075749559822,0],[-51.1243160965645,-9.93211418410234,0],[-51.1240424199791,-9.9321142855353,0],[-51.1240430331992,-9.93374231161245,0],[-51.1237693552579,-9.93374241283878,0],[-51.123769559237,-9.93428508816835,0],[-51.1234958808417,-9.93428518917672,0],[-51.1234962879329,-9.93537053979451,0],[-51.1232226086325,-9.93537064059051,0],[-51.1232230148682,-9.93645599114931,0],[-51.1229493346627,-9.93645609173289,0],[-51.1229495373469,-9.9369987669916,0],[-51.1226758566872,-9.93699886735712,0],[-51.1226759578081,-9.93727020498266,0],[-51.122128596029,-9.9372704050483,0],[-51.1221284953593,-9.9369990674172,0],[-51.1215811340199,-9.93699926658264,0],[-51.1215810338043,-9.93672792894159,0],[-51.1207599924503,-9.93672822600406,0],[-51.1207598929143,-9.93645688835032,0],[-51.1199388522114,-9.93645718339171,0],[-51.119938753355,-9.93618584572543,0],[-51.1191177133032,-9.93618613874587,0],[-51.1191176151263,-9.93591480106699,0],[-51.1180228959202,-9.93591518861917,0],[-51.1180227986484,-9.93564385092515,0],[-51.1174754394797,-9.93564404335409,0],[-51.1174753426617,-9.93537270565029,0],[-51.1166543045646,-9.93537299260851,0],[-51.1166544007058,-9.93564433003047,0],[-51.1163807208904,-9.9356444252387,0],[-51.1163808170275,-9.93591576323848,0],[-51.116381200729,-9.93700111403476,0],[-51.1161075200015,-9.93700120903251,0],[-51.1161079028445,-9.93808655976915,0],[-51.115834221212,-9.9380866545538,0],[-51.1158344121986,-9.93862932961123,0],[-51.1155607298936,-9.93862942417753,0],[-51.115560825384,-9.93890076213698,0],[-51.1155610159359,-9.93944343746313,0],[-51.1152873331697,-9.93944353181355,0],[-51.1152876183411,-9.94025754477783,0],[-51.1150139348952,-9.94025763891238,0],[-51.1150142194141,-9.94107165184498,0],[-51.1147405352884,-9.94107174576365,0],[-51.1147406990014,-9.94154121656571,0],[-51.1147411030453,-9.942699771526,0],[-51.1144674175628,-9.94269986523656,0],[-51.1144676063853,-9.94324254046077,0],[-51.1141939204486,-9.94324263395275,0],[-51.1141943914236,-9.9445993219494,0],[-51.1139207043553,-9.94459941523055,0],[-51.1139207983325,-9.94487075252949,0],[-51.1139210802808,-9.94568476555921,0],[-51.1136473923067,-9.94568485862688,0],[-51.113647861145,-9.94704154645189,0],[-51.1133741720392,-9.94704163930862,0],[-51.1133743591417,-9.94758431441301,0],[-51.1131006695816,-9.947584407051,0],[-51.113100762911,-9.94785574459923,0],[-51.1120060037403,-9.94785611292243,0],[-51.1120059113143,-9.94758477536397,0],[-51.1111848425861,-9.94758504924773,0],[-51.1111847508402,-9.94731371167732,0],[-51.1098163040364,-9.94731416365969,0],[-51.1098162134223,-9.94704282607226,0],[-51.1084477676828,-9.94704327244486,0],[-51.1084476782004,-9.94677193484066,0],[-51.1076266114034,-9.94677219997018,0],[-51.1076265226011,-9.94650086235418,0],[-51.1068054564585,-9.94650112546145,0],[-51.1068053683362,-9.94622978783378,0],[-51.1065316798428,-9.94622987508603,0],[-51.1065317677393,-9.94650121271613,0],[-51.1062580790176,-9.94650129974692,0],[-51.1062579913469,-9.9462299621144,0],[-51.1059843028484,-9.94623004891891,0],[-51.1059843902933,-9.94650138655384,0],[-51.1057107015666,-9.94650147313689,0],[-51.1057106143475,-9.94623013549954,0],[-51.1051632373381,-9.94623030798921,0],[-51.1051631505731,-9.94595897034267,0],[-51.1043420857178,-9.945959227391,0],[-51.1043419996326,-9.94568788973283,0],[-51.1035209354325,-9.94568814475929,0],[-51.1035208500273,-9.94541680708975,0],[-51.1024260986294,-9.94541714398166,0],[-51.1024260141297,-9.94514580629833,0],[-51.1016049512333,-9.94514605660987,0],[-51.1016048674133,-9.94487471891517,0],[-51.1010574925886,-9.94487488466569,0],[-51.1010574092226,-9.94460354696196,0],[-51.0999626604475,-9.9446038757678,0],[-51.099962577987,-9.94433253805059,0],[-51.0985941430938,-9.94433294401036,0],[-51.0985940617645,-9.94406160627742,0],[-51.0980466882423,-9.94406176709007,0],[-51.0980466073668,-9.9437904293483,0],[-51.0969518611979,-9.94379074827889,0],[-51.0969517812277,-9.94351941052381,0],[-51.0955833495937,-9.94351980414028,0],[-51.0955832707545,-9.94324846636992,0],[-51.0944885263096,-9.94324877722592,0],[-51.0944884483756,-9.9429774394425,0],[-51.0931200188979,-9.94297782296629,0],[-51.0931200957032,-9.94324916076038,0],[-51.0928464095753,-9.94324923679587,0],[-51.0928465627411,-9.94379191237513,0],[-51.0925728761594,-9.94379198819104,0],[-51.0925731052472,-9.9446060015333,0],[-51.0922994179862,-9.9446060771317,0],[-51.092299798714,-9.94596276595827,0],[-51.0920261103219,-9.94596284134332,0],[-51.0920264140401,-9.94704819233384,0],[-51.0917527247425,-9.94704826750339,0],[-51.0917531033101,-9.94840495615321,0],[-51.0914794128811,-9.9484050311093,0],[-51.0914795638716,-9.94894770654266,0],[-51.0912058729887,-9.94894778127898,0],[-51.091206174092,-9.95003313210129,0],[-51.0909324823034,-9.95003320662196,0],[-51.0909327074759,-9.95084721969875,0],[-51.0906590150074,-9.95084729400167,0],[-51.0906590898432,-9.9511186316872,0],[-51.0903853971467,-9.9511187057682,0],[-51.0903858448512,-9.95274673180154,0],[-51.0901121507968,-9.95274680567088,0],[-51.090112374,-9.95356081863441,0],[-51.0898386792656,-9.95356089228587,0],[-51.0898387534449,-9.95383222993365,0],[-51.0890176685509,-9.9538324495499,0],[-51.0890175950496,-9.95356111189602,0],[-51.0881965108146,-9.95356132948983,0],[-51.0881964379933,-9.95328999182554,0],[-51.08819147843,-9.9532899931337,0],[-51.0871016598881,-9.9532902788061,0],[-51.0871015879728,-9.95301894112944,0],[-51.0862805050501,-9.95301915400661,0],[-51.0862804338148,-9.95274781631957,0],[-51.0849119633662,-9.9527481666246,0],[-51.0849118932627,-9.95247682892349,0],[-51.0840908116473,-9.95247703641251,0],[-51.0840907422236,-9.95220569870124,0],[-51.0829959676125,-9.95220597220947,0],[-51.0829958990946,-9.95193463448619,0],[-51.0819417677006,-9.95193489444648,0],[-51.0816274097006,-9.95184551821637,0],[-51.0816273645301,-9.95166363358487,0],[-51.081079978097,-9.95166376674747,0],[-51.0810799111647,-9.95139242900237,0],[-51.0802588321786,-9.95139262706079,0],[-51.0802587659259,-9.95112128930574,0],[-51.0791639948217,-9.95112155024054,0],[-51.0791639294746,-9.95085021247387,0],[-51.0783428518045,-9.95085040581778,0],[-51.078342787137,-9.95057906804129,0],[-51.077248017788,-9.95057932269043,0],[-51.0772479540261,-9.95030798490254,0],[-51.0764268776728,-9.95030817353246,0],[-51.0764268145904,-9.95003683573491,0],[-51.0756057388986,-9.95003702234397,0],[-51.0756056764957,-9.94976568453675,0],[-51.0743132175034,-9.94976597418754,0],[-51.0742372132197,-9.94974436515027,0],[-51.0742371568315,-9.94949465324414,0],[-51.0733595850178,-9.9494948468639,0],[-51.0728686685648,-9.94935527277665,0],[-51.0728686393841,-9.9492236163316,0],[-51.0724059549991,-9.94922371680553,0],[-51.0720475433087,-9.94912181428758,0],[-51.0720475061957,-9.94895245634931,0],[-51.0715001241541,-9.9489525737996,0],[-51.0715000651464,-9.94868123594975,0],[-51.0704986987145,-9.94868144848635,0],[-51.0704052962555,-9.94865489174122,0],[-51.070405243844,-9.94841013029602,0],[-51.0701315530471,-9.94841018778638,0],[-51.069545042343,-9.94841031023232,0],[-51.0693104674518,-9.94834361764814,0],[-51.0693104243234,-9.94813902104235,0],[-51.0685913674564,-9.94813916924862,0],[-51.0684893471951,-9.94811016303818,0],[-51.0684892967231,-9.94786785226927,0],[-51.0676682263042,-9.94786801935684,0],[-51.067668170465,-9.94759668146725,0],[-51.0668471007092,-9.94759684653505,0],[-51.0668470455492,-9.94732550863654,0],[-51.065752286756,-9.94732572558629,0],[-51.0657522325009,-9.9470543876773,0],[-51.0649311640672,-9.94705454803425,0],[-51.0649311104911,-9.94678321011644,0],[-51.0638363534613,-9.94678342078539,0],[-51.0638363007901,-9.94651208285731,0],[-51.0628693343952,-9.94651226595067,0],[-51.0628691948138,-9.94651226597689,0],[-51.0627415377101,-9.94647597016132,0],[-51.0627415377017,-9.94647592584274,0],[-51.0627414928729,-9.94624095200016,0],[-51.0621941152403,-9.94624105419459,0],[-51.0621940639269,-9.94596971624915,0],[-51.0610993095472,-9.94596991794594,0],[-51.0610992591385,-9.94569857999041,0],[-51.060278194016,-9.94569872890829,0],[-51.0602781442862,-9.94542739094433,0],[-51.0590549030753,-9.94542760906292,0],[-51.0590542170304,-9.94542760918399,0],[-51.0589096961514,-9.94538651852393,0],[-51.0589096961154,-9.94538631773383,0],[-51.0589096549163,-9.9451562966817,0],[-51.0581012818058,-9.94515643801574,0],[-51.058100460742,-9.9451564381583,0],[-51.0572675273008,-9.94515658174165,0],[-51.0572675745455,-9.94542791972473,0],[-51.056993886379,-9.94542796645256,0],[-51.0569940274441,-9.9462419803794,0],[-51.0567203385989,-9.94624202688726,0],[-51.0567204321974,-9.94678470281911,0],[-51.0564467428991,-9.94678474910567,0],[-51.0564467894746,-9.94705608706628,0],[-51.0561730999492,-9.94705613313024,0],[-51.0561731463001,-9.94732747108777,0],[-51.0558994565476,-9.94732751692912,0],[-51.055899502674,-9.94759885488348,0],[-51.0556258126943,-9.9475989005022,0],[-51.0556260422169,-9.94895559021466,0],[-51.0553523511066,-9.9489556356158,0],[-51.0553524881583,-9.94976964939428,0],[-51.0550787963691,-9.94976969457525,0],[-51.0550789327548,-9.95058370831804,0],[-51.0548052402865,-9.9505837532788,0],[-51.0548053760062,-9.95139776698581,0],[-51.0545316828589,-9.95139781172634,0],[-51.0545317728933,-9.95194048751151,0],[-51.0539843856909,-9.95194057632553,0],[-51.053984341125,-9.95166923843264,0],[-51.0528895676088,-9.9516694133678,0],[-51.0528895239479,-9.95139807546572,0],[-51.0517947513155,-9.95139824681219,0],[-51.0517947085595,-9.95112690890091,0],[-51.0504262438711,-9.95112711803842,0],[-51.0504262854974,-9.95139845595552,0],[-51.0501525923302,-9.95139849711222,0],[-51.0501526337318,-9.95166983502602,0],[-51.0498789403375,-9.95166987595987,0],[-51.0498791050518,-9.95275522757583,0],[-51.0496054107525,-9.95275526829021,0],[-51.0496055745818,-9.95384061984042,0],[-51.0493318793774,-9.95384066033528,0],[-51.0493320830603,-9.95519734967974,0],[-51.0490583867247,-9.95519738995615,0],[-51.0490585082704,-9.95601140351347,0],[-51.0487848112555,-9.95601144356914,0],[-51.0487849724284,-9.9570967949218,0],[-51.0485112745081,-9.95709683475781,0],[-51.0485114347952,-9.95818218604451,0],[-51.0482377359694,-9.9581822256608,0],[-51.0482378953704,-9.95926757688161,0],[-51.0479641956391,-9.95926761627813,0],[-51.0479642096913,-9.95936383689332,0],[-51.0478062454507,-9.959363859529,0],[-51.0478063244455,-9.95990653511331,0],[-51.04753262418,-9.95990657415883,0],[-51.0475327420023,-9.96072058750564,0],[-51.0464379382152,-9.96072074145873,0],[-51.0464379765869,-9.96099207923644,0],[-51.0461642754113,-9.96099211716526,0],[-51.0461645043075,-9.96262014374573,0],[-51.046711909372,-9.9626200676512,0],[-51.0467122045548,-9.96469454890948,0],[-51.0465964671019,-9.96469456507619,0],[-51.0465965826603,-9.96550857820116,0],[-51.0463228777198,-9.96550861627697,0],[-51.0463230061905,-9.96641884994242,0],[-51.0461650385517,-9.9664188718176,0],[-51.0461652675789,-9.96804689787008,0],[-51.0463232360015,-9.96804687599126,0],[-51.0463232607232,-9.96822199308474,0],[-51.0460495535186,-9.96822203094675,0],[-51.0460495915986,-9.96849336860436,0],[-51.0457758841665,-9.96849340624304,0],[-51.045775900466,-9.96861023942538,0],[-51.0450785041352,-9.96873454093758,0],[-51.0456888866747,-9.96999831436058,0],[-51.0447856390827,-9.97130313662126,0],[-51.0442497572994,-9.97130320899736,0],[-51.0442498607886,-9.97207711089393,0],[-51.0439239812355,-9.97254786770569,0],[-51.0417865944523,-9.97307148999383,0],[-51.0417865074828,-9.97238887694329,0],[-51.0409653753862,-9.97238897874105,0],[-51.0409654770596,-9.97320299155311,0],[-51.0412391884388,-9.97320295784218,0],[-51.0412391887701,-9.97320559253022,0],[-51.0403063965879,-9.97343410401584,0],[-51.0377783393749,-9.97323996015264,0],[-51.0377429659112,-9.97369260774258,0],[-51.0381489123894,-9.97397446687768,0],[-51.0372120224756,-9.97598378044802,0],[-51.0357954998323,-9.97652404461885,0],[-51.0357302575667,-9.9777987095133,0],[-51.0363842386337,-9.9793325487626,0],[-51.0396928827534,-9.97794623364412,0],[-51.0419753719962,-9.97698984941887,0],[-51.0422244404331,-9.97518382147901,0],[-51.0444037363041,-9.97477305549432,0],[-51.0449556289995,-9.97482053169369,0],[-51.044955840392,-9.97636230808911,0],[-51.044682126389,-9.97636234485984,0],[-51.0446822743155,-9.97744769495625,0],[-51.0444085594053,-9.97744773150647,0],[-51.0444087432044,-9.97880441903294,0],[-51.0441350271603,-9.97880445536361,0],[-51.044135173312,-9.97988980530953,0],[-51.0438614563605,-9.97988984141958,0],[-51.0438616379405,-9.98124652875787,0],[-51.0435879198547,-9.98124656464826,0],[-51.0435880642308,-9.98233191444354,0],[-51.0433143452374,-9.98233195011321,0],[-51.0433144528502,-9.98314596241632,0],[-51.0430407331758,-9.98314599786423,0],[-51.0430409470688,-9.98477402235751,0],[-51.042767226033,-9.98477405758656,0],[-51.0427675803353,-9.98748743139904,0],[-51.0438624735427,-9.98748728909488,0],[-51.0438625098857,-9.98775862644795,0],[-51.0446836804607,-9.98775851735622,0],[-51.0446837174851,-9.98802985470182,0],[-51.0457786124776,-9.98802970609452,0],[-51.0457786504103,-9.98830104343166,0],[-51.0468735462927,-9.98830089122286,0],[-51.0468735851338,-9.98857222855134,0],[-51.0479684819057,-9.98857207274085,0],[-51.0479685216552,-9.98884341006058,0],[-51.0487896949027,-9.98884329083857,0],[-51.0487897353338,-9.98911462815059,0],[-51.0498846338883,-9.98911446603553,0],[-51.0498846752279,-9.9893858033387,0],[-51.0509795746708,-9.98938563762136,0],[-51.050979616919,-9.98965697491551,0],[-51.05207451725,-9.9896568055957,0],[-51.0520745604068,-9.98992814288072,0],[-51.0528957363227,-9.98992801352618,0],[-51.0528957801612,-9.9901993508032,0],[-51.0539906822723,-9.99019917517738,0],[-51.0539907270196,-9.99047051244522,0],[-51.0548119042701,-9.9904703783609,0],[-51.0548119496992,-9.99074171562054,0],[-51.0559068535892,-9.99074153368801,0],[-51.0559068999271,-9.99101287093819,0],[-51.0567280785114,-9.99101273212358,0],[-51.0567281255313,-9.99128406936554,0],[-51.0580967576125,-9.99128383350336,0],[-51.0580968057682,-9.99155517073435,0],[-51.0591917123161,-9.99155497799098,0],[-51.0591917613807,-9.99182631521225,0],[-51.0602866688137,-9.99182611886487,0],[-51.0602867187874,-9.99209745607625,0],[-51.0611079000278,-9.99209730644994,0],[-51.0611079506836,-9.99236864365282,0],[-51.0622028598917,-9.99236844099654,0],[-51.0622029114566,-9.99263977818937,0],[-51.0632978215488,-9.99263957192851,0],[-51.0632978740228,-9.9929109091112,0],[-51.0643927849987,-9.99291069924555,0],[-51.064392838382,-9.99318203641802,0],[-51.0654877502411,-9.99318182294739,0],[-51.0654878045337,-9.99345316010959,0],[-51.0665827172758,-9.99345294303378,0],[-51.0665827724777,-9.99372428018552,0],[-51.0679514145046,-9.99372400377164,0],[-51.0679514708427,-9.9939953409113,0],[-51.0687726567204,-9.99399517235878,0],[-51.068772713741,-9.99426650948939,0],[-51.0701413579727,-9.99426622406128,0],[-51.0701414161298,-9.99453756117958,0],[-51.0712363323931,-9.99453732878115,0],[-51.0712363914597,-9.99480866588857,0],[-51.0720575793205,-9.99480848922258,0],[-51.0720576390696,-9.99507982632067,0],[-51.0731525571012,-9.99507958760961,0],[-51.07315261776,-9.99535092469676,0],[-51.0745212663955,-9.99535062123722,0],[-51.074521328191,-9.9956219583115,0],[-51.0753425180321,-9.99562177353069,0],[-51.0753425805102,-9.99589311059548,0],[-51.0769849615062,-9.99589273494836,0],[-51.0769850253481,-9.99616407199828,0],[-51.0780799468837,-9.99616381705961,0],[-51.0780800116355,-9.99643515409813,0],[-51.0791749340496,-9.99643489555204,0],[-51.0791749997112,-9.99670623257895,0],[-51.0799961921832,-9.99670603630122,0],[-51.0799962585277,-9.99697737331828,0],[-51.080269989575,-9.99697730744048,0],[-51.0802701227239,-9.99751998145777,0],[-51.0799963912226,-9.99752004733922,0],[-51.079996656635,-9.99860539532803,0],[-51.0797229242236,-9.9986054609917,0],[-51.079723188758,-9.99969080891722,0],[-51.0794494554365,-9.99969087436305,0],[-51.0794497190927,-10.0007762222252,0],[-51.0791759848609,-10.0007762874531,0],[-51.0791763133378,-10.0021329721904,0],[-51.0789025779684,-10.0021330372023,0],[-51.0789028895948,-10.0034244107526,0],[-51.0775341289379,-10.0030942233266,0],[-51.0775340941139,-10.0029473697056,0],[-51.0769259509083,-10.0029475108435,0],[-51.0767128738513,-10.0028961088284,0],[-51.0767128222625,-10.0026762230873,0],[-51.0758916147365,-10.0026764113786,0],[-51.0758915517595,-10.0024050744276,0],[-51.0746851658088,-10.0024053473524,0],[-51.0728186922739,-10.0019517053865,0],[-51.0700647646645,-10.0012823754217,0],[-51.0695953685792,-10.0011682862417,0],[-51.0695953433566,-10.0010497656201,0],[-51.0693216088344,-10.0010498227452,0],[-51.0693215513188,-10.0007784857281,0],[-51.0682266141219,-10.0007787119711,0],[-51.0682265575164,-10.0005073749433,0],[-51.0671316212021,-10.0005075975782,0],[-51.0671315655067,-10.0002362605398,0],[-51.0657628962135,-10.0002365337607,0],[-51.0657628416552,-9.99996519671036,0],[-51.0646443192546,-9.99996541581085,0],[-51.0643941615037,-9.99990474329442,0],[-51.0643941200373,-9.99969412723397,0],[-51.0635729197823,-9.99969428507981,0],[-51.0635728670438,-9.99942294800886,0],[-51.0627516674565,-9.99942310382452,0],[-51.0627516154006,-9.99915176674481,0],[-51.0613055030374,-9.99915203620033,0],[-51.0605617179444,-9.99897047116279,0],[-51.0605617013485,-9.99888083524269,0],[-51.0601947961303,-9.99888090178785,0],[-51.0600142275226,-9.99883682192065,0],[-51.0600141858337,-9.99860959699509,0],[-51.0597404535204,-9.99860964651826,0],[-51.0594667207683,-9.9986096955266,0],[-51.0594666714416,-9.99833835812718,0],[-51.0591929393524,-9.99833840719885,0],[-51.0586454747327,-9.99833850408739,0],[-51.0586454260885,-9.99806716696933,0],[-51.0572767656502,-9.99806740524542,0],[-51.0572767181427,-9.99779606811638,0],[-51.0559080588057,-9.99779630075952,0],[-51.0559080124347,-9.99752496361964,0],[-51.0553605491447,-9.99752505509898,0],[-51.0553605808902,-9.99771265007423,0],[-51.0548130949568,-9.99757950235889,0],[-51.0548130858494,-9.99752514567814,0],[-51.0545897388537,-9.99752518237291,0],[-51.0542656094644,-9.9974463528354,0],[-51.0542655775415,-9.99725389820519,0],[-51.0534747991676,-9.99725402614849,0],[-51.0528968976634,-9.997113476882,0],[-51.052896876532,-9.99698278129585,0],[-51.0523598613111,-9.99698286617665,0],[-51.0522201097144,-9.99694887662363,0],[-51.0520756719064,-9.99691374841838,0],[-51.0520756397263,-9.99671157357322,0],[-51.0512544467793,-9.99671170099207,0],[-51.0512544042727,-9.99644036381379,0],[-51.0501594812345,-9.99644053055056,0],[-51.0501594396372,-9.99616919336322,0],[-51.0490023594509,-9.99616936564801,0],[-51.0487907794151,-9.9961188824845,0],[-51.0487907464866,-9.99589805951821,0],[-51.0479695555401,-9.9958981788261,0],[-51.0479695591702,-9.9959229398649,0],[-51.0476210452363,-9.99583978433182,0],[-51.043620181848,-9.99485657579038,0],[-51.0435897304914,-9.99484909267852,0],[-51.0435897257412,-9.99481343201978,0],[-51.0434446899858,-9.9948134509715,0],[-51.0433159921254,-9.99478182409636,0],[-51.043315960398,-9.99454213049457,0],[-51.0427685019946,-9.99454220124795,0],[-51.0427684665335,-9.99427086400119,0],[-51.0416735506224,-9.99427100280434,0],[-51.0416735160701,-9.99399966554933,0],[-51.0405786010511,-9.99399980060422,0],[-51.0405785674076,-9.99372846348603,0],[-51.0403048386588,-9.99372849672268,0],[-51.039483653281,-9.99372859508275,0],[-51.0394836205462,-9.99345725781154,0],[-51.0379267960435,-9.9934574387226,0],[-51.0370200405328,-9.99323460340332,0],[-51.0370200350583,-9.99318620345262,0],[-51.0368231796354,-9.99318622527352,0],[-51.036746304848,-9.99316733302235,0],[-51.0367462765064,-9.99291489647438,0],[-51.0359250929172,-9.99291498605356,0],[-51.0359250631352,-9.99264364875798,0],[-51.0348301525788,-9.99264376504447,0],[-51.0348301237054,-9.99237242774124,0],[-51.0335250878853,-9.9923725616395,0],[-51.033461485061,-9.99235725979804,0],[-51.0334614588878,-9.99210123072285,0],[-51.0326402773113,-9.99210131219733,0],[-51.0326402502547,-9.99182997487917,0],[-51.0312716154131,-9.99183010616787,0],[-51.0312715894917,-9.99155876884162,0],[-51.0301766825126,-9.99155886982126,0],[-51.0301766574995,-9.99128753248783,0],[-51.0294712248041,-9.99128759563971,0],[-51.029471038063,-9.98921311726396,0],[-51.0289235884882,-9.98921316523357,0],[-51.0289234926177,-9.98812781570847,0],[-51.0283760448547,-9.98812786277344,0],[-51.0283759885957,-9.98747860845963,0],[-51.030304553564,-9.98779126717513,0],[-51.0305003971751,-9.984507385462,0],[-51.0302167285896,-9.98076985601498,0],[-51.0308704069741,-9.97930069884211,0],[-51.0337747476712,-9.97914727086352,0],[-51.0339214346858,-9.97830660074729,0],[-51.0316548498566,-9.9779179452853,0],[-51.0332456315127,-9.97636227561324,0],[-51.0320271078804,-9.9761402000895,0],[-51.0302236756282,-9.97666438541968,0],[-51.0287344221722,-9.97709724346582,0],[-51.0274704212775,-9.97746462434174,0],[-51.0267294928872,-9.97815602460922,0],[-51.0250405030559,-9.97845861655854,0],[-51.0247244854415,-9.97835061793717,0],[-51.0239725949275,-9.97825345347816,0],[-51.0237220440931,-9.97853432837774,0],[-51.0237220511194,-9.97863141476438,0],[-51.0234571479023,-9.97863143349903,0],[-51.0245659021762,-9.97525006953899,0],[-51.0256800892332,-9.97185214201275,0],[-51.0267942760956,-9.96845421465513,0],[-51.0269771403403,-9.96768144124077,0],[-51.0271637091994,-9.96768142611509,0],[-51.0271636439606,-9.96689328558508,0],[-51.0271697661902,-9.96686741241873,0],[-51.027437347952,-9.96686739053999,0],[-51.0274372534516,-9.9657370170908,0],[-51.0274908074654,-9.9655106973861,0],[-51.0277109395337,-9.96551067919345,0],[-51.0277108708112,-9.9646966658935,0],[-51.0279845751327,-9.96469664307289,0],[-51.0279844666854,-9.96342451628848,0],[-51.0280044769564,-9.96333995247728,0],[-51.0282581626668,-9.96333993111315,0],[-51.0282580704277,-9.96226827041376,0],[-51.0282613096248,-9.96225457962797,0],[-51.0285317715336,-9.96225455663869,0],[-51.0285316772222,-9.96116920535989,0],[-51.0288053786009,-9.96116918187487,0],[-51.0288052721676,-9.95995582027815,0],[-51.0289033971378,-9.95954114635255,0],[-51.0290789358183,-9.95954113112329,0],[-51.0290788701644,-9.95879959883267,0],[-51.0290960216994,-9.95872711604934,0],[-51.0293525630895,-9.95872709361529,0],[-51.029352469205,-9.95767649025971,0],[-51.0293609851589,-9.95764174136745,0],[-51.0296261645371,-9.95764171796679,0],[-51.0296260669865,-9.95656004816507,0],[-51.0296269686828,-9.95655636631959,0],[-51.0298997641866,-9.95655634202919,0],[-51.0298996629188,-9.95544360487295,0],[-51.0299594467706,-9.9551996471203,0],[-51.03017333712,-9.95519962788357,0],[-51.0301732570032,-9.95432717033252,0],[-51.0304249197181,-9.95330023951398,0],[-51.0304468575313,-9.95330023751707,0],[-51.030446849241,-9.95321075539746,0],[-51.0306909044643,-9.95221486335825,0],[-51.0307204508958,-9.9522148606452,0],[-51.0307204396308,-9.95209434016962,0],[-51.030757400378,-9.95194351927609,0],[-51.0309941192215,-9.95194349741998,0],[-51.0309940936348,-9.95167215944588,0],[-51.0312677870953,-9.95167213396774,0],[-51.0312677612834,-9.95140079599002,0],[-51.0315414545172,-9.95140077028859,0],[-51.0315414024437,-9.95085809432135,0],[-51.031815095225,-9.95085806839737,0],[-51.0318150427026,-9.95031539241399,0],[-51.0315413503732,-9.95031541833653,0],[-51.0315413243391,-9.95004408033754,0],[-51.0318150164426,-9.95004405441573,0],[-51.0318148588982,-9.94841602633377,0],[-51.0320885496456,-9.94841600019236,0],[-51.032088470206,-9.94760198609427,0],[-51.0323621602752,-9.94760195973113,0],[-51.0323619413902,-9.94537766662725,0],[-51.0325458901933,-9.9446172231948,0],[-51.0326355541557,-9.94461721446252,0],[-51.0326355173947,-9.94424670382097,0],[-51.033007462642,-9.94270907026917,0],[-51.0332856037789,-9.94155922660758,0],[-51.0340459177362,-9.93841602497318,0],[-51.0350843732879,-9.93412297996803,0],[-51.03530191598,-9.93322074050819,0],[-51.0356448832484,-9.93322070419256,0],[-51.0356448538788,-9.93294936592848,0],[-51.0361922096231,-9.93294930724511,0],[-51.0361921499845,-9.93240663070707,0],[-51.0364658274044,-9.93240660103169,0],[-51.0364657372764,-9.93159258619427,0],[-51.0361920605329,-9.93159261586717,0],[-51.0361920009028,-9.93104993928529,0],[-51.0359183246094,-9.93104996873301,0],[-51.0359182950211,-9.93077863043467,0],[-51.0361919710891,-9.93077860098777,0],[-51.0361918518426,-9.92969324775385,0],[-51.036465527008,-9.92969321808673,0],[-51.0364653823968,-9.92838671380344,0],[-51.0364774501682,-9.92833652513605,0],[-51.0367390508798,-9.92833649656336,0],[-51.0367389298612,-9.92725114317825,0],[-51.0370126029964,-9.9272511130717,0],[-51.0370124749475,-9.92611106655879,0],[-51.0370645593304,-9.92589441548893,0],[-51.0372861226235,-9.92589439092015,0],[-51.0372860305298,-9.9250803757746,0],[-51.0375597018606,-9.92508034522799,0],[-51.037559559996,-9.92383540728695,0],[-51.0377821291137,-9.92290961297332,0],[-51.0378331240416,-9.92290960722406,0],[-51.0378330997102,-9.92269759394365,0],[-51.0379778294665,-9.92209557557321,0],[-51.0381066994765,-9.92209556095516,0],[-51.0381066375502,-9.92155978121167,0],[-51.038286153727,-9.92081305815066,0],[-51.0383039945896,-9.92073884623967,0],[-51.0383802103988,-9.92073883752732,0],[-51.0383801735175,-9.92042197723127,0],[-51.0384344635418,-9.92019615438914,0],[-51.0386538145068,-9.92019612918398,0],[-51.0386537508952,-9.91965345224929,0],[-51.0389274177167,-9.91965342060341,0],[-51.0389273216308,-9.91883940517116,0],[-51.0392009877758,-9.91883937330468,0],[-51.0392008265253,-9.91748268083444,0],[-51.0390868001278,-9.91748269413733,0],[-51.0391710090446,-9.91713241585568,0],[-51.039412969837,-9.91612596338631,0],[-51.0394743291909,-9.91612595617393,0],[-51.0394742986665,-9.91587085968034,0],[-51.0394782034677,-9.91585461718618,0],[-51.03974796039,-9.91585458534271,0],[-51.0397478252748,-9.91473309765007,0],[-51.0398043718486,-9.91449788593563,0],[-51.0400214594802,-9.91449786011893,0],[-51.0400213607462,-9.91368384444784,0],[-51.0402950226107,-9.91368381170575,0],[-51.0402949563427,-9.91314113457164,0],[-51.0405686177562,-9.91314110160827,0],[-51.0405684509778,-9.91178440870101,0],[-51.0408421112653,-9.91178437551915,0],[-51.0408420441107,-9.91124169832742,0],[-51.0411157039473,-9.91124166492435,0],[-51.0411155687498,-9.91015631049216,0],[-51.0413892276855,-9.91015627686978,0],[-51.0413891596428,-9.90961359962936,0],[-51.0416628181276,-9.90961356578582,0],[-51.0416626811541,-9.90852821125613,0],[-51.0419363387383,-9.90852817719336,0],[-51.0419362353437,-9.90771416125301,0],[-51.0422098922523,-9.90771412697011,0],[-51.0422097188235,-9.90635743365349,0],[-51.0424833746066,-9.90635739915242,0],[-51.0424832698867,-9.90554338311285,0],[-51.0422096147782,-9.90554341761103,0],[-51.0422095800984,-9.90527207892139,0],[-51.0420223835195,-9.90527210239118,0],[-51.0426743389472,-9.9025610955983,0],[-51.0435231057464,-9.89903170151763,0],[-51.0435770064384,-9.89884257049033,0],[-51.0435770313001,-9.89903111325106,0],[-51.0438506810093,-9.89903107766206,0],[-51.0438506450054,-9.89875973887345,0],[-51.0441242944889,-9.89875970306266,0],[-51.0441241858093,-9.89794568667349,0],[-51.0443978346177,-9.89794565064294,0],[-51.0443977617206,-9.89740297303034,0],[-51.0446714100786,-9.89740293677906,0],[-51.0446712633984,-9.89631758150543,0],[-51.0449449108569,-9.89631754503548,0],[-51.044944800184,-9.89550352853741,0],[-51.0452184469676,-9.89550349184781,0],[-51.0452183356304,-9.89468947531352,0],[-51.0454919817392,-9.8946894384043,0],[-51.0454919070706,-9.89414676069493,0],[-51.0457655527291,-9.8941467235651,0],[-51.0457655151719,-9.89387538470496,0],[-51.0460391606047,-9.8938753473535,0],[-51.046039122824,-9.89360400849002,0],[-51.0463127680312,-9.89360397091694,0],[-51.046312692024,-9.89306129317889,0],[-51.046586336781,-9.89306125538527,0],[-51.0465862985545,-9.8927899165108,0],[-51.0468599430859,-9.89278987849558,0],[-51.0468598277393,-9.89197586184902,0],[-51.0465861838815,-9.89197589986105,0],[-51.0465861456594,-9.89170456096911,0],[-51.046312502025,-9.89170459875745,0]],[[-51.088742947699,-9.95003379443516,0],[-51.0891323719087,-9.95003369088482,0],[-51.0891323979974,-9.95012991175961,0],[-51.0885850142256,-9.95013005718452,0],[-51.0885850873441,-9.95040139489715,0],[-51.0888587794569,-9.95040132229465,0],[-51.0888588528034,-9.95067266000085,0],[-51.0891325451401,-9.95067258717237,0],[-51.0891326187146,-9.95094392487215,0],[-51.089406311275,-9.95094385181766,0],[-51.0894062374746,-9.9506725141199,0],[-51.0902273144656,-9.95067229361869,0],[-51.0902271655157,-9.95012961822226,0],[-51.0899534736393,-9.95012969194253,0],[-51.0899533993934,-9.94985835423568,0],[-51.0894060160861,-9.94985850100027,0],[-51.0894059422941,-9.94958716328494,0],[-51.0891322508632,-9.94958723632928,0],[-51.0891322983412,-9.94976235317026,0],[-51.088742874453,-9.94976245671772,0],[-51.088742947699,-9.95003379443516,0]],[[-51.0883113223365,-9.95013012956104,0],[-51.0885850142256,-9.95013005718452,0],[-51.0885849411092,-9.94985871946751,0],[-51.0883112494461,-9.94985879184202,0],[-51.0877638661135,-9.94985893591918,0],[-51.0877639385522,-9.95013027364221,0],[-51.0877640109929,-9.95040161136085,0],[-51.088037703112,-9.95040153943024,0],[-51.0880377757808,-9.95067287714249,0],[-51.0883114681237,-9.95067280498592,0],[-51.0883113223365,-9.95013012956104,0]],[[-51.0546461980742,-9.94407166802947,0],[-51.0546462140592,-9.94416788872182,0],[-51.0543725269289,-9.94416793330003,0],[-51.0543726614885,-9.94498194732445,0],[-51.0540989736796,-9.94498199168253,0],[-51.0540990183095,-9.94525332968312,0],[-51.0543727063442,-9.9452532853238,0],[-51.0543727512013,-9.94552462331877,0],[-51.0540990629408,-9.94552466767932,0],[-51.0540991075733,-9.94579600567113,0],[-51.0546464845446,-9.9457959167237,0],[-51.0546464394605,-9.94552457873436,0],[-51.055193815975,-9.94552448889398,0],[-51.0551937249075,-9.94498181290714,0],[-51.0554674127112,-9.94498176765369,0],[-51.0554673211973,-9.9444390916518,0],[-51.0557410085482,-9.94443904617703,0],[-51.0557409625675,-9.94416770817076,0],[-51.0557408706099,-9.94362503214503,0],[-51.0557408246332,-9.94335369412562,0],[-51.0557408246332,-9.94335369412562,0],[-51.0557407786577,-9.94308235610179,0],[-51.0553513624691,-9.94308242072953,0],[-51.0553513462022,-9.94298619974227,0],[-51.0550776602768,-9.94298624518166,0],[-51.0548039741316,-9.94298629010743,0],[-51.0548040193339,-9.9432576281371,0],[-51.0546460628504,-9.9432576539646,0],[-51.0546460337614,-9.94308253663276,0],[-51.0543723475341,-9.943082581206,0],[-51.0543723923809,-9.9433539192361,0],[-51.0540987059265,-9.94335396358678,0],[-51.0540987951724,-9.94389663963626,0],[-51.0545304388693,-9.94389656958309,0],[-51.0545304678991,-9.94407168690675,0],[-51.0546461980742,-9.94407166802947,0]],[[-51.0557409165881,-9.94389637016011,0],[-51.0557409625675,-9.94416770817076,0],[-51.0560146496913,-9.94416766247344,0],[-51.0560146034861,-9.94389632446406,0],[-51.0557409165881,-9.94389637016011,0]],[[-51.0538252858694,-9.94498203581677,0],[-51.0540989736796,-9.94498199168253,0],[-51.0540989290509,-9.94471065367755,0],[-51.0538252414664,-9.94471069781056,0],[-51.0538251970648,-9.94443935979996,0],[-51.0532778223437,-9.94443944739205,0],[-51.0532778662938,-9.94471078540509,0],[-51.0530041787056,-9.9447108288666,0],[-51.0530042224312,-9.94498216687645,0],[-51.0532779102452,-9.94498212341373,0],[-51.0535515980579,-9.94498207972718,0],[-51.0538252858694,-9.94498203581677,0]],[[-51.0550770242021,-9.93918751203279,0],[-51.0550769787936,-9.93891617393854,0],[-51.0548032960336,-9.93891621884555,0],[-51.0548033412165,-9.93918755694106,0],[-51.0550770242021,-9.93918751203279,0]],[[-51.0535504498636,-9.93792729010723,0],[-51.0530030859731,-9.93792737719348,0],[-51.0530032170596,-9.93874139153904,0],[-51.0535505823039,-9.93874130444557,0],[-51.0535506264532,-9.93901264254958,0],[-51.0540979921436,-9.93901255455881,0],[-51.0540980367455,-9.93928389265598,0],[-51.0538243536752,-9.93928393676444,0],[-51.0538243980527,-9.93955527485845,0],[-51.0540980813486,-9.93955523074876,0],[-51.0540981705587,-9.94009790692115,0],[-51.0543718543046,-9.94009786258527,0],[-51.0543718991372,-9.94036920066365,0],[-51.0546455831075,-9.9403691561028,0],[-51.0546455380492,-9.94009781802567,0],[-51.0549192217925,-9.94009777324233,0],[-51.0549191765099,-9.93982643516205,0],[-51.0551928600262,-9.93982639015624,0],[-51.0551927690135,-9.93928371398502,0],[-51.0546454028821,-9.93928380376792,0],[-51.0546452677266,-9.93846978947068,0],[-51.0543715853358,-9.93846983402285,0],[-51.0543715405122,-9.93819849591375,0],[-51.0540978583458,-9.93819854024099,0],[-51.0540977979346,-9.93783098110745,0],[-51.0542557515962,-9.93783095555255,0],[-51.0542557227311,-9.93765583845271,0],[-51.0543714508688,-9.93765581968239,0],[-51.0543713164133,-9.93684180530245,0],[-51.0540976353749,-9.93684184962351,0],[-51.0540977087459,-9.93728830486171,0],[-51.0539819807369,-9.93728832353674,0],[-51.0539819965166,-9.93738454455888,0],[-51.0538240430686,-9.93738456998353,0],[-51.0535503615764,-9.93738461385973,0],[-51.0535504498636,-9.93792729010723,0],[-51.0535504498636,-9.93792729010723,0]],[[-51.0535502732943,-9.93684193759468,0],[-51.0540976353749,-9.93684184962351,0],[-51.0540975461955,-9.93629917334581,0],[-51.053823865607,-9.93629921744077,0],[-51.0538238212448,-9.93602787929411,0],[-51.0535501408806,-9.9360279231642,0],[-51.0535500967452,-9.93575658501193,0],[-51.0527290563217,-9.93575671527676,0],[-51.0527291432403,-9.93629939158417,0],[-51.0535501850172,-9.93629926131208,0],[-51.0535502732943,-9.93684193759468,0]],[[-51.1215721261251,-9.91257886132636,0],[-51.121572226085,-9.9128501993575,0],[-51.1245824927391,-9.91284909561787,0],[-51.1245823903042,-9.91257775761753,0],[-51.1215721261251,-9.91257886132636,0]],[[-51.0365835552921,-9.95041112550628,0],[-51.0374046324734,-9.95041103468768,0],[-51.0374046015994,-9.95013969670706,0],[-51.0376782946778,-9.95013966598701,0],[-51.0376782004712,-9.94932565202139,0],[-51.0365834345123,-9.94932577354726,0],[-51.0365835552921,-9.95041112550628,0]],[[-51.0515201652793,-9.94570019200489,0],[-51.0517938536973,-9.94570014975293,0],[-51.0517937682381,-9.94515747374157,0],[-51.0515200802716,-9.94515751599118,0],[-51.0515200377696,-9.94488617797771,0],[-51.0512463500278,-9.94488622000231,0],[-51.0509726620662,-9.9448862618031,0],[-51.0509726200169,-9.94461492349309,0],[-51.050698932717,-9.9446149653586,0],[-51.049604182631,-9.94461512942331,0],[-51.0496042235514,-9.94488646744926,0],[-51.0494462662726,-9.9448864908265,0],[-51.0494462399472,-9.94471137349714,0],[-51.049172552342,-9.94471141382495,0],[-51.0488988647357,-9.94471145392892,0],[-51.0488989050746,-9.94498279195616,0],[-51.0488989454147,-9.94525412997902,0],[-51.0490569026529,-9.9452541068593,0],[-51.0490569287724,-9.94542922389419,0],[-51.0493306171939,-9.94542918394786,0],[-51.0493306316259,-9.94552540464058,0],[-51.0488989857559,-9.94552546799748,0],[-51.0486252974711,-9.94552550788094,0],[-51.0486253375877,-9.94579684589612,0],[-51.0488990260983,-9.94579680601155,0],[-51.0488990664419,-9.94606814402123,0],[-51.0491727551772,-9.94606810391168,0],[-51.0491727957477,-9.94633944191585,0],[-51.0494464847076,-9.94633940158131,0],[-51.0494463886498,-9.9457005048798,0],[-51.0496043463196,-9.9457004815006,0],[-51.0496044281709,-9.94624315751296,0],[-51.0497201591191,-9.94624314033545,0],[-51.0497201736665,-9.94633936192736,0],[-51.0497202557142,-9.94688203701357,0],[-51.0494465663038,-9.94688207757424,0],[-51.0494466071036,-9.94715341556412,0],[-51.0497202967398,-9.94715337500232,0],[-51.0497203377667,-9.94742471298668,0],[-51.0499940276276,-9.94742467219986,0],[-51.0499941513927,-9.94823868612317,0],[-51.050541532466,-9.94823860387097,0],[-51.0505415741751,-9.94850994183432,0],[-51.0513626464537,-9.94850981677317,0],[-51.051362604067,-9.9482384788133,0],[-51.0516362945982,-9.94823843667957,0],[-51.0516362519869,-9.94796709871646,0],[-51.0538257743855,-9.94796675359525,0],[-51.0538257299686,-9.94769541563732,0],[-51.0540994200369,-9.9476953714908,0],[-51.0540992414786,-9.94661001962019,0],[-51.0537098212438,-9.94661008235999,0],[-51.0537098055288,-9.94651386168017,0],[-51.0534361164421,-9.9465139055028,0],[-51.0534360282657,-9.94597122953214,0],[-51.0530043818384,-9.94597129818794,0],[-51.0530043536155,-9.94579618087967,0],[-51.0535517305969,-9.94579609372312,0],[-51.0535518189626,-9.94633876969847,0],[-51.0538255079031,-9.94633872578196,0],[-51.0538254190858,-9.94579604980906,0],[-51.053825374679,-9.94552471181602,0],[-51.053551686416,-9.94552475572886,0],[-51.0535516422363,-9.94525341773021,0],[-51.053004266158,-9.94525350488191,0],[-51.0530043098861,-9.94552484288299,0],[-51.0527306216193,-9.94552488612427,0],[-51.052730795641,-9.94661023808945,0],[-51.0516360389484,-9.94661040883502,0],[-51.0516359963445,-9.94633907175004,0],[-51.0515202653659,-9.94633908959038,0],[-51.0515202653658,-9.94633908868592,0],[-51.0516359963444,-9.94633907084558,0],[-51.05163591114,-9.94579639485348,0],[-51.0515201803524,-9.94579641269283,0],[-51.0515201652793,-9.94570019200489,0]],[[-51.0456140114444,-9.94037050847796,0],[-51.0456138986139,-9.93955649412047,0],[-51.0456138986139,-9.93955649412047,0],[-51.0456138610058,-9.93928515599253,0],[-51.0453401778992,-9.93928519316594,0],[-51.0453401405179,-9.93901385503258,0],[-51.0447927747526,-9.93901392870621,0],[-51.0447928116826,-9.93928526684163,0],[-51.0445191285728,-9.9392853033439,0],[-51.0445191652782,-9.93955664147595,0],[-51.0447928486137,-9.93955660497265,0],[-51.0447929224791,-9.94009928122154,0],[-51.0442455549044,-9.94009935400846,0],[-51.0442456278713,-9.94064203024384,0],[-51.0447929963487,-9.94064195745287,0],[-51.0447930332851,-9.94091329556195,0],[-51.0450667177479,-9.94091325882983,0],[-51.045066754911,-9.9411845969335,0],[-51.0456141242847,-9.94118452279594,0],[-51.0456140866702,-9.94091318469434,0],[-51.0458877711298,-9.94091314729097,0],[-51.0458877332907,-9.94064180918602,0],[-51.0456140490568,-9.94064184658834,0],[-51.0456140114444,-9.94037050847796,0],[-51.0456140114444,-9.94037050847796,0]],[[-51.0439704578929,-9.92951719992952,0],[-51.0456125078347,-9.92951698046485,0],[-51.0456125454039,-9.92978831875068,0],[-51.0464335710366,-9.92978820599813,0],[-51.0464334563035,-9.92897419113682,0],[-51.04615978177,-9.92897422894134,0],[-51.0461597057375,-9.9284315523431,0],[-51.0458860316536,-9.92843158992205,0],[-51.0458859182892,-9.92761757498868,0],[-51.0431491841531,-9.92761793845737,0],[-51.0431490420299,-9.92653258511109,0],[-51.042875369512,-9.9265326202251,0],[-51.0428753332968,-9.92626128187666,0],[-51.0426016619155,-9.92626131676617,0],[-51.0426016268389,-9.9259899784123,0],[-51.0423279547696,-9.92599001307755,0],[-51.0423279199194,-9.92571867471832,0],[-51.040685888835,-9.92571887801259,0],[-51.0406859223332,-9.92599021637749,0],[-51.0404122502571,-9.92599024947889,0],[-51.0404123500817,-9.92680426455004,0],[-51.0406860228338,-9.92680423144587,0],[-51.040686056336,-9.92707556979323,0],[-51.0409597293125,-9.92707553646471,0],[-51.040959763041,-9.92734687480674,0],[-51.0420544558388,-9.92734673925457,0],[-51.0420545251015,-9.927889415918,0],[-51.0439702406144,-9.92788917008565,0],[-51.0439704578929,-9.92951719992952,0]],[[-51.0482319700044,-9.91883819647201,0],[-51.0487793022231,-9.91883811733534,0],[-51.0487792620907,-9.91856677888508,0],[-51.0493265938545,-9.91856669885768,0],[-51.049326553273,-9.91829536040523,0],[-51.0490528876169,-9.91829540052944,0],[-51.0490528472617,-9.91802406207156,0],[-51.0482318509617,-9.91802418110147,0],[-51.0482318906414,-9.91829551956266,0],[-51.0485055563011,-9.91829548010815,0],[-51.0485055962071,-9.91856681856393,0],[-51.0482319303223,-9.91856685801954,0],[-51.0482319700044,-9.91883819647201,0]],[[-51.0540994200369,-9.94769537149083,0],[-51.0540994646797,-9.94796670944751,0],[-51.054099553969,-9.94850938534768,0],[-51.054646935457,-9.9485092963755,0],[-51.0546468903599,-9.94823795843009,0],[-51.0549205808761,-9.94823791360936,0],[-51.0549204902341,-9.94769523770785,0],[-51.0546468001697,-9.94769528252608,0],[-51.0540994200369,-9.94769537149083,0]],[[-51.0540993758875,-9.94742702471609,0],[-51.0543730652366,-9.94742398916057,0],[-51.0543730652366,-9.94742398916057,0],[-51.0543729755058,-9.94688131322773,0],[-51.0540992861163,-9.94688135759445,0],[-51.0540993758875,-9.94742702471609,0]],[[-51.0535513771848,-9.94362538964611,0],[-51.0538250638675,-9.94362534574182,0],[-51.0538250194709,-9.94335400771365,0],[-51.053551333014,-9.94335405161673,0],[-51.0535513771848,-9.94362538964611,0]],[[-51.0538248862889,-9.94253999360282,0],[-51.0535512005092,-9.94254003750223,0],[-51.0535511563434,-9.94226869945529,0],[-51.0532774707882,-9.94226874312969,0],[-51.0532775586695,-9.94281141922162,0],[-51.0535512446762,-9.94281137554479,0],[-51.0538249306816,-9.94281133164416,0],[-51.0538248862889,-9.94253999360282,0]],[[-51.0420577849357,-9.95339519930265,0],[-51.042057715486,-9.95285252346438,0],[-51.0417840210756,-9.95285255777723,0],[-51.0417840900733,-9.95339523361741,0],[-51.0420577849357,-9.95339519930265,0]],[[-51.0420576807627,-9.95258118553865,0],[-51.042057715486,-9.95285252346438,0],[-51.0423314098954,-9.9528524889275,0],[-51.0423313749462,-9.95258115100273,0],[-51.0420576807627,-9.95258118553865,0]],[[-51.0426047525966,-9.95013907473085,0],[-51.0423310604475,-9.95013910948209,0],[-51.0423310255082,-9.94986777151338,0],[-51.042057333584,-9.9498678060397,0],[-51.0420574030118,-9.95041048197463,0],[-51.0420574377272,-9.95068181993551,0],[-51.0423311303291,-9.95068178540632,0],[-51.0423311652714,-9.95095312336185,0],[-51.0426048580982,-9.95095308860771,0],[-51.042878550924,-9.9509530536296,0],[-51.0428784801367,-9.95041037771804,0],[-51.0426047877628,-9.9504104126942,0],[-51.0426047525966,-9.95013907473085,0]],[[-51.0513620107805,-9.94443974691372,0],[-51.0516356981504,-9.9444397047964,0],[-51.0516356129631,-9.94389702874283,0],[-51.0513619260447,-9.94389707085781,0],[-51.0513620107805,-9.94443974691372,0]],[[-51.0494461175827,-9.94389735939578,0],[-51.0505408652825,-9.94389719585984,0],[-51.050540781906,-9.94335451977941,0],[-51.0494460360123,-9.94335468330625,0],[-51.0494461175827,-9.94389735939578,0]],[[-51.0532776026121,-9.943082757261,0],[-51.0530039163784,-9.94308280071526,0],[-51.0530038726615,-9.94281146267467,0],[-51.0527301866523,-9.94281150590392,0],[-51.0527302736358,-9.94335418198312,0],[-51.0532776465559,-9.943354095296,0],[-51.0532776026121,-9.943082757261,0]],[[-51.0464351783372,-9.94118440991146,0],[-51.0464351400457,-9.94091307181299,0],[-51.0461614555883,-9.94091310966386,0],[-51.0461614936541,-9.94118444776337,0],[-51.0461615317211,-9.9414557858585,0],[-51.0464352166299,-9.94145574800553,0],[-51.0464351783372,-9.94118440991146,0]],[[-51.0508141331128,-9.94118377385009,0],[-51.0510878177764,-9.94118373219434,0],[-51.0510877335211,-9.94064105603074,0],[-51.0505403650956,-9.94064113911387,0],[-51.0505404067712,-9.94091247720018,0],[-51.0508140912103,-9.94091243576933,0],[-51.0508141331128,-9.94118377385009,0]],[[-51.0478034440628,-9.94009886489679,0],[-51.0483508116091,-9.94009878629289,0],[-51.0483507318766,-9.93955611007155,0],[-51.047803365233,-9.93955618867107,0],[-51.0478034440628,-9.94009886489679,0]]],[[[-51.1209614158443,-9.81262860643311,0],[-51.1209445166942,-9.81272097468091,0],[-51.1208560433829,-9.81284932186666,0],[-51.1208534950522,-9.8128532336845,0],[-51.1207785322286,-9.81297499423634,0],[-51.1206646128197,-9.81305928397049,0],[-51.1205154093202,-9.81310652573667,0],[-51.1203557086545,-9.8131110442107,0],[-51.1202548171866,-9.81309499862264,0],[-51.1201809642998,-9.81300786146705,0],[-51.1201545867321,-9.81292671945119,0],[-51.1202267469736,-9.81285176702831,0],[-51.1202353135414,-9.81284143770581,0],[-51.1202965129368,-9.81275538141383,0],[-51.1203128141789,-9.81271140503237,0],[-51.1203280615136,-9.81254439185279,0],[-51.1203139324994,-9.81248729885772,0],[-51.1202679832547,-9.81241646294445,0],[-51.1202368174878,-9.81239430916597,0],[-51.1202997587354,-9.8121342692438,0],[-51.1206897641618,-9.81052301133115,0],[-51.120887805635,-9.81072572831656,0],[-51.1210140917557,-9.81114429711599,0],[-51.1210589801826,-9.81129991068835,0],[-51.1211082936004,-9.81153669122867,0],[-51.1211155371816,-9.81162253328443,0],[-51.1210400455902,-9.81174117729886,0],[-51.1210265938127,-9.81177891279041,0],[-51.1210146741528,-9.8118797116009,0],[-51.1209521168403,-9.81194956410121,0],[-51.120929181354,-9.81201335067804,0],[-51.1209343285407,-9.81213733932128,0],[-51.1209399688506,-9.81216514058223,0],[-51.1210049462399,-9.81233845551536,0],[-51.1210465228587,-9.81248944391731,0],[-51.1209754598333,-9.81259429594546,0],[-51.1209614158443,-9.81262860643311,0]]],[[[-51.1214835887642,-9.80795214567446,0],[-51.1213165991298,-9.80797479177549,0],[-51.1213062921597,-9.80797587177689,0],[-51.12166708352,-9.80648530879558,0],[-51.121806834812,-9.80648525863473,0],[-51.1218067357551,-9.80621391889894,0],[-51.1220803082224,-9.80621382054173,0],[-51.1226274538036,-9.8062136231651,0],[-51.1226273540822,-9.80594228343332,0],[-51.1227030896215,-9.80594225604378,0],[-51.1226397902272,-9.80621205730673,0],[-51.1225444887411,-9.80648600472238,0],[-51.122539507255,-9.80651655485704,0],[-51.1225420323122,-9.80673250692839,0],[-51.1225081243238,-9.8069052052263,0],[-51.1224829078602,-9.80693170613882,0],[-51.1224802944639,-9.80693457333491,0],[-51.1224139899178,-9.80701050999686,0],[-51.1223944628504,-9.8070916892365,0],[-51.122406343174,-9.80713875335136,0],[-51.1223669042268,-9.80721171998955,0],[-51.1223598677471,-9.80722866588697,0],[-51.1223269323677,-9.80733847992092,0],[-51.1222397433143,-9.80749715737938,0],[-51.1222292446075,-9.80752990373096,0],[-51.1222230336637,-9.80758243010894,0],[-51.1221102929489,-9.80768451527003,0],[-51.1219556735475,-9.80777188532644,0],[-51.1215894424943,-9.80795127834239,0],[-51.1214959093284,-9.80795131186543,0],[-51.1214835887642,-9.80795214567446,0]]],[[[-50.8357002886436,-10.2484732184986,0],[-50.8357005681633,-10.2479305544515,0],[-50.8381660546399,-10.2479317909196,0],[-50.8381661922968,-10.2476604588559,0],[-50.8387140777569,-10.2476607310805,0],[-50.8387142149439,-10.2473893990049,0],[-50.8392620999532,-10.2473896702989,0],[-50.8392622366704,-10.2471183382115,0],[-50.8395361789478,-10.2471184735087,0],[-50.8395359059757,-10.2476611376864,0],[-50.8398098487229,-10.2476612727601,0],[-50.8398095762016,-10.2482039369271,0],[-50.8395356329883,-10.248203801846,0],[-50.8395349504534,-10.249560462166,0],[-50.839325153062,-10.2498659053504,0],[-50.8384390175121,-10.2498668128872,0],[-50.8384393104245,-10.2492885874203,0],[-50.837617478057,-10.2492881779785,0],[-50.8376177543375,-10.2487455139064,0],[-50.837069867044,-10.2487452398059,0],[-50.8370700056444,-10.2484739077706,0],[-50.8357002886436,-10.2484732184986,0]]],[[[-50.8513192397625,-10.2395267683472,0],[-50.8515931758986,-10.2395268933956,0],[-50.8515933020282,-10.2392555616333,0],[-50.851867237498,-10.239255685543,0],[-50.8518673636102,-10.2389843534481,0],[-50.851867615387,-10.2384416883752,0],[-50.8521415510745,-10.238441812949,0],[-50.8521418016771,-10.2378991484306,0],[-50.8521420529601,-10.2373564836046,0],[-50.8521424298583,-10.2365424863317,0],[-50.852142555484,-10.2362711538984,0],[-50.8524164886185,-10.2362712782145,0],[-50.8524157362082,-10.2378992727668,0],[-50.8526896707428,-10.2378993968725,0],[-50.8526895455616,-10.2381707292854,0],[-50.8535113498847,-10.238171100229,0],[-50.8535112253983,-10.2384424326474,0],[-50.8548809005036,-10.2384430462918,0],[-50.8548807771778,-10.2387143787223,0],[-50.855154712442,-10.2387145007628,0],[-50.8551545893455,-10.2389858331922,0],[-50.8573460734446,-10.2389868012408,0],[-50.8573459522072,-10.2392581336918,0],[-50.857619887749,-10.2392582536633,0],[-50.857619766741,-10.2395295861131,0],[-50.8573458309663,-10.2395294662948,0],[-50.8567979587713,-10.2395292252067,0],[-50.8567978379744,-10.2398005579324,0],[-50.85488028384,-10.2397997083994,0],[-50.854880160497,-10.2400710408073,0],[-50.8537844148184,-10.2400705502734,0],[-50.8537842905406,-10.2403418826635,0],[-50.8524146073563,-10.2403412642905,0],[-50.8515926713437,-10.2406122228579,0],[-50.8507707339621,-10.2408831793249,0],[-50.8499487952119,-10.2411541336914,0],[-50.8499486676601,-10.2414254660163,0],[-50.8494007926117,-10.2414252128741,0],[-50.8494006645907,-10.2416965451876,0],[-50.849126726839,-10.241696418267,0],[-50.8485787226232,-10.2419674960328,0],[-50.8485785938964,-10.2422388283269,0],[-50.8480307174866,-10.2422385728575,0],[-50.8480306744217,-10.2423290166625,0],[-50.8480305882904,-10.2425099051403,0],[-50.8474827114293,-10.2425096487413,0],[-50.8469347044513,-10.2427807236838,0],[-50.8469345743163,-10.2430520559437,0],[-50.8466606354326,-10.2430519269299,0],[-50.8464659377607,-10.243323167406,0],[-50.8463865659481,-10.2433231299336,0],[-50.8463865243056,-10.2434096412169,0],[-50.8461644502014,-10.24359435727,0],[-50.8461124959979,-10.2435943326952,0],[-50.846112475139,-10.2436375881907,0],[-50.8458384255818,-10.2438655352145,0],[-50.8455475112821,-10.2441075094305,0],[-50.8450163433257,-10.244407809111,0],[-50.8430982295508,-10.2454922184479,0],[-50.8425502137987,-10.2457632858239,0],[-50.8422761385093,-10.2460344852332,0],[-50.8417281211414,-10.2463055511906,0],[-50.8406322191884,-10.2465763481647,0],[-50.8406324902662,-10.2460336839217,0],[-50.8403585489055,-10.2460335495622,0],[-50.8403586846717,-10.2457622174375,0],[-50.8406326257994,-10.2457623517934,0],[-50.8406327613288,-10.2454910196606,0],[-50.8409067022274,-10.2454911537822,0],[-50.8409068375201,-10.2452198216412,0],[-50.8414547188625,-10.2452200891849,0],[-50.8414548536855,-10.2449487570321,0],[-50.8417287941294,-10.2449488904542,0],[-50.8417289287158,-10.2446775582934,0],[-50.8420028689305,-10.2446776914812,0],[-50.8420030032801,-10.2444063593123,0],[-50.8425508832549,-10.2444066249885,0],[-50.842551017135,-10.2441352928078,0],[-50.8428249568951,-10.2441354252963,0],[-50.8428250905384,-10.2438640931075,0],[-50.84419478823,-10.2438647520712,0],[-50.844194920705,-10.2435934198602,0],[-50.8444688600215,-10.2435935509573,0],[-50.8447428000363,-10.2435936815342,0],[-50.8447429311285,-10.2433223496009,0],[-50.8450168704382,-10.2433224802332,0],[-50.8450170022072,-10.2430511480024,0],[-50.8452909410689,-10.2430512784004,0],[-50.8452910726013,-10.2427799461616,0],[-50.8455650112338,-10.2427800763253,0],[-50.8458389496514,-10.2427802059685,0],[-50.8458390807142,-10.242508874008,0],[-50.8461130193399,-10.2425090037069,0],[-50.8461131501662,-10.2422376714486,0],[-50.8463870883439,-10.2422378009133,0],[-50.8463872189338,-10.2419664686469,0],[-50.8466611568823,-10.2419665978774,0],[-50.8469350946154,-10.2419667274919,0],[-50.8469352249549,-10.2416953945994,0],[-50.8472091624591,-10.2416955230753,0],[-50.8472092932561,-10.2414241910796,0],[-50.8477571675526,-10.2414244479119,0],[-50.8477572969672,-10.2411531156145,0],[-50.848579108782,-10.2411534991232,0],[-50.8485792374945,-10.2408821668109,0],[-50.8488531745404,-10.2408822941824,0],[-50.8488533030164,-10.2406109618622,0],[-50.8494011766534,-10.2406112159064,0],[-50.8494013046601,-10.2403398835748,0],[-50.8499491778457,-10.2403401366896,0],[-50.8499493053832,-10.2400688043467,0],[-50.8507711144897,-10.240069182279,0],[-50.8507712413252,-10.2397978499213,0],[-50.8510451774683,-10.2397979754341,0],[-50.8513191143095,-10.2397981004268,0],[-50.8513192397625,-10.2395267683472,0]]],[[[-50.8606349578639,-10.2351895700252,0],[-50.8609088899539,-10.2351896880866,0],[-50.8609090083344,-10.2349183549116,0],[-50.8609091264925,-10.2346470223466,0],[-50.8611830583396,-10.2346471392667,0],[-50.8611832941806,-10.234104474117,0],[-50.8614572255655,-10.2341045908003,0],[-50.8614573432484,-10.2338332582154,0],[-50.861731274404,-10.233833374665,0],[-50.8617311569538,-10.2341047072531,0],[-50.8617310395003,-10.2343760398365,0],[-50.8617309220437,-10.2346473721256,0],[-50.8614569908844,-10.2346472556668,0],[-50.8614567548012,-10.2351899210943,0],[-50.861456519399,-10.2357325868289,0],[-50.8611825863995,-10.2357324692222,0],[-50.8611821148439,-10.2368177996852,0],[-50.8611819968921,-10.2370891322172,0],[-50.861455930837,-10.2370892489352,0],[-50.8614558131147,-10.2373605814658,0],[-50.8617297472956,-10.2373606979564,0],[-50.8617296298028,-10.2376320304857,0],[-50.8620035642198,-10.2376321467489,0],[-50.8620034469565,-10.2379034792768,0],[-50.8622773816096,-10.2379035953126,0],[-50.8622772645758,-10.2381749278391,0],[-50.8636469390539,-10.2381755045751,0],[-50.8636468231809,-10.2384468368229,0],[-50.8630989529141,-10.2384466071038,0],[-50.8611814070838,-10.2384457948094,0],[-50.8609074717596,-10.2384456775551,0],[-50.8609073544683,-10.238717010347,0],[-50.8598116124538,-10.2387165401707,0],[-50.8595376778266,-10.2387164217607,0],[-50.8595375575417,-10.2389877545314,0],[-50.8592636222092,-10.2389876361772,0],[-50.8584418155754,-10.2389872803455,0],[-50.858442056178,-10.2384446147895,0],[-50.8587159912536,-10.2384447338291,0],[-50.8587161113169,-10.2381734013484,0],[-50.8589900461631,-10.2381735201542,0],[-50.8589901659903,-10.2379021876657,0],[-50.859538035227,-10.2379024245792,0],[-50.8595381545854,-10.2376310920798,0],[-50.8598120889759,-10.2376312101875,0],[-50.8598122080981,-10.2373598776805,0],[-50.8600861422593,-10.2373599955544,0],[-50.8600862611455,-10.2370886627498,0],[-50.8603601957716,-10.2370887803903,0],[-50.8603603137272,-10.2368174481573,0],[-50.8603605510175,-10.2362747828091,0],[-50.8606344840351,-10.2362749011135,0],[-50.8606346026615,-10.2360035679598,0],[-50.8606349578639,-10.2351895700252,0]]],[[[-50.8836471603279,-10.2300432839469,0],[-50.8836470615311,-10.23031461683,0],[-50.8841949182856,-10.2303148120931,0],[-50.8841950166172,-10.2300434792048,0],[-50.884468944766,-10.2300435764882,0],[-50.8844691409556,-10.2295009106927,0],[-50.8844693369157,-10.2289582445892,0],[-50.8841954099159,-10.2289581476063,0],[-50.8841955082337,-10.2286868146954,0],[-50.8847433622083,-10.2286870090054,0],[-50.8847432643556,-10.2289583419216,0],[-50.8852911185875,-10.2289585353154,0],[-50.885291021197,-10.2292298688469,0],[-50.8855649488779,-10.2292299645863,0],[-50.8855648524116,-10.2295012981162,0],[-50.8858387794147,-10.2295013936275,0],[-50.8861127071147,-10.2295014895234,0],[-50.8861126104168,-10.229772822439,0],[-50.886386538352,-10.2297729181071,0],[-50.8863864418839,-10.2300442510209,0],[-50.8866603700544,-10.2300443464612,0],[-50.8866602738162,-10.230315679373,0],[-50.8877559874556,-10.2303160588404,0],[-50.8877558921452,-10.230587391758,0],[-50.888303749446,-10.2305875801144,0],[-50.8883036545981,-10.2308589130326,0],[-50.8880297257137,-10.2308588189671,0],[-50.8880289649739,-10.2330294821296,0],[-50.8881926621075,-10.2330295383817,0],[-50.8881617050349,-10.2336637816944,0],[-50.8881789928112,-10.2337212514183,0],[-50.8884449272993,-10.2340844385211,0],[-50.8884723090986,-10.2341091554756,0],[-50.8896719334683,-10.234812952244,0],[-50.8896717997456,-10.2352007061836,0],[-50.8893978678199,-10.2352006129402,0],[-50.8893977731634,-10.2354719460814,0],[-50.8891238400945,-10.2354718526047,0],[-50.8891237461157,-10.2357431857391,0],[-50.8888498128167,-10.2357430920294,0],[-50.8888497186025,-10.2360144251567,0],[-50.8885757850731,-10.2360143321184,0],[-50.8885756904051,-10.2362856643342,0],[-50.8883017570833,-10.2362855704483,0],[-50.8883016621799,-10.2365569029818,0],[-50.8880277281905,-10.2365568088627,0],[-50.8880276332702,-10.2368281419689,0],[-50.8880271575355,-10.2381848059829,0],[-50.8883010927027,-10.2381849001172,0],[-50.8883008079284,-10.238998898479,0],[-50.8880268720628,-10.238998804337,0],[-50.888026967223,-10.2387274715568,0],[-50.8877530313741,-10.2387273771867,0],[-50.8877531267643,-10.2384560450192,0],[-50.8874791915885,-10.2384559498878,0],[-50.8872052561964,-10.238455854978,0],[-50.8872053520497,-10.2381845221964,0],[-50.8869314168931,-10.2381844271398,0],[-50.8869316090572,-10.2376417615682,0],[-50.8869318979774,-10.236827763792,0],[-50.8866579630745,-10.2368276676129,0],[-50.8866580602904,-10.2365563348097,0],[-50.8863841258413,-10.236556239597,0],[-50.8863843189041,-10.2360135739816,0],[-50.8869321852661,-10.2360137653599,0],[-50.8869322813283,-10.2357424319256,0],[-50.8872062146087,-10.2357425269592,0],[-50.8872063104352,-10.2354711941325,0],[-50.887480243267,-10.2354712889329,0],[-50.8874807211959,-10.2341146247188,0],[-50.8872067895277,-10.2341145299313,0],[-50.8872069811459,-10.2335718642191,0],[-50.8866591187483,-10.2335716739628,0],[-50.8866592150188,-10.2333003411052,0],[-50.8855634911865,-10.2332999578373,0],[-50.8855633939854,-10.2335712906846,0],[-50.8852894628015,-10.2335711942889,0],[-50.8852893653649,-10.233842527129,0],[-50.885015433951,-10.2338424305002,0],[-50.8850153362791,-10.2341137633333,0],[-50.8847414046352,-10.2341136664714,0],[-50.8847413067278,-10.2343849992973,0],[-50.884467374854,-10.2343849022023,0],[-50.8844672767112,-10.234656235021,0],[-50.8841933446074,-10.2346561376929,0],[-50.8841932462292,-10.2349274705045,0],[-50.8836453815645,-10.2349272751515,0],[-50.883645282718,-10.2351986079533,0],[-50.8833713501571,-10.2351985099283,0],[-50.8833714492362,-10.2349271771292,0],[-50.8828235843693,-10.2349269803931,0],[-50.8828236839112,-10.2346556473049,0],[-50.8822758199582,-10.2346554500986,0],[-50.8820018876579,-10.2346553507699,0],[-50.8820019878951,-10.2343840176852,0],[-50.8811801925837,-10.234383719084,0],[-50.8811802932971,-10.2341123869073,0],[-50.8809063619111,-10.2341122862041,0],[-50.8809064637678,-10.2338409531214,0],[-50.8806325317038,-10.2338408530945,0],[-50.8806327342665,-10.2332981872104,0],[-50.8803588035838,-10.2332980869589,0],[-50.8803589049843,-10.2330267538678,0],[-50.8800849745372,-10.2330266530987,0],[-50.880085076386,-10.2327553205855,0],[-50.8800851782321,-10.2324839877781,0],[-50.8800852800753,-10.2322126549661,0],[-50.8803592107373,-10.232212756342,0],[-50.8803595148578,-10.2313987572559,0],[-50.8803597180534,-10.2308560915858,0],[-50.8809075756713,-10.2308562923893,0],[-50.8809076767997,-10.2305849595421,0],[-50.8811816053803,-10.2305850595955,0],[-50.8811817062732,-10.2303137267411,0],[-50.8814556346239,-10.2303138265614,0],[-50.8814557352814,-10.2300424936998,0],[-50.8820035915263,-10.2300426926439,0],[-50.8820036917158,-10.2297713597723,0],[-50.8828254754063,-10.2297716564525,0],[-50.8828253759146,-10.2300429893322,0],[-50.8836471603279,-10.2300432839469,0]]],[[[-50.8359827361674,-10.23192209502,0],[-50.8357088069778,-10.231921956932,0],[-50.8357089465018,-10.2316506246352,0],[-50.8357090858033,-10.231379292044,0],[-50.8354351573014,-10.2313791540229,0],[-50.8354352977447,-10.2311078214313,0],[-50.8351613685663,-10.2311076832644,0],[-50.8348874400863,-10.2311075444152,0],[-50.8348877205026,-10.2305648798124,0],[-50.8357095045588,-10.2305652954027,0],[-50.8357093650504,-10.2308366277176,0],[-50.8359832933095,-10.2308367657907,0],[-50.8359831540298,-10.2311080981048,0],[-50.8362570825254,-10.2311082359511,0],[-50.8362569434744,-10.2313795682645,0],[-50.8365308722065,-10.2313797058842,0],[-50.8365307333843,-10.2316510381967,0],[-50.8373525203018,-10.2316514496844,0],[-50.8373523821736,-10.2319227820036,0],[-50.8376263113864,-10.231922918709,0],[-50.837626173487,-10.2321942510273,0],[-50.8379001029364,-10.232194387506,0],[-50.8378999652657,-10.2324657198235,0],[-50.8384478246412,-10.2324659920969,0],[-50.8384476874321,-10.2327373244173,0],[-50.8387216173582,-10.232737460212,0],[-50.8387213433937,-10.2332801248467,0],[-50.8373516914747,-10.2332794435317,0],[-50.8373518296222,-10.2330081112351,0],[-50.8370778994826,-10.2330079742844,0],[-50.8370780378589,-10.232736641987,0],[-50.8368041079559,-10.2327365048095,0],[-50.836804246561,-10.2324651725114,0],[-50.8365303168944,-10.2324650351072,0],[-50.8365304557283,-10.2321937028082,0],[-50.8359825968721,-10.2321934273161,0],[-50.8359827361674,-10.23192209502,0]]],[[[-50.8611901285339,-10.2183671769231,0],[-50.8617381981594,-10.2178247439893,0],[-50.8622861498354,-10.2175536429615,0],[-50.8622862666209,-10.2172823100921,0],[-50.8625601836048,-10.2172824256592,0],[-50.8625604167016,-10.2167397599007,0],[-50.8628343332242,-10.2167398752314,0],[-50.8628344495354,-10.2164685423422,0],[-50.8631083658289,-10.2164686574398,0],[-50.8633822821258,-10.2164687723073,0],[-50.8636561984259,-10.2164688869447,0],[-50.863655851573,-10.2172828856268,0],[-50.8633819345761,-10.2172827709801,0],[-50.8633818187197,-10.2175541038619,0],[-50.8631079014937,-10.2175539889819,0],[-50.8631077854018,-10.2178253218563,0],[-50.8628338679468,-10.2178252067431,0],[-50.8628337516194,-10.2180965396097,0],[-50.8625598339353,-10.2180964243445,0],[-50.8622859160355,-10.2180963093013,0],[-50.8622857992405,-10.2183676415425,0],[-50.8615411955791,-10.218367326194,0],[-50.8611901285339,-10.2183671769231,0]]],[[[-50.8822870295728,-10.2041940740322,0],[-50.882287102783,-10.2039948152843,0],[-50.8820131969552,-10.2039947164155,0],[-50.882013296876,-10.2037233831113,0],[-50.881739391283,-10.2037232840153,0],[-50.8817401924044,-10.2015526171514,0],[-50.8820140959229,-10.2015527171303,0],[-50.8820141960375,-10.201281383171,0],[-50.8820145656528,-10.2002773798244,0],[-50.8821290418563,-10.2003526519617,0],[-50.8821380093485,-10.2003578458059,0],[-50.8825292498054,-10.2005557680072,0],[-50.8825303516075,-10.2005563155925,0],[-50.8829538111517,-10.2007634434598,0],[-50.8829578459805,-10.2007652972084,0],[-50.8836488384625,-10.2010627437307,0],[-50.8842065356732,-10.2013690204968,0],[-50.8842130433643,-10.2013722652383,0],[-50.8851301229669,-10.2017849507623,0],[-50.8855746742975,-10.2020313880263,0],[-50.8855746519069,-10.2020966500329,0],[-50.8856924772934,-10.2020966912986,0],[-50.8858485244379,-10.2021831963253,0],[-50.8858484587953,-10.202368079554,0],[-50.8858482654728,-10.2029107468915,0],[-50.8855743603183,-10.2029106510203,0],[-50.8855741674347,-10.2034533168158,0],[-50.8853002611247,-10.2034532207093,0],[-50.8853001002973,-10.2039024682232,0],[-50.885230323117,-10.2039958628766,0],[-50.8850261609948,-10.2039957910446,0],[-50.8850260637705,-10.2042692570537,0],[-50.8848249893121,-10.2045383868581,0],[-50.8847520599288,-10.2045383611216,0],[-50.8847520247881,-10.2046360456386,0],[-50.8847044389264,-10.2046997379077,0],[-50.8846984919015,-10.204708779348,0],[-50.884640488745,-10.2048096550677,0],[-50.8844780557705,-10.2048095985347,0],[-50.8844779507714,-10.2051033050852,0],[-50.8844754866113,-10.2051106555379,0],[-50.8844386649591,-10.2054052354431,0],[-50.8844379840071,-10.2054149055221,0],[-50.8844287784188,-10.2059856437866,0],[-50.8844213695798,-10.2064375784689,0],[-50.8842035616402,-10.2064375003695,0],[-50.8842034070551,-10.206862568371,0],[-50.8841116097904,-10.2069801343609,0],[-50.8839294570531,-10.2069800696366,0],[-50.8839293724494,-10.2072135265902,0],[-50.8838998058079,-10.2072513923945,0],[-50.8833815405556,-10.2072512076314,0],[-50.8833814417584,-10.2075225417949,0],[-50.8831075329033,-10.2075224438107,0],[-50.8831074338719,-10.2077937761581,0],[-50.8828335247875,-10.2077936779413,0],[-50.8828333264701,-10.208336344716,0],[-50.8825594167058,-10.2083362459742,0],[-50.8825593174202,-10.2086075794971,0],[-50.8822854083396,-10.2086074805229,0],[-50.8822853079061,-10.2088788140383,0],[-50.8820113976832,-10.2088787148312,0],[-50.8820112979279,-10.2091500483398,0],[-50.8817373874753,-10.2091499498046,0],[-50.8817372874854,-10.2094212824015,0],[-50.8817371872737,-10.2096926156085,0],[-50.8814632765788,-10.2096925162234,0],[-50.8814631761323,-10.2099638491334,0],[-50.881189264989,-10.2099637504201,0],[-50.8811891645264,-10.2102350829981,0],[-50.8811890638421,-10.2105064161861,0],[-50.8809151524564,-10.2105063163331,0],[-50.8809150515369,-10.2107776501286,0],[-50.8806411397035,-10.2107775491384,0],[-50.8806410387679,-10.2110488826019,0],[-50.8806409376108,-10.211320215771,0],[-50.8803670255344,-10.21132011545,0],[-50.8803669241424,-10.2115914486118,0],[-50.8800930118366,-10.2115913480581,0],[-50.8800929102096,-10.2118626812128,0],[-50.8798189976746,-10.2118625804264,0],[-50.8798188958125,-10.2121339135738,0],[-50.8795449830482,-10.2121338125546,0],[-50.8795448809512,-10.2124051456948,0],[-50.8792709679575,-10.2124050444429,0],[-50.8792708656254,-10.2126763775759,0],[-50.8789969524024,-10.2126762760913,0],[-50.8789968498353,-10.2129476092169,0],[-50.878449022715,-10.2129474055521,0],[-50.8784491257466,-10.2126760721422,0],[-50.8779012995394,-10.212675867853,0],[-50.8779014028138,-10.212404534444,0],[-50.877627490056,-10.2124044321021,0],[-50.8773535768638,-10.2124043292403,0],[-50.8773536808183,-10.2121329958324,0],[-50.8770797682985,-10.2121328931146,0],[-50.8768058555631,-10.2121327897145,0],[-50.8768059599789,-10.2118614565976,0],[-50.8768061688017,-10.2113187903501,0],[-50.8770800806221,-10.2113188933708,0],[-50.8770801850156,-10.2110475605274,0],[-50.8773540966064,-10.2110476642197,0],[-50.8773542007652,-10.2107763304646,0],[-50.8776281130403,-10.21077643302,0],[-50.8776282160506,-10.2105051001617,0],[-50.8781760385376,-10.2105053048665,0],[-50.8781761417752,-10.2102339719984,0],[-50.8784500531189,-10.2102340741481,0],[-50.878997977697,-10.2099629452014,0],[-50.8789980804515,-10.2096916114116,0],[-50.8792719918154,-10.2096917125764,0],[-50.8792720934215,-10.2094203796834,0],[-50.8795460036431,-10.2094204806152,0],[-50.8795461059274,-10.2091491477154,0],[-50.8798200159197,-10.2091492484145,0],[-50.879820117969,-10.2088779155074,0],[-50.8800940277321,-10.2088780159739,0],[-50.8800941293277,-10.2086066830595,0],[-50.8803680392989,-10.2086067835834,0],[-50.8803681396483,-10.2083381579876,0],[-50.880642050183,-10.2083355506631,0],[-50.8809160606029,-10.2080643175029,0],[-50.8811900705587,-10.207793084103,0],[-50.8814640800503,-10.2075218504632,0],[-50.8817380890779,-10.2072506165838,0],[-50.8820120976414,-10.2069793824645,0],[-50.8833720558321,-10.2058945379936,0],[-50.8833820347175,-10.2058945415587,0],[-50.8833820376175,-10.2058865758281,0],[-50.8835209523053,-10.2058866254258,0],[-50.8835209974918,-10.2057623583984,0],[-50.8835649039278,-10.2057623731577,0],[-50.8835654475742,-10.2042666067361,0],[-50.8828389071569,-10.2042663477235,0],[-50.8828389335145,-10.2041942725529,0],[-50.8822870295728,-10.2041940740322,0]]],[[[-50.7897142542682,-10.1930950249274,0],[-50.7899881488177,-10.1930952010425,0],[-50.7899870827478,-10.1947231946154,0],[-50.7902609793869,-10.1947233705301,0],[-50.7902604469801,-10.1955373671252,0],[-50.7905343443194,-10.1955375428247,0],[-50.7905341670723,-10.1958088750188,0],[-50.7910819620107,-10.1958092257384,0],[-50.79108125574,-10.1968945542188,0],[-50.7913551533401,-10.1968947292527,0],[-50.7913553299117,-10.1966233970623,0],[-50.7919031264885,-10.1966237473373,0],[-50.7919033025916,-10.1963524151329,0],[-50.7921772006565,-10.1963525885646,0],[-50.7921773765229,-10.1960812563509,0],[-50.7924512743604,-10.1960814304527,0],[-50.7924514499899,-10.1958100985197,0],[-50.7932731430552,-10.1958106194334,0],[-50.7932729681208,-10.1960819516704,0],[-50.79382076384,-10.1960822978076,0],[-50.7938205893643,-10.1963536300494,0],[-50.7940944881573,-10.1963538027787,0],[-50.7940939653963,-10.1971677992018,0],[-50.794367863501,-10.1971679717147,0],[-50.7943676894691,-10.1974393042378,0],[-50.7943669939882,-10.1985246328366,0],[-50.7946408939505,-10.1985248060482,0],[-50.7946408804151,-10.1985445092888,0],[-50.7933467183307,-10.1990666535762,0],[-50.7932710433007,-10.1990666056907,0],[-50.7932710244864,-10.1990971938729,0],[-50.7929970516501,-10.1992077293627,0],[-50.7929976685443,-10.198252435664,0],[-50.7927237688425,-10.1982522619837,0],[-50.7927239442797,-10.1979809297921,0],[-50.7921761453547,-10.197980581752,0],[-50.7921759694539,-10.1982519139341,0],[-50.7919020697669,-10.1982517395648,0],[-50.7919018936292,-10.1985230717377,0],[-50.7913540947195,-10.1985227223013,0],[-50.7913539181132,-10.1987940544602,0],[-50.7910800170644,-10.1987938793919,0],[-50.7910796635919,-10.1993365439767,0],[-50.7908057627783,-10.1993363692843,0],[-50.7908055859126,-10.1996077008057,0],[-50.7902577840562,-10.1996073492033,0],[-50.7902576065027,-10.1998786813252,0],[-50.7899837054594,-10.1998785053197,0],[-50.789983527669,-10.2001498374322,0],[-50.7897096273112,-10.2001496620973,0],[-50.7897094483716,-10.2004209932955,0],[-50.7894355468745,-10.2004208168211,0],[-50.7894353997975,-10.20064468027,0],[-50.7866956465398,-10.201749999057,0],[-50.7866965323975,-10.2004190397326,0],[-50.7869704338444,-10.2004192185041,0],[-50.7869706141903,-10.200147886449,0],[-50.7880662191009,-10.2001485992186,0],[-50.7880663985143,-10.1998772671397,0],[-50.7853273887083,-10.1998754783733,0],[-50.785327025239,-10.2004181424295,0],[-50.7839575182078,-10.2004172393839,0],[-50.783956420721,-10.2020452312977,0],[-50.7836825179387,-10.2020450499699,0],[-50.7836819684303,-10.2028590458512,0],[-50.7817646442279,-10.2028577700203,0],[-50.7817640898025,-10.2036717657572,0],[-50.7819317057032,-10.2036718777505,0],[-50.774092542275,-10.206834166287,0],[-50.7740934367598,-10.2055658716647,0],[-50.7762846818238,-10.2055673807134,0],[-50.7762854397512,-10.2044820535838,0],[-50.7754637255961,-10.2044814894754,0],[-50.7754631550707,-10.2052954847835,0],[-50.7727241012745,-10.2052935893312,0],[-50.7727239087687,-10.2055649210401,0],[-50.7719021920387,-10.2055643479075,0],[-50.7719008394749,-10.2074636696347,0],[-50.7697095821067,-10.2074621308768,0],[-50.7697113377738,-10.2050201461341,0],[-50.7705330529816,-10.2050207247509,0],[-50.7705344133234,-10.2031214029222,0],[-50.7708083167798,-10.2031215952983,0],[-50.770808704936,-10.2025789318677,0],[-50.7735477351595,-10.2025808428883,0],[-50.7735483103955,-10.2017668475529,0],[-50.7730005056991,-10.2017664672178,0],[-50.7730006978975,-10.2014951354407,0],[-50.7694399709132,-10.2014926409311,0],[-50.7694411420775,-10.1998646505802,0],[-50.7691565426533,-10.1998644495568,0],[-50.7693458217499,-10.1982365919501,0],[-50.7697162123057,-10.1982368532678,0],[-50.7697167970201,-10.1974228579348,0],[-50.7694404596259,-10.1974226630286,0],[-50.7695035515419,-10.1968800437042,0],[-50.7716344736669,-10.1968815401492,0],[-50.7716335072833,-10.1982381992428,0],[-50.7719074065876,-10.1982383906064,0],[-50.771906827388,-10.1990523860242,0],[-50.7732763274677,-10.1990533394748,0],[-50.7732765193804,-10.1987820076475,0],[-50.7738243189863,-10.1987823874097,0],[-50.77382451043,-10.1985110555676,0],[-50.7743723095937,-10.1985114344009,0],[-50.7743728825016,-10.1976974388166,0],[-50.774646781396,-10.1976976278734,0],[-50.7746473535604,-10.1968836322333,0],[-50.7727300662801,-10.1968823041217,0],[-50.7727316047956,-10.1947116491719,0],[-50.7735532937497,-10.1947122196163,0],[-50.7735542516709,-10.1933555600489,0],[-50.7757454131821,-10.1933570709276,0],[-50.7757452234623,-10.1936284028912,0],[-50.7771147007384,-10.1936293397559,0],[-50.7771131920581,-10.1957999955056,0],[-50.7757437055124,-10.1957990584374,0],[-50.7757429464098,-10.1968843861025,0],[-50.7768385393442,-10.1968851362978,0],[-50.7768391058977,-10.1960711404946,0],[-50.7779346961355,-10.1960718869551,0],[-50.777934884049,-10.1958005549914,0],[-50.7817694472969,-10.1958031386033,0],[-50.7817679698022,-10.197973794748,0],[-50.7790289774056,-10.1979719535029,0],[-50.7790286033437,-10.1985146173941,0],[-50.7782069043357,-10.1985140605122,0],[-50.7782063411169,-10.1993280562698,0],[-50.7795758429674,-10.1993289833335,0],[-50.7795756563766,-10.1996003152689,0],[-50.7803973582452,-10.199600868766,0],[-50.7803975441405,-10.1993295368155,0],[-50.780671444542,-10.1993297208502,0],[-50.7806721871437,-10.1982443929836,0],[-50.7845067803242,-10.1982469450756,0],[-50.7845104271916,-10.1928203032764,0],[-50.7858799018237,-10.1928212033403,0],[-50.7858802640811,-10.1922785390124,0],[-50.7861541585594,-10.1922787183269,0],[-50.7861543394488,-10.1920073861514,0],[-50.7872499164859,-10.1920081010946,0],[-50.7872495565555,-10.19255076548,0],[-50.7888929250426,-10.1925518310675,0],[-50.7888932821929,-10.1920091666242,0],[-50.7897149651139,-10.1920096962906,0],[-50.789714609354,-10.1925523604729,0],[-50.7897144314662,-10.192823692992,0],[-50.7897142542682,-10.1930950249274,0]],[[-50.7910810780186,-10.1971658863994,0],[-50.79108125574,-10.1968945542188,0],[-50.7908073572319,-10.1968943789547,0],[-50.7908071792787,-10.1971657111306,0],[-50.7910810780186,-10.1971658863994,0]],[[-50.7787518940582,-10.2025844105308,0],[-50.7779301846314,-10.2025838527328,0],[-50.7779294324191,-10.2036691801103,0],[-50.7787511446292,-10.2036697379688,0],[-50.7787509572589,-10.2039410698171,0],[-50.7795726702122,-10.2039416256227,0],[-50.7795732302199,-10.2031276300191,0],[-50.7792993265928,-10.2031274449954,0],[-50.7792995134835,-10.2028561131236,0],[-50.7787517067088,-10.202855742397,0],[-50.7787518940582,-10.2025844105308,0]]],[[[-50.805049920399,-10.1971745209132,0],[-50.804776022109,-10.1971743573559,0],[-50.8047761866332,-10.1969030249443,0],[-50.8047763518471,-10.1966316925286,0],[-50.8058719459576,-10.1966323453465,0],[-50.8058717816709,-10.1969036777799,0],[-50.8061456804419,-10.1969038404148,0],[-50.8061451882496,-10.1977178377013,0],[-50.8058712885645,-10.1977176750531,0],[-50.8058714528647,-10.1974463432478,0],[-50.8055975538537,-10.1974461799165,0],[-50.8050497554077,-10.1974458533244,0],[-50.805049920399,-10.1971745209132,0]]],[[[-50.7732813154515,-10.1919987105021,0],[-50.7732818907543,-10.1911847146556,0],[-50.7730079974483,-10.1911845245746,0],[-50.7730095332054,-10.1890138688276,0],[-50.7757484479759,-10.1890157588995,0],[-50.7757478790558,-10.1898297549925,0],[-50.777117340115,-10.1898306915009,0],[-50.7771152664063,-10.1928153437754,0],[-50.7743763189382,-10.1928134644607,0],[-50.7743768915091,-10.1919994685929,0],[-50.7732813154515,-10.1919987105021,0]]],[[[-50.8179253346616,-10.1933832917652,0],[-50.8179318002769,-10.1819873162234,0],[-50.8182056862863,-10.1819874685269,0],[-50.8182063009554,-10.1809021363921,0],[-50.8182064545572,-10.1806308035009,0],[-50.818480339414,-10.1806309552646,0],[-50.818480799499,-10.1798169568412,0],[-50.8187546841032,-10.1798171086533,0],[-50.818754837225,-10.1795457757358,0],[-50.8203981422395,-10.1795466817694,0],[-50.8203979905061,-10.1798180147116,0],[-50.8236846044645,-10.1798198020716,0],[-50.8236844545907,-10.1800911347676,0],[-50.8239583395067,-10.1800912823732,0],[-50.8242322242082,-10.1800914297495,0],[-50.8242319271992,-10.1806340957247,0],[-50.8247796975405,-10.1806343895157,0],[-50.8247798455843,-10.1803630565224,0],[-50.8250537305297,-10.1803632030701,0],[-50.8250538783379,-10.1800918700683,0],[-50.8253277630561,-10.1800920163827,0],[-50.8253279106288,-10.1798206833725,0],[-50.8286145247917,-10.1798224212182,0],[-50.8286143799957,-10.1800937542757,0],[-50.8299838038939,-10.1800944686551,0],[-50.8299836602508,-10.1803658017276,0],[-50.8302330405613,-10.180365931207,0],[-50.8302167143673,-10.1836168957142,0],[-50.8302075097163,-10.1852276887126,0],[-50.8301798932717,-10.1881733319105,0],[-50.8301798891757,-10.1881741712318,0],[-50.8301798896305,-10.1887080994324,0],[-50.830180220619,-10.1887157955129,0],[-50.8302718051112,-10.1897781868391,0],[-50.830207580354,-10.1915489557095,0],[-50.8301937923039,-10.1918476978939,0],[-50.8302031826355,-10.1918919725529,0],[-50.8302513985031,-10.1919884031005,0],[-50.830251374764,-10.1920332625657,0],[-50.8297035845911,-10.1920329767149,0],[-50.8297018556989,-10.1952889708681,0],[-50.8302190960935,-10.1952892400324,0],[-50.8302397054274,-10.1965784898747,0],[-50.8302167391392,-10.1974695676533,0],[-50.8302167120032,-10.1974725360207,0],[-50.830221908807,-10.1981776170537,0],[-50.8288592808929,-10.1981630155861,0],[-50.8288368001999,-10.1981627749837,0],[-50.8272988801016,-10.198146295172,0],[-50.8254223102218,-10.1981261841047,0],[-50.825399759237,-10.1981259432284,0],[-50.824770148777,-10.1981191936061,0],[-50.8247702140977,-10.1979996917383,0],[-50.8244963141017,-10.1979995447018,0],[-50.8244962502059,-10.1981162572678,0],[-50.8242223516438,-10.1981133206999,0],[-50.8242224141098,-10.1979993974358,0],[-50.8231268141843,-10.1979988060749,0],[-50.8231269638849,-10.1977274733934,0],[-50.8228530641457,-10.1977273249831,0],[-50.8228532140739,-10.1974559923011,0],[-50.8225793145708,-10.1974558436652,0],[-50.8225794647267,-10.1971845109828,0],[-50.8223055654596,-10.1971843621213,0],[-50.8223066180549,-10.1952850332465,0],[-50.8220327204145,-10.1952848841837,0],[-50.8220328710001,-10.1950135514734,0],[-50.8217589735957,-10.195013402185,0],[-50.8217591244089,-10.1947420694742,0],[-50.8214852272404,-10.1947419199604,0],[-50.8214850761955,-10.1950132526671,0],[-50.8206633840202,-10.1950128028495,0],[-50.8195677942944,-10.1950121993237,0],[-50.8195676416228,-10.1952835322871,0],[-50.8190198464312,-10.1952832293402,0],[-50.8190199995663,-10.195011896385,0],[-50.8187461024273,-10.1950117448612,0],[-50.8187462555711,-10.1947404119055,0],[-50.8184723586681,-10.1947402601563,0],[-50.8184726665375,-10.1941975954345,0],[-50.8181987691897,-10.194197442559,0],[-50.8181992303966,-10.1933834451471,0],[-50.8179253346616,-10.1933832917652,0]],[[-50.8250461875042,-10.1942011808169,0],[-50.8247722898359,-10.1942010340654,0],[-50.8247714002397,-10.1958290305823,0],[-50.8253191965354,-10.1958293239025,0],[-50.8253190487188,-10.1961006557431,0],[-50.8255929471047,-10.1961008020627,0],[-50.8255927995148,-10.1963721357117,0],[-50.8264144953929,-10.1963725724005,0],[-50.8264149360623,-10.1955585750223,0],[-50.8261410381276,-10.1955584293993,0],[-50.8261420678359,-10.193659099039,0],[-50.8253203789226,-10.1936586617804,0],[-50.8253202320517,-10.1939299945618,0],[-50.825046334611,-10.1939298480439,0],[-50.8250461875042,-10.1942011808169,0]],[[-50.8275124249344,-10.1920318277495,0],[-50.8275127167334,-10.1914891620568,0],[-50.8269649277867,-10.1914888725361,0],[-50.8269647814259,-10.1917602053768,0],[-50.8272386770419,-10.1917603502564,0],[-50.8272385299957,-10.1920316830961,0],[-50.8275124249344,-10.1920318277495,0]]],[[[-50.7590439284644,-10.1852052281213,0],[-50.7590445394783,-10.1843912327681,0],[-50.759866201197,-10.1843918370237,0],[-50.7598664041625,-10.1841205052138,0],[-50.7606880652379,-10.184121107389,0],[-50.7606884697628,-10.1835784437231,0],[-50.7615101295005,-10.1835790438018,0],[-50.76151033106,-10.1833077119458,0],[-50.7637014220903,-10.1833093020225,0],[-50.7637012223825,-10.1835806339217,0],[-50.7639751090181,-10.1835808316547,0],[-50.7639737125273,-10.1854801548612,0],[-50.7628781595369,-10.1854793624022,0],[-50.7628779590897,-10.1857506942493,0],[-50.7626040706246,-10.1857504955558,0],[-50.7626034685548,-10.1865644910539,0],[-50.7656162496195,-10.1865666642451,0],[-50.765614069618,-10.1895513147085,0],[-50.7667096367255,-10.1895520983126,0],[-50.7667084529096,-10.1911800893727,0],[-50.7688995985082,-10.191181645821,0],[-50.7689003803284,-10.1900963182964,0],[-50.7710915188652,-10.1900978598898,0],[-50.7710891953818,-10.1933538427505,0],[-50.7702675100495,-10.193353266186,0],[-50.7702669269711,-10.194167261753,0],[-50.7698190085279,-10.1941669465603,0],[-50.7701733824209,-10.1911190754136,0],[-50.7645170988218,-10.191463020177,0],[-50.7645177059988,-10.1906358546538,0],[-50.7647915986716,-10.1906360518383,0],[-50.7647923943457,-10.1895507245962,0],[-50.7631490439518,-10.1895495381763,0],[-50.7631486433465,-10.1900922017419,0],[-50.7628747511706,-10.1900920031914,0],[-50.7628737484006,-10.1914486619997,0],[-50.7620520684319,-10.1914480648902,0],[-50.7620519461705,-10.1916128895837,0],[-50.7584911668086,-10.1918293351003,0],[-50.7584924771247,-10.1900887951762,0],[-50.760409721841,-10.190090205911,0],[-50.7604105322938,-10.1890048789787,0],[-50.757671620621,-10.1890028604209,0],[-50.7576732597803,-10.1868322067795,0],[-50.7590427062822,-10.1868332187063,0],[-50.7590431136991,-10.1862905551959,0],[-50.7598647802796,-10.1862911595665,0],[-50.7598655922666,-10.1852058324261,0],[-50.7590439284644,-10.1852052281213,0]]],[[[-50.7686305960162,-10.1843981539901,0],[-50.7705478081391,-10.1843995045226,0],[-50.7705462564446,-10.1865701605071,0],[-50.7686290313566,-10.1865688096809,0],[-50.7686305960162,-10.1843981539901,0]]],[[[-50.7579481721993,-10.185475750924,0],[-50.7579479675848,-10.1857470826729,0],[-50.7557568608439,-10.185745453674,0],[-50.7557585124154,-10.183574799911,0],[-50.7574018313246,-10.1835760227703,0],[-50.7574003959426,-10.1854753450615,0],[-50.7579481721993,-10.185475750924,0]]],[[[-50.7615119433327,-10.1811370569359,0],[-50.7615111372416,-10.1822223844768,0],[-50.7593200539797,-10.182220779899,0],[-50.7593214775391,-10.1803214569608,0],[-50.761238664034,-10.1803228615014,0],[-50.7612380588308,-10.1811368571879,0],[-50.7615119433327,-10.1811370569359,0]]],[[[-50.7502869022711,-10.1757020450507,0],[-50.752204059899,-10.1757035018716,0],[-50.7522069889921,-10.1719048562891,0],[-50.7500159776254,-10.1719031910691,0],[-50.7500178766495,-10.1694612045665,0],[-50.7494701280279,-10.1694607860736,0],[-50.7494722421138,-10.1667474674247,0],[-50.7522109623482,-10.1667495501624,0],[-50.7522111714134,-10.1664782182161,0],[-50.7544021459569,-10.1664798678785,0],[-50.7565931213103,-10.1664815028902,0],[-50.7565925051884,-10.1672954989841,0],[-50.7571402504164,-10.167295905481,0],[-50.7571394306885,-10.1683812335875,0],[-50.7576871777882,-10.1683816392128,0],[-50.7576849281467,-10.1713662912569,0],[-50.7571371759618,-10.1713658855101,0],[-50.7571369709521,-10.1716372174761,0],[-50.7568630946371,-10.1716370142536,0],[-50.7568628893904,-10.1719083462096,0],[-50.7557673832633,-10.171907531007,0],[-50.7557653212308,-10.1746208500981,0],[-50.7554914424013,-10.1746206456692,0],[-50.7554908229848,-10.1754346412923,0],[-50.7530259075359,-10.1754327909714,0],[-50.7530211090533,-10.1816734215798,0],[-50.750830030928,-10.1816717602304,0],[-50.7508285569442,-10.1835710818013,0],[-50.7475419210245,-10.1835685617851,0],[-50.7475412808953,-10.1843825564711,0],[-50.7497323769689,-10.1843842402882,0],[-50.74972983814,-10.1876402191768,0],[-50.7494559483316,-10.1876400094339,0],[-50.7494557364923,-10.187911340973,0],[-50.7491818464583,-10.187911130995,0],[-50.7491809981157,-10.1889964570836,0],[-50.7502765619929,-10.1889972957103,0],[-50.750276773161,-10.1887259641721,0],[-50.7510984454364,-10.1887265907161,0],[-50.751100129011,-10.1865559381123,0],[-50.7521956847171,-10.1865567701112,0],[-50.7521963131818,-10.1857427752427,0],[-50.7543874193188,-10.1857444280954,0],[-50.7543849273727,-10.1890004078656,0],[-50.7538371452458,-10.1889999958943,0],[-50.7538365207386,-10.1898139907021,0],[-50.7532887372455,-10.1898135777793,0],[-50.7532874852937,-10.1914415672061,0],[-50.7505485542815,-10.191439488486,0],[-50.7505487652714,-10.1911681569826,0],[-50.7478098371672,-10.1911660553702,0],[-50.7478113301445,-10.1892667351201,0],[-50.7469896566938,-10.1892661002822,0],[-50.7469898706472,-10.1889947688172,0],[-50.7464420888399,-10.1889943444562,0],[-50.7464423032505,-10.1887230129982,0],[-50.7456206312795,-10.1887223747533,0],[-50.7456208463788,-10.1884510433082,0],[-50.7453469559655,-10.1884508301068,0],[-50.7453486783955,-10.18628017843,0],[-50.7448009012919,-10.1862797514319,0],[-50.7448013327651,-10.1857370884909,0],[-50.7445274446855,-10.1857368746594,0],[-50.7445296040035,-10.183023559743,0],[-50.7439818324922,-10.1830231315083,0],[-50.7439822652089,-10.1824804684944,0],[-50.7437971824444,-10.1824803236015,0],[-50.7439059541625,-10.1748831199909,0],[-50.7445360783236,-10.1748836122968,0],[-50.7445365097511,-10.1743409489899,0],[-50.7486446858044,-10.1743441287448,0],[-50.7486440490607,-10.175158123958,0],[-50.748917928206,-10.175158334126,0],[-50.7489177161774,-10.1754296658605,0],[-50.7491915955599,-10.1754298758051,0],[-50.7491899009678,-10.1776005295648,0],[-50.748642138508,-10.177600109355,0],[-50.7486404398337,-10.1797707627356,0],[-50.7483665567618,-10.1797705522411,0],[-50.7483657063561,-10.1808558788007,0],[-50.7494612423814,-10.1808567194946,0],[-50.7494639938202,-10.177329407616,0],[-50.7502856368783,-10.1773300355072,0],[-50.7502869022711,-10.1757020450507,0]],[[-50.7450799603671,-10.1797680084279,0],[-50.7450806064382,-10.1789540136686,0],[-50.7442589595574,-10.1789533726101,0],[-50.744258311404,-10.1797673673171,0],[-50.7450799603671,-10.1797680084279,0]],[[-50.7459037558028,-10.1770553312804,0],[-50.7450821137257,-10.1770546924064,0],[-50.7450816831023,-10.1775973556466,0],[-50.7459033265674,-10.1775979945554,0],[-50.7459037558028,-10.1770553312804,0]],[[-50.7535767873234,-10.171363225825,0],[-50.7549461674529,-10.1713642533615,0],[-50.7549467879955,-10.1705502575697,0],[-50.7535774113336,-10.1705492301172,0],[-50.7535767873234,-10.171363225825,0]]],[[[-50.7565851076747,-10.1770634489579,0],[-50.7565849020815,-10.1773347808185,0],[-50.7568587832471,-10.1773349843864,0],[-50.7568569347304,-10.1797769709796,0],[-50.7543919857086,-10.1797751301683,0],[-50.7543926081798,-10.1789611348278,0],[-50.7546664906871,-10.1789613402626,0],[-50.7546679412967,-10.1770620176052,0],[-50.7565851076747,-10.1770634489579,0]]],[[[-50.7856214045906,-10.1697577744117,0],[-50.7856217664473,-10.1692151093298,0],[-50.7869911405163,-10.1692160026867,0],[-50.7869915000414,-10.1686733375381,0],[-50.7878131231567,-10.1686738707754,0],[-50.7878136603266,-10.1678598729753,0],[-50.7880875340151,-10.1678600502486,0],[-50.7880889643982,-10.1656893892123,0],[-50.7902799392978,-10.1656907988495,0],[-50.7902797623659,-10.1659621315331,0],[-50.7905536344819,-10.1659623067124,0],[-50.7905532810652,-10.1665049720758,0],[-50.7908271536483,-10.1665051470358,0],[-50.790826800674,-10.1670478123907,0],[-50.7911006737241,-10.1670479871313,0],[-50.7911003211921,-10.1675906524778,0],[-50.7913741947093,-10.167590826999,0],[-50.7913736665675,-10.1684048249993,0],[-50.791647540783,-10.1684049993057,0],[-50.791647189126,-10.1689476646264,0],[-50.7919210638087,-10.1689478387133,0],[-50.7919207125941,-10.1694905040255,0],[-50.792194587744,-10.1694906778929,0],[-50.7921942369716,-10.1700333438112,0],[-50.7921938861803,-10.1705760084823,0],[-50.7924677622598,-10.1705761821397,0],[-50.7924675870877,-10.1708475147805,0],[-50.7921937107771,-10.1708473411184,0],[-50.7921933599559,-10.1713900063773,0],[-50.7919194831879,-10.1713898324767,0],[-50.7919191318846,-10.171932497708,0],[-50.7916452546591,-10.1719323235689,0],[-50.7916449028738,-10.172474988483,0],[-50.7913710249722,-10.1724748141053,0],[-50.7913708490594,-10.1727461469858,0],[-50.7913706729233,-10.1730174792819,0],[-50.7910967945642,-10.1730173046656,0],[-50.7910966184102,-10.1732886375323,0],[-50.791096442033,-10.1735599698148,0],[-50.7908225632158,-10.1735597958643,0],[-50.7908223868213,-10.1738311278128,0],[-50.7908222102029,-10.1741024600815,0],[-50.7905483309288,-10.174102284988,0],[-50.7905481542925,-10.1743736178272,0],[-50.790547800568,-10.1749162829122,0],[-50.7902739208238,-10.1749161075754,0],[-50.790273389506,-10.175730105155,0],[-50.789999509073,-10.1757299295748,0],[-50.7899987996545,-10.1768152595989,0],[-50.7894510369528,-10.1768149077127,0],[-50.7894497920401,-10.1787142350149,0],[-50.7891759090774,-10.1787140586945,0],[-50.7891757309814,-10.1789853911434,0],[-50.7886279646083,-10.1789850378054,0],[-50.7886277860446,-10.1792563702403,0],[-50.7883539026342,-10.1792561932226,0],[-50.7883535450289,-10.1797988580693,0],[-50.7880796611608,-10.1797986808127,0],[-50.7880789449644,-10.1808840104328,0],[-50.7883528297582,-10.1808841877086,0],[-50.7883526509279,-10.1811555201072,0],[-50.7894481910786,-10.1811562269371,0],[-50.7894487247774,-10.1803422296702,0],[-50.7899964934943,-10.1803425816809,0],[-50.7899961386257,-10.1808852465492,0],[-50.7905439082881,-10.180885597662,0],[-50.7905437313092,-10.1811569300989,0],[-50.790269846244,-10.1811567547336,0],[-50.7899959609648,-10.1811565795911,0],[-50.7899957837372,-10.1814279113995,0],[-50.7897218982321,-10.1814277351997,0],[-50.7897217207675,-10.1816990679033,0],[-50.789721543079,-10.1819704009271,0],[-50.7894476571164,-10.1819702238738,0],[-50.7894474794104,-10.1822415565635,0],[-50.7891735941334,-10.1822413807959,0],[-50.7891734152785,-10.1825127125714,0],[-50.7886256426697,-10.1825123597228,0],[-50.7886254640414,-10.1827836911949,0],[-50.7883515776227,-10.1827835141146,0],[-50.7883513987573,-10.1830548464817,0],[-50.7872558522066,-10.1830541358484,0],[-50.7872556726289,-10.1833254684817,0],[-50.7864340127689,-10.183324932795,0],[-50.7864338315787,-10.1835962654087,0],[-50.7856121710699,-10.1835957276436,0],[-50.7856119889615,-10.183867060238,0],[-50.7853381018911,-10.1838668806161,0],[-50.7853379204594,-10.1841382129119,0],[-50.7850640329439,-10.1841380330556,0],[-50.7850636696021,-10.1846806976239,0],[-50.7850631245512,-10.1854946944427,0],[-50.7850629428574,-10.1857660267066,0],[-50.7847890539579,-10.1857658465916,0],[-50.784788690092,-10.1863085110962,0],[-50.7850625794545,-10.186308691221,0],[-50.7850623977453,-10.1865800234714,0],[-50.7853362871258,-10.1865802033716,0],[-50.7853361065557,-10.1868515362377,0],[-50.7856099956976,-10.1868517152984,0],[-50.7861577753844,-10.1868520739618,0],[-50.7861575945913,-10.1871234062228,0],[-50.7872531549519,-10.1871241208163,0],[-50.78725297508,-10.1873954530923,0],[-50.7880746460982,-10.1873959866433,0],[-50.788074466916,-10.1876673189292,0],[-50.788348357497,-10.1876674963255,0],[-50.7883476416441,-10.1887528254435,0],[-50.7886215331565,-10.1887530026297,0],[-50.7886211756632,-10.1892956671713,0],[-50.7888950676438,-10.1892958441377,0],[-50.7888948891212,-10.1895671764067,0],[-50.7891687813384,-10.1895673531484,0],[-50.7891684247415,-10.1901100176822,0],[-50.7891682462169,-10.1903813499423,0],[-50.7888943535235,-10.1903811731863,0],[-50.7888945320611,-10.1901098409309,0],[-50.7875250687339,-10.1901089537321,0],[-50.7875248890382,-10.1903802859634,0],[-50.7869771032793,-10.190379929468,0],[-50.7869769231152,-10.1906512616851,0],[-50.7861552438199,-10.1906507252063,0],[-50.7861550629558,-10.1909220574043,0],[-50.7845117031123,-10.1909209782215,0],[-50.7845133432139,-10.1884789885413,0],[-50.7839655608094,-10.1884786270663,0],[-50.7839664741138,-10.1871219660245,0],[-50.7834186940456,-10.187121603681,0],[-50.7834185109318,-10.1873929358885,0],[-50.7831446206738,-10.1873927543677,0],[-50.783143887241,-10.188478083133,0],[-50.7801310845544,-10.1884760710449,0],[-50.7801333151708,-10.1852200851896,0],[-50.7825983104966,-10.1852217329707,0],[-50.7825984942638,-10.1849504007421,0],[-50.7828723824277,-10.1849505826772,0],[-50.7828725659583,-10.1846792504392,0],[-50.7831464538958,-10.1846794321399,0],[-50.7831468204785,-10.1841367676404,0],[-50.7845162579282,-10.184137672655,0],[-50.7845178968802,-10.1816956819633,0],[-50.7839701260512,-10.1816953207339,0],[-50.7839704911322,-10.1811526561059,0],[-50.7823271815455,-10.1811515669743,0],[-50.7823281011005,-10.1797949054739,0],[-50.7820542173443,-10.1797947231743,0],[-50.7820556902148,-10.1776240645797,0],[-50.7839728636597,-10.1776253355861,0],[-50.7839726811883,-10.1778966679608,0],[-50.7842465633609,-10.1778968486213,0],[-50.7842458343495,-10.1789821780946,0],[-50.7845197174526,-10.1789823585456,0],[-50.7845219014652,-10.1757263698512,0],[-50.7834263801872,-10.1757256469081,0],[-50.7834265630802,-10.1754543145074,0],[-50.7828788029345,-10.1754539516708,0],[-50.7828791696302,-10.1749112868756,0],[-50.7806881329543,-10.1749098264439,0],[-50.7806886885094,-10.1740958293367,0],[-50.7801409307798,-10.1740954619676,0],[-50.7801411164169,-10.1738241295995,0],[-50.7798672377912,-10.1738239455763,0],[-50.7798687245501,-10.1716532865104,0],[-50.7801426013261,-10.1716534704935,0],[-50.780143714789,-10.1700254759753,0],[-50.7826085935237,-10.1700271212478,0],[-50.7826084100399,-10.1702984537235,0],[-50.7828822857119,-10.1702986353915,0],[-50.7828821024541,-10.1705699678677,0],[-50.7837037301944,-10.1705705115124,0],[-50.7837039127587,-10.1702991790214,0],[-50.7839777884512,-10.1702993597733,0],[-50.7839779707791,-10.1700280272729,0],[-50.7845257217172,-10.17002838808,0],[-50.7845259035778,-10.1697570555653,0],[-50.7856214045906,-10.1697577744117,0]]],[[[-50.7470039783065,-10.1710868821849,0],[-50.7453607245862,-10.1710856086371,0],[-50.7453609395247,-10.1708142769056,0],[-50.745087064157,-10.1708140638519,0],[-50.745089000412,-10.1683720781186,0],[-50.7467322402277,-10.1683733526935,0],[-50.746732667667,-10.1678306890784,0],[-50.7470065405285,-10.1678309006946,0],[-50.747006754008,-10.1675595688746,0],[-50.7491977352663,-10.1675612535165,0],[-50.7491947718944,-10.1713598992308,0],[-50.747003764749,-10.1713582139466,0],[-50.7470039783065,-10.1710868821849,0]]],[[[-50.7743946173278,-10.1667655766268,0],[-50.7749423623532,-10.166765953341,0],[-50.7749421724612,-10.1670372857295,0],[-50.7771331546246,-10.1670387834698,0],[-50.7771307095794,-10.1705661046428,0],[-50.7702838163427,-10.1705613738815,0],[-50.7702865303222,-10.1667627220823,0],[-50.7716558925224,-10.1667636793203,0],[-50.7716560851819,-10.1664923469892,0],[-50.7743948076766,-10.1664942442441,0],[-50.7743946173278,-10.1667655766268,0]]],[[[-50.7648074952009,-10.16892949333,0],[-50.7637119985856,-10.1689287049329,0],[-50.7637137930313,-10.1664867154949,0],[-50.7659047697126,-10.16648828824,0],[-50.7659043746832,-10.1670309526766,0],[-50.7667259924168,-10.1670315387107,0],[-50.7667240238702,-10.1697448607842,0],[-50.7648068997251,-10.1697434897929,0],[-50.7648074952009,-10.16892949333,0]]],[[[-50.8165699594592,-10.1686912357998,0],[-50.8165701142537,-10.1684199027314,0],[-50.8162962396153,-10.1684197492611,0],[-50.8162971696776,-10.1667917507816,0],[-50.8165710429294,-10.1667919042268,0],[-50.8165715072086,-10.165977904914,0],[-50.8168453797715,-10.1659780581178,0],[-50.8168455342915,-10.1657067250004,0],[-50.8173932789684,-10.1657070307129,0],[-50.8173931249105,-10.1659783638387,0],[-50.8173929708483,-10.16624969696,0],[-50.8173926627109,-10.166792363189,0],[-50.817118789446,-10.1667922104306,0],[-50.817118172195,-10.1678775428183,0],[-50.8168442980101,-10.1678773898142,0],[-50.816843834333,-10.1686913890454,0],[-50.8165699594592,-10.1686912357998,0]]],[[[-50.7601522424192,-10.1681121211127,0],[-50.7601536590491,-10.1662127964246,0],[-50.7628923769162,-10.1662147897723,0],[-50.7628911765436,-10.1678427827012,0],[-50.7623434301521,-10.1678423857982,0],[-50.7623432296082,-10.1681137179265,0],[-50.7601522424192,-10.1681121211127,0]]],[[[-50.7678214828056,-10.1670323168845,0],[-50.767822070489,-10.1662183201114,0],[-50.7700130459849,-10.1662198653438,0],[-50.7700124638472,-10.1670338622432,0],[-50.7678214828056,-10.1670323168845,0]]],[[[-50.8365764718352,-10.1418397969226,0],[-50.8363210696395,-10.1418396697281,0],[-50.8363235546595,-10.1410929408748,0],[-50.8363236367522,-10.1410678904679,0],[-50.8363273885332,-10.1399403354349,0],[-50.8365774343112,-10.1399404608411,0],[-50.8365775720425,-10.139669126395,0],[-50.8365854038457,-10.12420309031,0],[-50.8368592409842,-10.1242032262306,0],[-50.8368595153143,-10.1236605583266,0],[-50.8368597894104,-10.1231178901149,0],[-50.8365859529734,-10.1231177542091,0],[-50.8365860871824,-10.122852475099,0],[-50.839986539211,-10.1232586099846,0],[-50.8435887100188,-10.1236888406133,0],[-50.844444169842,-10.1237910110565,0],[-50.8471908900905,-10.1241190608731,0],[-50.8507930593225,-10.1245492906475,0],[-50.8543952405264,-10.1249795199935,0],[-50.8555552806568,-10.1250531895326,0],[-50.8578116102814,-10.1251964811961,0],[-50.8612279805393,-10.1254134404365,0],[-50.864644340334,-10.1256304004216,0],[-50.8666663900671,-10.1257588150472,0],[-50.8680607097361,-10.1258473602529,0],[-50.8716425999336,-10.126101249881,0],[-50.8717944003792,-10.1261120096183,0],[-50.8718136397976,-10.1261133728856,0],[-50.8752244807171,-10.1263551403549,0],[-50.8777775009808,-10.1265361051039,0],[-50.8788063703304,-10.12660902987,0],[-50.882388249591,-10.1268629202252,0],[-50.8867204402053,-10.1273540408438,0],[-50.8888886103834,-10.127599832841,0],[-50.8910526400425,-10.1278451506458,0],[-50.895384829904,-10.1283362704191,0],[-50.8997170307685,-10.1288273802647,0],[-50.8999997207194,-10.1288594286872,0],[-50.904049219787,-10.1293185000654,0],[-50.9084846595402,-10.1298189499804,0],[-50.9111108301109,-10.1301152644197,0],[-50.912920089825,-10.130319399851,0],[-50.9173555306989,-10.1308198505786,0],[-50.9191073203519,-10.1310175069245,0],[-50.919134990593,-10.131020628656,0],[-50.9217909602308,-10.1313203003405,0],[-50.9222219435806,-10.1332369698357,0],[-50.9222436116939,-10.1333333295727,0],[-50.9224671597401,-10.1343274807572,0],[-50.9224894088461,-10.1344264200993,0],[-50.9224960689901,-10.1344560405764,0],[-50.923143360699,-10.1373346602292,0],[-50.923819560374,-10.1403418396586,0],[-50.9228684686538,-10.144444450201,0],[-50.9228474203016,-10.1445352401548,0],[-50.9222219404263,-10.1472332909305,0],[-50.9218752801029,-10.1487286401406,0],[-50.921865838519,-10.1487693697321,0],[-50.9218604890173,-10.1487924499847,0],[-50.9209031397624,-10.1529220405167,0],[-50.9203871950905,-10.155437536161,0],[-50.9203720804957,-10.1554375324919,0],[-50.9203720613337,-10.1555113173649,0],[-50.9203629863774,-10.155555559859,0],[-50.9203315452728,-10.1557088570827,0],[-50.920098147507,-10.1557088012097,0],[-50.9200980803835,-10.1559801350073,0],[-50.9200979456932,-10.1565228035284,0],[-50.9198240807309,-10.1565227366896,0],[-50.9198240124578,-10.1567940713761,0],[-50.9198238097096,-10.1576080751546,0],[-50.9195499429132,-10.1576080071752,0],[-50.9195498753145,-10.1578793418421,0],[-50.9195495361993,-10.1592360136607,0],[-50.9192756682379,-10.159235946346,0],[-50.9192753959876,-10.1603212843274,0],[-50.919001527799,-10.1603212158724,0],[-50.9190014588065,-10.1605925504906,0],[-50.9190013905062,-10.1608638854294,0],[-50.9187275209447,-10.1608638167416,0],[-50.9187274526303,-10.1611351513494,0],[-50.9187273840952,-10.1614064862774,0],[-50.9184535140737,-10.161406417357,0],[-50.9184534455245,-10.1616777519539,0],[-50.9184531704339,-10.1627630891372,0],[-50.918179299478,-10.1627630208833,0],[-50.9181790924467,-10.1635770237181,0],[-50.9179052207999,-10.1635769552297,0],[-50.9179050130581,-10.1643909580186,0],[-50.918178885398,-10.1643910265126,0],[-50.9181788163779,-10.1646623607684,0],[-50.91848609297,-10.1646624373462,0],[-50.9179311575283,-10.166666669998,0],[-50.9174264795952,-10.16848939089,0],[-50.9163321202844,-10.1724418505048,0],[-50.9152377601684,-10.1763942998755,0],[-50.9149077203622,-10.1777777800031,0],[-50.9142867493372,-10.1803808100008,0],[-50.913335730028,-10.1843673098728,0],[-50.912384720481,-10.1883538202952,0],[-50.9123398032462,-10.1885400111029,0],[-50.9123355604046,-10.1885576005381,0],[-50.9122556418951,-10.1888888912785,0],[-50.91157363002,-10.1917160808313,0],[-50.9111108301286,-10.1936345499924,0],[-50.9107625396171,-10.195078340335,0],[-50.9107373174684,-10.1952020806143,0],[-50.9105500289355,-10.1953211051028,0],[-50.9105018419435,-10.1953210928124,0],[-50.9105018324783,-10.195351734526,0],[-50.9103455454952,-10.1954510567995,0],[-50.9103403029804,-10.1954546505327,0],[-50.9101537274544,-10.1955923309866,0],[-50.9099539675156,-10.1955922750929,0],[-50.909953927009,-10.1957397702737,0],[-50.9097861710181,-10.1958635634131,0],[-50.9096799921985,-10.1958635331752,0],[-50.9096799701152,-10.1959419314229,0],[-50.9090054844558,-10.1964396551618,0],[-50.9090024425918,-10.1964419986377,0],[-50.9079161766587,-10.1973165355374,0],[-50.9079104077768,-10.1973215942841,0],[-50.9073028349699,-10.1979015500824,0],[-50.9073002787407,-10.1979040890399,0],[-50.9064717710071,-10.1987602143954,0],[-50.9064690548738,-10.1987631467342,0],[-50.9063945217684,-10.1988472786039,0],[-50.9063923314683,-10.1988472779762,0],[-50.9063923307456,-10.1988497525387,0],[-50.9061542068523,-10.1991185432706,0],[-50.9061183512711,-10.1991185329671,0],[-50.9061183384965,-10.1991590322192,0],[-50.905913891529,-10.1993898077524,0],[-50.9058443687839,-10.1993897886235,0],[-50.9058443463305,-10.1994693345872,0],[-50.9056834207612,-10.1996610748922,0],[-50.9055703867465,-10.1996610422327,0],[-50.9055703555999,-10.1997667637448,0],[-50.9054622255597,-10.1998556701932,0],[-50.9052142754748,-10.1999322735884,0],[-50.9047485991255,-10.1999321381144,0],[-50.9047485572724,-10.2000729710904,0],[-50.9044242028886,-10.2001669431691,0],[-50.9042757905819,-10.2002033325704,0],[-50.9039268101318,-10.2002032301024,0],[-50.90392678445,-10.200288906387,0],[-50.9034686717937,-10.2004012318408,0],[-50.9034681814706,-10.200401353796,0],[-50.9031774031994,-10.2004743432809,0],[-50.9025572137543,-10.2004741579278,0],[-50.9025571663635,-10.2006300300039,0],[-50.902331689382,-10.2006866261452,0],[-50.9020884024819,-10.2007453521862,0],[-50.9020093247932,-10.2007453284692,0],[-50.9020093189497,-10.2007644402989,0],[-50.9014000516618,-10.2009115051224,0],[-50.9009125731468,-10.2010026224309,0],[-50.9008045139967,-10.2010162973979,0],[-50.9003658211012,-10.2010161638554,0],[-50.9003658047122,-10.2010718170734,0],[-50.8990614479154,-10.2012368838582,0],[-50.8985691925169,-10.201286944322,0],[-50.8981745073823,-10.2012868214979,0],[-50.8981744945898,-10.2013270828662,0],[-50.8974343497821,-10.2014023516091,0],[-50.8954936625189,-10.2015495126949,0],[-50.8953730774508,-10.2015572694948,0],[-50.8943397678235,-10.2015569368023,0],[-50.8943397448842,-10.2016237418123,0],[-50.8939203524971,-10.201650719298,0],[-50.893518016676,-10.201673710491,0],[-50.8935180555656,-10.2015566701933,0],[-50.8926963440247,-10.2015564012272,0],[-50.8926962890222,-10.2017206662026,0],[-50.8923096941702,-10.2017427575366,0],[-50.8923087236166,-10.2017428178143,0],[-50.8916006492702,-10.201790776886,0],[-50.8916007286726,-10.2015560393894,0],[-50.891326824841,-10.2015559483556,0],[-50.8913267389157,-10.2018093291698,0],[-50.8910629675632,-10.2018271938999,0],[-50.8894094044553,-10.2018266382241,0],[-50.8883137889943,-10.2018262658368,0],[-50.888313722243,-10.2020151708604,0],[-50.8882581420901,-10.2020189939277,0],[-50.8882522876375,-10.20201958524,0],[-50.887668853492,-10.2020973771428,0],[-50.8863963639404,-10.2020969374376,0],[-50.886122459695,-10.202096842111,0],[-50.8860664405802,-10.2020968228937,0],[-50.8860628741762,-10.202094734191,0],[-50.8858485991767,-10.2019759509926,0],[-50.8858486528009,-10.201825413428,0],[-50.8855768678971,-10.2018253174052,0],[-50.8852159550353,-10.2016252460632,0],[-50.8852091296631,-10.2016218257676,0],[-50.8842918842794,-10.201209066242,0],[-50.8837335272867,-10.200902427608,0],[-50.8837256466612,-10.2008985781992,0],[-50.8830326607581,-10.2006002728076,0],[-50.8826117473023,-10.2003943922822,0],[-50.8822256900892,-10.2001990922247,0],[-50.8822211763517,-10.2001961240185,0],[-50.8822884988674,-10.2001961482889,0],[-50.8822885976042,-10.1999248149187,0],[-50.8820146954735,-10.1999247169946,0],[-50.8820149951019,-10.1991107162514,0],[-50.88201519484,-10.1985680494765,0],[-50.8820167923419,-10.1942267152442,0],[-50.8822906896047,-10.194226813112,0],[-50.8822908896916,-10.1936841461701,0],[-50.8820169919793,-10.1936840483074,0],[-50.8820213811713,-10.1817453705336,0],[-50.8817474943458,-10.1817452716555,0],[-50.8817475942686,-10.1814739379853,0],[-50.8820214808627,-10.1814740368607,0],[-50.8820215805513,-10.1812027031833,0],[-50.8817476941887,-10.1812026043105,0],[-50.8817477941059,-10.1809312706314,0],[-50.8820216802371,-10.1809313695014,0],[-50.8820217799202,-10.1806600358151,0],[-50.8822956658228,-10.1806601344532,0],[-50.8822971572621,-10.1765901285784,0],[-50.8820232748299,-10.1765900299805,0],[-50.8820233744682,-10.1763186962223,0],[-50.8822972566691,-10.1763187948175,0],[-50.8822974554746,-10.1757761272822,0],[-50.8825713372157,-10.1757762256429,0],[-50.8825723287634,-10.1730628876704,0],[-50.8828462081947,-10.1730629857752,0],[-50.8828468016025,-10.1714349827603,0],[-50.8825729235585,-10.1714348846715,0],[-50.8825730226812,-10.1711635508225,0],[-50.8828469004941,-10.1711636489087,0],[-50.8828469993829,-10.1708923150527,0],[-50.8825731218012,-10.1708922169692,0],[-50.8825735182533,-10.1698068815109,0],[-50.8825738153442,-10.1689928804847,0],[-50.8822999396025,-10.1689927812866,0],[-50.8823013299522,-10.1651941067562,0],[-50.8820274572294,-10.165194008271,0],[-50.8820275567502,-10.1649226743243,0],[-50.8817536842612,-10.1649225756129,0],[-50.8817537840102,-10.1646512416644,0],[-50.8768240838525,-10.1646494257682,0],[-50.8768241877572,-10.1643780918647,0],[-50.8760025718482,-10.1643777820139,0],[-50.8760024672505,-10.164649115909,0],[-50.873811489775,-10.1646482795467,0],[-50.8738115962209,-10.1643769456745,0],[-50.8680602861185,-10.16437468059,0],[-50.8680601748211,-10.1646460144005,0],[-50.8677863027143,-10.1646459040187,0],[-50.8677858565694,-10.1657312392041,0],[-50.8672381105171,-10.1657310177296,0],[-50.86723833452,-10.165188350158,0],[-50.8669644619606,-10.1651882390834,0],[-50.866964686413,-10.1646455714999,0],[-50.8664169422279,-10.1646453486763,0],[-50.8664170549114,-10.1643740148838,0],[-50.8617612337815,-10.1643720839708,0],[-50.8617613503891,-10.1641007502265,0],[-50.8516281045003,-10.164096319123,0],[-50.8516279793451,-10.1643676527467,0],[-50.8513541076689,-10.1643675286352,0],[-50.8513539822792,-10.1646388622509,0],[-50.8510801103756,-10.1646387379072,0],[-50.8510791052828,-10.1668094066445,0],[-50.8513529790348,-10.1668095310154,0],[-50.85135260276,-10.1676235317281,0],[-50.8510787283147,-10.1676234073471,0],[-50.851078476985,-10.1681660744596,0],[-50.8513523518925,-10.1681661988474,0],[-50.8513518501153,-10.1692515330323,0],[-50.8510779742833,-10.1692514086309,0],[-50.8510690419271,-10.1885160782179,0],[-50.8510685381661,-10.1896014110419,0],[-50.8510684122171,-10.1898727442367,0],[-50.8513423056341,-10.1898728688954,0],[-50.8513419284606,-10.1906868684629,0],[-50.8510680343487,-10.1906867437939,0],[-50.8510669005527,-10.193128742223,0],[-50.8513407967498,-10.1931288669224,0],[-50.8513406709865,-10.1934002000621,0],[-50.8510667745578,-10.1934000753592,0],[-50.8510660185137,-10.1950280740826,0],[-50.8499704272724,-10.1950275728942,0],[-50.8499706811552,-10.1944849066983,0],[-50.8480533998647,-10.1944840208278,0],[-50.8480537855285,-10.1936700215725,0],[-50.8477798889108,-10.1936698941117,0],[-50.8477800176899,-10.1933985610209,0],[-50.8466844321822,-10.1933980488961,0],[-50.8466854696991,-10.1912273841202,0],[-50.8455898916636,-10.1912268684347,0],[-50.8455888467327,-10.1933975330985,0],[-50.8450410540299,-10.1933972738225,0],[-50.8450407918337,-10.1939399399294,0],[-50.8439452046185,-10.1939394185945,0],[-50.8439449405538,-10.194482084655,0],[-50.8436710432957,-10.1944819537403,0],[-50.8436706464756,-10.1952959527867,0],[-50.8453140342506,-10.1952967348954,0],[-50.8453137724665,-10.1958394009464,0],[-50.8466832646976,-10.1958400464249,0],[-50.8466828754706,-10.1966540455203,0],[-50.8472306737793,-10.1966543021254,0],[-50.8472301566135,-10.1977396342173,0],[-50.847777956791,-10.1977398899318,0],[-50.8477784721024,-10.1966545578121,0],[-50.84832627044,-10.1966548125803,0],[-50.8483253718526,-10.198554143791,0],[-50.8485992726494,-10.1985542708548,0],[-50.8485991444973,-10.1988256038704,0],[-50.8496947486479,-10.1988261098428,0],[-50.8496946214196,-10.1990974428675,0],[-50.85024242398,-10.1990976944825,0],[-50.8502422972118,-10.1993690275097,0],[-50.8513379033026,-10.1993695279971,0],[-50.8513362670512,-10.2028968568272,0],[-50.8510623622894,-10.2028967329102,0],[-50.8510618577799,-10.2039820641658,0],[-50.8502401416083,-10.2039816882823,0],[-50.850239507412,-10.2053383529679,0],[-50.8491438809684,-10.2053378485043,0],[-50.8491436254089,-10.2058805143197,0],[-50.8477740901149,-10.2058798785348,0],[-50.847773832221,-10.2064225442976,0],[-50.8474999247089,-10.2064224164442,0],[-50.8474994079496,-10.2075077479019,0],[-50.8469515910801,-10.2075074914777,0],[-50.8469517207394,-10.207236158627,0],[-50.8466778125422,-10.2072360300737,0],[-50.8466779424299,-10.2069646972219,0],[-50.8464040351626,-10.2069645684425,0],[-50.8464041643659,-10.2066932352995,0],[-50.8450346257729,-10.2066925879704,0],[-50.8450344944966,-10.2069639208056,0],[-50.844486678621,-10.2069636602579,0],[-50.8444865470954,-10.2072349933714,0],[-50.8442126389313,-10.2072348624594,0],[-50.8442131668135,-10.206149531442,0],[-50.8436653523522,-10.2061492695365,0],[-50.8436654847776,-10.2058779367055,0],[-50.8433915777845,-10.2058778054116,0],[-50.8433917104382,-10.2056064725797,0],[-50.8403787363131,-10.2056050132172,0],[-50.8403792770983,-10.2045196820029,0],[-50.8392836539686,-10.2045191444892,0],[-50.8392832456015,-10.2053331428629,0],[-50.8376398068458,-10.2053323296323,0],[-50.8376392567347,-10.2064176606459,0],[-50.8392827010587,-10.2064184739648,0],[-50.8392822926116,-10.207232472244,0],[-50.838460568125,-10.2072320672003,0],[-50.8384604321856,-10.2075033993258,0],[-50.8362691657848,-10.207502307427,0],[-50.836269303581,-10.2072309747166,0],[-50.8368171199126,-10.2072312490631,0],[-50.8368176728543,-10.206145918148,0],[-50.8351742301308,-10.20614509244,0],[-50.8351736716204,-10.2072304232654,0],[-50.8354475794407,-10.2072305614729,0],[-50.835447161213,-10.208044559556,0],[-50.8351732526966,-10.2080444213373,0],[-50.8348993439654,-10.2080442828885,0],[-50.8348994845371,-10.2077729499167,0],[-50.8346255751289,-10.2077728112414,0],[-50.8346257152343,-10.2075014785583,0],[-50.8332561741958,-10.2075007822767,0],[-50.8329822666506,-10.2075006419948,0],[-50.8329824072315,-10.2072293090397,0],[-50.832434591447,-10.207229028547,0],[-50.8307911433145,-10.2072281806825,0],[-50.8307912866607,-10.206956847754,0],[-50.8305226963834,-10.2069567084036,0],[-50.8305268394525,-10.2057095206528,0],[-50.8305393496489,-10.2019447497754,0],[-50.8305458121763,-10.2000000005286,0],[-50.8305518597412,-10.1981799707918,0],[-50.8305329598537,-10.196374734838,0],[-50.8313446716493,-10.1963751548534,0],[-50.8313449570894,-10.1958324891959,0],[-50.831618855333,-10.1958326304604,0],[-50.8316189978152,-10.1955612976211,0],[-50.831892895831,-10.1955614386521,0],[-50.8318930380775,-10.1952901058044,0],[-50.8329886292534,-10.1952906676176,0],[-50.8329891944917,-10.1942053361208,0],[-50.8318936070237,-10.1942047743687,0],[-50.8318941759061,-10.1931194428611,0],[-50.8305246960765,-10.1931187355826,0],[-50.8305248394457,-10.1928474027137,0],[-50.8307987353468,-10.1928475446247,0],[-50.8307998803019,-10.1906768814804,0],[-50.8304219312506,-10.1906766856384,0],[-50.8304544821644,-10.1897792023507,0],[-50.8304542104025,-10.1897682584456,0],[-50.8303687847985,-10.1887773268088,0],[-50.8305269895003,-10.1887774097545,0],[-50.830528135827,-10.186606745197,0],[-50.8303771829855,-10.1866066669346,0],[-50.8303873582128,-10.1855213399884,0],[-50.8305287098067,-10.1855214132632,0],[-50.8305288521499,-10.1852500811723,0],[-50.8303899008578,-10.1852500091442,0],[-50.8303900962698,-10.1852292043302,0],[-50.8303900982688,-10.1852288769227,0],[-50.83039462918,-10.1844360114629,0],[-50.8305292828091,-10.1844360812569,0],[-50.8305294251362,-10.1841647491481,0],[-50.8303961794071,-10.1841646791815,0],[-50.8303993039328,-10.1836178885456,0],[-50.8304006456323,-10.1833506822144,0],[-50.8305298548338,-10.1833507500827,0],[-50.8305305718293,-10.1819940842697,0],[-50.8308044575547,-10.181994226026,0],[-50.8308064588111,-10.1781955628178,0],[-50.8305325756309,-10.1781954211151,0],[-50.8305361531292,-10.1714120918647,0],[-50.8308100305278,-10.171412233471,0],[-50.8308101733443,-10.1711409002387,0],[-50.8305362961769,-10.1711407586362,0],[-50.8305364392206,-10.1708694254034,0],[-50.8308103161568,-10.170869567002,0],[-50.8308104589653,-10.1705982337608,0],[-50.8305365822603,-10.1705980921661,0],[-50.8305367252959,-10.1703267589242,0],[-50.8308106017698,-10.1703269005151,0],[-50.8308114585125,-10.1686989009467,0],[-50.8305375834255,-10.1686987593789,0],[-50.8305377264327,-10.1684274267203,0],[-50.8308116010704,-10.1684275673796,0],[-50.8308123148923,-10.1670709009268,0],[-50.8305384414101,-10.1670707602867,0],[-50.8305388703488,-10.1662567594682,0],[-50.8308127431373,-10.1662569010012,0],[-50.8308128860962,-10.1659855679737,0],[-50.8308130288325,-10.1657142346517,0],[-50.8310869013815,-10.1657143759482,0],[-50.831087043883,-10.1654430423281,0],[-50.8313609159858,-10.1654431842961,0],[-50.8313610591653,-10.1651718503433,0],[-50.831908802665,-10.1651721317761,0],[-50.8319086608609,-10.1654434651224,0],[-50.8327302778748,-10.1654438855667,0],[-50.8327304189858,-10.165172552209,0],[-50.8335520353423,-10.1651729705819,0],[-50.8335521757562,-10.1649016372082,0],[-50.8362908948897,-10.1649030168687,0],[-50.8362911710853,-10.1643603500329,0],[-50.836565042558,-10.1643604867326,0],[-50.8365764718352,-10.1418397969226,0]],[[-50.8483240876316,-10.2012674743241,0],[-50.8488718947793,-10.2012677282914,0],[-50.8488717659106,-10.2015390603606,0],[-50.8496934759852,-10.2015394395983,0],[-50.8496936032456,-10.201268106614,0],[-50.8499675063791,-10.2012682325637,0],[-50.8499676334037,-10.2009969004759,0],[-50.8496937305021,-10.2009967745297,0],[-50.8496938577554,-10.2007254415364,0],[-50.8483243453742,-10.2007248074724,0],[-50.8483240876316,-10.2012674743241,0]],[[-50.8349040975952,-10.1988189691628,0],[-50.8340823950842,-10.1988185528217,0],[-50.8340822546406,-10.1990898856413,0],[-50.8338083535797,-10.1990897463978,0],[-50.8338079315298,-10.1999037448183,0],[-50.8349035385796,-10.1999043004594,0],[-50.8349040975952,-10.1988189691628,0]],[[-50.8401103790624,-10.194480230668,0],[-50.8406581734849,-10.1944804982367,0],[-50.8406583092129,-10.1942091652522,0],[-50.8403844113181,-10.1942090324902,0],[-50.8403845463616,-10.1939376986,0],[-50.8401106496157,-10.1939375647081,0],[-50.8401103790624,-10.194480230668,0]],[[-50.8398371595888,-10.193123431914,0],[-50.8387415754391,-10.1931228931767,0],[-50.8387414390172,-10.193394226154,0],[-50.8384675427576,-10.1933940908922,0],[-50.8384669961048,-10.1944794227422,0],[-50.8398364820755,-10.1944800968292,0],[-50.8398371595888,-10.193123431914,0]],[[-50.8699894351271,-10.1345286977309,0],[-50.8702632816544,-10.1345288068579,0],[-50.8702633907627,-10.134257471622,0],[-50.8699895444652,-10.1342573634024,0],[-50.8699894351271,-10.1345286977309,0]],[[-50.8702638280762,-10.1331721342517,0],[-50.8702637189803,-10.1334434695055,0],[-50.8705375636775,-10.1334435765832,0],[-50.8705376734552,-10.1331722431357,0],[-50.8702638280762,-10.1331721342517,0]],[[-50.879026982516,-10.132904141986,0],[-50.879026779065,-10.1334468117764,0],[-50.8793006247699,-10.1334469115531,0],[-50.8793008286725,-10.1329042435665,0],[-50.879026982516,-10.132904141986,0]],[[-50.8790283046656,-10.129376793792,0],[-50.8793021469163,-10.1293768953364,0],[-50.8793022483699,-10.1291055608259,0],[-50.8790284063493,-10.1291054592842,0],[-50.8790283046656,-10.129376793792,0]]]]},"properties":{"Id":0,"area_geo":18633.681}},
{"type":"Feature","id":"pa_urupianga.1","geometry":{"type":"MultiPolygon","coordinates":[[[[-51.1248877059335,-9.99587821498393,0],[-51.12488760237,-9.99560687833148,0],[-51.1246138728529,-9.99560698087566,0],[-51.1246137695193,-9.99533564421599,0],[-51.1248874988095,-9.99533554167465,0],[-51.124887395252,-9.99506420501336,0],[-51.1251611243122,-9.99506410224987,0],[-51.1251610205307,-9.99479276558708,0],[-51.1265296646526,-9.99479224840911,0],[-51.1265298744885,-9.99533492170171,0],[-51.1268036037578,-9.99533481758541,0],[-51.1268037351644,-9.9956739094033,0],[-51.1266051518818,-9.99642023978022,0],[-51.1265302941961,-9.99642026823397,0],[-51.1265303991304,-9.99669160485599,0],[-51.126256668723,-9.99669170876169,0],[-51.1262567734334,-9.99696304538216,0],[-51.1257093121557,-9.9969632525242,0],[-51.1257092078994,-9.99669191589799,0],[-51.1251617470638,-9.99669212213419,0],[-51.1251616432645,-9.99642078549784,0],[-51.1248879130693,-9.99642088827555,0],[-51.1248878094999,-9.99614955163192,0],[-51.1246140795287,-9.99614965418177,0],[-51.1246139761893,-9.99587831753094,0],[-51.1248877059335,-9.99587821498393,0]]],[[[-51.1251547990545,-9.97851255774603,0],[-51.1251546954535,-9.97824122081423,0],[-51.1257021254454,-9.97824101496619,0],[-51.1257020213942,-9.97796967803566,0],[-51.1259757361591,-9.97796957477759,0],[-51.1259756318843,-9.97769823784557,0],[-51.1262493464197,-9.97769813436578,0],[-51.126249137426,-9.97715546049423,0],[-51.1273439937251,-9.97715504435226,0],[-51.1273443099387,-9.97796905511834,0],[-51.1270705951888,-9.97796915949938,0],[-51.1270707003728,-9.97824049641554,0],[-51.1267969853933,-9.97824060057488,0],[-51.1265232701921,-9.97824070421984,0],[-51.1265233749261,-9.97851204142718,0],[-51.1259759447175,-9.9785122486285,0],[-51.1259760490012,-9.97878358554731,0],[-51.125428618109,-9.97878379185599,0],[-51.1254287219425,-9.9790551287761,0],[-51.1251550062654,-9.97905523159637,0],[-51.1251551098752,-9.97932656851502,0],[-51.1248813939685,-9.97932667111351,0],[-51.124881704136,-9.98014068185134,0],[-51.1246079875466,-9.98014078423372,0],[-51.1246082970608,-9.98095479494039,0],[-51.1243345797885,-9.98095489710662,0],[-51.1243347856927,-9.98149757089475,0],[-51.1237873502327,-9.98149777456449,0],[-51.123787452736,-9.98176911145756,0],[-51.123240016811,-9.98176931423422,0],[-51.1232401188638,-9.9820406511285,0],[-51.1229664006703,-9.9820407521826,0],[-51.1229665024994,-9.98231208907533,0],[-51.1226927840762,-9.98231218990753,0],[-51.1226928856816,-9.98258352679861,0],[-51.1224191670289,-9.98258362740891,0],[-51.1224192684105,-9.98285496429835,0],[-51.1221455495282,-9.98285506468672,0],[-51.1221456506859,-9.98312640157453,0],[-51.1215982124594,-9.9831266016827,0],[-51.1215979103548,-9.98231259098938,0],[-51.1218716287895,-9.98231249105596,0],[-51.1218715278671,-9.9820411541521,0],[-51.1221452460722,-9.98204105399676,0],[-51.122145144926,-9.98176971709131,0],[-51.1224188629016,-9.98176961671406,0],[-51.1224187615317,-9.98149827980699,0],[-51.1226924792777,-9.98149817920785,0],[-51.1226923776839,-9.98122684229914,0],[-51.1229660952004,-9.98122674147812,0],[-51.122965993383,-9.98095540456776,0],[-51.1232397106699,-9.98095530352486,0],[-51.1232395065905,-9.98041262969662,0],[-51.1235132234212,-9.98041252843467,0],[-51.1235131211593,-9.98014119151676,0],[-51.1237868377605,-9.98014109003297,0],[-51.1237865303123,-9.97932707926119,0],[-51.1240602462307,-9.97932697756121,0],[-51.1240601435273,-9.97905564063121,0],[-51.1243338592162,-9.97905553870944,0],[-51.1243336533649,-9.97851286484207,0],[-51.1251547990545,-9.97851255774603,0]]],[[[-51.1221439313969,-9.97851367388201,0],[-51.1221438302882,-9.97824233691926,0],[-51.1224175453179,-9.97824223657818,0],[-51.1224172413296,-9.97742822567182,0],[-51.1226909556766,-9.97742812511451,0],[-51.1226908541264,-9.97715678813973,0],[-51.1229645682439,-9.97715668736062,0],[-51.1229644664701,-9.97688535038417,0],[-51.1232381803582,-9.97688524938329,0],[-51.1232382823586,-9.97715658635694,0],[-51.1235119964704,-9.97715648512868,0],[-51.1235120987002,-9.97742782209506,0],[-51.124059527368,-9.97742761895917,0],[-51.1240596300539,-9.97769895591553,0],[-51.1243333446099,-9.97769885400788,0],[-51.1243334475253,-9.97797019095699,0],[-51.1240597327427,-9.97797029286747,0],[-51.1240598354344,-9.97824162981505,0],[-51.1237861204223,-9.97824173150375,0],[-51.1237862228904,-9.97851306844971,0],[-51.1235125076488,-9.97851316991662,0],[-51.1235126098932,-9.97878450686097,0],[-51.122965178948,-9.97878470912657,0],[-51.1229652807422,-9.97905604607211,0],[-51.1226915650387,-9.97905614687078,0],[-51.122691463471,-9.97878480992244,0],[-51.1224177479912,-9.9787849104937,0],[-51.1224176466531,-9.97851357353816,0],[-51.1221439313969,-9.97851367388201,0]]],[[[-51.125701501183,-9.9766129933171,0],[-51.1257010850676,-9.97552764546294,0],[-51.1259747977936,-9.97552754223065,0],[-51.1259746935457,-9.97525620525897,0],[-51.1257009810462,-9.9752563084884,0],[-51.1257005649902,-9.97417096054612,0],[-51.1259742765838,-9.97417085732815,0],[-51.1259738596695,-9.97308550932688,0],[-51.1276161237333,-9.97308488537356,0],[-51.1276168628764,-9.97498424420834,0],[-51.1273431506212,-9.97498434878208,0],[-51.1273434667626,-9.97579835965393,0],[-51.127069753825,-9.97579846401182,0],[-51.1270699641479,-9.97634113791015,0],[-51.1265225373576,-9.97634134596383,0],[-51.1265226420705,-9.97661268291217,0],[-51.125701501183,-9.9766129933171,0]]],[[[-51.1229630419418,-9.97308663225192,0],[-51.1229628384843,-9.97254395816255,0],[-51.1226891282171,-9.97254405889414,0],[-51.1226889252241,-9.97200138478152,0],[-51.1224152154068,-9.97200148528307,0],[-51.1224143041194,-9.96955945153352,0],[-51.1226880118991,-9.96955935105707,0],[-51.1226878089699,-9.96901667684765,0],[-51.1232352236152,-9.96901647523273,0],[-51.123235325531,-9.96928781233403,0],[-51.1235090330757,-9.96928771118718,0],[-51.1235092373689,-9.96983038537098,0],[-51.1237829453633,-9.9698302839941,0],[-51.123783764464,-9.97200098053075,0],[-51.1240574742667,-9.9720008789069,0],[-51.1240577821571,-9.97281489002706,0],[-51.1237840716751,-9.97281499165936,0],[-51.1237843789125,-9.97362900274836,0],[-51.1235106677483,-9.97362910416463,0],[-51.1235109743326,-9.9744431152224,0],[-51.123237262486,-9.97444321642259,0],[-51.1232374664372,-9.97498589044467,0],[-51.1226900418293,-9.97498609218268,0],[-51.1221426172098,-9.97498629302259,0],[-51.1221425161387,-9.97471495600259,0],[-51.1224162282234,-9.97471485569768,0],[-51.122415924348,-9.97390084461953,0],[-51.1226896357504,-9.97390074409847,0],[-51.1226893312217,-9.9730867329891,0],[-51.1229630419418,-9.97308663225192,0]]],[[[-51.1270561086169,-9.94052462286879,0],[-51.1270562133863,-9.94079596039186,0],[-51.1267825296121,-9.94079606415266,0],[-51.1267824250684,-9.94052472662671,0],[-51.1259613744048,-9.94052503655803,0],[-51.1259611666804,-9.93998236147578,0],[-51.1265085328898,-9.93998215509012,0],[-51.1265084285808,-9.93971081754816,0],[-51.1267821114553,-9.93971071402262,0],[-51.12678221599,-9.9399820515617,0],[-51.1270558990872,-9.93998194780956,0],[-51.1270560038506,-9.94025328534139,0],[-51.1273296871704,-9.94025318136263,0],[-51.1273297921624,-9.94052451888713,0],[-51.1270561086169,-9.94052462286879,0]]],[[[-51.1404606958912,-9.92668105276348,0],[-51.1404605802365,-9.92640971516139,0],[-51.1407342519007,-9.92640960038293,0],[-51.1407341360239,-9.9261382627797,0],[-51.140460464585,-9.92613837755497,0],[-51.1404603489368,-9.92586703994416,0],[-51.1410076913607,-9.92586681017663,0],[-51.1410075752652,-9.92559547256782,0],[-51.1407339042803,-9.92559558756008,0],[-51.1407335566898,-9.92478157469774,0],[-51.1415545676068,-9.92478122907967,0],[-51.1415548006823,-9.92532390430633,0],[-51.1418284714319,-9.92532378864711,0],[-51.1418285882,-9.92559512625068,0],[-51.1412812462468,-9.92559535735217,0],[-51.1412814788917,-9.92613803255896,0],[-51.1410078074595,-9.92613814778103,0],[-51.141008039667,-9.92668082297674,0],[-51.1407343677808,-9.92668093798182,0],[-51.1407348313346,-9.92776628833342,0],[-51.1404611585436,-9.92776640312787,0],[-51.140461274215,-9.92803774070799,0],[-51.1401876011953,-9.92803785528219,0],[-51.1401877166446,-9.92830919286111,0],[-51.1399140433963,-9.92830930721505,0],[-51.1399139281723,-9.92803796963294,0],[-51.139640255146,-9.92803808376024,0],[-51.1396400251588,-9.92749540857642,0],[-51.1399136977343,-9.92749529445548,0],[-51.1399135825203,-9.92722395686024,0],[-51.1401872548672,-9.92722384251904,0],[-51.1401870239984,-9.92668116732172,0],[-51.1404606958912,-9.92668105276348,0]]],[[[-51.1297872759424,-9.9261426795324,0],[-51.1295136043757,-9.92614278537136,0],[-51.1295131778537,-9.92505743441042,0],[-51.1292395071852,-9.9250575400142,0],[-51.1292392943931,-9.92451486450153,0],[-51.1289656241722,-9.92451496987605,0],[-51.1289649872209,-9.92288694321524,0],[-51.1295123249565,-9.9228867322781,0],[-51.1295122183581,-9.92261539449184,0],[-51.129785886996,-9.92261528869123,0],[-51.1297859938196,-9.92288662647454,0],[-51.1300596626797,-9.92288652044764,0],[-51.1300597697317,-9.9231578582236,0],[-51.1303334388139,-9.92315775197041,0],[-51.1303335460942,-9.923429089739,0],[-51.1300598767867,-9.92342919599515,0],[-51.1300605191814,-9.92505722253271,0],[-51.1303341898406,-9.92505711625878,0],[-51.1303346190665,-9.92614246718426,0],[-51.130060947506,-9.92614257347003,0],[-51.1300610545948,-9.92641391119339,0],[-51.1297873828059,-9.92641401725872,0],[-51.1297872759424,-9.9261426795324,0]]],[[[-51.1451057159394,-9.90985613490027,0],[-51.1453793738128,-9.90985601652535,0],[-51.1453794933141,-9.91012735433607,0],[-51.145653151409,-9.9101272357348,0],[-51.1456535106083,-9.91094124913092,0],[-51.1453798518385,-9.91094136774212,0],[-51.1453799713535,-9.91121270553533,0],[-51.1448326533538,-9.91121294209516,0],[-51.1448325342887,-9.91094160429535,0],[-51.1445588755086,-9.91094172223737,0],[-51.1445582813593,-9.90958503315601,0],[-51.1451055966665,-9.90958479708185,0],[-51.1451057159394,-9.90985613490027,0]]],[[[-51.1426420914852,-9.90822916308501,0],[-51.1426419742569,-9.90795782521087,0],[-51.1429156305865,-9.90795770886598,0],[-51.1429153956904,-9.90741503311105,0],[-51.1431890515668,-9.90741491654968,0],[-51.1431886985733,-9.90660090289418,0],[-51.1434623537718,-9.90660078611962,0],[-51.14346211801,-9.90605811033394,0],[-51.1442830822358,-9.90605775869213,0],[-51.1442834379073,-9.90687177233465,0],[-51.1440097824942,-9.90687188978137,0],[-51.1440100191758,-9.90741456552771,0],[-51.1437363633096,-9.90741468275801,0],[-51.143736599555,-9.90795735849339,0],[-51.1434629432356,-9.90795747550724,0],[-51.1434631790448,-9.90850015123168,0],[-51.1431895222722,-9.90850026802906,0],[-51.1431898753367,-9.90931428159259,0],[-51.1434635327842,-9.90931416478542,0],[-51.143463650704,-9.909585502628,0],[-51.143737308373,-9.90958538559454,0],[-51.1437375446728,-9.91012806125985,0],[-51.1426429121772,-9.91012852808158,0],[-51.1426427949254,-9.90985719023809,0],[-51.142369137018,-9.90985730638268,0],[-51.1423690199945,-9.90958596853156,0],[-51.1418217046195,-9.90958620014517,0],[-51.1418214714823,-9.90904352441679,0],[-51.1420951287216,-9.90904340872796,0],[-51.142095011933,-9.90877207086047,0],[-51.1423686689441,-9.90877195495186,0],[-51.1423684349273,-9.90822927921015,0],[-51.1426420914852,-9.90822916308501,0]]],[[[-51.115970294785,-9.89789752798542,0],[-51.1166492833995,-9.89506869813204,0],[-51.1175971412941,-9.89111951481735,0],[-51.1185449998814,-9.88717033177855,0],[-51.1194928582624,-9.88322114901939,0],[-51.120376287572,-9.87961015889436,0],[-51.1212597172158,-9.8759991668054,0],[-51.1218314473662,-9.87366217015032,0],[-51.1218314897285,-9.87377737902468,0],[-51.1231996311083,-9.87377688156267,0],[-51.1231997320019,-9.87404822020205,0],[-51.1242942459497,-9.87404781822145,0],[-51.1242943477426,-9.87431915684518,0],[-51.1256624912318,-9.87431864935544,0],[-51.1256625941481,-9.87458998796057,0],[-51.1264834808783,-9.87458968079149,0],[-51.1264834156243,-9.87441875618008,0],[-51.1270307163273,-9.8745311684707,0],[-51.1270308427233,-9.87486081348738,0],[-51.1278517300809,-9.87486050297623,0],[-51.127851834796,-9.87513184154962,0],[-51.1286727227987,-9.87513152902964,0],[-51.1286728281893,-9.87540286758988,0],[-51.1289464577415,-9.87540276296914,0],[-51.1289467746037,-9.87621677861492,0],[-51.128673144379,-9.87621688324445,0],[-51.1286735660079,-9.87730223738941,0],[-51.1283999348835,-9.87730234180837,0],[-51.1284001452678,-9.87784501886052,0],[-51.1281265136921,-9.87784512306302,0],[-51.1281267236402,-9.8783878001036,0],[-51.1278530916131,-9.87838790408963,0],[-51.1278533011249,-9.87893058111851,0],[-51.1275796686464,-9.87893068488804,0],[-51.1275801913577,-9.88028737739853,0],[-51.127306557755,-9.88028748096023,0],[-51.1273068707452,-9.8811014964228,0],[-51.1270332364668,-9.88110159977082,0],[-51.1270336529321,-9.88218695367141,0],[-51.1267600177537,-9.8821870568086,0],[-51.1267608490338,-9.88435776442331,0],[-51.1264872120579,-9.88435786736115,0],[-51.1264875231644,-9.88517188265329,0],[-51.1262138855124,-9.8851719853773,0],[-51.1262141959727,-9.88598600063871,0],[-51.1259405576446,-9.88598610314886,0],[-51.1259409707358,-9.88707145678111,0],[-51.1256673315073,-9.88707155908021,0],[-51.1256678468162,-9.88842825103663,0],[-51.1267624082008,-9.88842784044771,0],[-51.1267625121692,-9.88869917881442,0],[-51.1281307149546,-9.88869866055657,0],[-51.1281308200482,-9.88896999890436,0],[-51.1297726646373,-9.88896936963324,0],[-51.1297727710806,-9.88924070795913,0],[-51.1308673349766,-9.88924028398209,0],[-51.1308674423208,-9.88951162229172,0],[-51.1314147246991,-9.88951140896187,0],[-51.131414616906,-9.88924007065821,0],[-51.1319618988231,-9.88923985644408,0],[-51.1319620070651,-9.88951119474175,0],[-51.1322356482434,-9.88951108729784,0],[-51.132235756713,-9.88978242558812,0],[-51.1330566809025,-9.88978210191192,0],[-51.1330567900486,-9.89005344018879,0],[-51.1338777148832,-9.89005311450033,0],[-51.1338778247059,-9.89032445276378,0],[-51.1346987501854,-9.89032412506294,0],[-51.1346988606847,-9.89059546331279,0],[-51.1360670708759,-9.8905949126776,0],[-51.1360671825008,-9.89086625090768,0],[-51.1371617514939,-9.89086580638045,0],[-51.13716186402,-9.89113714459377,0],[-51.1374355064847,-9.89113703290234,0],[-51.1374360702861,-9.89249372388766,0],[-51.1377097138702,-9.89249361195798,0],[-51.1377098268647,-9.89276495013883,0],[-51.1385307582707,-9.89276461300455,0],[-51.1385308719422,-9.89303595117155,0],[-51.1401727360128,-9.89303527087265,0],[-51.1401728510348,-9.89330660901633,0],[-51.140720139481,-9.89330638046246,0],[-51.1407202549554,-9.89357771859534,0],[-51.1412675438374,-9.89357748914443,0],[-51.1412676597642,-9.89384882726652,0],[-51.141814949082,-9.89384859691853,0],[-51.1418148327061,-9.89357725880289,0],[-51.1420884771354,-9.89357714329813,0],[-51.1420885937359,-9.89384848141054,0],[-51.1442777508454,-9.89384754933062,0],[-51.1442773956648,-9.89303353505838,0],[-51.1445510396146,-9.89303341755624,0],[-51.1445509210034,-9.89276207946008,0],[-51.1453718521586,-9.89276172562769,0],[-51.1453717328772,-9.892490387537,0],[-51.1456453763641,-9.8924902691509,0],[-51.1456452568616,-9.89221893105918,0],[-51.1459189001207,-9.89221881245376,0],[-51.1459187803971,-9.89194747436093,0],[-51.1461924234282,-9.89194735553621,0],[-51.1461923034836,-9.89167601744241,0],[-51.1464659462867,-9.89167589839838,0],[-51.146466426984,-9.89276125073419,0],[-51.1461927832828,-9.89276136979153,0],[-51.1461932631374,-9.89384672207071,0],[-51.1459196185346,-9.8938468409187,0],[-51.1459196609986,-9.89394306162853,0],[-51.1454880838864,-9.89394324861827,0],[-51.145488442081,-9.8947572628028,0],[-51.1463093781555,-9.89475690661097,0],[-51.1463092580805,-9.89448556946823,0],[-51.14646719076,-9.89448550071561,0],[-51.1464672683376,-9.8946606171536,0],[-51.1467409136072,-9.89466049785027,0],[-51.1467413953552,-9.89574584998044,0],[-51.1464677491873,-9.8957459692971,0],[-51.1464678694083,-9.89601730732202,0],[-51.1461942230123,-9.8960174264193,0],[-51.1461943430122,-9.89628876444324,0],[-51.1459206963881,-9.89628888332113,0],[-51.1459208161668,-9.89656022134398,0],[-51.1456471693146,-9.89656034000247,0],[-51.1456472888722,-9.89683167802425,0],[-51.1453736417919,-9.89683179646332,0],[-51.1453737611283,-9.89710313448404,0],[-51.14510011382,-9.89710325270367,0],[-51.1451003520537,-9.89764592873868,0],[-51.1448267042927,-9.89764604674217,0],[-51.1448269420909,-9.8981887227662,0],[-51.1451005903012,-9.89818860475611,0],[-51.1451014242754,-9.90008797067958,0],[-51.1448277744923,-9.90008808871275,0],[-51.144828131287,-9.90090210262426,0],[-51.1445544808263,-9.90090222044449,0],[-51.1445547182571,-9.90144489637024,0],[-51.1442810673435,-9.90144501397422,0],[-51.1442811858393,-9.90171635193378,0],[-51.1440075346976,-9.90171646931819,0],[-51.1440078895312,-9.90253048318051,0],[-51.1437342377117,-9.9025306003519,0],[-51.1437343557716,-9.90280193830055,0],[-51.143460703724,-9.90280205525234,0],[-51.1434608215625,-9.90307339319984,0],[-51.1431871692868,-9.90307350993201,0],[-51.1431875221483,-9.90388752375815,0],[-51.1429138691948,-9.90388764027721,0],[-51.1429139865973,-9.90415897821374,0],[-51.1426403334156,-9.90415909451315,0],[-51.1426404505966,-9.90443043244861,0],[-51.1423667971868,-9.90443054852836,0],[-51.1423665632777,-9.90388787264664,0],[-51.142092910314,-9.90388798849702,0],[-51.142092676868,-9.90334531259137,0],[-51.142366329382,-9.90334519674747,0],[-51.1423662124392,-9.90307385879127,0],[-51.1426398647251,-9.90307374272773,0],[-51.1426396304001,-9.90253106680879,0],[-51.1429132822331,-9.90253095052887,0],[-51.1429131648509,-9.90225961256609,0],[-51.1431868164557,-9.90225949606655,0],[-51.1431866988521,-9.90198815810263,0],[-51.1434603502288,-9.90198804138349,0],[-51.1434602324039,-9.90171670341848,0],[-51.1437338835524,-9.90171658647976,0],[-51.1437337655061,-9.90144524851365,0],[-51.1440074164265,-9.90144513135535,0],[-51.1440068251223,-9.9000884414754,0],[-51.1442804749157,-9.90008832411066,0],[-51.1442803564403,-9.89981698612487,0],[-51.1440067068717,-9.89981710348633,0],[-51.1440065886244,-9.89954576549284,0],[-51.1442802379684,-9.89954564813466,0],[-51.1442800010348,-9.89900297214114,0],[-51.1437327032422,-9.8990032066216,0],[-51.1437325852298,-9.89873186861177,0],[-51.1434589365531,-9.89873198551456,0],[-51.1434591721318,-9.89927466153645,0],[-51.1431855230023,-9.89927477822297,0],[-51.143185640572,-9.8995461162306,0],[-51.1429119912145,-9.8995462326976,0],[-51.1429121085629,-9.89981757070414,0],[-51.1423648093883,-9.89981780297623,0],[-51.1423646924892,-9.8995464649632,0],[-51.1418173937506,-9.89954669633761,0],[-51.1418168115526,-9.89819000617457,0],[-51.1412695150472,-9.89819023662559,0],[-51.1412691671166,-9.89737622245605,0],[-51.1407218719458,-9.89737645199676,0],[-51.1407217564249,-9.89710511392504,0],[-51.1404481090591,-9.89710522835808,0],[-51.1404482243554,-9.897376566433,0],[-51.1401745767617,-9.89737668064649,0],[-51.1401744616901,-9.89710534256837,0],[-51.1396271669421,-9.89710557032074,0],[-51.139627052323,-9.89683423223194,0],[-51.1390797580111,-9.896834459087,0],[-51.1390795296813,-9.89629178288359,0],[-51.1388058829696,-9.8962918959707,0],[-51.1388056551023,-9.89574921974347,0],[-51.1390793013647,-9.89574910666268,0],[-51.1390790730613,-9.89520643042429,0],[-51.1396263646779,-9.89520620360727,0],[-51.1396262500819,-9.89493486548783,0],[-51.1393526044998,-9.89493497900452,0],[-51.1393523757669,-9.89439230274627,0],[-51.1382577952024,-9.89439275456084,0],[-51.1382579086689,-9.89466409270478,0],[-51.137984263295,-9.89466420510487,0],[-51.1379844897886,-9.89520688138595,0],[-51.1377108439623,-9.89520699356963,0],[-51.1377110700198,-9.89574966983951,0],[-51.137437423741,-9.89574978180674,0],[-51.13743753655,-9.89602111993822,0],[-51.1377111830534,-9.89602100796786,0],[-51.1377115221737,-9.89683502232679,0],[-51.1374378749965,-9.89683513430654,0],[-51.1374379878185,-9.89710647242056,0],[-51.1371643404133,-9.8971065841807,0],[-51.1371644530139,-9.89737792229351,0],[-51.1368908053809,-9.89737803383403,0],[-51.1368914797047,-9.89900606243755,0],[-51.1366178307205,-9.89900617377399,0],[-51.1366183916224,-9.9003628641723,0],[-51.1363447415114,-9.90036297530147,0],[-51.1363451893921,-9.90144832755381,0],[-51.136618840402,-9.90144821641222,0],[-51.136618952605,-9.90171955446124,0],[-51.1368926038363,-9.9017194430937,0],[-51.1368928287015,-9.90226211917244,0],[-51.1371664803791,-9.90226200757581,0],[-51.1371667057067,-9.90280468363082,0],[-51.1374403578307,-9.90280457180509,0],[-51.1374404707241,-9.90307590982288,0],[-51.1377141230696,-9.90307579777114,0],[-51.1377143493158,-9.90361847378742,0],[-51.1379880021076,-9.90361836150653,0],[-51.1379881154603,-9.90388969950497,0],[-51.1382617684737,-9.90388958699805,0],[-51.1382622228166,-9.90497493893546,0],[-51.1379885689041,-9.90497505145495,0],[-51.1379886822732,-9.90524638943147,0],[-51.1374413739886,-9.90524661380795,0],[-51.1374412610692,-9.90497527582516,0],[-51.1371676071468,-9.90497538767588,0],[-51.1371672690825,-9.90416137369177,0],[-51.1368936158314,-9.90416148531022,0],[-51.1368932784706,-9.90334747127744,0],[-51.136072320721,-9.90334780476742,0],[-51.1360720971786,-9.90280512870504,0],[-51.1355247928953,-9.90280534990492,0],[-51.1355245702649,-9.90226267381268,0],[-51.1349772668678,-9.90226289410876,0],[-51.1349771560069,-9.90199155604991,0],[-51.1347035045283,-9.9019916658606,0],[-51.1347036151644,-9.90226300392251,0],[-51.1341563117482,-9.90226322288143,0],[-51.1341564887886,-9.90269917422061,0],[-51.1341150236649,-9.90268514088695,0],[-51.1339242420029,-9.90245656669104,0],[-51.1339075201269,-9.90244101301935,0],[-51.1336116136228,-9.90222823802492,0],[-51.1334670143717,-9.90210668355525,0],[-51.1332675977552,-9.90177130738058,0],[-51.1332621314749,-9.90176315855107,0],[-51.1330645525147,-9.90150057249185,0],[-51.133042569946,-9.90147975599392,0],[-51.1327498421178,-9.90128330084557,0],[-51.1325278375979,-9.90107709460213,0],[-51.132091117079,-9.90056066944982,0],[-51.1319901852251,-9.90034254417876,0],[-51.1319871626643,-9.90033659853773,0],[-51.1318064841068,-9.90001160089428,0],[-51.1315822314861,-9.89947286812694,0],[-51.1313532933808,-9.89888712495931,0],[-51.1312298065922,-9.89838878099906,0],[-51.131114407546,-9.89779882913463,0],[-51.1310613886463,-9.89773317420368,0],[-51.1310162253135,-9.89771360299829,0],[-51.1310882140556,-9.89762430556547,0],[-51.1312914211614,-9.89747911006387,0],[-51.1315816928312,-9.89750366664421,0],[-51.1318391022233,-9.89760382164334,0],[-51.1319081340852,-9.89760285211523,0],[-51.1322933780717,-9.89744032652102,0],[-51.1323479262898,-9.89737016141059,0],[-51.1324055656326,-9.89697853074665,0],[-51.1324059148397,-9.89697588053929,0],[-51.1324518332296,-9.89658295838361,0],[-51.1325653747071,-9.89638011816128,0],[-51.1329345156324,-9.89632889570222,0],[-51.1329408373432,-9.89632779247392,0],[-51.1332586885563,-9.89626080709714,0],[-51.1333284686056,-9.8961932505862,0],[-51.133424633976,-9.8957920533528,0],[-51.1334247450687,-9.89579158208466,0],[-51.1346815989671,-9.89042035272207,0],[-51.1344943075032,-9.89042042765348,0],[-51.1332470909298,-9.89575046068011,0],[-51.1331643233843,-9.89609576140932,0],[-51.1329060520095,-9.89615019094119,0],[-51.1324950502139,-9.89620722112829,0],[-51.1324279374909,-9.89625290113008,0],[-51.1322835506458,-9.89651084686311,0],[-51.1322726956966,-9.89654432884373,0],[-51.132224850828,-9.89695373101041,0],[-51.1321748053452,-9.89729376550922,0],[-51.1318710263884,-9.89742192207493,0],[-51.1316359839968,-9.89733047010568,0],[-51.1316104183825,-9.89732454685305,0],[-51.1312732621493,-9.89729602445683,0],[-51.1312121806005,-9.89731276454612,0],[-51.1309714315007,-9.89748478374921,0],[-51.1309535078808,-9.89750168967599,0],[-51.1307994604741,-9.89769277808672,0],[-51.1308341822777,-9.89783212840538,0],[-51.1309444348786,-9.89787990521938,0],[-51.1310511404553,-9.89842541533442,0],[-51.1310521063392,-9.89842977445836,0],[-51.1311775334207,-9.89893595035781,0],[-51.1311810624278,-9.89894705394839,0],[-51.131412483888,-9.89953915100384,0],[-51.1314132198181,-9.89954097410866,0],[-51.131639806857,-9.90008531644407,0],[-51.1316442408978,-9.90009447237055,0],[-51.1318257728329,-9.90042100644481,0],[-51.1319304239863,-9.90064717095938,0],[-51.1319434350877,-9.90066756686304,0],[-51.1323915730864,-9.90119749492017,0],[-51.1323991089466,-9.90120538879575,0],[-51.1326303827558,-9.90142020464129,0],[-51.1326416142298,-9.9014290982903,0],[-51.1329275482667,-9.90162099321496,0],[-51.1331129541301,-9.90186740066542,0],[-51.1333176904013,-9.9022117235518,0],[-51.1333372794869,-9.90223477771036,0],[-51.1334962759002,-9.9023684336219,0],[-51.1335017123353,-9.90237266343215,0],[-51.1337910639379,-9.90258072527457,0],[-51.1339909033112,-9.90282015307467,0],[-51.1340317107165,-9.9028480837189,0],[-51.1343920490447,-9.902970035597,0],[-51.1344302666597,-9.9030081975784,0],[-51.1344304051352,-9.9033484657295,0],[-51.1347040577408,-9.90334835612637,0],[-51.1347041683929,-9.90361969416638,0],[-51.1349778212201,-9.90361958433729,0],[-51.1349780429834,-9.90416226039807,0],[-51.135251696257,-9.90416215033995,0],[-51.1352519184826,-9.90470482637713,0],[-51.1355255722027,-9.90470471608994,0],[-51.1355257948907,-9.90524739210338,0],[-51.1356415111613,-9.90524734539813,0],[-51.1356415506807,-9.90534356608551,0],[-51.1350942421813,-9.90534378663999,0],[-51.135094686182,-9.90642913862774,0],[-51.1356419964801,-9.90642891804861,0],[-51.135642219399,-9.90697159400389,0],[-51.1356424423308,-9.90751426994166,0],[-51.1356433341861,-9.90968497351771,0],[-51.1359169920292,-9.90968486285665,0],[-51.1359171037504,-9.90995620078085,0],[-51.1367380779351,-9.90995586745018,0],[-51.1367377407565,-9.90914185369229,0],[-51.1367376283701,-9.90887051576426,0],[-51.1364639712114,-9.90887062708509,0],[-51.1364631861714,-9.90697126144447,0],[-51.1361895305838,-9.90697137252058,0],[-51.1361890829602,-9.90588602152172,0],[-51.1363470211576,-9.9058859565447,0],[-51.1363470934603,-9.90606107384539,0],[-51.1366207482917,-9.90606096265101,0],[-51.136621085075,-9.90687497656193,0],[-51.1368947405777,-9.90687486513527,0],[-51.1368950780646,-9.90768887899745,0],[-51.1366214218873,-9.90768899043344,0],[-51.1366218710156,-9.90877434220086,0],[-51.1368955280926,-9.90877423075242,0],[-51.1368956406076,-9.90904556868021,0],[-51.1374429552017,-9.90904534510807,0],[-51.1374428422368,-9.90877400718653,0],[-51.1377164993041,-9.90877389506907,0],[-51.1377162729342,-9.90823121921904,0],[-51.1379899295484,-9.90823110688484,0],[-51.1379900429566,-9.90850244480893,0],[-51.1382636997924,-9.90850233224859,0],[-51.138264608975,-9.91067303545825,0],[-51.1379909503397,-9.91067314804373,0],[-51.1379912906622,-9.91148716168458,0],[-51.1377176313488,-9.91148727405641,0],[-51.1377177445711,-9.91175861193106,0],[-51.1374440850294,-9.91175872408295,0],[-51.13744419803,-9.91203006195634,0],[-51.1371705382601,-9.91203017388828,0],[-51.137170312712,-9.91148749813085,0],[-51.1368966533888,-9.91148760983347,0],[-51.136896315766,-9.9106735961551,0],[-51.1366226571145,-9.91067370762532,0],[-51.1366225448049,-9.91040236972068,0],[-51.1363488863751,-9.91040248096474,0],[-51.1363491105474,-9.91094515677587,0],[-51.1360754516645,-9.91094526780308,0],[-51.1360755635305,-9.91121660570514,0],[-51.1358019044194,-9.91121671651238,0],[-51.1358021277112,-9.91175939230967,0],[-51.1360757872722,-9.91175928149624,0],[-51.1360760110268,-9.91230195726975,0],[-51.1363496710347,-9.91230184622705,0],[-51.1363497831418,-9.91257318410422,0],[-51.1366234433715,-9.91257307283533,0],[-51.1366235955435,-9.91294063134493,0],[-51.136191993436,-9.91294080673711,0],[-51.1361921054208,-9.91321214460569,0],[-51.136076386361,-9.91321219153792,0],[-51.1360763466828,-9.91311597089727,0],[-51.1358026859968,-9.91311608172616,0],[-51.1358025743332,-9.91284474385163,0],[-51.1347079324568,-9.91284518492379,0],[-51.1347078216965,-9.91257384703257,0],[-51.1333395204044,-9.91257439333772,0],[-51.1333394107724,-9.9123030554268,0],[-51.1312658491062,-9.91230387266014,0],[-51.1312656715312,-9.91185741744709,0],[-51.1318129909146,-9.91185720299102,0],[-51.1318128825456,-9.91158586505177,0],[-51.1320865420076,-9.91158575749211,0],[-51.1320864334168,-9.9113144195515,0],[-51.1323600926508,-9.91131431177178,0],[-51.1323599838384,-9.91104297473422,0],[-51.1326336428439,-9.91104286582997,0],[-51.1326335338093,-9.9107715278866,0],[-51.1329071925871,-9.91077141966679,0],[-51.1329067555809,-9.90968606876608,0],[-51.1327910377417,-9.90968611454956,0],[-51.1327909990351,-9.90958989297132,0],[-51.1326330590424,-9.90958995539494,0],[-51.132632879668,-9.90914350013449,0],[-51.1322435045852,-9.90914365370548,0],[-51.1322434660407,-9.9090474330264,0],[-51.132085526304,-9.90904749518911,0],[-51.1320854562397,-9.90887237788879,0],[-51.1316578688953,-9.90844766210182,0],[-51.1312681614852,-9.9084823161981,0],[-51.130219790887,-9.90931956193173,0],[-51.1300543140017,-9.90931962606354,0],[-51.1300543660233,-9.90945167240956,0],[-51.1298798634737,-9.90959103162306,0],[-51.1297807630694,-9.90959106994064,0],[-51.1297807941591,-9.90967014930054,0],[-51.1295399354996,-9.90986250097292,0],[-51.1295072116873,-9.90986251359616,0],[-51.1295072219319,-9.90988862597041,0],[-51.1292366803093,-9.91010468182173,0],[-51.1285287422377,-9.91100544671609,0],[-51.1285291426279,-9.91203359363675,0],[-51.1284134239455,-9.91203363792197,0],[-51.1284135295245,-9.91230497589076,0],[-51.1270452290017,-9.91230549652528,0],[-51.1270452895975,-9.91246290120658,0],[-51.124429204102,-9.91226562796682,0],[-51.1244258544296,-9.91226543655839,0],[-51.1196349762579,-9.91207944835049,0],[-51.1167617153305,-9.91189618706176,0],[-51.1167617654649,-9.91203789276511,0],[-51.1166460467297,-9.91203793299403,0],[-51.1166459508283,-9.91176659490098,0],[-51.1163722910554,-9.91176668987587,0],[-51.116372327959,-9.91187134921237,0],[-51.1139093343614,-9.91171423356534,0],[-51.1139092591089,-9.91149619619789,0],[-51.1136355997524,-9.91149628922918,0],[-51.1133619401746,-9.91149638174763,0],[-51.1133617537849,-9.91095370547681,0],[-51.1130880946544,-9.91095379776703,0],[-51.1130879087254,-9.91041112147356,0],[-51.113361567406,-9.91041102918849,0],[-51.1133611946803,-9.90932567655928,0],[-51.1136348524585,-9.90932558406149,0],[-51.113634385487,-9.90796889318951,0],[-51.113908042138,-9.90796880048164,0],[-51.1139076074852,-9.90670886390457,0],[-51.1139299716431,-9.90661210191661,0],[-51.1141812296332,-9.90661201659528,0],[-51.1141808543593,-9.90552666375216,0],[-51.114454508981,-9.90552657062171,0],[-51.1144540992837,-9.90434435058358,0],[-51.1144944270859,-9.90416986572029,0],[-51.1147276923201,-9.90416978614194,0],[-51.1147273423261,-9.90316211882311,0],[-51.1147452986226,-9.90308442702107,0],[-51.115000967938,-9.90308433960932,0],[-51.1150005901072,-9.90199898656999,0],[-51.1152742417985,-9.90199889280479,0],[-51.1152738232021,-9.90079914590881,0],[-51.1153625273679,-9.9004295924752,0],[-51.115970294785,-9.89789752798542,0]],[[-51.1342714044391,-9.90073136891496,0],[-51.1342711839148,-9.90018869272776,0],[-51.1339975339214,-9.90018880194384,0],[-51.1339974238887,-9.89991746384063,0],[-51.1337237741169,-9.89991757283085,0],[-51.1337236643121,-9.89964623472022,0],[-51.1334500147618,-9.8996463434846,0],[-51.1334499051849,-9.89937500536655,0],[-51.1331762558562,-9.8993751139051,0],[-51.1331763652084,-9.89964645202618,0],[-51.1331764745639,-9.89991779014288,0],[-51.133450124342,-9.89991768159827,0],[-51.1334503435117,-9.90046035781248,0],[-51.1337239937361,-9.90046024903899,0],[-51.1337241035504,-9.9007315871365,0],[-51.1337243231885,-9.9012742633184,0],[-51.1342716249761,-9.90127404508467,0],[-51.134271514706,-9.901002707002,0],[-51.1345451653704,-9.90100259755394,0],[-51.1345452758652,-9.90127393563355,0],[-51.1345453863632,-9.90154527370878,0],[-51.1348190374738,-9.90154516403176,0],[-51.1348189267511,-9.90127382595959,0],[-51.1348188160315,-9.90100248788304,0],[-51.1348187053151,-9.90073114980212,0],[-51.1342714044391,-9.90073136891496,0]]],[[[-51.144549142026,-9.88869200720308,0],[-51.1442755018867,-9.88869212494236,0],[-51.1437282211606,-9.88869235917385,0],[-51.1437279853974,-9.8881496828176,0],[-51.1440016253133,-9.88814956581968,0],[-51.1440015072124,-9.88787822763824,0],[-51.1442751469004,-9.88787811042105,0],[-51.1442750285785,-9.88760677223859,0],[-51.1448223074956,-9.88760653714321,0],[-51.1448224262664,-9.88787787531909,0],[-51.1450960659442,-9.88787775743432,0],[-51.1450961849428,-9.8881490956026,0],[-51.1453698248417,-9.888148977492,0],[-51.1453699440681,-9.88842031565256,0],[-51.145643584188,-9.88842019731611,0],[-51.1456437036423,-9.88869153546903,0],[-51.1461909843205,-9.88869129812185,0],[-51.1461911042272,-9.88896263626371,0],[-51.1464647447855,-9.88896251725298,0],[-51.1464652253444,-9.89004786976356,0],[-51.1461915838883,-9.8900479887876,0],[-51.1461917038122,-9.89031932690771,0],[-51.1459180621281,-9.8903194457125,0],[-51.1459179424286,-9.89004810758908,0],[-51.145097018029,-9.89004846265801,0],[-51.1450968990064,-9.88977712452036,0],[-51.1445496165052,-9.8897773601135,0],[-51.1445492608047,-9.88896334565449,0],[-51.144549142026,-9.88869200720308,0]]],[[[-51.1316867459469,-9.88544122699442,0],[-51.1308658324824,-9.88544154718867,0],[-51.1308656178898,-9.88489887043398,0],[-51.1308655103796,-9.88462753176043,0],[-51.1305918734436,-9.88462763832769,0],[-51.1305917663793,-9.88435629993646,0],[-51.1305915522602,-9.88381362314093,0],[-51.1308651887418,-9.8838135168723,0],[-51.1308650814626,-9.88354217847098,0],[-51.131685990216,-9.88354185833945,0],[-51.1316862061236,-9.88408453511984,0],[-51.1314125694269,-9.88408464205877,0],[-51.1314128926386,-9.88489865720556,0],[-51.1316865300083,-9.88489855025765,0],[-51.1316867459469,-9.88544122699442,0]]],[[[-51.1489238466537,-9.88082129099182,0],[-51.1486502128571,-9.88082141190401,0],[-51.1486500910358,-9.88055007366133,0],[-51.1483764574599,-9.88055019434777,0],[-51.1483763358665,-9.88027885609732,0],[-51.1486499692181,-9.88027873541427,0],[-51.1486498474039,-9.8800073971628,0],[-51.1489234805278,-9.88000727626077,0],[-51.1489233584929,-9.87973593800834,0],[-51.1486497255932,-9.87973605890698,0],[-51.1486496563436,-9.87958179919894,0],[-51.149196979598,-9.87970964783208,0],[-51.1491972359109,-9.88027849338108,0],[-51.149470869252,-9.88027837203096,0],[-51.1494713592349,-9.88136372495236,0],[-51.1497449934695,-9.88136360336627,0],[-51.1497453616666,-9.88217761800131,0],[-51.1494717267592,-9.88217773959762,0],[-51.1494718492744,-9.88244907780397,0],[-51.1491982141392,-9.88244919918127,0],[-51.1491991925931,-9.88461990470206,0],[-51.1494728295228,-9.88461978329759,0],[-51.1494729520697,-9.8848911214646,0],[-51.1497465892202,-9.88489099983427,0],[-51.1497468347734,-9.88543367614851,0],[-51.1494731971742,-9.88543379778565,0],[-51.1494733197317,-9.88570513593958,0],[-51.1491996819046,-9.88570525735765,0],[-51.1491998042413,-9.88597659551061,0],[-51.1489261661864,-9.88597671670958,0],[-51.1489262883022,-9.88624805486163,0],[-51.1483790117329,-9.88624829659889,0],[-51.1483791334035,-9.88651963475329,0],[-51.1481054948893,-9.88651975529155,0],[-51.148105616339,-9.88679109344494,0],[-51.1478319775968,-9.88679121376407,0],[-51.1478320988257,-9.88706255191644,0],[-51.1475584598556,-9.88706267201643,0],[-51.1475585808635,-9.88733401016789,0],[-51.1470113024641,-9.88733424970704,0],[-51.1470114230267,-9.88760558786075,0],[-51.1464641441647,-9.8876058265165,0],[-51.1464640240509,-9.88733448835611,0],[-51.1461903848391,-9.88733460734688,0],[-51.1461900251917,-9.88652059282945,0],[-51.1464636637303,-9.88652047384867,0],[-51.1464634235339,-9.88597779748852,0],[-51.1467370616203,-9.88597767829191,0],[-51.1467369413029,-9.88570634010865,0],[-51.1470105791615,-9.8857062206929,0],[-51.1470104586232,-9.88543488250862,0],[-51.147284096254,-9.88543476287374,0],[-51.1472839754948,-9.88516342468841,0],[-51.1475576128977,-9.88516330483441,0],[-51.1475574919177,-9.88489196664804,0],[-51.1478311290928,-9.88489184657493,0],[-51.1478310078919,-9.88462050838763,0],[-51.1481046448392,-9.88462038809542,0],[-51.1481042805845,-9.88380637351727,0],[-51.1483779168552,-9.88380625301273,0],[-51.1483776735876,-9.88326357661226,0],[-51.1486513094062,-9.88326345589204,0],[-51.1486510657041,-9.88272077948079,0],[-51.1489247010706,-9.88272065854492,0],[-51.1489243348708,-9.88190664390549,0],[-51.149197969561,-9.88190652275738,0],[-51.1491978472771,-9.88163518453893,0],[-51.1489242128113,-9.88163530568366,0],[-51.1489238466537,-9.88082129099182,0]]],[[[-51.1336002393264,-9.88055638120883,0],[-51.1336001298418,-9.8802850427852,0],[-51.1338737633735,-9.88028493410932,0],[-51.1338736536678,-9.88001359568434,0],[-51.1341472869721,-9.88001348678916,0],[-51.1341471770454,-9.87974214836286,0],[-51.1344208101223,-9.87974203924838,0],[-51.1344205898299,-9.87919936238887,0],[-51.1349678550774,-9.87919914350513,0],[-51.1349682974685,-9.88028449718226,0],[-51.1346946639495,-9.88028460674756,0],[-51.1346949951037,-9.88109862196876,0],[-51.1344213609087,-9.88109873132088,0],[-51.1344214710755,-9.88137006972227,0],[-51.1338742022277,-9.8813702877655,0],[-51.1338743119491,-9.88164162616866,0],[-51.1333270426401,-9.88164184332845,0],[-51.1333266055673,-9.88055648966539,0],[-51.1336002393264,-9.88055638120883,0]]],[[[-51.1445197270682,-9.82112867016735,0],[-51.1445190208794,-9.81950063398626,0],[-51.1447926042129,-9.81950051715327,0],[-51.1447922504964,-9.81868649932129,0],[-51.145065833158,-9.81868638227723,0],[-51.1450657150366,-9.81841504299454,0],[-51.1453392974721,-9.81841492573283,0],[-51.1453391791313,-9.81814358644906,0],[-51.1458863435465,-9.81814335126946,0],[-51.1458864623328,-9.8184146905466,0],[-51.1464336271798,-9.81841445447663,0],[-51.146433746415,-9.81868579374274,0],[-51.1464345811587,-9.82058516848416,0],[-51.1467081653593,-9.82058505009111,0],[-51.146708284845,-9.82085638931917,0],[-51.1472554536814,-9.82085615186341,0],[-51.14725533375,-9.82058481264203,0],[-51.1475289179402,-9.82058469358602,0],[-51.1475290380944,-9.82085603280404,0],[-51.1486233757115,-9.82085555435665,0],[-51.1486232546661,-9.82058421515209,0],[-51.1494440071736,-9.8205838540063,0],[-51.149444250605,-9.82112653239073,0],[-51.1497178352127,-9.82112641156003,0],[-51.1497179571565,-9.82139775074236,0],[-51.1499915419836,-9.82139762968725,0],[-51.1499916641538,-9.8216689688618,0],[-51.1502652492002,-9.82166884758228,0],[-51.1502653715967,-9.82194018674911,0],[-51.1499917863275,-9.82194030803205,0],[-51.1499921528699,-9.82275432551671,0],[-51.1502657388077,-9.82275420422352,0],[-51.1502656164005,-9.82248286506972,0],[-51.1508075009721,-9.82248262418156,0],[-51.1498531421707,-9.8265106110265,0],[-51.1488335665777,-9.83081385635176,0],[-51.1478139891196,-9.83511710241357,0],[-51.147271245534,-9.83740783217944,0],[-51.1472627758517,-9.8374078367726,0],[-51.147262791648,-9.83744351151379,0],[-51.1471426537995,-9.83795056616782,0],[-51.1469894176817,-9.83795063281722,0],[-51.1469895378309,-9.83822197205369,0],[-51.1469896577649,-9.8384933107063,0],[-51.1467160586295,-9.83849342954088,0],[-51.1467162982803,-9.83903610770911,0],[-51.1467164180015,-9.83930744635202,0],[-51.1464428181929,-9.83930756497521,0],[-51.146442937913,-9.83957890419664,0],[-51.1464432964382,-9.84039292096565,0],[-51.1461696959515,-9.84039303938064,0],[-51.1461702829274,-9.84172808531382,0],[-51.1461644271212,-9.84174973617203,0],[-51.145896690621,-9.84174985184582,0],[-51.1458968099256,-9.84202119103481,0],[-51.1458970481079,-9.84256386882017,0],[-51.1459442506664,-9.84256384844035,0],[-51.1456001329341,-9.84383622795046,0],[-51.1432296244963,-9.84329135133114,0],[-51.1408591172272,-9.842746475144,0],[-51.1408591254203,-9.84274643986651,0],[-51.1408415775804,-9.84274240603768,0],[-51.1408415693873,-9.84274244131517,0],[-51.1374837473619,-9.84197057462168,0],[-51.1376129560212,-9.8412769287857,0],[-51.1378428494597,-9.84020102549172,0],[-51.1378432417277,-9.84019908435299,0],[-51.1381838508071,-9.83841318956267,0],[-51.1381841847378,-9.83841133165792,0],[-51.1382940717074,-9.83776116458667,0],[-51.1384117675302,-9.83729037926264,0],[-51.1385206397475,-9.83699098252274,0],[-51.1385249638121,-9.83697420204518,0],[-51.1386714317975,-9.83604046772873,0],[-51.1388166673593,-9.83552306663344,0],[-51.1391289264729,-9.83459547221439,0],[-51.1391310975034,-9.83458795341817,0],[-51.1394161699167,-9.83341088076831,0],[-51.1396091495586,-9.83270328702665,0],[-51.1396000546468,-9.83263438058015,0],[-51.1395356151842,-9.83252391242795,0],[-51.1395248895854,-9.83250917318548,0],[-51.1393858642153,-9.83235379203913,0],[-51.1393609364411,-9.83220422568259,0],[-51.1394938117986,-9.83207134948935,0],[-51.1395116021428,-9.83204611755913,0],[-51.1395408698328,-9.83198432817873,0],[-51.1401469402539,-9.83198407766224,0],[-51.140147054531,-9.83225541678623,0],[-51.1409678361174,-9.83225507577974,0],[-51.1412414297547,-9.83225496228311,0],[-51.1412411996374,-9.83171228344167,0],[-51.1412410844746,-9.83144094432171,0],[-51.1415146776575,-9.83144082999876,0],[-51.14151433152,-9.8306268126227,0],[-51.1417879240304,-9.83062669808818,0],[-51.1417875772537,-9.82981268039282,0],[-51.1420611688731,-9.82981256564687,0],[-51.1420610532832,-9.82954122679595,0],[-51.1423346455881,-9.82954111154182,0],[-51.1423344126232,-9.82899843354419,0],[-51.1426080040038,-9.82899831836538,0],[-51.1426078877593,-9.82872697921817,0],[-51.1428814786951,-9.82872686382152,0],[-51.1428812457702,-9.8281841855206,0],[-51.1431548362565,-9.82818406990928,0],[-51.1431544862256,-9.82737005243507,0],[-51.1434280760396,-9.82736993661236,0],[-51.1434277253702,-9.82655591910889,0],[-51.1437013145119,-9.82655580307485,0],[-51.1437009632041,-9.82574178554205,0],[-51.1439745516736,-9.82574166929669,0],[-51.1439743170395,-9.82519899092632,0],[-51.1442479050597,-9.82519887446641,0],[-51.1442477875249,-9.82492753527804,0],[-51.1445213753188,-9.82492741860032,0],[-51.1447949628907,-9.8249273014118,0],[-51.144794845132,-9.82465596251537,0],[-51.1447947271581,-9.82438462332478,0],[-51.1450683144994,-9.82438450621148,0],[-51.145068196306,-9.82411316701995,0],[-51.1447946091877,-9.82411328412995,0],[-51.1447944912206,-9.82384194493077,0],[-51.1453416650082,-9.82384171049631,0],[-51.1453414281928,-9.82329903209805,0],[-51.1456150146356,-9.82329891455585,0],[-51.1456148960102,-9.82302757535354,0],[-51.1453413097902,-9.82302769289244,0],[-51.1453410729955,-9.82248501446818,0],[-51.1447939014367,-9.82248524886965,0],[-51.1447937834902,-9.82221390964437,0],[-51.1450673690484,-9.82221379255745,0],[-51.1450672508824,-9.82194245333119,0],[-51.1447936655471,-9.82194257041482,0],[-51.1447934296711,-9.82139989194263,0],[-51.1447933124316,-9.82112855240991,0],[-51.1445197270682,-9.82112867016735,0]]],[[[-51.1188906287412,-9.81795597169297,0],[-51.1196224370299,-9.81815364305312,0],[-51.1226321439767,-9.81896658566831,0],[-51.1237264765209,-9.81896618774065,0],[-51.1239999586783,-9.81869474819237,0],[-51.1239998577098,-9.81842340838425,0],[-51.1242734401716,-9.81842330813474,0],[-51.1242732380166,-9.81788062938052,0],[-51.1242731368342,-9.81760928985204,0],[-51.1248203008494,-9.81760908870705,0],[-51.1248203516633,-9.81774475908363,0],[-51.1248204024773,-9.81788042822986,0],[-51.125094065863,-9.8180965384999,0],[-51.1250943921354,-9.8189656853597,0],[-51.1253681794289,-9.81950826320722,0],[-51.126462616623,-9.81977919589398,0],[-51.1275570553362,-9.82005012472815,0],[-51.1286514962238,-9.82032105057864,0],[-51.1291986645988,-9.82032084230561,0],[-51.1291987698212,-9.8205921817389,0],[-51.1283780165856,-9.82059249382577,0],[-51.1281044319491,-9.82059259712301,0],[-51.1281045362836,-9.82086393746803,0],[-51.1275573679049,-9.8208641439845,0],[-51.1275574708843,-9.82113548281226,0],[-51.1272838862301,-9.821135585742,0],[-51.1272841972541,-9.82194960405087,0],[-51.12701061171,-9.82194970676836,0],[-51.1270110255596,-9.82303506507892,0],[-51.1267374389023,-9.82303516668257,0],[-51.1267375423678,-9.82330650638831,0],[-51.1267377488706,-9.82384918491755,0],[-51.1264641615423,-9.82384928811769,0],[-51.1264642647935,-9.82412062690884,0],[-51.1264645739106,-9.82493464510046,0],[-51.1261909859057,-9.8249347471865,0],[-51.1261913972119,-9.82602010472602,0],[-51.1261914798632,-9.82623876688903,0],[-51.1281069362356,-9.82710270021837,0],[-51.1281069370215,-9.82710474278898,0],[-51.128111461451,-9.82710474107658,0],[-51.1286542112279,-9.82734953629046,0],[-51.1286542214059,-9.82737587458444,0],[-51.12871255878,-9.82737585240537,0],[-51.1292014870227,-9.82759637146371,0],[-51.129201506673,-9.82764700547935,0],[-51.1293136574621,-9.82764696264976,0],[-51.1300222772673,-9.82764669117368,0],[-51.1300223832409,-9.82791803048085,0],[-51.1305695640677,-9.82791781983206,0],[-51.1305696704905,-9.82818915912896,0],[-51.1311168517509,-9.8281889475896,0],[-51.1311169586227,-9.82846028687624,0],[-51.1316641403168,-9.82846007444626,0],[-51.1316642476377,-9.82873141372254,0],[-51.1319378387031,-9.82873130717281,0],[-51.1319379462501,-9.82900264644178,0],[-51.1324851288176,-9.82900243267278,0],[-51.1324852368137,-9.82927377193135,0],[-51.1330324198147,-9.82927355727159,0],[-51.13303252826,-9.82954489651984,0],[-51.133853303407,-9.8295445728622,0],[-51.1338534125246,-9.82981591209696,0],[-51.134127004457,-9.82981580376565,0],[-51.1341271138008,-9.83008714299303,0],[-51.134947890248,-9.83008681666273,0],[-51.134948000264,-9.83035815587657,0],[-51.1354951849923,-9.83035793721086,0],[-51.1354952954577,-9.83062927641426,0],[-51.1360424806193,-9.83062905685754,0],[-51.136042591534,-9.83090039605039,0],[-51.1365897771288,-9.8309001756026,0],[-51.1365898884929,-9.83117151478488,0],[-51.1374106675301,-9.83117118244468,0],[-51.1374107795666,-9.83144252161325,0],[-51.1385051524631,-9.83144207538323,0],[-51.1385052653951,-9.831713414535,0],[-51.1393260457025,-9.83171307753004,0],[-51.1393261583444,-9.83198211764693,0],[-51.1391986037328,-9.83210967111358,0],[-51.1391733801834,-9.83218811208114,0],[-51.1392102025889,-9.83240904661571,0],[-51.1392319649672,-9.83245432869091,0],[-51.1393823479619,-9.83262240298956,0],[-51.1394231729207,-9.83269238715064,0],[-51.1392397613196,-9.83336489179558,0],[-51.1392391203262,-9.83336738295294,0],[-51.1389546664028,-9.83454190010015,0],[-51.1386429242183,-9.8354679574712,0],[-51.1386415708314,-9.83547234377085,0],[-51.1384942806161,-9.83599706636689,0],[-51.1384920241032,-9.83600741887864,0],[-51.1383460822749,-9.83693779915908,0],[-51.1382385900092,-9.83723340105625,0],[-51.1382358613832,-9.83724231837489,0],[-51.1381161877585,-9.83772101217593,0],[-51.1381147633168,-9.83772782698714,0],[-51.1380044520546,-9.83838049773444,0],[-51.1376642051423,-9.84016449283875,0],[-51.1374342701856,-9.84124058507059,0],[-51.1374338060224,-9.84124290520823,0],[-51.1373058764462,-9.84192968648889,0],[-51.136633646004,-9.84177515545334,0],[-51.1361135639614,-9.84165560437111,0],[-51.1338940967948,-9.84108921307944,0],[-51.1316746297172,-9.84052282156977,0],[-51.1299260547055,-9.84011335727768,0],[-51.1299260774901,-9.84011331747253,0],[-51.1299076278334,-9.84010899760785,0],[-51.1299076050489,-9.84010903741297,0],[-51.1273186716942,-9.83950275624094,0],[-51.1247297356924,-9.83889647500497,0],[-51.1217383621456,-9.83819591006864,0],[-51.1180727754554,-9.83733738547595,0],[-51.1144071890181,-9.83647886068534,0],[-51.1153892840746,-9.83242142891296,0],[-51.1163713794349,-9.82836399629773,0],[-51.1173534742025,-9.82430656555712,0],[-51.1183355693028,-9.82024913398123,0],[-51.1188906287412,-9.81795597169297,0]]],[[[-51.1305667981589,-9.8208629965885,0],[-51.1313876590004,-9.82113401858985,0],[-51.1316612436087,-9.82113391234513,0],[-51.1316613517577,-9.8214052517383,0],[-51.1313877660145,-9.82140535798636,0],[-51.1305670108471,-9.82140567540371,0],[-51.1305669042829,-9.82113433570854,0],[-51.1302933196623,-9.82113444135907,0],[-51.1302932133243,-9.82086310256105,0],[-51.1300196289232,-9.82086320723975,0],[-51.1294724596752,-9.8208634166939,0],[-51.129472248782,-9.82032073845232,0],[-51.1297458329617,-9.82032063314866,0],[-51.1300194171385,-9.82032052823872,0],[-51.1300195230293,-9.82059186766316,0],[-51.1305667981589,-9.8208629965885,0]]],[[[-51.1502617012432,-9.81380000985716,0],[-51.1499881226564,-9.81380013103767,0],[-51.1499882447275,-9.81407147033368,0],[-51.1491675082781,-9.81407183256045,0],[-51.1491672654755,-9.81352915394366,0],[-51.1488936870973,-9.81352927423746,0],[-51.1488935659239,-9.81325793491908,0],[-51.1491671440795,-9.81325781462867,0],[-51.149167022687,-9.81298647530944,0],[-51.1499877564646,-9.8129861131235,0],[-51.149987878525,-9.81325745243252,0],[-51.1502614566665,-9.81325733125884,0],[-51.1502617012432,-9.81380000985716,0]]],[[[-51.1467029114154,-9.80864611976114,0],[-51.1467025534361,-9.80783210147841,0],[-51.1469761271681,-9.80783198302133,0],[-51.146976007626,-9.80756064358841,0],[-51.1480703016292,-9.80756016756658,0],[-51.1480701812007,-9.80728882814278,0],[-51.1486173277363,-9.80728858881449,0],[-51.1486170859998,-9.80674590996735,0],[-51.149711377249,-9.80674542868974,0],[-51.1497114990055,-9.80701676810187,0],[-51.1499850720315,-9.80701664722739,0],[-51.1499860479907,-9.80918736234143,0],[-51.1502596227933,-9.80918724121897,0],[-51.1502597450267,-9.80945858058537,0],[-51.1505333200482,-9.80945845923876,0],[-51.1505335649707,-9.81000113795156,0],[-51.1502599895041,-9.81000125930501,0],[-51.1502602339957,-9.81054393800734,0],[-51.1499866580803,-9.81054405914688,0],[-51.1499867801088,-9.81081539849498,0],[-51.1477981708784,-9.8108163596912,0],[-51.1477980506305,-9.81054502031601,0],[-51.1475244746834,-9.81054513946876,0],[-51.1475243546616,-9.81027380008591,0],[-51.1472507789337,-9.81027391901454,0],[-51.1472502997713,-9.80918856142629,0],[-51.1469767249302,-9.80918868012079,0],[-51.1469764858149,-9.80864600129404,0],[-51.1467029114154,-9.80864611976114,0]]],[[[-51.1305618035346,-9.80811003943626,0],[-51.1305619097323,-9.80838137904989,0],[-51.1305620159331,-9.80865271865916,0],[-51.130562122137,-9.80892405826407,0],[-51.1302885473185,-9.80892416349139,0],[-51.1302886533029,-9.80919550309492,0],[-51.1297415032118,-9.80919571289331,0],[-51.1297413976724,-9.80892437328387,0],[-51.1294678226264,-9.80892447784912,0],[-51.1294676122204,-9.8083817986112,0],[-51.1294675069128,-9.80811045898574,0],[-51.1305618035346,-9.80811003943626,0]]],[[[-51.1420524927593,-9.80946211834405,0],[-51.1420519150078,-9.80810542097035,0],[-51.141778340992,-9.80810553545818,0],[-51.1417782256743,-9.80783419596725,0],[-51.1420517994676,-9.80783408148266,0],[-51.1420516839307,-9.80756274199057,0],[-51.1425988310623,-9.80756251236578,0],[-51.1425987150837,-9.80729117287586,0],[-51.142872288422,-9.80729105773568,0],[-51.142872404623,-9.80756239722234,0],[-51.1431459781804,-9.80756228185823,0],[-51.1431460946072,-9.8078336210475,0],[-51.1428725206089,-9.80783373641496,0],[-51.1428729856788,-9.80891909459073,0],[-51.1428732181247,-9.80946177350778,0],[-51.1425996430062,-9.80946188867393,0],[-51.1425997590117,-9.80973322812917,0],[-51.1423261836674,-9.80973334307783,0],[-51.1423260678844,-9.80946200361936,0],[-51.1420524927593,-9.80946211834405,0]]],[[[-51.1513534295095,-9.80810139706804,0],[-51.1510798556113,-9.80810151905965,0],[-51.1510797327281,-9.80783017968195,0],[-51.150532585366,-9.80783042299621,0],[-51.1505323405003,-9.80728774421403,0],[-51.1502587672589,-9.80728786553328,0],[-51.1502582784602,-9.80620250790323,0],[-51.1505318508116,-9.80620238659766,0],[-51.1505317283983,-9.80593104718272,0],[-51.1508053005237,-9.80593092565992,0],[-51.1508054231595,-9.80620226507143,0],[-51.1510789955038,-9.80620214332455,0],[-51.1510791183656,-9.80647348272831,0],[-51.1513526909288,-9.80647336075733,0],[-51.1513529371081,-9.80701603954487,0],[-51.1516265101127,-9.80701591734634,0],[-51.1516268800759,-9.80782993548492,0],[-51.1513533064038,-9.80783005769378,0],[-51.1513534295095,-9.80810139706804,0]]],[[[-51.1417759200226,-9.80240740523811,0],[-51.1415023506749,-9.80240751943758,0],[-51.1415022356498,-9.80213617985234,0],[-51.1417758047752,-9.80213606565609,0],[-51.1417756895311,-9.80186472606984,0],[-51.1420492584308,-9.80186461165625,0],[-51.1420491429676,-9.80159327206889,0],[-51.1425962803122,-9.80159304258651,0],[-51.1425961644077,-9.80132170300126,0],[-51.1428697328526,-9.80132158793249,0],[-51.1428698489794,-9.80159292751449,0],[-51.1431434176432,-9.80159281222193,0],[-51.1431435339958,-9.80186415179632,0],[-51.1442378095068,-9.80186368840748,0],[-51.1442379267523,-9.80213502796446,0],[-51.1447850649321,-9.80213479494013,0],[-51.1447851826257,-9.8024061344863,0],[-51.1450587519329,-9.80240601764,0],[-51.1450591057014,-9.80322003624241,0],[-51.1453326756723,-9.80321991916563,0],[-51.1453330301389,-9.80403393771914,0],[-51.1456066007736,-9.80403382041184,0],[-51.1456067191584,-9.80430515991775,0],[-51.1458802900121,-9.80430504238653,0],[-51.1458804086228,-9.80457638188476,0],[-51.1467011216121,-9.80457602795755,0],[-51.1469746928928,-9.80457590954045,0],[-51.1469748123967,-9.80484724902101,0],[-51.147248383678,-9.80484713038004,0],[-51.1472485034078,-9.80511846985292,0],[-51.147522074908,-9.80511835098797,0],[-51.1475221948637,-9.80538969045321,0],[-51.147795766583,-9.80538957136428,0],[-51.147796367526,-9.80674626860853,0],[-51.145334211917,-9.806747332616,0],[-51.1453340937237,-9.80647599314584,0],[-51.1456076663605,-9.80647587580877,0],[-51.1456074295393,-9.80593319686198,0],[-51.1453338573475,-9.80593331419243,0],[-51.1453337391646,-9.80566197470927,0],[-51.1450601669733,-9.80566209181586,0],[-51.1450600490161,-9.80539075203524,0],[-51.1445129057237,-9.80539098586943,0],[-51.1442393339631,-9.80539110231072,0],[-51.1442394512528,-9.80566244181141,0],[-51.1434187352833,-9.80566278982125,0],[-51.143418851909,-9.80593412932741,0],[-51.1431452796899,-9.80593424489266,0],[-51.1431453960965,-9.80620558439777,0],[-51.1425982512033,-9.80620581487283,0],[-51.1425983671684,-9.80647715438011,0],[-51.1423247944942,-9.80647726928989,0],[-51.1423246787516,-9.80620592977937,0],[-51.1417775338382,-9.80620615893049,0],[-51.1417774185439,-9.80593481940918,0],[-51.1415038463046,-9.80593493365053,0],[-51.1415026957701,-9.80322153816708,0],[-51.141776265785,-9.80322142395794,0],[-51.1417761505276,-9.80295008438896,0],[-51.141502580735,-9.80295019859488,0],[-51.1415024657033,-9.8026788590184,0],[-51.1417760352734,-9.80267874481571,0],[-51.1417759200226,-9.80240740523811,0]]],[[[-51.1242281394954,-9.79590454257573,0],[-51.1242944069995,-9.79563076286629,0],[-51.1245385147897,-9.79563067341548,0],[-51.1245384136256,-9.79535933353451,0],[-51.1248119773884,-9.79535923308407,0],[-51.1248118760051,-9.79508789320158,0],[-51.1250854395428,-9.79508779253357,0],[-51.1250853379402,-9.79481645264959,0],[-51.1256324652557,-9.79481625065781,0],[-51.1257576997986,-9.79481620429897,0],[-51.1257548403408,-9.79495477384085,0],[-51.1257560119008,-9.79497118947182,0],[-51.1257906230413,-9.79518157452402,0],[-51.1257906815424,-9.7953369265497,0],[-51.1256789023512,-9.7954602078159,0],[-51.1256181925002,-9.79551692404262,0],[-51.125520975139,-9.79550468729268,0],[-51.1254793394415,-9.79550905768789,0],[-51.1253773070287,-9.79554452061435,0],[-51.125319091655,-9.7956075707494,0],[-51.1252859749886,-9.79573663494464,0],[-51.1252831714562,-9.79575741699816,0],[-51.1252806750615,-9.79590418205634,0],[-51.1253048671463,-9.79596708057191,0],[-51.1253967470102,-9.79606573297167,0],[-51.1253977568633,-9.79606679986897,0],[-51.1254923823475,-9.7961651599893,0],[-51.125532627662,-9.79624854775972,0],[-51.1255299680008,-9.79632455557028,0],[-51.1254746543872,-9.79636158677941,0],[-51.1253621257448,-9.79638192276468,0],[-51.1252385694125,-9.79637961223087,0],[-51.1252006998965,-9.79638700573912,0],[-51.125070610683,-9.79644272268611,0],[-51.1250172700874,-9.79650838940278,0],[-51.1249918075624,-9.79663745074632,0],[-51.1249979821195,-9.79669158530435,0],[-51.1250796191236,-9.79687359083898,0],[-51.1251343153609,-9.79699676532343,0],[-51.1251563880345,-9.79705900436577,0],[-51.125126658272,-9.7971549692491,0],[-51.1250741782367,-9.79725917315539,0],[-51.1249860561082,-9.7973581524137,0],[-51.1249104670841,-9.79743818389598,0],[-51.1248869673624,-9.79748576385047,0],[-51.1248767861117,-9.79754902777616,0],[-51.1248763908789,-9.79757481968177,0],[-51.1248891832346,-9.79767350038585,0],[-51.124942420164,-9.79774454109189,0],[-51.1250035795523,-9.797771651659,0],[-51.1250160965442,-9.79780694565403,0],[-51.1250118761216,-9.79783316949399,0],[-51.1249472569221,-9.79795688989897,0],[-51.1249466500491,-9.79795807497315,0],[-51.1248880155207,-9.79807449683443,0],[-51.1248787165633,-9.79810743729831,0],[-51.1248691525911,-9.79822177982098,0],[-51.1248392268468,-9.79834282197764,0],[-51.1247897560201,-9.79841353596271,0],[-51.1247528254977,-9.79845019308267,0],[-51.1247248861227,-9.79845251245242,0],[-51.1246564036282,-9.79859249380918,0],[-51.1247406400425,-9.79871898411971,0],[-51.1247477361829,-9.79872827671105,0],[-51.1248814207923,-9.79888169466453,0],[-51.1249293446007,-9.79902411960115,0],[-51.1249304728764,-9.79902727486844,0],[-51.1249841003202,-9.79916895874728,0],[-51.1249868785636,-9.79917550696383,0],[-51.1250702057189,-9.79935211037253,0],[-51.1250702324637,-9.79942351073105,0],[-51.1250136715266,-9.79949895409835,0],[-51.1249208266975,-9.79957268147388,0],[-51.1249124364816,-9.7995802386633,0],[-51.1248206285836,-9.7996738973507,0],[-51.1248086638492,-9.79968903980101,0],[-51.1247321732979,-9.79981052777747,0],[-51.1247204669813,-9.79987790214571,0],[-51.1247485777159,-9.80000441215718,0],[-51.1247868149924,-9.80006004809288,0],[-51.1249504218464,-9.80016895164546,0],[-51.1249951877557,-9.80021332002709,0],[-51.1250069375923,-9.80025986314408,0],[-51.1250097697048,-9.80026900082657,0],[-51.1250286349237,-9.80032008897713,0],[-51.1249731670536,-9.80037812186469,0],[-51.1249550972858,-9.80040573644221,0],[-51.1249117646483,-9.80050950008502,0],[-51.1249288912153,-9.80060533462777,0],[-51.1250156674103,-9.80069892848067,0],[-51.1250348987667,-9.8007146744816,0],[-51.1251216598462,-9.80076778169589,0],[-51.1251839906088,-9.80078011733334,0],[-51.1253753191859,-9.80074968196544,0],[-51.1254290570578,-9.80072044061746,0],[-51.1254902604878,-9.80065209733595,0],[-51.1255014053169,-9.8006366476472,0],[-51.125554944767,-9.8005430020359,0],[-51.1255572655231,-9.80053811886936,0],[-51.1255560891923,-9.80055512326709,0],[-51.1255714419187,-9.80067657833757,0],[-51.1256222352785,-9.80074675696042,0],[-51.1257013372145,-9.80078468358838,0],[-51.1258078708599,-9.80076477208634,0],[-51.1258356104435,-9.80073512063934,0],[-51.1258944437496,-9.80069087856784,0],[-51.1259287337435,-9.80068617437982,0],[-51.1259675297894,-9.80069457603802,0],[-51.1259989877403,-9.80072690987516,0],[-51.1260062402731,-9.80076137095734,0],[-51.1260291068668,-9.80087957256242,0],[-51.1260299052616,-9.80088327876779,0],[-51.1260707893622,-9.80105533101245,0],[-51.1261196396564,-9.80111590756322,0],[-51.1261933251005,-9.80115147995294,0],[-51.1262210599456,-9.80120095297478,0],[-51.1262220616721,-9.80121183151963,0],[-51.1262039887815,-9.80122379076018,0],[-51.1261245623405,-9.80122766427096,0],[-51.1261005765998,-9.80123207341222,0],[-51.1259373199871,-9.80128527322867,0],[-51.1259126724836,-9.80129767808214,0],[-51.1256882256843,-9.80145717795196,0],[-51.1256659101014,-9.80147986932059,0],[-51.1255792163358,-9.80160642264681,0],[-51.1255672006259,-9.80163159205183,0],[-51.1255273708643,-9.8017651041657,0],[-51.1254725298753,-9.80190953059008,0],[-51.1253946759656,-9.80204364464849,0],[-51.1253129435304,-9.80213117650354,0],[-51.1252134650597,-9.80219318090815,0],[-51.1252098165432,-9.80219557818499,0],[-51.1251586978599,-9.80223094448098,0],[-51.125085730741,-9.80221452457804,0],[-51.1250590241419,-9.80221251474977,0],[-51.1249875916022,-9.80221760246199,0],[-51.1249159108864,-9.8022613109497,0],[-51.1248394216897,-9.80238786032991,0],[-51.1248295318242,-9.80245770231198,0],[-51.124857105824,-9.80256010937499,0],[-51.1248571052112,-9.80256090892314,0],[-51.1248819147268,-9.80262288917926,0],[-51.1249445887284,-9.8026888885056,0],[-51.1249469658634,-9.80270300634448,0],[-51.12491168039,-9.80273351159894,0],[-51.1248654697285,-9.80276234579958,0],[-51.1248057499594,-9.80274182011381,0],[-51.1247836958946,-9.80271558876236,0],[-51.1247155685128,-9.8026830910226,0],[-51.124595661029,-9.80268060438048,0],[-51.1245529430184,-9.80269014770967,0],[-51.1244509139799,-9.80274079364004,0],[-51.1244101470927,-9.80278125811973,0],[-51.1243687874794,-9.80286337708933,0],[-51.1242631821231,-9.80296364237529,0],[-51.1241333835861,-9.80308490009228,0],[-51.1241301493441,-9.8030880750468,0],[-51.1240102284498,-9.80321186793897,0],[-51.1238331750818,-9.80332349487204,0],[-51.1236620212002,-9.80341682312036,0],[-51.1234914861391,-9.80347246829071,0],[-51.1234510313061,-9.80349919460812,0],[-51.1233240407714,-9.80364472234105,0],[-51.1232481738097,-9.80367831283517,0],[-51.1232040184807,-9.80371998948173,0],[-51.1231737006801,-9.80377927376522,0],[-51.1231735976221,-9.80350002806389,0],[-51.1231726964908,-9.80105796936783,0],[-51.1234462649362,-9.80105786996054,0],[-51.1234461646026,-9.80078652986506,0],[-51.1234459639445,-9.80024385053056,0],[-51.12371953172,-9.80024375091116,0],[-51.1237194311731,-9.79997241170996,0],[-51.123718727425,-9.79807303197327,0],[-51.123718703791,-9.7980092381659,0],[-51.1242281394954,-9.79590454257573,0]]],[[[-51.1360162843996,-9.76632154561796,0],[-51.1360161742491,-9.76605020568439,0],[-51.1362897139212,-9.76605009631123,0],[-51.1362896035524,-9.76577875608666,0],[-51.1368366824439,-9.76577853668735,0],[-51.1368365716352,-9.76550719646464,0],[-51.1373836500709,-9.76550697619264,0],[-51.1373836363948,-9.76547362004972,0],[-51.1389741836261,-9.7658469529614,0],[-51.1421414390753,-9.76659038430069,0],[-51.1420342763343,-9.7665904290192,0],[-51.142034506399,-9.76713310930526,0],[-51.1417609659097,-9.76713322330577,0],[-51.1417610807255,-9.76740456315572,0],[-51.1412139990752,-9.767404790504,0],[-51.1412141134515,-9.76767613093569,0],[-51.1409405734208,-9.76767624428296,0],[-51.1406670317816,-9.76767635741113,0],[-51.1406671457178,-9.76794769726529,0],[-51.1406672596576,-9.76821903769481,0],[-51.1403937189587,-9.76821915060902,0],[-51.1401201768698,-9.76821926330402,0],[-51.1401202903696,-9.76849060344573,0],[-51.1398467487492,-9.76849071592385,0],[-51.1398468620308,-9.76876205606441,0],[-51.1392997783369,-9.7687622803676,0],[-51.1392998911785,-9.7690336205103,0],[-51.1390263491051,-9.76903373233536,0],[-51.139026236485,-9.7687623921895,0],[-51.1387526946298,-9.7687625037916,0],[-51.1384791534647,-9.76876261488384,0],[-51.1384790403792,-9.7684912747278,0],[-51.1373848737992,-9.76849171804649,0],[-51.1373849850865,-9.76876305821544,0],[-51.1371114434303,-9.76876316878846,0],[-51.1360172756808,-9.76876360772382,0],[-51.1357437340084,-9.76876371690805,0],[-51.1357439539337,-9.76930639698054,0],[-51.1357440639013,-9.76957773744499,0],[-51.1354705213425,-9.76957784641876,0],[-51.1354706310916,-9.7698491865922,0],[-51.1354707408438,-9.77012052676128,0],[-51.1354709603582,-9.77066320770118,0],[-51.1351974176028,-9.77066331556272,0],[-51.1351975264498,-9.77093465601203,0],[-51.1351977455397,-9.77147733602768,0],[-51.1349242012051,-9.77147744548786,0],[-51.1349243107515,-9.77174878502247,0],[-51.1346507661919,-9.77174889397608,0],[-51.1346508753013,-9.77202023350952,0],[-51.1343773309535,-9.77202034163147,0],[-51.1343774398447,-9.7722916817783,0],[-51.1341038950537,-9.77229178968352,0],[-51.1341041124023,-9.77283446997026,0],[-51.1338305671647,-9.7728345776617,0],[-51.1338306756223,-9.77310591841637,0],[-51.1335571299411,-9.77310602498654,0],[-51.1335576711668,-9.77446272563684,0],[-51.1338312177376,-9.77446261814705,0],[-51.1338313264325,-9.77473395855078,0],[-51.1335577794213,-9.77473406575391,0],[-51.1335578878976,-9.77500540615642,0],[-51.1335579961587,-9.77527674687951,0],[-51.1332844496125,-9.77527685325374,0],[-51.1332845569615,-9.77554819365097,0],[-51.1330110092789,-9.77554830042328,0],[-51.1330111173211,-9.77581964081886,0],[-51.1327375694139,-9.77581974827875,0],[-51.1327376772372,-9.7760910877686,0],[-51.1324641291048,-9.77609119410703,0],[-51.1324643440994,-9.77663387459895,0],[-51.1324644514923,-9.77690521530826,0],[-51.1321909036034,-9.77690532172522,0],[-51.1321910100838,-9.77717666120413,0],[-51.1319174610581,-9.7771767671146,0],[-51.131917568232,-9.77744810749638,0],[-51.1319177821521,-9.77799078766743,0],[-51.1316442326764,-9.77799089365667,0],[-51.1316443394193,-9.7782622337387,0],[-51.1313707897187,-9.77826233951092,0],[-51.1313713223706,-9.7796190395814,0],[-51.1310977713394,-9.77961914514862,0],[-51.1310978776576,-9.77989048611516,0],[-51.1308243266199,-9.77989059146522,0],[-51.1308244327186,-9.78016193062151,0],[-51.1305508814559,-9.78016203575449,0],[-51.1305509882485,-9.78043337671796,0],[-51.1308245388212,-9.78043327158236,0],[-51.1308252825345,-9.78233265095143,0],[-51.1310988346576,-9.78233254647938,0],[-51.1310990473584,-9.78287522651276,0],[-51.1313726010518,-9.78287512000527,0],[-51.1313728142087,-9.7834178000154,0],[-51.1313733471556,-9.78477450086946,0],[-51.1313737735687,-9.7858598607514,0],[-51.1313738801793,-9.78613119980657,0],[-51.1311003238221,-9.78613130544541,0],[-51.1311005368279,-9.78667398564748,0],[-51.1311007496279,-9.78721666615716,0],[-51.1308271923795,-9.78721677158772,0],[-51.1308274047475,-9.78775945147136,0],[-51.1311009624397,-9.78775934542021,0],[-51.131101175046,-9.78830202589538,0],[-51.1308276171275,-9.78830213043325,0],[-51.1308277233225,-9.78857347064982,0],[-51.1305541651792,-9.78857357587493,0],[-51.1297334909495,-9.78857389022868,0],[-51.1297339122066,-9.7896592499396,0],[-51.1311017073794,-9.78965872485598,0],[-51.131101813812,-9.78993006537273,0],[-51.1311019202472,-9.79020140465585,0],[-51.1313754794982,-9.79020129897241,0],[-51.1316490391831,-9.79020119306851,0],[-51.1316491460658,-9.79047253295597,0],[-51.1327433847885,-9.79047210712578,0],[-51.1327434925628,-9.79074344699688,0],[-51.1338377321238,-9.79074301762984,0],[-51.1338376234612,-9.79047167777087,0],[-51.1346583024325,-9.79047135344157,0],[-51.1346585210936,-9.79101403313685,0],[-51.1343849609954,-9.79101414147303,0],[-51.1343850701086,-9.79128548131733,0],[-51.1346586304289,-9.79128537297809,0],[-51.1346587397673,-9.79155671281492,0],[-51.1349323003065,-9.7915566042523,0],[-51.1349324098703,-9.79182794408174,0],[-51.1354795313834,-9.79182772628939,0],[-51.1354796413946,-9.79209906610838,0],[-51.1363003243067,-9.79209873775814,0],[-51.1363004349875,-9.7923700775635,0],[-51.1368475573571,-9.79236985755546,0],[-51.1368476684855,-9.79264119735032,0],[-51.1373947912864,-9.79264097645468,0],[-51.1373949028623,-9.79291231623892,0],[-51.1376684644801,-9.79291220545746,0],[-51.1376685762814,-9.79318354523431,0],[-51.1373950144414,-9.7931836560189,0],[-51.1373953491983,-9.79399767533275,0],[-51.1371217866886,-9.79399778590635,0],[-51.137122120808,-9.79481180519065,0],[-51.1368485576285,-9.79481191555322,0],[-51.1368488911105,-9.79562593480792,0],[-51.1365753272611,-9.79562604495941,0],[-51.1365756601055,-9.79644006418445,0],[-51.1363020955862,-9.79644017412484,0],[-51.1363025385347,-9.79752553304339,0],[-51.1360289731232,-9.79752564277574,0],[-51.1360291941722,-9.79806832221518,0],[-51.135755628313,-9.79806843173325,0],[-51.1357559592436,-9.79888245057951,0],[-51.1354823924959,-9.79888255988645,0],[-51.1354825028088,-9.79915389988261,0],[-51.135482833111,-9.7999679189759,0],[-51.1352092656893,-9.79996802807458,0],[-51.1352093755741,-9.8002393677668,0],[-51.1349358079268,-9.80023947664804,0],[-51.1349359175925,-9.80051081633897,0],[-51.1341152139646,-9.80051114166874,0],[-51.1341151049659,-9.80023980196863,0],[-51.1327472666344,-9.80024033975923,0],[-51.1327473745214,-9.80051167947451,0],[-51.1324738066234,-9.80051178637409,0],[-51.1324739142912,-9.80078312608804,0],[-51.1322003461677,-9.8007832327701,0],[-51.1322004536162,-9.80105457248272,0],[-51.1316533169151,-9.80105478519125,0],[-51.1316534239221,-9.80132612490559,0],[-51.1313798553446,-9.80132623093204,0],[-51.1313799621323,-9.80159757064501,0],[-51.1311063933293,-9.8015976764539,0],[-51.1308328243046,-9.8015977817525,0],[-51.1308329306509,-9.80186912175691,0],[-51.1300122235469,-9.8018694372075,0],[-51.13001211878,-9.80159809809829,0],[-51.1294649804465,-9.80159830680205,0],[-51.1286442746571,-9.8015986188088,0],[-51.1286441691809,-9.8013272787768,0],[-51.12837060057,-9.8013273832817,0],[-51.1283707049115,-9.80159872241252,0],[-51.1280971362933,-9.80159882587646,0],[-51.127823567235,-9.8015989286678,0],[-51.1278236720471,-9.80187026870422,0],[-51.1272765332204,-9.80187047437901,0],[-51.1270029648426,-9.80187057658662,0],[-51.1270030671668,-9.80214191662805,0],[-51.1267294980887,-9.80214201891381,0],[-51.1267296011053,-9.80241335866375,0],[-51.1264560315835,-9.80241346073191,0],[-51.1264562371809,-9.80295614022438,0],[-51.1261826672113,-9.80295624207771,0],[-51.1261827697919,-9.80322758153054,0],[-51.1259092002904,-9.80322768316589,0],[-51.1259093017402,-9.80349902381188,0],[-51.1256357313195,-9.80349912432525,0],[-51.1256360379727,-9.80431314382114,0],[-51.1253624666635,-9.80431324473722,0],[-51.1253625688105,-9.80458458475655,0],[-51.1250889974945,-9.80458468574464,0],[-51.1250890992034,-9.8048560254727,0],[-51.1242683845704,-9.80485632712175,0],[-51.1242684856149,-9.80512766685398,0],[-51.1237213420667,-9.80512786685586,0],[-51.1237215432747,-9.80567054631867,0],[-51.1239951154952,-9.80567044642241,0],[-51.1239953171599,-9.80621312586222,0],[-51.1242688898223,-9.80621302573967,0],[-51.1242689908815,-9.80648436545027,0],[-51.1239954179966,-9.80648446557564,0],[-51.1239955188362,-9.8067558052847,0],[-51.1239956196788,-9.8070271449894,0],[-51.1237220470393,-9.80702724460971,0],[-51.1237223480051,-9.80784126370669,0],[-51.123995922224,-9.80784116378782,0],[-51.1239964265247,-9.80919786247129,0],[-51.1237228514117,-9.80919796240417,0],[-51.1237229520581,-9.80946930207279,0],[-51.1234493767196,-9.80946940178775,0],[-51.1234494771464,-9.80974074145477,0],[-51.1231759015824,-9.8097408409518,0],[-51.1231760017895,-9.81001218061728,0],[-51.1229024260001,-9.81001227989638,0],[-51.1229028259671,-9.81109763823642,0],[-51.1226292499779,-9.81109773730568,0],[-51.1226294488404,-9.81164041689025,0],[-51.1226295486228,-9.81191175714561,0],[-51.1223559710511,-9.81191185600279,0],[-51.1223564691107,-9.81326855354067,0],[-51.1223565686877,-9.81353989315826,0],[-51.1220829899957,-9.81353999181125,0],[-51.1220830893528,-9.81381133113738,0],[-51.1218095102169,-9.81381142957241,0],[-51.1218096102663,-9.81408276947626,0],[-51.1215360302114,-9.81408286769347,0],[-51.1215359312965,-9.81381152778652,0],[-51.1212623525918,-9.81381162606954,0],[-51.1212622545959,-9.81354028615518,0],[-51.1209886751991,-9.813540384215,0],[-51.1209885765172,-9.81326904519835,0],[-51.1206014100698,-9.81326918227562,0],[-51.1207346302709,-9.81322700122318,0],[-51.1207614268935,-9.81321333515125,0],[-51.1209017103902,-9.81310953751315,0],[-51.120925011895,-9.81308417703078,0],[-51.1210079311259,-9.81294949241198,0],[-51.1211060529807,-9.81280714604006,0],[-51.1211205007318,-9.8127722465955,0],[-51.1211374653614,-9.81267951291223,0],[-51.1212211736389,-9.81255600443958,0],[-51.1212334603721,-9.81248171719056,0],[-51.1211798129926,-9.81228689458437,0],[-51.1211773169916,-9.81227920028327,0],[-51.1211159633792,-9.81211555192172,0],[-51.1211129265426,-9.81204239349598,0],[-51.121170084698,-9.81197856935106,0],[-51.121192476339,-9.81192904094891,0],[-51.1212053278058,-9.81182036390426,0],[-51.1212860790621,-9.8116934511563,0],[-51.1212998342849,-9.81163763708691,0],[-51.121289584769,-9.81151618096758,0],[-51.1212880178212,-9.81150542833615,0],[-51.1212369019117,-9.81125999544459,0],[-51.1212352699126,-9.81125341332713,0],[-51.1211892893749,-9.81109401317126,0],[-51.1211889789394,-9.81109296229312,0],[-51.1210561526598,-9.8106527167569,0],[-51.1210342795644,-9.81061570659416,0],[-51.1207401909189,-9.81031467683129,0],[-51.1212611190385,-9.80816250365423,0],[-51.1213371470062,-9.80815453886719,0],[-51.1213399209284,-9.80815420503123,0],[-51.1215021643711,-9.80813220278922,0],[-51.1216107824725,-9.8081321638545,0],[-51.1216511303598,-9.80812281348655,0],[-51.1220388515229,-9.80793289192467,0],[-51.1220436126191,-9.80793038393654,0],[-51.1222094098161,-9.80783669844982,0],[-51.1222257533694,-9.80782490737017,0],[-51.1223711261011,-9.80769327416228,0],[-51.1224002128129,-9.8076370113184,0],[-51.122408331004,-9.80756835400582,0],[-51.1224916715603,-9.80741667936539,0],[-51.1224990051196,-9.80739918615638,0],[-51.1225320306171,-9.8072890726959,0],[-51.1225837327995,-9.80719342303049,0],[-51.1225918232146,-9.80712871914248,0],[-51.1225829017658,-9.80709337855566,0],[-51.1226168862564,-9.80705445795895,0],[-51.1226589018399,-9.80701030031051,0],[-51.1226820916871,-9.80696551091437,0],[-51.1227228352354,-9.80675800175899,0],[-51.1227245109648,-9.80673966310742,0],[-51.1227220611145,-9.80653016075783,0],[-51.1228137414598,-9.80626662500808,0],[-51.1228163553259,-9.80625762372165,0],[-51.1228903600383,-9.80594218824537,0],[-51.1229009265368,-9.80594218441685,0],[-51.1229009065326,-9.80588787367083,0],[-51.1229194514786,-9.80577315715895,0],[-51.1229159120443,-9.80573020445149,0],[-51.1229008319531,-9.80568539001248,0],[-51.1229007490351,-9.80546026214607,0],[-51.1229285378649,-9.80537747535551,0],[-51.1229297620137,-9.80537352872709,0],[-51.122973077254,-9.80522168847225,0],[-51.1229693017752,-9.80516179158482,0],[-51.1229251547882,-9.80505840180455,0],[-51.122960781568,-9.80492100775164,0],[-51.12296232553,-9.80491387095564,0],[-51.1229827536589,-9.80479654798564,0],[-51.1230396401951,-9.80469038104206,0],[-51.1230467420742,-9.80467297111432,0],[-51.1230721692075,-9.80458542344261,0],[-51.1231739982002,-9.8045853864839,0],[-51.1231738980515,-9.80431404734636,0],[-51.1231738356208,-9.80414489595162,0],[-51.1231828361125,-9.80410844360909,0],[-51.1232059520791,-9.80404457358521,0],[-51.1232462994438,-9.80399082189232,0],[-51.1232463641572,-9.80399073594448,0],[-51.1233164886307,-9.80389708466534,0],[-51.1233246061399,-9.8038840727803,0],[-51.1233520436998,-9.80383042254524,0],[-51.1234168957956,-9.80380170929794,0],[-51.1234486760589,-9.80377830914924,0],[-51.1235724325324,-9.80363648633712,0],[-51.1237270441361,-9.80358603766366,0],[-51.1237424792531,-9.80357937787792,0],[-51.1239235800264,-9.80348062549134,0],[-51.1239285661291,-9.80347769862704,0],[-51.1241173128493,-9.80335869958701,0],[-51.1241341496701,-9.80334503418172,0],[-51.1242600849755,-9.8032150335028,0],[-51.1243884960869,-9.80309507325104,0],[-51.1243890293612,-9.80309457017247,0],[-51.1245063448432,-9.80298318828177,0],[-51.1245248653579,-9.8029582697779,0],[-51.1245597187992,-9.80288906714416,0],[-51.1246143980385,-9.80286192484384,0],[-51.1246702322738,-9.80286308375598,0],[-51.1246819152537,-9.80287697929631,0],[-51.1247220910832,-9.80290451185082,0],[-51.124847116783,-9.80294748317501,0],[-51.1249255313832,-9.80293857878686,0],[-51.125014803771,-9.80288287783241,0],[-51.1250261629059,-9.80287450190961,0],[-51.1251052254487,-9.80280615121452,0],[-51.1251352514248,-9.80272306674977,0],[-51.1251199110478,-9.80263197730572,0],[-51.1250963481549,-9.8025848669335,0],[-51.12503520765,-9.8025204815416,0],[-51.125015697794,-9.80244802743649,0],[-51.1250479526319,-9.80239466200527,0],[-51.1250585814378,-9.80239390557221,0],[-51.1251576411264,-9.80241619669463,0],[-51.1252299877238,-9.80240217519807,0],[-51.1253123600105,-9.80234518603955,0],[-51.1254201831572,-9.80227797965122,0],[-51.1254385668136,-9.80226285741957,0],[-51.125535474412,-9.80215907390245,0],[-51.1255475965128,-9.80214274651936,0],[-51.1256342818559,-9.80199341965685,0],[-51.1256405935816,-9.80198016779721,0],[-51.1256992123983,-9.8018257899169,0],[-51.1257013174517,-9.80181957455111,0],[-51.1257380533417,-9.8016964287451,0],[-51.1258076411,-9.80159484769779,0],[-51.1260075280456,-9.8014528004026,0],[-51.1261458091548,-9.80140774008259,0],[-51.1262381141054,-9.80140323950304,0],[-51.1262585152479,-9.80139656147596,0],[-51.1262571837774,-9.8013987010335,0],[-51.1263439452265,-9.80145180792852,0],[-51.126364275799,-9.80146105575899,0],[-51.1265250211763,-9.80151160435217,0],[-51.126530496783,-9.80151314171161,0],[-51.1267039958424,-9.80155609337576,0],[-51.1267560013149,-9.80155377841858,0],[-51.1268809940585,-9.80151071439762,0],[-51.1269369243706,-9.80145576525988,0],[-51.1269853460875,-9.80132163473347,0],[-51.1269690850796,-9.80123269563113,0],[-51.1268848577608,-9.80113403994419,0],[-51.1268481532598,-9.80110812986139,0],[-51.1266899556707,-9.80104745858782,0],[-51.1266570348711,-9.80104137206224,0],[-51.1265179472264,-9.80104142394636,0],[-51.126414510154,-9.80102714841521,0],[-51.1263975705094,-9.80102638864242,0],[-51.1263291513666,-9.8010296457769,0],[-51.1262989696921,-9.80100129838297,0],[-51.1262383750833,-9.80097204607715,0],[-51.1262078592239,-9.80084362505735,0],[-51.1261852127672,-9.80072656391469,0],[-51.126184923154,-9.80072512773025,0],[-51.1261721437199,-9.80066440210802,0],[-51.1261484961561,-9.80062007668601,0],[-51.1260795876979,-9.80054925003957,0],[-51.1260334216501,-9.80052369160066,0],[-51.125951777723,-9.80050600884806,0],[-51.125919829988,-9.80050477977615,0],[-51.1258458491709,-9.80051492909817,0],[-51.1258032502904,-9.80053244902452,0],[-51.1257427778793,-9.80057792357059,0],[-51.1257392712307,-9.80055018037266,0],[-51.1257626778956,-9.80046351842142,0],[-51.1257104838653,-9.80035696632855,0],[-51.1256211779507,-9.80031904347783,0],[-51.1255732026464,-9.8003125418412,0],[-51.1254966703842,-9.80032269112651,0],[-51.1254235681632,-9.80038007034703,0],[-51.1253928964653,-9.80045972353951,0],[-51.1253475085158,-9.80053910901622,0],[-51.125314309448,-9.80057618267987,0],[-51.1251885877986,-9.80059618160316,0],[-51.1251413919465,-9.80056729227346,0],[-51.1251025368733,-9.80052538459513,0],[-51.1251171350403,-9.80049042521614,0],[-51.1251998806044,-9.80040385357328,0],[-51.1252193281943,-9.80031051906227,0],[-51.1251826812236,-9.80021128099246,0],[-51.125165969683,-9.80014507933148,0],[-51.1251419675195,-9.80010306940003,0],[-51.1250730594165,-9.80003477323932,0],[-51.1250594179038,-9.80002364971502,0],[-51.1249188110781,-9.79993005759632,0],[-51.1249065839068,-9.79987502623601,0],[-51.1249581900076,-9.79979306079707,0],[-51.1250392416921,-9.7997103744972,0],[-51.1251368269549,-9.79963288276282,0],[-51.125153010432,-9.79961624728078,0],[-51.1252346084698,-9.79950740899854,0],[-51.1252526217608,-9.79945340481717,0],[-51.1252525761986,-9.79933194497744,0],[-51.1252439791209,-9.79929364129437,0],[-51.1251535827756,-9.79910205172185,0],[-51.1251018073284,-9.79896526306282,0],[-51.1250487072854,-9.79880745508783,0],[-51.125031200364,-9.79877694484752,0],[-51.1248895706849,-9.79861441104739,0],[-51.1248719157343,-9.79858790040233,0],[-51.1249245294689,-9.79853567706118,0],[-51.1249349440735,-9.79852330827033,0],[-51.1249986892331,-9.79843218877282,0],[-51.1250123353368,-9.79840216813121,0],[-51.1250479981355,-9.79825792067028,0],[-51.1250503090627,-9.79824385717798,0],[-51.1250590168977,-9.79813975171538,0],[-51.1251095033485,-9.79803950830307,0],[-51.1251805767613,-9.79790342957484,0],[-51.1251896561915,-9.79787608149848,0],[-51.125199837392,-9.79781281756527,0],[-51.1251958103208,-9.79776854723652,0],[-51.1251626099457,-9.7976749336552,0],[-51.1251137952535,-9.79762237231311,0],[-51.1250635465803,-9.79760009754482,0],[-51.1250589547381,-9.79756467310187,0],[-51.1250626611319,-9.79754163588501,0],[-51.1251200698065,-9.7974808535907,0],[-51.1251218736902,-9.79747888661619,0],[-51.1252187772092,-9.79737004268866,0],[-51.1252320013647,-9.79735059359448,0],[-51.1252931842905,-9.7972291102425,0],[-51.1252987735044,-9.79721525808748,0],[-51.1253395427977,-9.7970836621874,0],[-51.1253383981224,-9.79702708100818,0],[-51.1253051986957,-9.79693346743601,0],[-51.125302628414,-9.79692702406236,0],[-51.1252464554523,-9.7968005235229,0],[-51.1252463185545,-9.79680021605484,0],[-51.1251763195316,-9.79664415631248,0],[-51.1251870238499,-9.79658990157156,0],[-51.1252548716134,-9.79656084227321,0],[-51.1253677926514,-9.79656295412732,0],[-51.1253858574138,-9.79656150573669,0],[-51.1255261619938,-9.7965361487309,0],[-51.1255608319705,-9.79652213567627,0],[-51.1256705047182,-9.79644871212779,0],[-51.1257106233005,-9.79637688265027,0],[-51.1257156709919,-9.79623264644286,0],[-51.1257067861514,-9.79619045457007,0],[-51.1256506169723,-9.79607407506914,0],[-51.1256343402151,-9.79605069068894,0],[-51.1255302110336,-9.79594245011345,0],[-51.1254636415007,-9.7958709730376,0],[-51.1254653410898,-9.79577102164255,0],[-51.1254837714783,-9.79569919477642,0],[-51.1255193538691,-9.79568682751793,0],[-51.1256383379827,-9.79570180307798,0],[-51.1257143207257,-9.79567600761106,0],[-51.1257209950188,-9.79566938263716,0],[-51.1258066980107,-9.79558931647401,0],[-51.1258119785122,-9.79558395645868,0],[-51.1259496844155,-9.79543208077867,0],[-51.1259730695405,-9.79537156601767,0],[-51.1259729951078,-9.79517419339655,0],[-51.1259718050969,-9.79515966087245,0],[-51.1259373492176,-9.7949502128094,0],[-51.1259420837761,-9.79472066472116,0],[-51.1259750956811,-9.79447673416929,0],[-51.1260169209321,-9.79439022271911,0],[-51.1260793895967,-9.79435786666575,0],[-51.1260900027594,-9.79435983627069,0],[-51.1261537119862,-9.79446382805277,0],[-51.1262337362195,-9.7946224263419,0],[-51.1262745306547,-9.7946628598149,0],[-51.1264378356595,-9.7947437732073,0],[-51.1265129380732,-9.79474664314405,0],[-51.1266761875215,-9.79468079049308,0],[-51.1267074214095,-9.79465984586993,0],[-51.1268553304265,-9.79450796511212,0],[-51.126874743802,-9.79447787711651,0],[-51.1269461073457,-9.79429566016545,0],[-51.1269520292791,-9.79426981282477,0],[-51.1269621840793,-9.79413822725881,0],[-51.1269620798791,-9.79412318240393,0],[-51.1269162475918,-9.79362020135004,0],[-51.1269111230459,-9.7933854417698,0],[-51.1269040352624,-9.79335238978834,0],[-51.1268376469265,-9.79319552855541,0],[-51.1268180215347,-9.79316655858873,0],[-51.1266802084902,-9.7930299668498,0],[-51.1266769072419,-9.79302685400319,0],[-51.1265743879316,-9.79293492155564,0],[-51.1264639289569,-9.79280431523714,0],[-51.1264740536567,-9.79276865920749,0],[-51.1264929549298,-9.79274453547409,0],[-51.1266563465968,-9.7927268582861,0],[-51.1267017327227,-9.79275684522335,0],[-51.1268105315072,-9.79288811958,0],[-51.1268245667512,-9.79290174917091,0],[-51.1269087785385,-9.79296750950724,0],[-51.1269611711337,-9.79298680118807,0],[-51.127075974178,-9.79299181964518,0],[-51.1271398050738,-9.79296972767854,0],[-51.127224075488,-9.79289708464995,0],[-51.1274098692216,-9.79282935729169,0],[-51.1274319229673,-9.79281769948973,0],[-51.1275058856141,-9.79276453251725,0],[-51.1275202645803,-9.79275168007733,0],[-51.127609516484,-9.79265296022037,0],[-51.1276255185177,-9.79262802530335,0],[-51.1276994365515,-9.79245592910812,0],[-51.1277066934441,-9.79242310419651,0],[-51.1277117305088,-9.79225103298587,0],[-51.1276952649966,-9.79219651251159,0],[-51.1276245367167,-9.79209637305232,0],[-51.1275352589251,-9.79196201553117,0],[-51.1275283516739,-9.79185014556956,0],[-51.1275451134164,-9.79173960533023,0],[-51.1276277706921,-9.79168460261694,0],[-51.1276489253856,-9.79155393634168,0],[-51.127555219934,-9.79143452950625,0],[-51.1275408842834,-9.79136002946048,0],[-51.1275480072426,-9.79119850082367,0],[-51.1275317429103,-9.79114287048121,0],[-51.1274509348788,-9.79102774413209,0],[-51.1273967009013,-9.79094467656262,0],[-51.1273640851946,-9.79088953804146,0],[-51.1273548538543,-9.79080923482228,0],[-51.1273680370667,-9.79072402822579,0],[-51.127402652408,-9.79054216591226,0],[-51.127447435844,-9.79038400042104,0],[-51.1274503766064,-9.79035051234744,0],[-51.1274361361492,-9.79020980258903,0],[-51.1274555671257,-9.79007839801212,0],[-51.1275872397532,-9.78994769567331,0],[-51.1276048694519,-9.78992305499968,0],[-51.1276405564155,-9.78984965950527,0],[-51.127620693168,-9.78974429480052,0],[-51.1275561413648,-9.78968444335495,0],[-51.1274947508688,-9.7895357567131,0],[-51.1273259828711,-9.78960431164575,0],[-51.1273949268648,-9.7897712937497,0],[-51.1274170416577,-9.78980309011959,0],[-51.127447060806,-9.7898309237679,0],[-51.1273052238107,-9.78997171647406,0],[-51.1272795057816,-9.79002252185912,0],[-51.1272540600616,-9.79019459982932,0],[-51.1272535505594,-9.79021675945158,0],[-51.1272671932412,-9.79035155875337,0],[-51.127225996741,-9.79049705491993,0],[-51.1272241832257,-9.79050472999794,0],[-51.1271885394376,-9.79069199505874,0],[-51.1271880108078,-9.79069505506706,0],[-51.1271727417716,-9.79079374713005,0],[-51.127172273985,-9.79081771295552,0],[-51.127185072461,-9.7909290470919,0],[-51.1271970223226,-9.79096457006339,0],[-51.1272404195749,-9.79103793679873,0],[-51.1272425300165,-9.79104133047108,0],[-51.1272986873113,-9.79112734409612,0],[-51.1273003907262,-9.79112985877918,0],[-51.1273644605125,-9.79122113884913,0],[-51.1273582189136,-9.79136266758878,0],[-51.1273597497031,-9.79138357828077,0],[-51.127380198737,-9.79148984723725,0],[-51.1273978116058,-9.7915284459758,0],[-51.1274449051594,-9.79158845684674,0],[-51.1274101198017,-9.79161160524554,0],[-51.1273707487375,-9.79167326211744,0],[-51.1273465738338,-9.79183268792503,0],[-51.1273457293816,-9.79185167027994,0],[-51.1273547138607,-9.79199716572225,0],[-51.1273695932953,-9.79204140935655,0],[-51.1274729730105,-9.79219699126589,0],[-51.1274744282541,-9.79219911440694,0],[-51.1275285551389,-9.79227575123881,0],[-51.1275248970057,-9.79240076163555,0],[-51.1274636563285,-9.79254334391419,0],[-51.1273909852783,-9.79262372397974,0],[-51.1273351165207,-9.7926638833432,0],[-51.1271454452096,-9.79273302579302,0],[-51.1271170841063,-9.79274965236263,0],[-51.1270476431839,-9.79280951242033,0],[-51.1269985261903,-9.79280736549808,0],[-51.1269451412023,-9.79276567779491,0],[-51.1268340078568,-9.7926315869394,0],[-51.1268141195453,-9.79261374833816,0],[-51.1267299107934,-9.79255810985893,0],[-51.126669470041,-9.79254347281376,0],[-51.1264347748447,-9.79256886361966,0],[-51.1263726620433,-9.79260327545722,0],[-51.12631911359,-9.79267161606293,0],[-51.1263033417098,-9.79270259809684,0],[-51.1262753170601,-9.79280129576016,0],[-51.1262932273797,-9.79288394376938,0],[-51.126438707873,-9.79305595895711,0],[-51.1264474160045,-9.79306492169097,0],[-51.1265529108622,-9.79315952305221,0],[-51.1266764285653,-9.7932819453763,0],[-51.1267291657092,-9.79340655122652,0],[-51.1267339829502,-9.79362721481634,0],[-51.1267343318079,-9.7936333976186,0],[-51.1267797600049,-9.7941319478699,0],[-51.1267712166999,-9.7942426477964,0],[-51.1267113962831,-9.79439539379494,0],[-51.1265896333558,-9.79452042380083,0],[-51.1264824385271,-9.79456366558279,0],[-51.1263832232024,-9.79451450678902,0],[-51.1263151279144,-9.79437955046696,0],[-51.126311511694,-9.79437306136125,0],[-51.1262247186409,-9.79423138997945,0],[-51.1261793585966,-9.79420028776615,0],[-51.126179283716,-9.79400202785158,0],[-51.1261791812366,-9.79373068825154,0],[-51.1264527436486,-9.79373058649589,0],[-51.1264525382541,-9.79318790670897,0],[-51.1261789762865,-9.79318800845888,0],[-51.1261786688836,-9.79237398873739,0],[-51.1264522301848,-9.7923738869961,0],[-51.1264520248202,-9.7918312071659,0],[-51.126725585674,-9.79183110521003,0],[-51.1267254827743,-9.79155976590596,0],[-51.1267253798771,-9.79128842536831,0],[-51.1269989402837,-9.79128832319788,0],[-51.1269987340545,-9.79074564334455,0],[-51.1269986309444,-9.79047430341143,0],[-51.1269985278374,-9.79020296347397,0],[-51.1267249683191,-9.79020306563286,0],[-51.1267248654371,-9.78993172568816,0],[-51.1269984247333,-9.78993162353215,0],[-51.1269983216321,-9.78966028358606,0],[-51.1272718807032,-9.78966018121266,0],[-51.127271777383,-9.78938884126513,0],[-51.127545336229,-9.78938873867435,0],[-51.1275452326896,-9.78911739843553,0],[-51.1275451291535,-9.78884605877204,0],[-51.1278186875523,-9.78884595596679,0],[-51.127818583797,-9.7885746160121,0],[-51.1286392583092,-9.78857430628358,0],[-51.1286388406536,-9.7874889461666,0],[-51.128638527444,-9.78667492654062,0],[-51.1289120840544,-9.78667482287777,0],[-51.128911770206,-9.78586080293183,0],[-51.1286382142616,-9.78586090658589,0],[-51.1286380054885,-9.78531822659448,0],[-51.128364449985,-9.78531833002251,0],[-51.1283643458249,-9.78504699001741,0],[-51.1280907905404,-9.78504709322234,0],[-51.1280905826734,-9.78450441319329,0],[-51.1278170278297,-9.78450451617223,0],[-51.1278169241229,-9.78423317676295,0],[-51.1278168204186,-9.78396183583023,0],[-51.1280903755121,-9.78396173376133,0],[-51.1280900628403,-9.78314771304508,0],[-51.1283636167896,-9.78314760986048,0],[-51.1283632002646,-9.78206224938584,0],[-51.1283629920204,-9.78151956955737,0],[-51.1280894396209,-9.78151967272439,0],[-51.1280888215449,-9.7799053536268,0],[-51.1280921004683,-9.77989163101104,0],[-51.1283623673601,-9.77989152909859,0],[-51.1283622632607,-9.77962018900704,0],[-51.1281569403364,-9.77962026644785,0],[-51.1282217809722,-9.77934890186897,0],[-51.1283621591643,-9.77934884891115,0],[-51.1283619341688,-9.77876234337142,0],[-51.1290437052586,-9.775909023148,0],[-51.1299783447997,-9.771997409492,0],[-51.1306856993885,-9.76903703649574,0],[-51.131093627574,-9.76903687964738,0],[-51.1310935213798,-9.76876553941245,0],[-51.1313670633242,-9.7687654339647,0],[-51.1313669569116,-9.76849409372853,0],[-51.1316404986313,-9.76849398806397,0],[-51.1316402853722,-9.76795130758463,0],[-51.1313667440956,-9.76795141324321,0],[-51.1313665312921,-9.76740873274058,0],[-51.1316400721256,-9.76740862708798,0],[-51.1316398588913,-9.7668659465741,0],[-51.1327340204217,-9.76686552179007,0],[-51.1327341279234,-9.76713686203714,0],[-51.1335547497029,-9.76713654113261,0],[-51.1335548578724,-9.76740788136629,0],[-51.134922561883,-9.76740734211493,0],[-51.1349224526057,-9.76713600189651,0],[-51.1351959938701,-9.76713589338974,0],[-51.1354695337446,-9.76713578466375,0],[-51.1354694240273,-9.76686444415734,0],[-51.1354693143135,-9.76659310422624,0],[-51.1357428542167,-9.76659299528647,0],[-51.1360163945535,-9.76659288612677,0],[-51.1360162843996,-9.76632154561796,0]]],[[[-51.1360195901907,-9.77446175060114,0],[-51.1362931369513,-9.77446164113191,0],[-51.1365666832722,-9.77446153205753,0],[-51.1365667939657,-9.77473287214087,0],[-51.1368403407228,-9.7747327613243,0],[-51.1368402298076,-9.77446142124412,0],[-51.1371137763402,-9.77446131111519,0],[-51.1371136652066,-9.77418997132357,0],[-51.137387212426,-9.77418986097747,0],[-51.1377378275052,-9.7741897192214,0],[-51.1384813967122,-9.77418941739567,0],[-51.138754943222,-9.77418930595023,0],[-51.1387550556863,-9.77446064662744,0],[-51.1387551681533,-9.77473198607105,0],[-51.1384816214185,-9.77473209752271,0],[-51.1384817336673,-9.77500343757984,0],[-51.1390288275771,-9.77500321445028,0],[-51.1390287148848,-9.77473187439947,0],[-51.1395758083379,-9.77473165039649,0],[-51.1395756952055,-9.77446031034775,0],[-51.1401227879837,-9.77446008547148,0],[-51.1414905206355,-9.77445951943175,0],[-51.1414921265218,-9.77825827940814,0],[-51.1406714777577,-9.77825861982646,0],[-51.140671819965,-9.77907263974009,0],[-51.1403982697048,-9.77907275278242,0],[-51.1403983835586,-9.77934409245836,0],[-51.1401248337667,-9.77934420528356,0],[-51.1401249474021,-9.77961554524819,0],[-51.1398513957802,-9.77961565876168,0],[-51.1398515091967,-9.77988699782067,0],[-51.1390308563806,-9.77988733524028,0],[-51.1390309691348,-9.78015867430451,0],[-51.1387574179679,-9.78015878694372,0],[-51.1387575305036,-9.78043012629659,0],[-51.138210427934,-9.78043034911214,0],[-51.1382105400296,-9.78070168908162,0],[-51.1376634365663,-9.78070191102337,0],[-51.1362956786159,-9.78070246202615,0],[-51.1362955680734,-9.78043112203482,0],[-51.1357484659204,-9.78043134088901,0],[-51.1357483549129,-9.78016000059772,0],[-51.1354748039253,-9.7801601099815,0],[-51.1352012534094,-9.78016021885522,0],[-51.1352011428487,-9.77988887855338,0],[-51.1349275920766,-9.77988898749394,0],[-51.1349274824344,-9.77961764718453,0],[-51.1346539318809,-9.77961775590199,0],[-51.1346538224641,-9.7793464164896,0],[-51.1343802719103,-9.77934652378979,0],[-51.1343801629367,-9.77907518375525,0],[-51.1341066128206,-9.77907529202656,0],[-51.1341065038537,-9.77880395259942,0],[-51.1338329539558,-9.77880405945333,0],[-51.1338327369117,-9.77826137964034,0],[-51.1341062865841,-9.77826127188797,0],[-51.134106177845,-9.77798993183314,0],[-51.1343797272924,-9.77798982386381,0],[-51.13437950938,-9.77744714374727,0],[-51.1346530583807,-9.77744703556405,0],[-51.1346528400374,-9.77690435543635,0],[-51.1349263885913,-9.77690424703926,0],[-51.1349262792027,-9.77663290697198,0],[-51.1351998275317,-9.77663279835798,0],[-51.1351997179243,-9.77636145799966,0],[-51.1354732658099,-9.77636134916885,0],[-51.1354731562027,-9.77609000938884,0],[-51.1354730463799,-9.77581866902491,0],[-51.1357465938192,-9.77581856088477,0],[-51.1357463739583,-9.77527588011509,0],[-51.1357461538922,-9.77473320055751,0],[-51.1360197004406,-9.77473309040082,0],[-51.1360195901907,-9.77446175060114,0]]],[[[-50.8893986187277,-10.2330299502548,0],[-50.8893985245677,-10.233301283757,0],[-50.8896724557779,-10.2333013760786,0],[-50.8896720060729,-10.2346027588139,0],[-50.8885816533276,-10.2339630683909,0],[-50.8883456625257,-10.2336407742995,0],[-50.8883754935319,-10.2330296011118,0],[-50.8885768264675,-10.233029670071,0],[-50.8885769211039,-10.2327583371864,0],[-50.8888508514033,-10.2327584308088,0],[-50.8888507569993,-10.2330297643106,0],[-50.8893986187277,-10.2330299502548,0]]],[[[-50.9047397967104,-10.2295074696898,0],[-50.905287652236,-10.2295076303636,0],[-50.9052877326512,-10.2292362963727,0],[-50.9055616602943,-10.2292363759098,0],[-50.9055619008279,-10.2284223769067,0],[-50.9058358279943,-10.228422456207,0],[-50.9058359878738,-10.2278797899849,0],[-50.9069316938262,-10.2278801048652,0],[-50.9069316997221,-10.2278598567931,0],[-50.9070096960494,-10.22788938112,0],[-50.9070171817424,-10.2278918523884,0],[-50.9071214177263,-10.2279213850817,0],[-50.9070696031014,-10.2280141924694,0],[-50.9070598792188,-10.2280752306084,0],[-50.9071358289748,-10.2284620060064,0],[-50.9071690732176,-10.2287213403185,0],[-50.9070755744432,-10.2291205188582,0],[-50.9070741331932,-10.2291281438123,0],[-50.9070178199235,-10.2295178028067,0],[-50.9070169201041,-10.2295286703458,0],[-50.9070067178067,-10.229997255202,0],[-50.9069535840034,-10.2302886318884,0],[-50.9068251017176,-10.2305820880346,0],[-50.9067128738945,-10.2308294908908,0],[-50.9067049284312,-10.2308628463056,0],[-50.9066946384655,-10.2311108182894,0],[-50.9066972817049,-10.2311364437438,0],[-50.9067622856677,-10.2313943111001,0],[-50.9066954976211,-10.2315925839985,0],[-50.9065339570273,-10.2317569429098,0],[-50.9063989904503,-10.2318394608504,0],[-50.9062795427181,-10.2318197069113,0],[-50.9062645326358,-10.2318184716433,0],[-50.9061623494922,-10.2318184422139,0],[-50.9060942288665,-10.2318486300882,0],[-50.9060029484725,-10.2319498354089,0],[-50.9058347883409,-10.2319497859206,0],[-50.9058347602121,-10.2320483214214,0],[-50.9057791251108,-10.2320758546793,0],[-50.9057529846275,-10.2320952628045,0],[-50.9056352059138,-10.2322210621175,0],[-50.9052868481816,-10.2322209603652,0],[-50.9052870088356,-10.2316782939882,0],[-50.9050130800142,-10.2316782151061,0],[-50.9050131606798,-10.2314068820579,0],[-50.9044653009891,-10.2314067212637,0],[-50.9039174420017,-10.2314065600002,0],[-50.9039176867763,-10.2305925608547,0],[-50.904191615571,-10.2305926415545,0],[-50.9044655450622,-10.2305927226387,0],[-50.9044656254898,-10.230321388962,0],[-50.9047395538378,-10.230321468909,0],[-50.904739715828,-10.2297788030571,0],[-50.9047397967104,-10.2295074696898,0]]],[[[-50.9074845690278,-10.2105149311894,0],[-50.9077584804378,-10.2105150087382,0],[-50.9077586369915,-10.2099723421814,0],[-50.9077590620792,-10.2084966334753,0],[-50.9080513171394,-10.207260331553,0],[-50.9083075086518,-10.2063075463736,0],[-50.9083074692579,-10.2064451615838,0],[-50.908581377412,-10.2064452384116,0],[-50.9085814548518,-10.2061739049167,0],[-50.9086556325509,-10.2061739256825,0],[-50.9097268709075,-10.2064367367796,0],[-50.9097459509457,-10.2064414162279,0],[-50.9107725737941,-10.2066932816351,0],[-50.9107725671371,-10.2067171782666,0],[-50.9108700865278,-10.2067172049102,0],[-50.9111108310788,-10.2067762672233,0],[-50.9115942433788,-10.206894861826,0],[-50.9115942174682,-10.2069887353692,0],[-50.911977299488,-10.2069888389028,0],[-50.9121489410213,-10.2070309478841,0],[-50.9126898044569,-10.2071636421549,0],[-50.9126897780903,-10.2072603637967,0],[-50.9130844796613,-10.2072604691415,0],[-50.9137853674028,-10.2074324197217,0],[-50.9137853405999,-10.2075319885578,0],[-50.9141916580902,-10.2075320956345,0],[-50.9151548237112,-10.2077683874284,0],[-50.9151548143612,-10.2078036809734,0],[-50.9152988338612,-10.2078037183813,0],[-50.9159764988943,-10.2079699747082,0],[-50.9159764712801,-10.2080752270795,0],[-50.9164059613224,-10.2080753373699,0],[-50.9170720674384,-10.208238755745,0],[-50.9170720394499,-10.2083468408395,0],[-50.9175130906902,-10.2083469526132,0],[-50.9181676378492,-10.2085075331141,0],[-50.9181676095059,-10.2086184509318,0],[-50.9186202217606,-10.2086185641109,0],[-50.9187199500754,-10.2086430304003,0],[-50.919263210125,-10.2087763122419,0],[-50.9192631814476,-10.2088900573562,0],[-50.919727307666,-10.208890171851,0],[-50.9206326780918,-10.2091122895855,0],[-50.9206326658387,-10.2091617268451,0],[-50.9208343916213,-10.2091617758444,0],[-50.9217282545643,-10.2093810667904,0],[-50.9217282417905,-10.2094333250148,0],[-50.921941477278,-10.2094333760915,0],[-50.9222219399736,-10.2095021806031,0],[-50.9222409299965,-10.2095068403081,0],[-50.9228238329003,-10.2096498484664,0],[-50.922823819627,-10.2097049195157,0],[-50.9230485212172,-10.2097049725819,0],[-50.9239194130997,-10.2099186328043,0],[-50.9239193993476,-10.2099765103474,0],[-50.924155551539,-10.2099765653222,0],[-50.925014995164,-10.2101874134728,0],[-50.9250149809523,-10.2102480975096,0],[-50.9252625846777,-10.2102481543161,0],[-50.9257618999566,-10.2103706502995,0],[-50.9261105790576,-10.2104563424181,0],[-50.9261105644406,-10.210519681002,0],[-50.9263685386803,-10.2105197393189,0],[-50.9269322681459,-10.2106582820494,0],[-50.9269322378122,-10.2107911995996,0],[-50.9274736080237,-10.2107913203848,0],[-50.9283017522938,-10.2109948423077,0],[-50.9283017370668,-10.2110628369764,0],[-50.9285786774404,-10.211062897716,0],[-50.9287748602247,-10.2111111101593,0],[-50.929397341711,-10.2112640912688,0],[-50.9293973262039,-10.2113344094576,0],[-50.9296837241037,-10.2113344713072,0],[-50.9296925903775,-10.2113366508322,0],[-50.930492932993,-10.2115333446989,0],[-50.9304929172233,-10.2116059782678,0],[-50.9307887324923,-10.2116060411552,0],[-50.9318624247185,-10.211869910846,0],[-50.9318624230818,-10.2118776007288,0],[-50.9318937420707,-10.2118776072683,0],[-50.9329580201982,-10.2121391587286,0],[-50.9329580181034,-10.2121491612779,0],[-50.9329987542553,-10.2121491696465,0],[-50.9333330610006,-10.2122313261974,0],[-50.9336232902028,-10.2123026502348,0],[-50.9340536175415,-10.2124084110793,0],[-50.9340536150061,-10.212420718155,0],[-50.9341037372938,-10.2124207282831,0],[-50.9351492167476,-10.2126776706111,0],[-50.9351492137896,-10.2126922713598,0],[-50.9352086791115,-10.2126922831756,0],[-50.9359709173762,-10.2128796119454,0],[-50.9359709005428,-10.2129637672439,0],[-50.9363136214096,-10.2129638343324,0],[-50.9370665198458,-10.2131488641455,0],[-50.9370665028488,-10.213235314022,0],[-50.9374185653992,-10.2132353817534,0],[-50.937553980242,-10.2132686602482,0],[-50.9381621241781,-10.2134181199081,0],[-50.9381621070347,-10.2135068571269,0],[-50.9385234711107,-10.2135069254307,0],[-50.9392577303735,-10.2136873765196,0],[-50.9392577131002,-10.2137783965585,0],[-50.9396283748607,-10.2137784653713,0],[-50.9414846796591,-10.2142346600612,0],[-50.9422490905853,-10.2144225211487,0],[-50.9422746904783,-10.2144288115749,0],[-50.9439140774857,-10.2148317059772,0],[-50.9439140717273,-10.2148645647623,0],[-50.9440478728767,-10.2148645877432,0],[-50.9444441707367,-10.2149619798386,0],[-50.945009693458,-10.2151009631964,0],[-50.9450096874231,-10.2151360849035,0],[-50.9451527075768,-10.215136108986,0],[-50.9454153701769,-10.2152006605108,0],[-50.9493773698149,-10.2161710303959,0],[-50.9493921764853,-10.216174656806,0],[-50.9493921689775,-10.2162221287132,0],[-50.9495861228279,-10.2162221587538,0],[-50.9533393699579,-10.2171413901877,0],[-50.9555552813691,-10.2176841127503,0],[-50.9573013705884,-10.218111759771,0],[-50.9574007810696,-10.218948259798,0],[-50.9574214725754,-10.2191223591577,0],[-50.9572995888625,-10.2192430595171,0],[-50.9572728624986,-10.2193049544353,0],[-50.9572677232429,-10.2195276263559,0],[-50.957270652685,-10.2195525116443,0],[-50.9573319294157,-10.2197853130022,0],[-50.957350433456,-10.2198207434448,0],[-50.957501184523,-10.2199981184954,0],[-50.9575182910413,-10.2200583956631,0],[-50.9574171120721,-10.2202038905013,0],[-50.9573778088222,-10.2202127335517,0],[-50.9571582148353,-10.2202086609928,0],[-50.9570842332118,-10.2201907758082,0],[-50.9570604244112,-10.2201882221378,0],[-50.9568458474352,-10.2201932559829,0],[-50.9568103434299,-10.2202022070968,0],[-50.9567630402682,-10.2202013298457,0],[-50.9567519945504,-10.2202308729851,0],[-50.9566274335076,-10.2202943068798,0],[-50.9565911400039,-10.2203277945563,0],[-50.9565042679103,-10.2204694832976,0],[-50.9565006476256,-10.2204759740172,0],[-50.9564239931355,-10.2206277848396,0],[-50.9564171338479,-10.2206904167458,0],[-50.9564707489662,-10.2209004442004,0],[-50.9564711514227,-10.2209019655307,0],[-50.9564838075854,-10.2209481454733,0],[-50.9562416797909,-10.2215957237645,0],[-50.9561599004527,-10.2216497805003,0],[-50.9560148380511,-10.2216497600529,0],[-50.956012637413,-10.2216441087833,0],[-50.9559750087026,-10.2215322365133,0],[-50.9559591754127,-10.2215037045599,0],[-50.9559029853101,-10.2214353760884,0],[-50.9558252026301,-10.2214023198474,0],[-50.9557587851639,-10.2214073712097,0],[-50.9556944838817,-10.2214410403918,0],[-50.9556536050739,-10.2214916412466,0],[-50.9556338585164,-10.2215412030523,0],[-50.9556266689539,-10.2216336273123,0],[-50.9556154311175,-10.2216844845356,0],[-50.9555755988263,-10.2217272150415,0],[-50.9555211198799,-10.2217703749642,0],[-50.95541265559,-10.2217935329312,0],[-50.9552646353028,-10.2218223544968,0],[-50.9551389219732,-10.2218271271595,0],[-50.9550847529603,-10.2218473810769,0],[-50.9550157734966,-10.221903040155,0],[-50.954986374755,-10.2219459167389,0],[-50.9549406589439,-10.2220892477716,0],[-50.9548872952316,-10.2222452363501,0],[-50.9548832670851,-10.222262297243,0],[-50.9548730390843,-10.2223382067996,0],[-50.9548764192537,-10.2223772349733,0],[-50.9549172729714,-10.2225062886461,0],[-50.9549307590028,-10.2225327021135,0],[-50.9549704856852,-10.2225863782741,0],[-50.9549739262188,-10.2226701837164,0],[-50.9549417591944,-10.2228021115629,0],[-50.9548990807114,-10.2229412997393,0],[-50.9548970361283,-10.2229492477186,0],[-50.9548816988953,-10.2230226259282,0],[-50.9548819437429,-10.2230604389966,0],[-50.9549419368307,-10.2233299311895,0],[-50.9549438733563,-10.2233371860101,0],[-50.9549714449598,-10.2234254627418,0],[-50.9549598260985,-10.2235289142604,0],[-50.9548944111769,-10.2238868465235,0],[-50.9548075858828,-10.2240922194597,0],[-50.9547587455812,-10.2241871522629,0],[-50.9547154302762,-10.2241983821653,0],[-50.954642538515,-10.2241774703065,0],[-50.954625058995,-10.2241742417183,0],[-50.9545089971645,-10.2241642278033,0],[-50.9544031493928,-10.2241517307663,0],[-50.9543492881905,-10.2241617815571,0],[-50.9542394346786,-10.2242199644642,0],[-50.9542279452869,-10.2242271893652,0],[-50.9540976506615,-10.2243233243814,0],[-50.9540639737992,-10.224372542239,0],[-50.9540419577548,-10.2244542747217,0],[-50.9539799800234,-10.2244967631255,0],[-50.9539277200214,-10.2245150255271,0],[-50.9536912104176,-10.2244713516336,0],[-50.9536829079516,-10.2244702063309,0],[-50.9535449653942,-10.2244575353205,0],[-50.9535190145748,-10.2244588285938,0],[-50.953311876641,-10.2244989418625,0],[-50.9532369169908,-10.2244828274735,0],[-50.9531894191438,-10.2244478864715,0],[-50.9531683356996,-10.2243947871026,0],[-50.9531648497785,-10.2243870816359,0],[-50.95311440386,-10.2242882438831,0],[-50.9530925720826,-10.2241766168695,0],[-50.9530719673211,-10.2241346259544,0],[-50.952981297445,-10.2240308685359,0],[-50.9529690100403,-10.2240192066595,0],[-50.9528208647574,-10.2239027886166,0],[-50.9527876558172,-10.2238862559815,0],[-50.9526343907487,-10.223845748075,0],[-50.9525700287657,-10.2238522326282,0],[-50.9524371835225,-10.2239180025868,0],[-50.9523872193331,-10.2239892565019,0],[-50.9523737456853,-10.2241136518798,0],[-50.9523031842954,-10.2242456253889,0],[-50.9522462037405,-10.2242753217261,0],[-50.9522460393891,-10.2242753027086,0],[-50.9522341850089,-10.2242622525454,0],[-50.9522141727897,-10.224245725404,0],[-50.9520813502181,-10.2241647336655,0],[-50.9520365903713,-10.2241513630035,0],[-50.9517351600178,-10.2241411968562,0],[-50.9517295984594,-10.2241411770391,0],[-50.951555222583,-10.2241458190028,0],[-50.951416003569,-10.2241044253516,0],[-50.9513725231078,-10.2241022328231,0],[-50.9512396846036,-10.2241275166273,0],[-50.9512236548108,-10.2241321051904,0],[-50.9511061392107,-10.2241776345176,0],[-50.9510768302299,-10.2241959930625,0],[-50.9509899648629,-10.2242769522427,0],[-50.9509765685026,-10.2242926423456,0],[-50.9508845849418,-10.2244292674973,0],[-50.9508757775704,-10.2244458464523,0],[-50.950817518271,-10.2245900531999,0],[-50.950709494783,-10.2247602262577,0],[-50.9506979446751,-10.2247875125145,0],[-50.9506569729837,-10.2249587556999,0],[-50.9505605844214,-10.2250715579148,0],[-50.9504246780395,-10.2252111211333,0],[-50.950414746394,-10.2252232645066,0],[-50.9502869908601,-10.2254104913362,0],[-50.9502716489378,-10.2254536147303,0],[-50.9502562926787,-10.2256357983112,0],[-50.9502598959323,-10.2256695391726,0],[-50.9503109606133,-10.2258365517817,0],[-50.9503694617451,-10.2258961337596,0],[-50.9504614191584,-10.2259265126771,0],[-50.9504902928823,-10.2259311577719,0],[-50.9505873655403,-10.225931172508,0],[-50.9506447413367,-10.2259110971044,0],[-50.950777197682,-10.2258051578223,0],[-50.9508552610742,-10.2257441313432,0],[-50.9509573024357,-10.2257278441015,0],[-50.9509748475531,-10.2257382758943,0],[-50.9510489962919,-10.2260841322421,0],[-50.9510154494413,-10.2261625217564,0],[-50.9509423808769,-10.2262392619423,0],[-50.9509410758644,-10.2262406609218,0],[-50.9508236735839,-10.2263692860132,0],[-50.9507192968382,-10.2264652598641,0],[-50.9506904855202,-10.2265233443707,0],[-50.950678130828,-10.2266577357479,0],[-50.9506148580052,-10.226720388805,0],[-50.9505774488499,-10.2267323715467,0],[-50.9505624686145,-10.2267274228658,0],[-50.9505529554065,-10.2266314643621,0],[-50.9505526690875,-10.2266289436312,0],[-50.950529706308,-10.2264492848671,0],[-50.9505151020392,-10.226410485589,0],[-50.950397619659,-10.2262358737164,0],[-50.9503797737233,-10.226216287962,0],[-50.9502188585184,-10.2260846838928,0],[-50.9501761912963,-10.2260652905983,0],[-50.9499232993365,-10.2260222355325,0],[-50.9499054752261,-10.2260209584299,0],[-50.9497087751661,-10.2260259894005,0],[-50.949673251272,-10.2260341094467,0],[-50.9495276332229,-10.2260998762303,0],[-50.9494881771055,-10.2261340879726,0],[-50.9494074585643,-10.2262614703934,0],[-50.9493905804153,-10.2262614677721,0],[-50.9493905711238,-10.226320157802,0],[-50.9493681359535,-10.226496006403,0],[-50.9491714549732,-10.2268041004727,0],[-50.9491165686743,-10.2268040919051,0],[-50.9491165549835,-10.2268900988744,0],[-50.9489982576884,-10.227075406804,0],[-50.9488425994252,-10.2270753823985,0],[-50.9488425688257,-10.2272665762756,0],[-50.9487448179679,-10.2273467004225,0],[-50.9485686297111,-10.2273466726548,0],[-50.9485686053728,-10.2274979307765,0],[-50.9484516922559,-10.2276179875599,0],[-50.9482946595318,-10.2276179626739,0],[-50.9482946334376,-10.2277792700762,0],[-50.9481875045816,-10.2278892790307,0],[-50.9480206888876,-10.2278892524558,0],[-50.948020659187,-10.2280718801097,0],[-50.9479669119381,-10.2281605772469,0],[-50.9477467177782,-10.2281605420005,0],[-50.9477466583462,-10.2285240578705,0],[-50.9476569866167,-10.2286720413534,0],[-50.9476306844797,-10.2287031901036,0],[-50.9474727016093,-10.228703164666,0],[-50.9474726708491,-10.2288903192707,0],[-50.9474015990421,-10.228974486553,0],[-50.9471987293359,-10.2289744537306,0],[-50.9471986896289,-10.2292147833361,0],[-50.946943426999,-10.2295170789491,0],[-50.9469247115341,-10.2295170758999,0],[-50.9469247078517,-10.2295392480662,0],[-50.9467143403935,-10.2297883748957,0],[-50.9466507380965,-10.2297883644841,0],[-50.9466507255176,-10.2298637116521,0],[-50.9466445195927,-10.2298710601513,0],[-50.9462314786356,-10.2300596288784,0],[-50.9458289069892,-10.2300595621697,0],[-50.945828875819,-10.2302434318116,0],[-50.9456373644305,-10.2303308635857,0],[-50.945281003327,-10.230330803908,0],[-50.9452809754552,-10.2304935665266,0],[-50.9450688900816,-10.2305903904893,0],[-50.9450570168959,-10.2306020995224,0],[-50.9447330987383,-10.2306020447153,0],[-50.9447330605759,-10.2308226848969,0],[-50.9446749575776,-10.2308733681612,0],[-50.9444591225148,-10.2308733314235,0],[-50.9444590897772,-10.2310616690071,0],[-50.9443639631482,-10.2311446484924,0],[-50.944185145826,-10.2311446178942,0],[-50.9441851060662,-10.2313722246375,0],[-50.9441512852329,-10.2314159453953,0],[-50.943911168672,-10.2314159041275,0],[-50.9439111210397,-10.2316872374198,0],[-50.9436371910528,-10.2316871901232,0],[-50.9436371568094,-10.2318813016671,0],[-50.9433939358497,-10.2319584812235,0],[-50.9433632129683,-10.2319584758815,0],[-50.943363211239,-10.2319682309276,0],[-50.9425393279575,-10.2322296648297,0],[-50.9422674430781,-10.2322296167392,0],[-50.9422674274782,-10.2323159438435,0],[-50.9421136803902,-10.2323647303097,0],[-50.9420868889647,-10.2324458912782,0],[-50.9420649652135,-10.2324568944649,0],[-50.9420148827032,-10.2325009051421,0],[-50.9419934633692,-10.2325009013271,0],[-50.9419934599504,-10.2325197306616,0],[-50.9418605656532,-10.2326365132218,0],[-50.9418314613078,-10.2326872717659,0],[-50.9418151542588,-10.2327722027873,0],[-50.941719483195,-10.2327721856775,0],[-50.9417193841931,-10.2333148521918,0],[-50.9418099648756,-10.2333148683929,0],[-50.9418172469406,-10.2334047241272,0],[-50.9418180282706,-10.2334113176651,0],[-50.9418546786892,-10.2336459117121,0],[-50.941862690241,-10.2338869294285,0],[-50.9418539651955,-10.2339990183499,0],[-50.9413238104841,-10.2340065902085,0],[-50.9413115542648,-10.2340242364183,0],[-50.941276797827,-10.2340239488691,0],[-50.9411183986566,-10.2340973014325,0],[-50.9410723847196,-10.2341454122495,0],[-50.9410090996093,-10.2343008792594,0],[-50.9409365762856,-10.2343835693867,0],[-50.9408285846899,-10.2344929829945,0],[-50.9408139247734,-10.2345125226539,0],[-50.9406631532197,-10.2347832441726,0],[-50.9406519605294,-10.2348214965003,0],[-50.9406442732949,-10.2349480141665,0],[-50.9406590317082,-10.2350029998225,0],[-50.940756002291,-10.2351496613359,0],[-50.9408606352669,-10.2353089773844,0],[-50.9408963256457,-10.2353405462514,0],[-50.941034262092,-10.2354088911627,0],[-50.9410683997524,-10.2354182022652,0],[-50.9412421103207,-10.2354308850298,0],[-50.941243160385,-10.2354309557659,0],[-50.9415274541826,-10.2354484509685,0],[-50.9417198209813,-10.2354787997174,0],[-50.9417378822806,-10.2354839817973,0],[-50.9418702819182,-10.2355570547021,0],[-50.9419570225009,-10.2357903633898,0],[-50.9419569929203,-10.2359480993343,0],[-50.9419620324772,-10.2359777461003,0],[-50.9420054375777,-10.2361017404546,0],[-50.9420282744846,-10.2361371652649,0],[-50.9421764159652,-10.2362788917685,0],[-50.9422038681792,-10.2362969620094,0],[-50.9423826776416,-10.2363729055073,0],[-50.942407766054,-10.2363795784131,0],[-50.9424833875696,-10.2363885801492,0],[-50.9432277498932,-10.2367505002044,0],[-50.9431656601134,-10.2371137731684,0],[-50.9430883641954,-10.237113759662,0],[-50.9430882674769,-10.237656426045,0],[-50.9432294488449,-10.2376564507019,0],[-50.9432490081154,-10.2377420829619,0],[-50.9432532818235,-10.2377557010157,0],[-50.9433022681935,-10.2378770642285,0],[-50.9431864612396,-10.2379277763944,0],[-50.9428142837805,-10.237927711212,0],[-50.9428142545777,-10.2380907667877,0],[-50.9427915698081,-10.2381006999267,0],[-50.9426969054878,-10.2382760992721,0],[-50.9426539801932,-10.2383398513914,0],[-50.9426402381595,-10.2383731650665,0],[-50.9426378810158,-10.2383854641842,0],[-50.9425920737447,-10.2384703384601,0],[-50.942540250789,-10.2384703293143,0],[-50.9425402335011,-10.23856639182,0],[-50.9422992204845,-10.2390129530164,0],[-50.9422662168622,-10.2390129471628,0],[-50.9422662057992,-10.239074125265,0],[-50.9421527934797,-10.2392842601868,0],[-50.9419922313008,-10.2392842316049,0],[-50.9419921908828,-10.2395066783738,0],[-50.9419685469457,-10.2395281049555,0],[-50.9419077389591,-10.2395555496933,0],[-50.940074624944,-10.2395552172783,0],[-50.9400746019513,-10.23967770943,0],[-50.9395479496912,-10.23964535955,0],[-50.9392372607304,-10.2395056284242,0],[-50.9391591339658,-10.2394338796733,0],[-50.9391368027922,-10.239418778521,0],[-50.9388302748604,-10.2392719596588,0],[-50.9388042186423,-10.2392639630942,0],[-50.9384670162663,-10.2392132922571,0],[-50.9384627977485,-10.2392127569331,0],[-50.9382175574173,-10.2391874077446,0],[-50.938164311263,-10.239197985955,0],[-50.9380062370021,-10.2392834966566,0],[-50.9378831840439,-10.2392834731909,0],[-50.9378831686444,-10.2393626207761,0],[-50.9377485158148,-10.2395453180174,0],[-50.9377438716556,-10.2395547797097,0],[-50.9376091945459,-10.2395547539157,0],[-50.9376091415188,-10.2398260870416,0],[-50.9373352045824,-10.2398260344024,0],[-50.9373351151569,-10.240281595183,0],[-50.9373009004065,-10.2403036099883,0],[-50.9373350995708,-10.2403609935833,0],[-50.9373350447934,-10.240640033749,0],[-50.9374752814539,-10.2406400607275,0],[-50.9374704567082,-10.2406996632568,0],[-50.9375808568186,-10.2407952769212,0],[-50.9377994226721,-10.2407482587616,0],[-50.9379496932029,-10.2407709374384,0],[-50.9380031103307,-10.2407935297722,0],[-50.9380348420189,-10.2414021269489,0],[-50.9380248049917,-10.2414393781686,0],[-50.9370024452335,-10.2421934290376,0],[-50.9369272825009,-10.2421947928462,0],[-50.9367804906574,-10.2421385477551,0],[-50.9366243679681,-10.2419838493766,0],[-50.9365709039012,-10.2419580189001,0],[-50.9363205536734,-10.2419276060119,0],[-50.9362677857387,-10.2419368897419,0],[-50.936239032256,-10.2419514881594,0],[-50.9362390774701,-10.2417251532446,0],[-50.9361410501642,-10.2417251340182,0],[-50.9361438559449,-10.241721886422,0],[-50.9360056721707,-10.2416036213521,0],[-50.9358986830247,-10.2417250863552,0],[-50.935691200354,-10.2417250454091,0],[-50.9356911528743,-10.2419606960904,0],[-50.9356223855823,-10.2420387676303,0],[-50.9356140875807,-10.242049774876,0],[-50.9354954620245,-10.2422349778121,0],[-50.9354727860496,-10.242267668337,0],[-50.9354171519925,-10.2422676572973,0],[-50.9354171357557,-10.2423478983366,0],[-50.9353450548053,-10.2424518145375,0],[-50.935330249249,-10.2424881439983,0],[-50.935321685653,-10.2425389714112,0],[-50.9351431578345,-10.2425389358678,0],[-50.9351429372672,-10.2436242680937,0],[-50.9353034842748,-10.243624300065,0],[-50.9353327945442,-10.2439327000426,0],[-50.9353253203178,-10.2443572805143,0],[-50.9354166923869,-10.2445387282245,0],[-50.9354166577915,-10.244709654758,0],[-50.9354681365875,-10.2447096649758,0],[-50.9355714454111,-10.2451114281002,0],[-50.9355829848937,-10.2451378003392,0],[-50.93569047904,-10.2453044499419,0],[-50.9356898331672,-10.2485083710476,0],[-50.9359637775484,-10.2485084251172,0],[-50.9359637230741,-10.2487797580855,0],[-50.9360836202475,-10.2487797816781,0],[-50.9361186928884,-10.2488913875346,0],[-50.9361202224337,-10.2488958440271,0],[-50.9362070364368,-10.2491286548155,0],[-50.9362503081601,-10.2491774290738,0],[-50.936464881678,-10.2492888062313,0],[-50.9365084533245,-10.2492991326319,0],[-50.9368967714554,-10.2492941478756,0],[-50.9369484207021,-10.2492774790587,0],[-50.9372652499888,-10.2490548691336,0],[-50.9372898982499,-10.2490289615892,0],[-50.9373499026721,-10.2489336629261,0],[-50.9377210406567,-10.2487800994548,0],[-50.9378456693109,-10.2487801233039,0],[-50.9378188282023,-10.2488182899106,0],[-50.9371523696854,-10.2497659405058,0],[-50.9333330604032,-10.2497698466477,0],[-50.9327216194814,-10.2497704704688,0],[-50.9282908704453,-10.249774995215,0],[-50.9238601198615,-10.2497795201708,0],[-50.9222219404941,-10.2497811972123,0],[-50.9194293595352,-10.2497840507603,0],[-50.9149986095823,-10.2497885806574,0],[-50.9111108298564,-10.2497925524048,0],[-50.9105678599843,-10.2497931053373,0],[-50.9085689772945,-10.2497951541035,0],[-50.9085692702567,-10.2487732084178,0],[-50.9066516592966,-10.2487726634992,0],[-50.9066523739008,-10.2463306683477,0],[-50.9058305469566,-10.2463304314065,0],[-50.9058303867732,-10.2468730970145,0],[-50.9055564439969,-10.2468730175683,0],[-50.9055562030061,-10.2476870159401,0],[-50.9047343725937,-10.2476867761973,0],[-50.9047337416948,-10.2497990715953,0],[-50.9017063601209,-10.2498021607512,0],[-50.8999997197536,-10.249803906795,0],[-50.8972756099056,-10.2498066905807,0],[-50.8928448501005,-10.2498112160937,0],[-50.890762529021,-10.2498133494477,0],[-50.8907626083608,-10.2495817112666,0],[-50.9017204093623,-10.2495852085302,0],[-50.9017204929734,-10.2493138758065,0],[-50.9022683826587,-10.2493140409701,0],[-50.9022684658013,-10.2490427082374,0],[-50.9025424104144,-10.2490427904707,0],[-50.9025427420293,-10.2479574594859,0],[-50.9028166857126,-10.2479575414795,0],[-50.9028170163586,-10.2468722104135,0],[-50.9030909591121,-10.2468722921675,0],[-50.9030912887892,-10.2457869610204,0],[-50.9033652306132,-10.2457870425347,0],[-50.903365394972,-10.2452443769297,0],[-50.9036393363323,-10.2452444582089,0],[-50.9036395002161,-10.2447017925814,0],[-50.9039134411127,-10.2447018736255,0],[-50.9039137679211,-10.2436165423074,0],[-50.9036398279561,-10.2436164612721,0],[-50.9036399098854,-10.2433451284335,0],[-50.9039138496175,-10.2433452094666,0],[-50.9039140130034,-10.2428025437714,0],[-50.904187952272,-10.2428026245695,0],[-50.9041881966351,-10.2419886259863,0],[-50.9039142580652,-10.2419885451948,0],[-50.9039145031065,-10.2411745465775,0],[-50.9036405652376,-10.2411744655619,0],[-50.9036407290527,-10.2406317997988,0],[-50.9033667916517,-10.2406317185569,0],[-50.9033669559234,-10.2400890527802,0],[-50.9030930189904,-10.2400889713121,0],[-50.9030933484376,-10.2390036397132,0],[-50.9033672844393,-10.2390037211725,0],[-50.9033673665626,-10.2387323882593,0],[-50.9030934307936,-10.2387323068022,0],[-50.9030935131474,-10.2384609738867,0],[-50.9033674486835,-10.2384610553416,0],[-50.9033675308022,-10.2381897224194,0],[-50.9030935954988,-10.2381896409667,0],[-50.903093677848,-10.2379183080421,0],[-50.9036415479914,-10.2379184707125,0],[-50.9036416298727,-10.237647137779,0],[-50.9055591738169,-10.2376476998472,0],[-50.9058331084564,-10.2376477789306,0],[-50.9058331886919,-10.2373764462651,0],[-50.906107124014,-10.237376525116,0],[-50.906107282881,-10.2368338594771,0],[-50.9061082400626,-10.233577863527,0],[-50.9061083195946,-10.2333065302119,0],[-50.9058343886764,-10.2333064513934,0],[-50.9058344693517,-10.2330351189807,0],[-50.9055605377556,-10.2330350387394,0],[-50.9055606179668,-10.2327637066139,0],[-50.9058345493305,-10.2327637859486,0],[-50.9058346293074,-10.2324924520076,0],[-50.9061085588332,-10.2324925311093,0],[-50.9061086729807,-10.2321041250921,0],[-50.9062031785927,-10.231999342693,0],[-50.9062569227492,-10.2319993581692,0],[-50.9064027350377,-10.2320234727829,0],[-50.9064657334062,-10.2320112275339,0],[-50.9066394762773,-10.2319050025577,0],[-50.9066569415396,-10.2318911288776,0],[-50.9068409254748,-10.2317039355092,0],[-50.9068621157733,-10.2316694705112,0],[-50.9069439326355,-10.2314265793386,0],[-50.90694590595,-10.2313760432103,0],[-50.9068776431129,-10.2311052459354,0],[-50.9068866712976,-10.2308877117306,0],[-50.9069919230415,-10.2306556859824,0],[-50.9069924063848,-10.2306546025969,0],[-50.9071253318804,-10.2303509970805,0],[-50.907131417056,-10.2303310883923,0],[-50.907187706822,-10.2300224006186,0],[-50.9071891399177,-10.2300082745207,0],[-50.9071993762146,-10.2295380300122,0],[-50.9072429012713,-10.229236859315,0],[-50.9077530817376,-10.2292370042024,0],[-50.9077531600572,-10.2289656710923,0],[-50.9080270874876,-10.2289657485539,0],[-50.9080271655724,-10.2286944154371,0],[-50.9077532383746,-10.2286943379776,0],[-50.9077533166898,-10.2284230048586,0],[-50.9073141868968,-10.2284228802067,0],[-50.9072454743361,-10.2280729636087,0],[-50.9073367594136,-10.227909455291,0],[-50.9072819654596,-10.2277787276686,0],[-50.9070711973458,-10.2277190141148,0],[-50.9069317561016,-10.2276662316656,0],[-50.9069317728324,-10.2276087717388,0],[-50.9074796253568,-10.2276089277927,0],[-50.9074797038958,-10.2273375946576,0],[-50.9080275559639,-10.227337749786,0],[-50.9080276340357,-10.2270664166422,0],[-50.9085754856475,-10.227066570845,0],[-50.908575563252,-10.2267952376926,0],[-50.9091234144075,-10.22679539097,0],[-50.9091233372679,-10.2270667241266,0],[-50.9093972630814,-10.2270668004219,0],[-50.9093971861723,-10.2273381335761,0],[-50.9096711122204,-10.2273382096431,0],[-50.9096705754241,-10.2292375416104,0],[-50.9093966477481,-10.2292374655289,0],[-50.9093965708218,-10.229508798647,0],[-50.9096704987304,-10.2295088747305,0],[-50.9096704220345,-10.2297802078461,0],[-50.9093964938933,-10.2297801317605,0],[-50.9093964169627,-10.2300514648696,0],[-50.9099442737123,-10.2300516168145,0],[-50.9099441972447,-10.2303229499231,0],[-50.9104920544681,-10.2303231009506,0],[-50.9104919784636,-10.2305944340588,0],[-50.9132312670327,-10.2305951753922,0],[-50.9132313407112,-10.230323842264,0],[-50.9137791979847,-10.2303239877619,0],[-50.913779271196,-10.2300526546252,0],[-50.9143271280125,-10.2300527991976,0],[-50.9143272007566,-10.2297814660524,0],[-50.9146011289353,-10.2297815379911,0],[-50.9146012014447,-10.2295102048395,0],[-50.9148751293929,-10.2295102765458,0],[-50.9148752016677,-10.2292389433878,0],[-50.9151491293853,-10.2292390148618,0],[-50.9151492014255,-10.2289676816973,0],[-50.9154231289126,-10.228967752939,0],[-50.9154232007182,-10.228696419768,0],[-50.9156971279747,-10.2286964907775,0],[-50.9156971995458,-10.2284251576001,0],[-50.9159711265717,-10.2284252283773,0],[-50.9159711979082,-10.2281538951934,0],[-50.9162451247036,-10.2281539657384,0],[-50.9162451958056,-10.2278826325481,0],[-50.9165191223704,-10.2278827028608,0],[-50.9165191932379,-10.2276113696641,0],[-50.9167931195721,-10.2276114397446,0],[-50.9167931902051,-10.2273401065415,0],[-50.9170671163088,-10.2273401763897,0],[-50.9170671867073,-10.2270688431803,0],[-50.9176150384556,-10.227068982182,0],[-50.917615108387,-10.2267976489642,0],[-50.9178890340316,-10.2267977181177,0],[-50.9178891037285,-10.2265263848935,0],[-50.9181630291425,-10.2265264538149,0],[-50.918163098605,-10.2262551205844,0],[-50.9184370237885,-10.2262551892735,0],[-50.9184370930166,-10.2259838560366,0],[-50.9187110179694,-10.2259839244936,0],[-50.9187111559548,-10.2254412580026,0],[-50.9192590049364,-10.2254413942183,0],[-50.9192590734612,-10.2251700609624,0],[-50.92172439188,-10.2251706625178,0],[-50.9217244583106,-10.224899329241,0],[-50.9219983823563,-10.2248993949273,0],[-50.9219986471306,-10.2238140617681,0],[-50.9217247240148,-10.2238139960889,0],[-50.9217251225154,-10.2221859962254,0],[-50.921451200796,-10.2221859303266,0],[-50.9214514007183,-10.2213719303394,0],[-50.9211774796979,-10.2213718642158,0],[-50.9211775465674,-10.2211005308795,0],[-50.9200818634342,-10.2211002640905,0],[-50.9200817956352,-10.2213715974196,0],[-50.9181643485987,-10.2213711216639,0],[-50.9181644180243,-10.2210997883477,0],[-50.9178904972592,-10.2210997194637,0],[-50.9178904276012,-10.221371052778,0],[-50.9176165066056,-10.221370983662,0],[-50.917616576496,-10.2210996503496,0],[-50.9165208934629,-10.2210993715911,0],[-50.916520822643,-10.2213707048959,0],[-50.910494561426,-10.2213691058484,0],[-50.9104944854916,-10.2216404391055,0],[-50.9083031159496,-10.2216398299944,0],[-50.9083031937433,-10.221368496464,0],[-50.9072075102818,-10.2213681868989,0],[-50.9069335893673,-10.2213681085887,0],[-50.9069339841117,-10.220011442081,0],[-50.9072079036457,-10.2200115201638,0],[-50.9072079825742,-10.2197401871945,0],[-50.9072080612819,-10.2194688539308,0],[-50.9072081399874,-10.2191975206626,0],[-50.9072084547872,-10.2181121881592,0],[-50.9074823736101,-10.2181122659973,0],[-50.9074826874459,-10.2170269318944,0],[-50.907208769552,-10.2170268549692,0],[-50.9072090056024,-10.2162128550293,0],[-50.9074829218866,-10.216212931948,0],[-50.9074831572202,-10.2153989328656,0],[-50.9072092416333,-10.2153988541445,0],[-50.9072094776439,-10.2145848550279,0],[-50.9074833925343,-10.2145849328384,0],[-50.9074837064747,-10.213499598791,0],[-50.9074838633223,-10.2129569320476,0],[-50.9077577770404,-10.2129570096154,0],[-50.9077578552287,-10.2126856762349,0],[-50.9074839417428,-10.2126855986691,0],[-50.9074840201611,-10.2124142652861,0],[-50.9061144539252,-10.2124138740182,0],[-50.9061145335022,-10.2121425406414,0],[-50.9044710554857,-10.2121420635433,0],[-50.9044711364534,-10.2118707301749,0],[-50.9039233109302,-10.2118705693068,0],[-50.9039233923599,-10.2115992359382,0],[-50.9050190424866,-10.2115995567458,0],[-50.9050191229855,-10.2113282233641,0],[-50.9058408599077,-10.2113284615487,0],[-50.9058409397079,-10.211057128156,0],[-50.9066626759538,-10.2110573642646,0],[-50.9066625968501,-10.2113286976638,0],[-50.9072104214894,-10.211328853924,0],[-50.9072105787661,-10.2107861871127,0],[-50.9074844906248,-10.2107862648937,0],[-50.9074845690278,-10.2105149311894,0]],[[-50.9104874143063,-10.2468744122916,0],[-50.9099395286817,-10.2468742610147,0],[-50.9099396052796,-10.2466029281816,0],[-50.9091177775577,-10.2466026995417,0],[-50.9091174683572,-10.2476880308227,0],[-50.9104871858977,-10.2476884107764,0],[-50.9104874143063,-10.2468744122916,0]],[[-50.9104880233023,-10.2447037494666,0],[-50.9129534919437,-10.2447044186443,0],[-50.9129533439005,-10.2452470844139,0],[-50.9135012267755,-10.2452472305899,0],[-50.9135017416293,-10.2433479002898,0],[-50.9104884038558,-10.2433470850542,0],[-50.9104880233023,-10.2447037494666,0]],[[-50.9066530883257,-10.2438886728302,0],[-50.9082967296943,-10.2438891403682,0],[-50.908296885636,-10.2433464746228,0],[-50.9066532470624,-10.24334600711,0],[-50.9066530883257,-10.2438886728302,0]],[[-50.9521306464886,-10.220835212536,0],[-50.9518567257646,-10.2208351721959,0],[-50.951856766605,-10.2205638386886,0],[-50.9518568074443,-10.220292505177,0],[-50.9515828871862,-10.2202924646089,0],[-50.9510350466736,-10.2202923827822,0],[-50.9510350882088,-10.2200210492692,0],[-50.9504872481655,-10.2200209665241,0],[-50.9504872061656,-10.2202923000348,0],[-50.9502132859134,-10.2202922583159,0],[-50.95021324368,-10.2205635918209,0],[-50.9499393231966,-10.2205635498706,0],[-50.9499391957921,-10.2213775503553,0],[-50.9502131169727,-10.221377592309,0],[-50.9502130747345,-10.2216489257959,0],[-50.9518566032366,-10.2216491726905,0],[-50.9518566440803,-10.2213778398114,0],[-50.9518566849231,-10.2211065056986,0],[-50.9521306058794,-10.2211065460398,0],[-50.9521306464886,-10.220835212536,0]]],[[[-50.8926883391441,-10.225433726728,0],[-50.8926884302194,-10.2251623936797,0],[-50.8924145061768,-10.225162303352,0],[-50.8924148713823,-10.2240769711235,0],[-50.892688794495,-10.2240770614415,0],[-50.8926888855575,-10.2238057283706,0],[-50.8929628084404,-10.2238058184558,0],[-50.892962899268,-10.223534485378,0],[-50.8932367313258,-10.2238059083108,0],[-50.8935105638486,-10.2240773307238,0],[-50.8935104734807,-10.2243486640873,0],[-50.8935103831105,-10.2246199971564,0],[-50.8935103656327,-10.2246724726817,0],[-50.8932407523954,-10.2248912420228,0],[-50.89323636892,-10.2248912405866,0],[-50.8932361877019,-10.2254339066974,0],[-50.8926883391441,-10.225433726728,0]]],[[[-50.8899493767014,-10.2246188139798,0],[-50.8899494700937,-10.224347480653,0],[-50.890223393197,-10.2243475730455,0],[-50.8902234863541,-10.2240762402912,0],[-50.8904974096649,-10.2240763324512,0],[-50.890497502587,-10.2238049994001,0],[-50.8907714254493,-10.2238050913273,0],[-50.8907715181364,-10.2235337582692,0],[-50.8913193634038,-10.2235339414278,0],[-50.891318994281,-10.2246192733631,0],[-50.8915929180671,-10.224619364607,0],[-50.8915928260668,-10.224890698559,0],[-50.8913189020482,-10.2248906073126,0],[-50.891318810032,-10.2251619397385,0],[-50.8910448857836,-10.2251618479696,0],[-50.8910447942265,-10.2254331812932,0],[-50.8902230214553,-10.2254329054669,0],[-50.8902231137099,-10.2251615721507,0],[-50.8899491899092,-10.2251614797506,0],[-50.8899492833066,-10.2248901470124,0],[-50.8899493767014,-10.2246188139798,0]]],[[[-50.9542322240973,-10.2244495884379,0],[-50.9543315611746,-10.2243762944047,0],[-50.954410061786,-10.224334716308,0],[-50.9544888235805,-10.2243440159663,0],[-50.9544917070425,-10.2243443103136,0],[-50.9546003155638,-10.2243536810407,0],[-50.9546888030349,-10.2243790666532,0],[-50.9547373248914,-10.224379688419,0],[-50.9548446201979,-10.2243518699178,0],[-50.9549028519795,-10.2243054401638,0],[-50.9549718421164,-10.2241713395208,0],[-50.9549747100467,-10.2241652086851,0],[-50.9550667031674,-10.2239476101314,0],[-50.9550723294598,-10.2239287866954,0],[-50.9551400761533,-10.223558097522,0],[-50.9551409773043,-10.2235519872161,0],[-50.9551550443844,-10.2234267352872,0],[-50.9551515250606,-10.2233900043896,0],[-50.955119452142,-10.223287311105,0],[-50.9550644776583,-10.2230403674482,0],[-50.9550750179807,-10.2229899415729,0],[-50.9551172597445,-10.2228521741966,0],[-50.9551186492401,-10.2228471248717,0],[-50.9551544322247,-10.2227003682255,0],[-50.9551569092364,-10.2226754583428,0],[-50.9551518179737,-10.2225514690892,0],[-50.9551342236321,-10.2225016706402,0],[-50.9550869901518,-10.2224378501144,0],[-50.9550567269753,-10.2223422542474,0],[-50.9550631013958,-10.222294954462,0],[-50.955113915599,-10.2221464154173,0],[-50.9551145038676,-10.222144636455,0],[-50.9551522787785,-10.2220262036767,0],[-50.9551764194941,-10.2220067252519,0],[-50.9552787508098,-10.2220028411505,0],[-50.9552928662253,-10.2220012087548,0],[-50.9554486944868,-10.2219708660634,0],[-50.955450321628,-10.2219705343545,0],[-50.9555806053984,-10.2219427178402,0],[-50.9556183953633,-10.2219249370766,0],[-50.9556950388424,-10.2218642185425,0],[-50.955705093964,-10.2218549412076,0],[-50.9557664103723,-10.2217891602032,0],[-50.9557885225637,-10.2217471435914,0],[-50.9558064144362,-10.2216661746715,0],[-50.9558082559874,-10.2216537840241,0],[-50.9558111025207,-10.2216171996082,0],[-50.9558400587366,-10.2217032868024,0],[-50.9558414971898,-10.2217072529887,0],[-50.9558976759457,-10.2218514915398,0],[-50.9559653913552,-10.2218901168799,0],[-50.9559653870908,-10.2219210877904,0],[-50.9560209274485,-10.2219210952891,0],[-50.9560137042798,-10.2219399510887,0],[-50.956017002476,-10.2220116803553,0],[-50.9561191541224,-10.222219184664,0],[-50.9561410408068,-10.2222434665318,0],[-50.9561145994033,-10.2231862003479,0],[-50.9561244835429,-10.2232054835407,0],[-50.9561200150851,-10.2233508806052,0],[-50.9561389772054,-10.2234088653144,0],[-50.9562079370478,-10.223497437837,0],[-50.9562349280615,-10.2235207263978,0],[-50.9563069542063,-10.2235615066314,0],[-50.9564235943363,-10.223789088734,0],[-50.9564075599048,-10.2238283639193,0],[-50.9564029498583,-10.2238813303107,0],[-50.9564310322445,-10.2240103820763,0],[-50.956443679749,-10.2240405334382,0],[-50.956504975655,-10.2241341652402,0],[-50.9565189973654,-10.2241508098021,0],[-50.9566058402391,-10.2242317936171,0],[-50.9566086184007,-10.2242342794016,0],[-50.956650481845,-10.2242702276138,0],[-50.956646273434,-10.2243243219035,0],[-50.9564541191753,-10.2244547190453,0],[-50.9564409333618,-10.2244549587698,0],[-50.9562330418133,-10.2244400446558,0],[-50.9562234170684,-10.2244398588562,0],[-50.9560701450346,-10.2244448985989,0],[-50.9560150323692,-10.2244655559213,0],[-50.95595627182,-10.2245136255612,0],[-50.9559334674643,-10.2245415146539,0],[-50.9558810411317,-10.2246410145854,0],[-50.955787448395,-10.2247151600485,0],[-50.9556438750069,-10.224792269786,0],[-50.9556377166897,-10.2247958930582,0],[-50.9555431916372,-10.2248566091259,0],[-50.9555038072482,-10.2249125617535,0],[-50.955485914553,-10.2249910009073,0],[-50.9554837718315,-10.2250152234566,0],[-50.9554870166285,-10.2250829107433,0],[-50.9554836313449,-10.2250864394246,0],[-50.9554338630457,-10.2250987574915,0],[-50.955356545223,-10.2250524339048,0],[-50.9553193854788,-10.2250399348105,0],[-50.9552274241042,-10.2250298005454,0],[-50.9551785420966,-10.2250378117287,0],[-50.95508506479,-10.2250812583363,0],[-50.9550087444585,-10.2250583906774,0],[-50.9550055579307,-10.2250574984547,0],[-50.954964689918,-10.2250468393531,0],[-50.9549597621515,-10.2250199730425,0],[-50.954955029252,-10.2250033713031,0],[-50.9549023506273,-10.2248691380703,0],[-50.9548725158012,-10.2247779749432,0],[-50.954803098341,-10.2247170862345,0],[-50.9547111381516,-10.2246993608185,0],[-50.9546505914354,-10.2247084095087,0],[-50.954579059908,-10.2247463545742,0],[-50.9545436604941,-10.2247798991153,0],[-50.9544571639275,-10.224924155035,0],[-50.9543815071434,-10.2249740996539,0],[-50.9542990680074,-10.2249918396409,0],[-50.9541027828279,-10.2249547768454,0],[-50.9540527900931,-10.2249592513241,0],[-50.9538529668273,-10.2250356920878,0],[-50.95369404608,-10.2250034269889,0],[-50.95362450578,-10.2249345237276,0],[-50.9534745797139,-10.2246836817134,0],[-50.9534713390121,-10.2246786480152,0],[-50.9534553169165,-10.2246554774679,0],[-50.953541172595,-10.2246388515525,0],[-50.9536618673783,-10.2246499391429,0],[-50.9539182972494,-10.2246972906349,0],[-50.953965408141,-10.2246936704699,0],[-50.954052265599,-10.2246633187063,0],[-50.9540738514674,-10.2246523960554,0],[-50.9541734874191,-10.2245840910317,0],[-50.9542097467394,-10.2245330375032,0],[-50.9542322240973,-10.2244495884379,0]]],[[[-50.8927968230236,-10.2116734177217,0],[-50.8932408232207,-10.2115451548229,0],[-50.8932408960804,-10.2113245819553,0],[-50.8932409100879,-10.2112825756551,0],[-50.8932409865588,-10.2110532492824,0],[-50.8935148983104,-10.211053338793,0],[-50.8935149894676,-10.2107820048842,0],[-50.8937889005139,-10.2107820941622,0],[-50.89378908053,-10.2102394275549,0],[-50.894062991809,-10.2102395165984,0],[-50.8940629020343,-10.2105108499067,0],[-50.894610725064,-10.2105110273086,0],[-50.8946106357511,-10.2107823606173,0],[-50.8948845475018,-10.2107824489757,0],[-50.8948843693327,-10.2113251155842,0],[-50.8946104571177,-10.2113250272209,0],[-50.8946103677973,-10.211596360516,0],[-50.8943364553526,-10.2115962719204,0],[-50.8937886302522,-10.2115960937494,0],[-50.8937885404515,-10.2118674273227,0],[-50.8921450644739,-10.2118668881456,0],[-50.8918711516012,-10.2118667974778,0],[-50.8918712432454,-10.2115954648261,0],[-50.891597331045,-10.2115953735783,0],[-50.8905016813937,-10.2115950075168,0],[-50.8891321191693,-10.2115945446207,0],[-50.8891320252032,-10.2118658781519,0],[-50.8880363747173,-10.2118655039824,0],[-50.8880364696117,-10.2115941713658,0],[-50.8877625574479,-10.2115940766364,0],[-50.8877627483876,-10.2110514107805,0],[-50.8874888355591,-10.2110513155362,0],[-50.88748893091,-10.2107799822965,0],[-50.8877628428122,-10.2107800769235,0],[-50.887882142089,-10.2107801179391,0],[-50.8880613275651,-10.2111229807296,0],[-50.8885889467489,-10.2112310877493,0],[-50.889132307312,-10.2110518784144,0],[-50.8899541363765,-10.2107808233418,0],[-50.8902280480838,-10.2107809156093,0],[-50.8913236075468,-10.2110387439037,0],[-50.8913236028381,-10.2110526156548,0],[-50.8913537031356,-10.2110526256793,0],[-50.8918713351063,-10.2113241309407,0],[-50.8925292000373,-10.2116691882241,0],[-50.8927968230236,-10.2116734177217,0]]],[[[-50.9094058640002,-10.1966774583502,0],[-50.9094059397533,-10.1964061255912,0],[-50.9093566058738,-10.1964061119082,0],[-50.9097241651212,-10.1961348799829,0],[-50.9102277153883,-10.1961350187256,0],[-50.9102277904422,-10.1958636841426,0],[-50.9105016895673,-10.1958637592819,0],[-50.9105017653001,-10.195592425597,0],[-50.9106567208609,-10.1955924680035,0],[-50.9098281300507,-10.1990594497103,0],[-50.9096033392108,-10.2000000099457,0],[-50.9089925802132,-10.2025555197836,0],[-50.9083223616208,-10.2053598316808,0],[-50.9083077799319,-10.2053598275854,0],[-50.9083077624461,-10.2054209171306,0],[-50.908157030082,-10.2060516003859,0],[-50.9082015424542,-10.2060625205142,0],[-50.9081889319622,-10.2060776619001,0],[-50.9081711318194,-10.206111941692,0],[-50.9078745082799,-10.2072150965286,0],[-50.9078738364387,-10.2072177545028,0],[-50.9076716643002,-10.2080729833285,0],[-50.9072113650177,-10.2080728527862,0],[-50.9072114436308,-10.2078015193287,0],[-50.9069375343273,-10.2078014413411,0],[-50.9069374554822,-10.2080727747964,0],[-50.906663545949,-10.2080726965768,0],[-50.9066636250261,-10.2078013631236,0],[-50.9063897157271,-10.2078012846762,0],[-50.9063896364179,-10.2080726181273,0],[-50.906115726889,-10.2080725394479,0],[-50.9061158064303,-10.207801205999,0],[-50.9058418971358,-10.2078011270918,0],[-50.9058418173624,-10.2080724605386,0],[-50.9050200885772,-10.2080722224314,0],[-50.9050201699596,-10.207800889606,0],[-50.9025549855581,-10.2078001628903,0],[-50.9025549030002,-10.2080714956962,0],[-50.9020070840083,-10.2080713316708,0],[-50.9020071679437,-10.2077999979651,0],[-50.9017332579889,-10.2077999158995,0],[-50.8935159810715,-10.2077973383476,0],[-50.889955162083,-10.207796157158,0],[-50.8894073444767,-10.2077959716988,0],[-50.8894072507794,-10.2080673052955,0],[-50.8891333407066,-10.2080672124443,0],[-50.8888594311118,-10.2080671198156,0],[-50.8888593369481,-10.2083384524984,0],[-50.8885854275615,-10.208338359104,0],[-50.8880376081402,-10.2083381713355,0],[-50.8880375134961,-10.2086095049107,0],[-50.8872157847098,-10.2086092225759,0],[-50.8872156882353,-10.2088805552339,0],[-50.8858461379946,-10.2088800790403,0],[-50.8858462347167,-10.2086087454903,0],[-50.8855723251274,-10.2086086498544,0],[-50.8855724227732,-10.2083373163027,0],[-50.8852985125056,-10.2083372204392,0],[-50.8852986094678,-10.2080658868853,0],[-50.8850247003481,-10.208065790505,0],[-50.8850247977581,-10.207794457529,0],[-50.8847508886545,-10.2077943609214,0],[-50.8847509862939,-10.2075230276536,0],[-50.8844770772064,-10.2075229308186,0],[-50.8844771750753,-10.2072515972592,0],[-50.8842032664412,-10.2072515001971,0],[-50.8842033001147,-10.2071583623388,0],[-50.8843424004438,-10.2069802162217,0],[-50.8844772729413,-10.2069802639851,0],[-50.8844773452932,-10.2067796636749,0],[-50.8845891425942,-10.2065951983769,0],[-50.8846021539509,-10.2065501137107,0],[-50.8846039976989,-10.206437642179,0],[-50.8847513775188,-10.2064376942481,0],[-50.8847517680055,-10.2053523610602,0],[-50.8850256750208,-10.2053524576443,0],[-50.8850259545961,-10.2045734696456,0],[-50.8850521051284,-10.2045384669021,0],[-50.8852998725703,-10.2045385540443,0],[-50.8852999913874,-10.2042066799203,0],[-50.8854495828238,-10.2040064567596,0],[-50.885452118643,-10.2040028859977,0],[-50.8854568003513,-10.2039959424105,0],[-50.8855739727135,-10.2039959844016,0],[-50.8855740348275,-10.2038220669677,0],[-50.885639701973,-10.2037246740582,0],[-50.8858479761637,-10.2037247460379,0],[-50.8858480719213,-10.2034534126919,0],[-50.8861219782367,-10.2034535083388,0],[-50.8861220737596,-10.2031821752755,0],[-50.8863959791514,-10.2031822706899,0],[-50.8863960753527,-10.20291093733,0],[-50.8866699802965,-10.2029110325119,0],[-50.8866700762632,-10.2026396991449,0],[-50.8869439809778,-10.2026397940945,0],[-50.8869440738614,-10.2023765344075,0],[-50.8870044733431,-10.2023684813358,0],[-50.8894092171739,-10.2023693049044,0],[-50.8918743578504,-10.2023701304785,0],[-50.8918744494052,-10.2020987967648,0],[-50.8926961623145,-10.2020990679582,0],[-50.8935178752468,-10.2020993370839,0],[-50.8935179564688,-10.2018549042532,0],[-50.8939311977599,-10.2018312898248,0],[-50.8939318560561,-10.2018312493385,0],[-50.8943396851158,-10.201805015171,0],[-50.8943396774478,-10.2018282711612,0],[-50.8968048152737,-10.2018290585684,0],[-50.8968048779778,-10.2016315033779,0],[-50.8974494663638,-10.2015826240109,0],[-50.8974518210918,-10.2015824140146,0],[-50.8981744368104,-10.2015089287639,0],[-50.8981744220818,-10.201558155895,0],[-50.8989961337709,-10.2015584110771,0],[-50.898996175705,-10.2014253617919,0],[-50.8990812209976,-10.201416712647,0],[-50.8990834661765,-10.2014164564784,0],[-50.9003657471026,-10.2012541839463,0],[-50.9003657367456,-10.2012874973706,0],[-50.9011874477957,-10.2012877479368,0],[-50.901187494795,-10.2011353163825,0],[-50.9014362655912,-10.2010888171543,0],[-50.9014409514761,-10.2010878146343,0],[-50.9020092620195,-10.2009506357008,0],[-50.9020092427447,-10.2010166610982,0],[-50.9025570487605,-10.2010168250076,0],[-50.9025571096234,-10.2008166495951,0],[-50.9028402586423,-10.2007455767268,0],[-50.9039266474612,-10.2007458981176,0],[-50.9039267285868,-10.2004752673184,0],[-50.9039295956493,-10.2004745645033,0],[-50.9050223408733,-10.2004748850154,0],[-50.9050224212801,-10.2002035505446,0],[-50.9058441305777,-10.2002037893692,0],[-50.9058442102866,-10.1999324548874,0],[-50.9061181119409,-10.1999325346366,0],[-50.9061181914157,-10.1996612001482,0],[-50.9063920937536,-10.1996612787614,0],[-50.9063921729938,-10.1993899460753,0],[-50.9066660760154,-10.1993900235526,0],[-50.9066662340259,-10.1988473563537,0],[-50.9069401347596,-10.1988474345009,0],[-50.9069402135297,-10.1985761008925,0],[-50.9072141158599,-10.1985761788085,0],[-50.9072141934829,-10.1983048451933,0],[-50.9074880946702,-10.1983049237817,0],[-50.9074881738852,-10.1980335901604,0],[-50.9077620739304,-10.1980336667079,0],[-50.9077621519984,-10.1977623330796,0],[-50.9080360527266,-10.1977624103,0],[-50.9080361305606,-10.1974910766653,0],[-50.9079960287888,-10.1974910653742,0],[-50.9080343323954,-10.1974545039997,0],[-50.9091161109784,-10.1965835796321,0],[-50.9091319931816,-10.1965718597213,0],[-50.9091319641881,-10.1966773831907,0],[-50.9094058640002,-10.1966774583502,0]]],[[[-50.8916395939209,-10.085967590235,0],[-50.892187205183,-10.0859677695167,0],[-50.8921872954095,-10.0856964341703,0],[-50.8935563224635,-10.0856968783883,0],[-50.8935564115418,-10.0854255430252,0],[-50.896020658335,-10.0854263282906,0],[-50.8960207453486,-10.0851549929015,0],[-50.8968421603035,-10.0851552505623,0],[-50.8968422466273,-10.0848839151618,0],[-50.8982112704553,-10.0848843400437,0],[-50.8982111852772,-10.0851556754559,0],[-50.899854015325,-10.0851561778353,0],[-50.8998540991284,-10.0848848424093,0],[-50.9004017087052,-10.0848850080481,0],[-50.90040162536,-10.0851563434786,0],[-50.900675430381,-10.0851564259597,0],[-50.9006752641419,-10.085699096812,0],[-50.9012228751075,-10.085699261102,0],[-50.9012227097756,-10.0862419319455,0],[-50.9017703216672,-10.0862420953361,0],[-50.901770239456,-10.0865134307558,0],[-50.9023178518152,-10.0865135932425,0],[-50.90231777006,-10.0867849286621,0],[-50.9028653828868,-10.086785090245,0],[-50.9028653015876,-10.0870564256645,0],[-50.9034129148819,-10.0870565863434,0],[-50.9034128340388,-10.0873279217629,0],[-50.904234254685,-10.0873281610845,0],[-50.9042341745271,-10.0875994965061,0],[-50.9050555958812,-10.0875997337903,0],[-50.9050555164086,-10.087871069214,0],[-50.9056031311143,-10.0878712262721,0],[-50.9056030520979,-10.0881425616956,0],[-50.9064244748608,-10.0881427955859,0],[-50.9064243965297,-10.0884141310114,0],[-50.9072458200002,-10.0884143628639,0],[-50.9072457423545,-10.0886856982913,0],[-50.9080671665323,-10.0886859281059,0],[-50.9080670895721,-10.0889572635351,0],[-50.9086147061599,-10.0889574156133,0],[-50.908614629656,-10.0892287510423,0],[-50.909162246711,-10.089228902216,0],[-50.9091621706633,-10.0895002376447,0],[-50.9094359794233,-10.0895003128929,0],[-50.9094359036027,-10.0897716483192,0],[-50.9102573305831,-10.089771872707,0],[-50.9102572554481,-10.090043208135,0],[-50.9105310644563,-10.0900432824786,0],[-50.9105309895485,-10.0903146176144,0],[-50.9108047992255,-10.090314691733,0],[-50.9108046498619,-10.0908573625749,0],[-50.9105308397264,-10.0908572884523,0],[-50.9105306901144,-10.0913999595621,0],[-50.9105300907073,-10.0935706426641,0],[-50.910803902917,-10.093570716807,0],[-50.9108038282109,-10.0938420521767,0],[-50.9118990779884,-10.0938423464839,0],[-50.9124467026711,-10.093842491984,0],[-50.9124467760012,-10.093571156892,0],[-50.9127205884442,-10.0935712294442,0],[-50.9129944006707,-10.0935713017691,0],[-50.9138158373625,-10.0935715173802,0],[-50.9138157651791,-10.0938428527719,0],[-50.9146372025773,-10.0938430663436,0],[-50.9146370595803,-10.0943857371254,0],[-50.9146369880786,-10.0946570731242,0],[-50.914363174704,-10.0946570012505,0],[-50.9143631038838,-10.0949283369184,0],[-50.9140892898062,-10.0949282657198,0],[-50.9140892178419,-10.0951996010911,0],[-50.9135415906223,-10.095199458316,0],[-50.9132677777096,-10.0951993867413,0],[-50.9132677041426,-10.0954707214874,0],[-50.9129938905273,-10.095470649376,0],[-50.9129938176414,-10.0957419847306,0],[-50.9127200035801,-10.0957419123898,0],[-50.9127199304628,-10.0960132474482,0],[-50.912446116868,-10.0960131757827,0],[-50.9124460428254,-10.0962845105096,0],[-50.9121722280906,-10.0962844383249,0],[-50.9121721547291,-10.0965557730456,0],[-50.9116245259388,-10.0965556264713,0],[-50.9116244509848,-10.0968269627023,0],[-50.9113506360163,-10.096826889217,0],[-50.9113504134109,-10.09764089455,0],[-50.9110765984504,-10.0976408205417,0],[-50.9110764487374,-10.0981834914367,0],[-50.9110763742249,-10.0984548267327,0],[-50.9110760761535,-10.0995401678722,0],[-50.9110760016303,-10.0998115037606,0],[-50.9108021848362,-10.0998114297985,0],[-50.9108019596533,-10.1006254346823,0],[-50.9113495962272,-10.1006255826814,0],[-50.911623414408,-10.100625656195,0],[-50.9118972323721,-10.1006257300956,0],[-50.9118973071259,-10.1003543942148,0],[-50.9140878501335,-10.1003549723007,0],[-50.9140879221365,-10.100083637014,0],[-50.916004646376,-10.1000841308869,0],[-50.9160047167706,-10.0998127955822,0],[-50.9192905272245,-10.099813616275,0],[-50.9192905948634,-10.0995422809434,0],[-50.9217549508198,-10.0995428749578,0],[-50.9217548852462,-10.0998142103057,0],[-50.9220287028135,-10.0998142751721,0],[-50.9220286374675,-10.1000856105174,0],[-50.9217548196707,-10.1000855456492,0],[-50.9217546229331,-10.1008995513631,0],[-50.9214808042311,-10.1008994862621,0],[-50.9214807386372,-10.1011708218758,0],[-50.9214805411888,-10.1019848278207,0],[-50.9212067217892,-10.1019847624851,0],[-50.9212065236355,-10.1027987680947,0],[-50.9209327033305,-10.1027987025263,0],[-50.9209326372645,-10.1030700381052,0],[-50.9209324383996,-10.1038840439457,0],[-50.9206586173969,-10.1038839781426,0],[-50.9206582847701,-10.1052406541555,0],[-50.9203844624027,-10.1052405881158,0],[-50.9203843958606,-10.105511923651,0],[-50.9203841955676,-10.1063259290705,0],[-50.9201103722833,-10.1063258637005,0],[-50.9201103055043,-10.1065971983116,0],[-50.9201100374942,-10.1076825391698,0],[-50.9198362132824,-10.1076824726588,0],[-50.9198360115659,-10.10849647825,0],[-50.9195621866671,-10.1084964115059,0],[-50.9195619842444,-10.1093104170517,0],[-50.9198358098324,-10.1093104838012,0],[-50.919835742584,-10.1095818189761,0],[-50.9212048717008,-10.1095821493187,0],[-50.9212048055991,-10.1098534844981,0],[-50.9225739359111,-10.1098538091592,0],[-50.9225738709561,-10.110125144343,0],[-50.924764481388,-10.110125651978,0],[-50.9247645445052,-10.1098543167802,0],[-50.9253121966716,-10.1098544414092,0],[-50.9253121340139,-10.1101257766104,0],[-50.9253120711357,-10.1103971124216,0],[-50.9255858978998,-10.1103971737835,0],[-50.9258597244469,-10.1103972355323,0],[-50.9258596622451,-10.1106685707279,0],[-50.9266811425862,-10.1106687546135,0],[-50.9266809797751,-10.1113868854198,0],[-50.9266193210311,-10.1116317951176,0],[-50.9264857669764,-10.1121622717587,0],[-50.9257862762243,-10.1149405968552,0],[-50.9250867815005,-10.1177189217228,0],[-50.9248828944424,-10.1185370690028,0],[-50.9247625236535,-10.1185370406042,0],[-50.9247624119945,-10.1190205343446,0],[-50.9246124351762,-10.1196223474121,0],[-50.9244884365914,-10.1196223180794,0],[-50.9244883733988,-10.1198936534046,0],[-50.9244883204106,-10.1201203823397,0],[-50.9243419731554,-10.1207076248997,0],[-50.9242143478815,-10.1207075955314,0],[-50.9242142276298,-10.1212202257697,0],[-50.9241391274843,-10.1215215838901,0],[-50.9239403207515,-10.1215215370899,0],[-50.9239402570863,-10.1217928723803,0],[-50.9239401329535,-10.1223200823151,0],[-50.9238686658903,-10.1226068605515,0],[-50.9236662283263,-10.1226068145497,0],[-50.923666164424,-10.1228781489161,0],[-50.9236660363823,-10.1234199484942,0],[-50.9235982042788,-10.1236921378108,0],[-50.9233921340342,-10.1236920898873,0],[-50.9233920055343,-10.1242347600956,0],[-50.923391937918,-10.1245198143577,0],[-50.9233862291217,-10.1245427218393,0],[-50.9233277426497,-10.1247774150532,0],[-50.9231180380928,-10.1247773661059,0],[-50.9231178443004,-10.1255913706281,0],[-50.9228440046776,-10.1255913065047,0],[-50.922843940065,-10.1258626417212,0],[-50.9228437352992,-10.1267195876475,0],[-50.9227868202506,-10.1269479677483,0],[-50.9225698399503,-10.1269479167331,0],[-50.9225697750984,-10.1272192519256,0],[-50.9225696449519,-10.1277619217173,0],[-50.9225839730199,-10.1277619250907,0],[-50.9225359507085,-10.127954622777,0],[-50.9222219409886,-10.1293653598422,0],[-50.9218120673497,-10.1312067897158,0],[-50.9182882609721,-10.1308091977827,0],[-50.9182693398184,-10.1308070603875,0],[-50.91737664847,-10.1307063384406,0],[-50.9129412292028,-10.1302058825854,0],[-50.9111108309931,-10.1299993637625,0],[-50.9085058104827,-10.1297054302991,0],[-50.9040703905091,-10.1292049788762,0],[-50.8999997201158,-10.1287435099667,0],[-50.8997382212308,-10.1287138684151,0],[-50.8968833402997,-10.1283902283481,0],[-50.8968638398321,-10.1283880180899,0],[-50.8954060510646,-10.1282227525382,0],[-50.8910738809424,-10.1277316421069,0],[-50.8888886101125,-10.1274839168642,0],[-50.8867417108883,-10.1272405317025,0],[-50.8824095400119,-10.1267494213326,0],[-50.8831260272899,-10.1229277119471,0],[-50.8832582889647,-10.1222222299122,0],[-50.8838425098928,-10.119106002643,0],[-50.8841548657842,-10.1174399140206,0],[-50.8842355871983,-10.1174399424196,0],[-50.8842357417271,-10.1170085243887,0],[-50.8842375961559,-10.116998629461,0],[-50.8842422172255,-10.1169739794154,0],[-50.8842565970985,-10.1168972802238,0],[-50.8845096132978,-10.1168973690896,0],[-50.8845100964663,-10.1155451050146,0],[-50.8845589905665,-10.1152842988502,0],[-50.8845617880194,-10.1152693785143,0],[-50.8847840253289,-10.1152694563622,0],[-50.884784448634,-10.1140817277636,0],[-50.8848161203786,-10.1139127933948,0],[-50.8850583380417,-10.1139128780363,0],[-50.8850587982424,-10.1126183600757,0],[-50.8852754784517,-10.1114625906249,0],[-50.8853413708782,-10.1111111109677,0],[-50.8859860331802,-10.1076724975799,0],[-50.8861558517292,-10.1076725563025,0],[-50.8861560426932,-10.1071298864291,0],[-50.8864298661633,-10.1071299809269,0],[-50.8864305079102,-10.1053016804625,0],[-50.8864438257649,-10.1052306407924,0],[-50.8867043547102,-10.1052307304637,0],[-50.8867048421749,-10.1038383710602,0],[-50.8867084421175,-10.1038191726307,0],[-50.8867490195568,-10.1036027356725,0],[-50.8869787451597,-10.1036028145275,0],[-50.8869791241603,-10.1025174744644,0],[-50.8872529437355,-10.1025175682358,0],[-50.8872533217752,-10.1014322280911,0],[-50.8875271404349,-10.1014323216248,0],[-50.8875272347086,-10.1011609865749,0],[-50.8872534162784,-10.1011608930437,0],[-50.8872535030179,-10.1009118424501,0],[-50.8872576798663,-10.1008895594177,0],[-50.8875273289797,-10.1008896515205,0],[-50.8875274232481,-10.1006183164618,0],[-50.887308546634,-10.1006182417199,0],[-50.887359411456,-10.1003469240082,0],[-50.8875275175138,-10.1003469813985,0],[-50.8875278374568,-10.0994259984192,0],[-50.8875576308388,-10.0992616512427,0],[-50.8878017113766,-10.0992617343867,0],[-50.8878021788258,-10.0979126758928,0],[-50.8878527448884,-10.097633740958,0],[-50.888076090927,-10.0976338168344,0],[-50.8880764660215,-10.0965484763381,0],[-50.888350280559,-10.0965485691437,0],[-50.8883508417449,-10.0949205582504,0],[-50.8886246549087,-10.0949206508134,0],[-50.8886251213442,-10.0935639749338,0],[-50.888898933364,-10.0935640672569,0],[-50.888899398587,-10.0922073912531,0],[-50.8891732094629,-10.0922074833363,0],[-50.8891733950749,-10.0916648135133,0],[-50.8894472052765,-10.0916649044597,0],[-50.8894472980679,-10.0913935695216,0],[-50.8897211080426,-10.0913936608529,0],[-50.8897212927217,-10.0908509912829,0],[-50.8894474832059,-10.0908508987623,0],[-50.8894476683333,-10.0903082285648,0],[-50.8897214776094,-10.090308320176,0],[-50.8899952866697,-10.0903084112701,0],[-50.8899953789895,-10.0900370763047,0],[-50.8902691878232,-10.0900371671691,0],[-50.8902694634238,-10.0892231613689,0],[-50.8899956552778,-10.0892230705119,0],[-50.8899957471502,-10.0889517349489,0],[-50.8897219392362,-10.0889516435775,0],[-50.8897224943819,-10.087319869344,0],[-50.8897709978299,-10.0870523130172,0],[-50.889996391932,-10.0870523882021,0],[-50.8899966681343,-10.0862383822624,0],[-50.8902704739777,-10.0862384733817,0],[-50.8902705658108,-10.0859671380571,0],[-50.8908181770471,-10.0859673196095,0],[-50.8916395939209,-10.085967590235,0]],[[-50.8908153430078,-10.0943787124669,0],[-50.8905415302814,-10.0943786226316,0],[-50.8905414385974,-10.0946499569162,0],[-50.8908152524652,-10.0946500485633,0],[-50.8908153430078,-10.0943787124669,0]]],[[[-50.9269604167692,-10.0865199649923,0],[-50.9269604776793,-10.086248630008,0],[-50.9266866717641,-10.086248569318,0],[-50.9266868558279,-10.085434561885,0],[-50.9269606612743,-10.08543462257,0],[-50.9269607223963,-10.0851632869533,0],[-50.9272345276153,-10.0851633474096,0],[-50.9272345885064,-10.0848920117868,0],[-50.9277821984913,-10.0848921320149,0],[-50.928329808483,-10.0848922519494,0],[-50.9283296885322,-10.0854349225891,0],[-50.9280558830772,-10.0854348630394,0],[-50.9278100043806,-10.0858254347059,0],[-50.9278099383373,-10.0861220461333,0],[-50.9279384252525,-10.086123049203,0],[-50.9281978612506,-10.0861221298253,0],[-50.9281987238111,-10.0859775653951,0],[-50.9283295685744,-10.0859775938256,0],[-50.92832944861,-10.0865202647545,0],[-50.9280556420198,-10.0865202051982,0],[-50.9280555820244,-10.0867915410891,0],[-50.9277817761195,-10.0867914810145,0],[-50.9277817149805,-10.0870628168991,0],[-50.9277816890563,-10.0871791879223,0],[-50.9275095299416,-10.0871763389398,0],[-50.9275078474783,-10.0873340924743,0],[-50.9275077261217,-10.0878767636386,0],[-50.9277815336357,-10.0878768236572,0],[-50.9277814731841,-10.0881481592343,0],[-50.928055280929,-10.0881482190275,0],[-50.9280552207048,-10.0884195546018,0],[-50.9283289752826,-10.0886611079653,0],[-50.9283288560969,-10.0892001052124,0],[-50.9281589028584,-10.0892000673581,0],[-50.9281588843067,-10.0892878805897,0],[-50.9279383368682,-10.0892878325092,0],[-50.9279382416325,-10.0897161610052,0],[-50.9281558358752,-10.0897162084449,0],[-50.9281558068448,-10.0898430487701,0],[-50.9283655245965,-10.0898430943574,0],[-50.9283654862086,-10.0900167681022,0],[-50.9286024848283,-10.0900168194601,0],[-50.9286023584711,-10.0905903579705,0],[-50.9283285486597,-10.0905902986169,0],[-50.9283284886494,-10.0908616341528,0],[-50.9280546786103,-10.0908615751851,0],[-50.92805473885,-10.0905902390362,0],[-50.927780929042,-10.0905901792283,0],[-50.9277809895091,-10.0903188436912,0],[-50.9277810497559,-10.0900475078598,0],[-50.9275072406266,-10.0900474481178,0],[-50.927507301101,-10.0897761122837,0],[-50.9272334922028,-10.0897760520264,0],[-50.9272335531231,-10.0895047167691,0],[-50.9269597442373,-10.0895046562863,0],[-50.9269602333721,-10.0873339717622,0],[-50.9272340404244,-10.0873340322318,0],[-50.9272341013293,-10.0870626966446,0],[-50.9272342229153,-10.086520025167,0],[-50.9269604167692,-10.0865199649923,0]]],[[[-50.9206626052544,-10.0876038538212,0],[-50.9206626716614,-10.08733251828,0],[-50.9203888646525,-10.0873324523598,0],[-50.9203889979192,-10.0867897812677,0],[-50.9206628044697,-10.0867898471843,0],[-50.9210190731232,-10.0867899332275,0],[-50.9210182374834,-10.0869719259338,0],[-50.921241744755,-10.0869729335299,0],[-50.9212425850648,-10.0867899857221,0],[-50.9214842241327,-10.0867900435714,0],[-50.9214841581984,-10.0870613788371,0],[-50.9215873112545,-10.0870614033554,0],[-50.9215872828373,-10.087178888032,0],[-50.9220317437375,-10.0871789924033,0],[-50.922031641473,-10.0876041800245,0],[-50.9217578342256,-10.0876041152381,0],[-50.9209364124944,-10.0876039195161,0],[-50.9206626052544,-10.0876038538212,0]]],[[[-50.9121753902922,-10.084617014081,0],[-50.9121754635622,-10.0843456791644,0],[-50.9119016593541,-10.0843456056925,0],[-50.9116278549293,-10.0843455324456,0],[-50.9116279288741,-10.084074196914,0],[-50.9113541246805,-10.0840741235234,0],[-50.9113541988524,-10.0838027879893,0],[-50.9110803948899,-10.0838027143737,0],[-50.9110806180802,-10.0829887077508,0],[-50.9110808412514,-10.082174701088,0],[-50.9110809156377,-10.081903365235,0],[-50.9121761250859,-10.0819036585689,0],[-50.9143665440819,-10.0819042337619,0],[-50.9143664008046,-10.0824469049315,0],[-50.9146402036464,-10.0824469758131,0],[-50.9146401322338,-10.0827183113931,0],[-50.9149139353067,-10.0827183820496,0],[-50.9149138641212,-10.0829897176272,0],[-50.9154614707311,-10.0829898582631,0],[-50.9154614000017,-10.0832611938401,0],[-50.9160090070778,-10.0832613335717,0],[-50.9160090773491,-10.0829899979909,0],[-50.9171042906087,-10.0829902747225,0],[-50.9171042212538,-10.0832616103109,0],[-50.9173780248028,-10.0832616789282,0],[-50.917377955675,-10.083533014514,0],[-50.9179255632368,-10.0835331510712,0],[-50.9179254945653,-10.0838044866564,0],[-50.9187469066099,-10.0838046897951,0],[-50.9187468386237,-10.0840760253813,0],[-50.9190206428715,-10.084076092642,0],[-50.9190205751125,-10.0843474282257,0],[-50.9192943795913,-10.0843474952612,0],[-50.9192943120595,-10.0846188308423,0],[-50.9195681167694,-10.0846188976526,0],[-50.9195680494647,-10.084890233231,0],[-50.9198418544056,-10.0848902998161,0],[-50.9198417873281,-10.0851616353918,0],[-50.9201155925001,-10.0851617017517,0],[-50.9201155256499,-10.0854330373249,0],[-50.9203893310528,-10.0854331034595,0],[-50.9203891978051,-10.0859757743063,0],[-50.9201153926377,-10.0859757090727,0],[-50.9201153250879,-10.0862470440177,0],[-50.9198415187809,-10.0862469773607,0],[-50.9198414516939,-10.0865183129143,0],[-50.9195676453782,-10.0865182463183,0],[-50.91956757806,-10.08678958277,0],[-50.9192937717357,-10.0867895156378,0],[-50.9190199651947,-10.0867894482784,0],[-50.9190198974164,-10.0870607838175,0],[-50.9187460906481,-10.0870607165365,0],[-50.9184722836631,-10.0870606487385,0],[-50.9184722156432,-10.0873319845594,0],[-50.9179246016577,-10.087331849065,0],[-50.9173769876802,-10.0873317123548,0],[-50.9162817597485,-10.0873314363038,0],[-50.9160079527705,-10.0873313667498,0],[-50.9160080230716,-10.0870600312357,0],[-50.9157342163248,-10.0870599614566,0],[-50.9157342868531,-10.08678862594,0],[-50.9151866738237,-10.0867884857043,0],[-50.9151868157909,-10.0862458146654,0],[-50.9146392036863,-10.086245673529,0],[-50.9146392751251,-10.0859743380068,0],[-50.914365469305,-10.0859742671,0],[-50.914365540971,-10.0857029315753,0],[-50.914091735382,-10.0857028604433,0],[-50.9140918072751,-10.085431524916,0],[-50.9132703909892,-10.0854313101634,0],[-50.9132704635675,-10.0851599752523,0],[-50.9129966586637,-10.0851599026014,0],[-50.9129967312505,-10.0848885676877,0],[-50.9124491216886,-10.0848884223232,0],[-50.9124491947318,-10.0846170865047,0],[-50.9121753902922,-10.084617014081,0]]],[[[-50.8919142135593,-10.0835256617337,0],[-50.8919143944219,-10.0829829909612,0],[-50.892188197534,-10.0829830804615,0],[-50.8921883779283,-10.0824404096663,0],[-50.8927359832439,-10.082440587976,0],[-50.8927361627117,-10.0818979171532,0],[-50.8932837671213,-10.0818980945452,0],[-50.8932838563933,-10.0816267591223,0],[-50.8935425847529,-10.0816268426171,0],[-50.8938314071736,-10.0817887425766,0],[-50.8938313713221,-10.0818982716438,0],[-50.8940817908268,-10.0818983511429,0],[-50.8945573710369,-10.0820995249051,0],[-50.8945810218181,-10.0821059766722,0],[-50.8951967024116,-10.0824469789994,0],[-50.896021615349,-10.0824416387663,0],[-50.8962954180406,-10.0824417248567,0],[-50.896295504798,-10.0821703894162,0],[-50.896569307263,-10.0821704752773,0],[-50.8965691342038,-10.0827131461583,0],[-50.8968429371294,-10.082713231797,0],[-50.8968426782095,-10.0835272378023,0],[-50.8965688743781,-10.0835271521565,0],[-50.8965687015129,-10.0840698232829,0],[-50.8965686149674,-10.0843411586945,0],[-50.8962948106698,-10.0843410728146,0],[-50.8962947254597,-10.0846075085166,0],[-50.8957471162032,-10.084607336071,0],[-50.8938304855616,-10.08460672536,0],[-50.8938305718839,-10.0843402893889,0],[-50.8935567678296,-10.0843402015285,0],[-50.8930091592917,-10.0843400245468,0],[-50.8930092488155,-10.0840686891664,0],[-50.8924616407459,-10.0840685112814,0],[-50.8924617307254,-10.0837971759014,0],[-50.8921879269235,-10.0837970866208,0],[-50.8921880171295,-10.0835257512388,0],[-50.8919142135593,-10.0835256617337,0]]],[[[-50.8960237892728,-10.0756582514817,0],[-50.8960239631203,-10.0751155803788,0],[-50.8965715561413,-10.0751157522051,0],[-50.8965717290634,-10.0745730810751,0],[-50.8971193211787,-10.0745732519847,0],[-50.8971193452346,-10.0744973546123,0],[-50.8990992803022,-10.0743408508199,0],[-50.899999719325,-10.0742696763865,0],[-50.9009525822277,-10.0741943610616,0],[-50.9009525490516,-10.0743030873399,0],[-50.9006787531881,-10.0743030051762,0],[-50.9006786701637,-10.0745743407825,0],[-50.9004048740737,-10.0745742583897,0],[-50.9004047075602,-10.0751169295845,0],[-50.9001309110148,-10.0751168469603,0],[-50.9001308275256,-10.0753881825488,0],[-50.9009522178557,-10.0753884297476,0],[-50.9009521350509,-10.0756597653383,0],[-50.9012259320612,-10.0756598472865,0],[-50.901225849483,-10.0759311828751,0],[-50.9009520522437,-10.0759311009247,0],[-50.9009517209917,-10.0770164429358,0],[-50.9006779235332,-10.0770163607497,0],[-50.9006778397913,-10.0772876966011,0],[-50.9004040411936,-10.0772876138958,0],[-50.900403958133,-10.0775589497409,0],[-50.9001301593088,-10.0775588668064,0],[-50.9001300760169,-10.0778302026447,0],[-50.8998562769661,-10.0778301194811,0],[-50.8998561934429,-10.0781014553127,0],[-50.8998560259522,-10.0786441263827,0],[-50.899308426921,-10.0786439599409,0],[-50.8993085111255,-10.0783726244127,0],[-50.8990347118424,-10.0783725408537,0],[-50.8990347962734,-10.0781012053233,0],[-50.8984871981724,-10.0781010375292,0],[-50.8984871132835,-10.078372373055,0],[-50.8982133140076,-10.0783722888153,0],[-50.8982132288873,-10.0786436243343,0],[-50.8979394293849,-10.0786435398654,0],[-50.8979392586791,-10.0791862108854,0],[-50.8979391731041,-10.0794575460988,0],[-50.8982129735118,-10.0794576314793,0],[-50.8982125478383,-10.0808143080365,0],[-50.897938746285,-10.0808142244533,0],[-50.8979385764534,-10.0813568947879,0],[-50.8976647739693,-10.0813568100686,0],[-50.8976646883643,-10.0816281461486,0],[-50.897117084115,-10.0816279751203,0],[-50.8971169980496,-10.0818993108664,0],[-50.896493994823,-10.0818991162092,0],[-50.8964392907372,-10.081874075309,0],[-50.8963963337901,-10.0818658584608,0],[-50.89580393745,-10.0818960363502,0],[-50.8957881292294,-10.0818982264666,0],[-50.8954741617193,-10.0819699235202,0],[-50.8954741855541,-10.081898794744,0],[-50.8952003824151,-10.0818987088815,0],[-50.8952003477169,-10.0820060980206,0],[-50.8946176485844,-10.0819283414185,0],[-50.8941052354254,-10.0817115876116,0],[-50.8941052621209,-10.0816270232106,0],[-50.8939135468837,-10.0816269616878,0],[-50.8938314754045,-10.0815809566185,0],[-50.8938315491663,-10.0813556001692,0],[-50.8941053509218,-10.0813556880659,0],[-50.8941054395016,-10.0810843526268,0],[-50.8938316379751,-10.0810842647325,0],[-50.8938317267815,-10.0808129292914,0],[-50.8932841241942,-10.0808127528268,0],[-50.8932842134561,-10.0805414173861,0],[-50.8930104123952,-10.0805413288157,0],[-50.8930105018836,-10.080269993373,0],[-50.8924629002275,-10.0802698155564,0],[-50.8924629901714,-10.0799984801141,0],[-50.8927367907691,-10.0799985691334,0],[-50.8927371496032,-10.07891322731,0],[-50.8924633499214,-10.0789131383004,0],[-50.8924636197072,-10.0780991318934,0],[-50.8921898207148,-10.0780990426643,0],[-50.8921900911645,-10.0772850362247,0],[-50.8919162928615,-10.077284946776,0],[-50.8919163832352,-10.0770136112897,0],[-50.8921901813093,-10.0770137007359,0],[-50.8921902714515,-10.0767423652427,0],[-50.8919164736064,-10.076742275799,0],[-50.891916563975,-10.0764709403037,0],[-50.8921903615912,-10.076471029745,0],[-50.8921905418629,-10.0759283587363,0],[-50.893285730522,-10.0759287142133,0],[-50.8932858197384,-10.0756573786925,0],[-50.8935596166805,-10.0756574669922,0],[-50.893559438703,-10.0762001380342,0],[-50.8938332361055,-10.0762002261119,0],[-50.8938331473418,-10.0764715616286,0],[-50.8941069449758,-10.0764716494819,0],[-50.8941068564385,-10.0767429849966,0],[-50.8960234415484,-10.0767435936341,0],[-50.8960237023454,-10.0759295870265,0],[-50.8957499051519,-10.075929500766,0],[-50.8957499923082,-10.0756581652236,0],[-50.8960237892728,-10.0756582514817,0]]],[[[-50.9132730759367,-10.0753918924569,0],[-50.9132732209395,-10.0748492210717,0],[-50.912999423825,-10.0748491494002,0],[-50.9129994965523,-10.0745778134131,0],[-50.9129997147216,-10.0737638065843,0],[-50.9132735109205,-10.0737638785378,0],[-50.9135473057335,-10.0737639502641,0],[-50.9135473779948,-10.0734926145451,0],[-50.9140949683386,-10.0734927573137,0],[-50.9140947531403,-10.0743067644693,0],[-50.913820956953,-10.0743066929026,0],[-50.913820885133,-10.0745780289001,0],[-50.9138208130924,-10.0748493646033,0],[-50.9135470166679,-10.0748492930957,0],[-50.9135468721229,-10.0753919641951,0],[-50.9132730759367,-10.0753918924569,0]]],[[[-51.116131821312,-10.0056495045906,0],[-51.1161317249133,-10.0053781680093,0],[-51.1158200724025,-10.0053782766497,0],[-51.1155841675025,-10.0051469037385,0],[-51.1155840574622,-10.0048356854761,0],[-51.1153103201272,-10.0048357804595,0],[-51.1153101287122,-10.0042931072503,0],[-51.1150363918288,-10.0042932020032,0],[-51.1150362008791,-10.0037505287712,0],[-51.1147624644474,-10.0037506232937,0],[-51.1147623692038,-10.0034792866684,0],[-51.1144886329965,-10.0034793809631,0],[-51.1144885379828,-10.0032080443308,0],[-51.1141299919862,-10.0032081674962,0],[-51.1139410070602,-10.0030390598851,0],[-51.1139409714579,-10.0029368955976,0],[-51.1138268772619,-10.0029369346437,0],[-51.1136671860015,-10.0027940388266,0],[-51.11366714137,-10.0026656525626,0],[-51.11352376304,-10.0026657015049,0],[-51.1133933653528,-10.0025490175347,0],[-51.1133933117365,-10.002394409293,0],[-51.1132206493203,-10.0023944680802,0],[-51.1131195451143,-10.0023039969138,0],[-51.1131194825572,-10.0021231657885,0],[-51.1129175361029,-10.0021232343694,0],[-51.1128457252853,-10.002058975155,0],[-51.1128456538323,-10.0018519220494,0],[-51.1126876693626,-10.0018519755799,0],[-51.1126876099291,-10.001676859122,0],[-51.1126875155148,-10.0014055224436,0],[-51.1126874220156,-10.0011341857605,0],[-51.1126873285191,-10.0008628490731,0],[-51.1136665146005,-10.0008625161161,0],[-51.1136665754657,-10.0010376325763,0],[-51.1139403096368,-10.0010375389804,0],[-51.1139404041746,-10.0013088756532,0],[-51.1144878729629,-10.0013086877809,0],[-51.114488062955,-10.001851361103,0],[-51.1147617977994,-10.0018512668239,0],[-51.1147619882567,-10.0023939401231,0],[-51.1150357235526,-10.0023938456136,0],[-51.1150358190125,-10.002665182254,0],[-51.1153095545328,-10.0026650875167,0],[-51.1153096502226,-10.00293642415,0],[-51.1155833859673,-10.002936329185,0],[-51.1155835778093,-10.0034790024331,0],[-51.1158573140057,-10.0034789072377,0],[-51.115857410158,-10.0037502438524,0],[-51.1161311465788,-10.0037501484292,0],[-51.116131242961,-10.0040214850369,0],[-51.115857506313,-10.0040215804628,0],[-51.1158576986313,-10.0045642536703,0],[-51.1161314357337,-10.0045641582391,0],[-51.1161315321241,-10.0048354948336,0],[-51.116405269451,-10.0048353991746,0],[-51.1164053660714,-10.005106735762,0],[-51.1165211176017,-10.0051066952431,0],[-51.1165211518995,-10.005202915428,0],[-51.1165213453427,-10.0057455885842,0],[-51.1164055935862,-10.0057456291057,0],[-51.1164055593205,-10.0056494089236,0],[-51.116131821312,-10.0056495045906,0]]],[[[-51.1226972574562,-9.99425100894381,0],[-51.1226973591893,-9.99452234564085,0],[-51.1224236305566,-9.99452244637386,0],[-51.1224234275473,-9.99397977296977,0],[-51.1221496993656,-9.99397987347223,0],[-51.1218759711811,-9.99397997374972,0],[-51.1218757690912,-9.99343730031692,0],[-51.1221494968218,-9.99343720004498,0],[-51.1221493955543,-9.99316586332469,0],[-51.1237917605159,-9.99316525698583,0],[-51.1237919657771,-9.99370793038838,0],[-51.1232445098938,-9.99370813341236,0],[-51.1232448164459,-9.99452214349992,0],[-51.1235185450699,-9.99452204209199,0],[-51.123518442656,-9.99425070540334,0],[-51.1237921710501,-9.99425060377324,0],[-51.1237923763347,-9.99479327714046,0],[-51.1240661051798,-9.99479317527975,0],[-51.1240666195776,-9.99614985860643,0],[-51.1237928895976,-9.99614996048124,0],[-51.1237930949232,-9.99669263378671,0],[-51.1235193644863,-9.99669273544213,0],[-51.1235191596147,-9.99615006213103,0],[-51.1229716996401,-9.99615026475558,0],[-51.1229714956881,-9.99560759141566,0],[-51.1226977661504,-9.99560769238482,0],[-51.1226974609252,-9.99479368233346,0],[-51.1229711897819,-9.99479358137269,0],[-51.1229709858591,-9.99425090798863,0],[-51.1226972574562,-9.99425100894381,0]]],[[[-51.1065425100197,-9.97960437060146,0],[-51.1065425982261,-9.97987570769046,0],[-51.1059951651316,-9.97987588212296,0],[-51.1059950773784,-9.97960454502912,0],[-51.105721361054,-9.979604631906,0],[-51.1057210984891,-9.97879062059075,0],[-51.1059948141338,-9.9787905337211,0],[-51.1059947263906,-9.97851919660963,0],[-51.1068158726297,-9.97851893466025,0],[-51.1068162263366,-9.97960428305068,0],[-51.1065425100197,-9.97960437060146,0]]],[[[-51.093130330432,-9.97933704820645,0],[-51.0931302533338,-9.97906571099724,0],[-51.092856537352,-9.979065787312,0],[-51.0928564604826,-9.97879445009637,0],[-51.0925827447252,-9.9787945261844,0],[-51.0925825914462,-9.97825185173565,0],[-51.0928563067504,-9.97825177565184,0],[-51.0928562298876,-9.97798043842292,0],[-51.093129944963,-9.97798036211662,0],[-51.0931300220524,-9.97825169934342,0],[-51.0934037373522,-9.9782516228104,0],[-51.0934038146704,-9.97852296003064,0],[-51.0936775301945,-9.97852288327088,0],[-51.0936776077415,-9.97879422048457,0],[-51.09395132349,-9.97879414349807,0],[-51.0939514012658,-9.9790654807052,0],[-51.0942251172387,-9.97906540349194,0],[-51.0942251952433,-9.97933674069263,0],[-51.093677762842,-9.9793368948988,0],[-51.0936778403957,-9.97960823209927,0],[-51.0934041239651,-9.97960830886754,0],[-51.0934040466381,-9.97933697166494,0],[-51.093130330432,-9.97933704820645,0]]],[[[-51.0923088761398,-9.97825192759486,0],[-51.0923089525516,-9.97852326482355,0],[-51.0917615214792,-9.97852341587234,0],[-51.0917614455205,-9.97825207863946,0],[-51.0914877302075,-9.97825215382486,0],[-51.0914878059397,-9.97852349105982,0],[-51.091214090398,-9.97852356602269,0],[-51.0912140148924,-9.97825222878564,0],[-51.0909402995752,-9.97825230352183,0],[-51.0909402242984,-9.97798096627827,0],[-51.0906665092056,-9.97798104078779,0],[-51.0906662840676,-9.97716702902463,0],[-51.0903925696524,-9.97716710330337,0],[-51.0903924948372,-9.97689576603807,0],[-51.0909399232126,-9.97689561726014,0],[-51.0909399984808,-9.97716695452132,0],[-51.0914874273006,-9.97716680484095,0],[-51.0914875030241,-9.97743814209351,0],[-51.0917612176574,-9.97743806691438,0],[-51.0917613695639,-9.97798074140214,0],[-51.0920350846481,-9.97798066599424,0],[-51.0920351608312,-9.97825200322946,0],[-51.0923088761398,-9.97825192759486,0]]],[[[-51.1202278250005,-9.97824303301788,0],[-51.119954109948,-9.97824313156213,0],[-51.1199539113644,-9.97770045757932,0],[-51.1196801967622,-9.97770055589351,0],[-51.119679998643,-9.97715788188767,0],[-51.1191325703363,-9.9771580778314,0],[-51.119132274538,-9.97634406677325,0],[-51.1196797014856,-9.97634387084581,0],[-51.1196796024388,-9.97607253382307,0],[-51.1207744553937,-9.97607213928443,0],[-51.1207745553466,-9.97634347629622,0],[-51.12132198226,-9.97634327767406,0],[-51.1213218818541,-9.97607194066778,0],[-51.1215955950799,-9.97607184102262,0],[-51.1215956957124,-9.97634317802614,0],[-51.1218694091619,-9.97634307815366,0],[-51.1221431226086,-9.97634297805662,0],[-51.1221433247883,-9.97688565203938,0],[-51.1218696108886,-9.97688575214197,0],[-51.1218698126268,-9.9774284261127,0],[-51.1215960982711,-9.97742852599625,0],[-51.121596198918,-9.97769986297777,0],[-51.1213224843329,-9.97769996263951,0],[-51.1213226851822,-9.97824263659487,0],[-51.1202278250005,-9.97824303301788,0]]],[[[-51.0890220088577,-9.9698413633448,0],[-51.0892957171692,-9.96984129024374,0],[-51.0892957910232,-9.9701126276317,0],[-51.089569499559,-9.9701125543042,0],[-51.0895696477262,-9.97065522906277,0],[-51.0892959387377,-9.97065530239435,0],[-51.0892960125981,-9.97092663976906,0],[-51.089022303381,-9.97092671287823,0],[-51.089022229747,-9.97065537550149,0],[-51.0887485207543,-9.97065544838421,0],[-51.0887484473488,-9.97038411100104,0],[-51.0884747385803,-9.97038418365731,0],[-51.0884746654033,-9.97011284626772,0],[-51.0882009568591,-9.97011291869755,0],[-51.0882008109641,-9.96957024390113,0],[-51.0881958511549,-9.96957024521147,0],[-51.0879271028706,-9.96957031610254,0],[-51.0879270301526,-9.96929897869571,0],[-51.0876533222834,-9.96929905067071,0],[-51.0876532497938,-9.96902771325751,0],[-51.0874312170215,-9.96902777147747,0],[-51.087823448145,-9.96758183038349,0],[-51.0878728735749,-9.96739963084712,0],[-51.0879265211847,-9.96739961672477,0],[-51.0879267393013,-9.96821362902446,0],[-51.0881954864744,-9.96821355814324,0],[-51.0882004462631,-9.96821355683307,0],[-51.0882005921372,-9.96875623167347,0],[-51.0884742995496,-9.96875615925369,0],[-51.0884744458848,-9.9692988340725,0],[-51.0887481537478,-9.96929876142429,0],[-51.0887482271449,-9.96957009882509,0],[-51.0890219352321,-9.96957002595047,0],[-51.0890220088577,-9.9698413633448,0]]],[[[-51.110916649006,-9.96386538643007,0],[-51.1109164656539,-9.96332271180728,0],[-51.1111901683449,-9.96332262081395,0],[-51.1111900764466,-9.96305128349847,0],[-51.1114637789087,-9.96305119228341,0],[-51.1114636867868,-9.96277985496603,0],[-51.1117373890201,-9.96277976352925,0],[-51.1117372043318,-9.96223708888646,0],[-51.1125583096588,-9.96223681324593,0],[-51.1125584026802,-9.9625081505619,0],[-51.112284700681,-9.96250824266887,0],[-51.1122847934789,-9.96277957998294,0],[-51.1120110912508,-9.96277967186822,0],[-51.1120113689818,-9.96359368379182,0],[-51.1122850718886,-9.96359359189889,0],[-51.1122851646971,-9.96386492919538,0],[-51.1120114615641,-9.96386502109087,0],[-51.1120115541491,-9.96413635838558,0],[-51.1117378507873,-9.96413645005934,0],[-51.1117379431487,-9.96440778735212,0],[-51.1111905359647,-9.96440797003187,0],[-51.1111906278762,-9.96467930732534,0],[-51.1109169240539,-9.9646793983313,0],[-51.1109170157418,-9.96495073562293,0],[-51.1100959035808,-9.96495100730262,0],[-51.1100957215651,-9.96440833269992,0],[-51.1103694251689,-9.96440824236934,0],[-51.1103692427112,-9.96386556775402,0],[-51.110916649006,-9.96386538643007,0]]],[[[-51.1161145138007,-9.9568088489168,0],[-51.1161144178964,-9.95653751154234,0],[-51.116388114883,-9.95653741635416,0],[-51.1163879226305,-9.95599474159732,0],[-51.1166616191623,-9.95599464619033,0],[-51.1166613301261,-9.95518063403,0],[-51.1172087218251,-9.95518044255972,0],[-51.1172086250332,-9.95490910516949,0],[-51.1174823206525,-9.95490900910091,0],[-51.1174824176704,-9.95518034648847,0],[-51.117756113513,-9.95518025019314,0],[-51.1177562107597,-9.95545158757366,0],[-51.1193983871126,-9.95545100507995,0],[-51.1193984857183,-9.95572234243984,0],[-51.1221354483401,-9.95572135366306,0],[-51.122135549209,-9.95599269099114,0],[-51.1218618527337,-9.95599279087999,0],[-51.1218619533794,-9.95626412820641,0],[-51.1191249862082,-9.95626511479715,0],[-51.1191248878229,-9.95599377744331,0],[-51.1177564052615,-9.95599426232148,0],[-51.1177565025166,-9.95626559968879,0],[-51.1174828057699,-9.95626569599482,0],[-51.1174829028017,-9.9565370333604,0],[-51.1172092058262,-9.956537129445,0],[-51.1172093026347,-9.95680846680883,0],[-51.1169356054303,-9.95680856267199,0],[-51.1169357020156,-9.95707990003419,0],[-51.1166620045824,-9.9570799956759,0],[-51.1166621009444,-9.95735133303628,0],[-51.1163884032823,-9.95735142845651,0],[-51.1163884994209,-9.95762276581514,0],[-51.1155674057401,-9.95762305073902,0],[-51.1155672148221,-9.95708037600153,0],[-51.1158409122663,-9.9570802812563,0],[-51.1158408165853,-9.95680894388351,0],[-51.1161145138007,-9.9568088489168,0]]],[[[-51.1209614158443,-9.81262860643311,0],[-51.1209445166942,-9.81272097468091,0],[-51.1208560433829,-9.81284932186666,0],[-51.1208534950522,-9.8128532336845,0],[-51.1207785322286,-9.81297499423634,0],[-51.1206646128197,-9.81305928397049,0],[-51.1205154093202,-9.81310652573667,0],[-51.1203557086545,-9.8131110442107,0],[-51.1202548171866,-9.81309499862264,0],[-51.1201809642998,-9.81300786146705,0],[-51.1201545867321,-9.81292671945119,0],[-51.1202267469736,-9.81285176702831,0],[-51.1202353135414,-9.81284143770581,0],[-51.1202965129368,-9.81275538141383,0],[-51.1203128141789,-9.81271140503237,0],[-51.1203280615136,-9.81254439185279,0],[-51.1203139324994,-9.81248729885772,0],[-51.1202679832547,-9.81241646294445,0],[-51.1202368174878,-9.81239430916597,0],[-51.1202997587354,-9.8121342692438,0],[-51.1206897641618,-9.81052301133115,0],[-51.120887805635,-9.81072572831656,0],[-51.1210140917557,-9.81114429711599,0],[-51.1210589801826,-9.81129991068835,0],[-51.1211082936004,-9.81153669122867,0],[-51.1211155371816,-9.81162253328443,0],[-51.1210400455902,-9.81174117729886,0],[-51.1210265938127,-9.81177891279041,0],[-51.1210146741528,-9.8118797116009,0],[-51.1209521168403,-9.81194956410121,0],[-51.120929181354,-9.81201335067804,0],[-51.1209343285407,-9.81213733932128,0],[-51.1209399688506,-9.81216514058223,0],[-51.1210049462399,-9.81233845551536,0],[-51.1210465228587,-9.81248944391731,0],[-51.1209754598333,-9.81259429594546,0],[-51.1209614158443,-9.81262860643311,0]]],[[[-51.1214835887642,-9.80795214567446,0],[-51.1213165991298,-9.80797479177549,0],[-51.1213062921597,-9.80797587177689,0],[-51.12166708352,-9.80648530879558,0],[-51.121806834812,-9.80648525863473,0],[-51.1218067357551,-9.80621391889894,0],[-51.1220803082224,-9.80621382054173,0],[-51.1226274538036,-9.8062136231651,0],[-51.1226273540822,-9.80594228343332,0],[-51.1227030896215,-9.80594225604378,0],[-51.1226397902272,-9.80621205730673,0],[-51.1225444887411,-9.80648600472238,0],[-51.122539507255,-9.80651655485704,0],[-51.1225420323122,-9.80673250692839,0],[-51.1225081243238,-9.8069052052263,0],[-51.1224829078602,-9.80693170613882,0],[-51.1224802944639,-9.80693457333491,0],[-51.1224139899178,-9.80701050999686,0],[-51.1223944628504,-9.8070916892365,0],[-51.122406343174,-9.80713875335136,0],[-51.1223669042268,-9.80721171998955,0],[-51.1223598677471,-9.80722866588697,0],[-51.1223269323677,-9.80733847992092,0],[-51.1222397433143,-9.80749715737938,0],[-51.1222292446075,-9.80752990373096,0],[-51.1222230336637,-9.80758243010894,0],[-51.1221102929489,-9.80768451527003,0],[-51.1219556735475,-9.80777188532644,0],[-51.1215894424943,-9.80795127834239,0],[-51.1214959093284,-9.80795131186543,0],[-51.1214835887642,-9.80795214567446,0]]],[[[-50.8357002886436,-10.2484732184986,0],[-50.8357005681633,-10.2479305544515,0],[-50.8381660546399,-10.2479317909196,0],[-50.8381661922968,-10.2476604588559,0],[-50.8387140777569,-10.2476607310805,0],[-50.8387142149439,-10.2473893990049,0],[-50.8392620999532,-10.2473896702989,0],[-50.8392622366704,-10.2471183382115,0],[-50.8395361789478,-10.2471184735087,0],[-50.8395359059757,-10.2476611376864,0],[-50.8398098487229,-10.2476612727601,0],[-50.8398095762016,-10.2482039369271,0],[-50.8395356329883,-10.248203801846,0],[-50.8395349504534,-10.249560462166,0],[-50.839325153062,-10.2498659053504,0],[-50.8384390175121,-10.2498668128872,0],[-50.8384393104245,-10.2492885874203,0],[-50.837617478057,-10.2492881779785,0],[-50.8376177543375,-10.2487455139064,0],[-50.837069867044,-10.2487452398059,0],[-50.8370700056444,-10.2484739077706,0],[-50.8357002886436,-10.2484732184986,0]]],[[[-50.8513192397625,-10.2395267683472,0],[-50.8515931758986,-10.2395268933956,0],[-50.8515933020282,-10.2392555616333,0],[-50.851867237498,-10.239255685543,0],[-50.8518673636102,-10.2389843534481,0],[-50.851867615387,-10.2384416883752,0],[-50.8521415510745,-10.238441812949,0],[-50.8521418016771,-10.2378991484306,0],[-50.8521420529601,-10.2373564836046,0],[-50.8521424298583,-10.2365424863317,0],[-50.852142555484,-10.2362711538984,0],[-50.8524164886185,-10.2362712782145,0],[-50.8524157362082,-10.2378992727668,0],[-50.8526896707428,-10.2378993968725,0],[-50.8526895455616,-10.2381707292854,0],[-50.8535113498847,-10.238171100229,0],[-50.8535112253983,-10.2384424326474,0],[-50.8548809005036,-10.2384430462918,0],[-50.8548807771778,-10.2387143787223,0],[-50.855154712442,-10.2387145007628,0],[-50.8551545893455,-10.2389858331922,0],[-50.8573460734446,-10.2389868012408,0],[-50.8573459522072,-10.2392581336918,0],[-50.857619887749,-10.2392582536633,0],[-50.857619766741,-10.2395295861131,0],[-50.8573458309663,-10.2395294662948,0],[-50.8567979587713,-10.2395292252067,0],[-50.8567978379744,-10.2398005579324,0],[-50.85488028384,-10.2397997083994,0],[-50.854880160497,-10.2400710408073,0],[-50.8537844148184,-10.2400705502734,0],[-50.8537842905406,-10.2403418826635,0],[-50.8524146073563,-10.2403412642905,0],[-50.8515926713437,-10.2406122228579,0],[-50.8507707339621,-10.2408831793249,0],[-50.8499487952119,-10.2411541336914,0],[-50.8499486676601,-10.2414254660163,0],[-50.8494007926117,-10.2414252128741,0],[-50.8494006645907,-10.2416965451876,0],[-50.849126726839,-10.241696418267,0],[-50.8485787226232,-10.2419674960328,0],[-50.8485785938964,-10.2422388283269,0],[-50.8480307174866,-10.2422385728575,0],[-50.8480306744217,-10.2423290166625,0],[-50.8480305882904,-10.2425099051403,0],[-50.8474827114293,-10.2425096487413,0],[-50.8469347044513,-10.2427807236838,0],[-50.8469345743163,-10.2430520559437,0],[-50.8466606354326,-10.2430519269299,0],[-50.8464659377607,-10.243323167406,0],[-50.8463865659481,-10.2433231299336,0],[-50.8463865243056,-10.2434096412169,0],[-50.8461644502014,-10.24359435727,0],[-50.8461124959979,-10.2435943326952,0],[-50.846112475139,-10.2436375881907,0],[-50.8458384255818,-10.2438655352145,0],[-50.8455475112821,-10.2441075094305,0],[-50.8450163433257,-10.244407809111,0],[-50.8430982295508,-10.2454922184479,0],[-50.8425502137987,-10.2457632858239,0],[-50.8422761385093,-10.2460344852332,0],[-50.8417281211414,-10.2463055511906,0],[-50.8406322191884,-10.2465763481647,0],[-50.8406324902662,-10.2460336839217,0],[-50.8403585489055,-10.2460335495622,0],[-50.8403586846717,-10.2457622174375,0],[-50.8406326257994,-10.2457623517934,0],[-50.8406327613288,-10.2454910196606,0],[-50.8409067022274,-10.2454911537822,0],[-50.8409068375201,-10.2452198216412,0],[-50.8414547188625,-10.2452200891849,0],[-50.8414548536855,-10.2449487570321,0],[-50.8417287941294,-10.2449488904542,0],[-50.8417289287158,-10.2446775582934,0],[-50.8420028689305,-10.2446776914812,0],[-50.8420030032801,-10.2444063593123,0],[-50.8425508832549,-10.2444066249885,0],[-50.842551017135,-10.2441352928078,0],[-50.8428249568951,-10.2441354252963,0],[-50.8428250905384,-10.2438640931075,0],[-50.84419478823,-10.2438647520712,0],[-50.844194920705,-10.2435934198602,0],[-50.8444688600215,-10.2435935509573,0],[-50.8447428000363,-10.2435936815342,0],[-50.8447429311285,-10.2433223496009,0],[-50.8450168704382,-10.2433224802332,0],[-50.8450170022072,-10.2430511480024,0],[-50.8452909410689,-10.2430512784004,0],[-50.8452910726013,-10.2427799461616,0],[-50.8455650112338,-10.2427800763253,0],[-50.8458389496514,-10.2427802059685,0],[-50.8458390807142,-10.242508874008,0],[-50.8461130193399,-10.2425090037069,0],[-50.8461131501662,-10.2422376714486,0],[-50.8463870883439,-10.2422378009133,0],[-50.8463872189338,-10.2419664686469,0],[-50.8466611568823,-10.2419665978774,0],[-50.8469350946154,-10.2419667274919,0],[-50.8469352249549,-10.2416953945994,0],[-50.8472091624591,-10.2416955230753,0],[-50.8472092932561,-10.2414241910796,0],[-50.8477571675526,-10.2414244479119,0],[-50.8477572969672,-10.2411531156145,0],[-50.848579108782,-10.2411534991232,0],[-50.8485792374945,-10.2408821668109,0],[-50.8488531745404,-10.2408822941824,0],[-50.8488533030164,-10.2406109618622,0],[-50.8494011766534,-10.2406112159064,0],[-50.8494013046601,-10.2403398835748,0],[-50.8499491778457,-10.2403401366896,0],[-50.8499493053832,-10.2400688043467,0],[-50.8507711144897,-10.240069182279,0],[-50.8507712413252,-10.2397978499213,0],[-50.8510451774683,-10.2397979754341,0],[-50.8513191143095,-10.2397981004268,0],[-50.8513192397625,-10.2395267683472,0]]],[[[-50.8606349578639,-10.2351895700252,0],[-50.8609088899539,-10.2351896880866,0],[-50.8609090083344,-10.2349183549116,0],[-50.8609091264925,-10.2346470223466,0],[-50.8611830583396,-10.2346471392667,0],[-50.8611832941806,-10.234104474117,0],[-50.8614572255655,-10.2341045908003,0],[-50.8614573432484,-10.2338332582154,0],[-50.861731274404,-10.233833374665,0],[-50.8617311569538,-10.2341047072531,0],[-50.8617310395003,-10.2343760398365,0],[-50.8617309220437,-10.2346473721256,0],[-50.8614569908844,-10.2346472556668,0],[-50.8614567548012,-10.2351899210943,0],[-50.861456519399,-10.2357325868289,0],[-50.8611825863995,-10.2357324692222,0],[-50.8611821148439,-10.2368177996852,0],[-50.8611819968921,-10.2370891322172,0],[-50.861455930837,-10.2370892489352,0],[-50.8614558131147,-10.2373605814658,0],[-50.8617297472956,-10.2373606979564,0],[-50.8617296298028,-10.2376320304857,0],[-50.8620035642198,-10.2376321467489,0],[-50.8620034469565,-10.2379034792768,0],[-50.8622773816096,-10.2379035953126,0],[-50.8622772645758,-10.2381749278391,0],[-50.8636469390539,-10.2381755045751,0],[-50.8636468231809,-10.2384468368229,0],[-50.8630989529141,-10.2384466071038,0],[-50.8611814070838,-10.2384457948094,0],[-50.8609074717596,-10.2384456775551,0],[-50.8609073544683,-10.238717010347,0],[-50.8598116124538,-10.2387165401707,0],[-50.8595376778266,-10.2387164217607,0],[-50.8595375575417,-10.2389877545314,0],[-50.8592636222092,-10.2389876361772,0],[-50.8584418155754,-10.2389872803455,0],[-50.858442056178,-10.2384446147895,0],[-50.8587159912536,-10.2384447338291,0],[-50.8587161113169,-10.2381734013484,0],[-50.8589900461631,-10.2381735201542,0],[-50.8589901659903,-10.2379021876657,0],[-50.859538035227,-10.2379024245792,0],[-50.8595381545854,-10.2376310920798,0],[-50.8598120889759,-10.2376312101875,0],[-50.8598122080981,-10.2373598776805,0],[-50.8600861422593,-10.2373599955544,0],[-50.8600862611455,-10.2370886627498,0],[-50.8603601957716,-10.2370887803903,0],[-50.8603603137272,-10.2368174481573,0],[-50.8603605510175,-10.2362747828091,0],[-50.8606344840351,-10.2362749011135,0],[-50.8606346026615,-10.2360035679598,0],[-50.8606349578639,-10.2351895700252,0]]],[[[-50.8836471603279,-10.2300432839469,0],[-50.8836470615311,-10.23031461683,0],[-50.8841949182856,-10.2303148120931,0],[-50.8841950166172,-10.2300434792048,0],[-50.884468944766,-10.2300435764882,0],[-50.8844691409556,-10.2295009106927,0],[-50.8844693369157,-10.2289582445892,0],[-50.8841954099159,-10.2289581476063,0],[-50.8841955082337,-10.2286868146954,0],[-50.8847433622083,-10.2286870090054,0],[-50.8847432643556,-10.2289583419216,0],[-50.8852911185875,-10.2289585353154,0],[-50.885291021197,-10.2292298688469,0],[-50.8855649488779,-10.2292299645863,0],[-50.8855648524116,-10.2295012981162,0],[-50.8858387794147,-10.2295013936275,0],[-50.8861127071147,-10.2295014895234,0],[-50.8861126104168,-10.229772822439,0],[-50.886386538352,-10.2297729181071,0],[-50.8863864418839,-10.2300442510209,0],[-50.8866603700544,-10.2300443464612,0],[-50.8866602738162,-10.230315679373,0],[-50.8877559874556,-10.2303160588404,0],[-50.8877558921452,-10.230587391758,0],[-50.888303749446,-10.2305875801144,0],[-50.8883036545981,-10.2308589130326,0],[-50.8880297257137,-10.2308588189671,0],[-50.8880289649739,-10.2330294821296,0],[-50.8881926621075,-10.2330295383817,0],[-50.8881617050349,-10.2336637816944,0],[-50.8881789928112,-10.2337212514183,0],[-50.8884449272993,-10.2340844385211,0],[-50.8884723090986,-10.2341091554756,0],[-50.8896719334683,-10.234812952244,0],[-50.8896717997456,-10.2352007061836,0],[-50.8893978678199,-10.2352006129402,0],[-50.8893977731634,-10.2354719460814,0],[-50.8891238400945,-10.2354718526047,0],[-50.8891237461157,-10.2357431857391,0],[-50.8888498128167,-10.2357430920294,0],[-50.8888497186025,-10.2360144251567,0],[-50.8885757850731,-10.2360143321184,0],[-50.8885756904051,-10.2362856643342,0],[-50.8883017570833,-10.2362855704483,0],[-50.8883016621799,-10.2365569029818,0],[-50.8880277281905,-10.2365568088627,0],[-50.8880276332702,-10.2368281419689,0],[-50.8880271575355,-10.2381848059829,0],[-50.8883010927027,-10.2381849001172,0],[-50.8883008079284,-10.238998898479,0],[-50.8880268720628,-10.238998804337,0],[-50.888026967223,-10.2387274715568,0],[-50.8877530313741,-10.2387273771867,0],[-50.8877531267643,-10.2384560450192,0],[-50.8874791915885,-10.2384559498878,0],[-50.8872052561964,-10.238455854978,0],[-50.8872053520497,-10.2381845221964,0],[-50.8869314168931,-10.2381844271398,0],[-50.8869316090572,-10.2376417615682,0],[-50.8869318979774,-10.236827763792,0],[-50.8866579630745,-10.2368276676129,0],[-50.8866580602904,-10.2365563348097,0],[-50.8863841258413,-10.236556239597,0],[-50.8863843189041,-10.2360135739816,0],[-50.8869321852661,-10.2360137653599,0],[-50.8869322813283,-10.2357424319256,0],[-50.8872062146087,-10.2357425269592,0],[-50.8872063104352,-10.2354711941325,0],[-50.887480243267,-10.2354712889329,0],[-50.8874807211959,-10.2341146247188,0],[-50.8872067895277,-10.2341145299313,0],[-50.8872069811459,-10.2335718642191,0],[-50.8866591187483,-10.2335716739628,0],[-50.8866592150188,-10.2333003411052,0],[-50.8855634911865,-10.2332999578373,0],[-50.8855633939854,-10.2335712906846,0],[-50.8852894628015,-10.2335711942889,0],[-50.8852893653649,-10.233842527129,0],[-50.885015433951,-10.2338424305002,0],[-50.8850153362791,-10.2341137633333,0],[-50.8847414046352,-10.2341136664714,0],[-50.8847413067278,-10.2343849992973,0],[-50.884467374854,-10.2343849022023,0],[-50.8844672767112,-10.234656235021,0],[-50.8841933446074,-10.2346561376929,0],[-50.8841932462292,-10.2349274705045,0],[-50.8836453815645,-10.2349272751515,0],[-50.883645282718,-10.2351986079533,0],[-50.8833713501571,-10.2351985099283,0],[-50.8833714492362,-10.2349271771292,0],[-50.8828235843693,-10.2349269803931,0],[-50.8828236839112,-10.2346556473049,0],[-50.8822758199582,-10.2346554500986,0],[-50.8820018876579,-10.2346553507699,0],[-50.8820019878951,-10.2343840176852,0],[-50.8811801925837,-10.234383719084,0],[-50.8811802932971,-10.2341123869073,0],[-50.8809063619111,-10.2341122862041,0],[-50.8809064637678,-10.2338409531214,0],[-50.8806325317038,-10.2338408530945,0],[-50.8806327342665,-10.2332981872104,0],[-50.8803588035838,-10.2332980869589,0],[-50.8803589049843,-10.2330267538678,0],[-50.8800849745372,-10.2330266530987,0],[-50.880085076386,-10.2327553205855,0],[-50.8800851782321,-10.2324839877781,0],[-50.8800852800753,-10.2322126549661,0],[-50.8803592107373,-10.232212756342,0],[-50.8803595148578,-10.2313987572559,0],[-50.8803597180534,-10.2308560915858,0],[-50.8809075756713,-10.2308562923893,0],[-50.8809076767997,-10.2305849595421,0],[-50.8811816053803,-10.2305850595955,0],[-50.8811817062732,-10.2303137267411,0],[-50.8814556346239,-10.2303138265614,0],[-50.8814557352814,-10.2300424936998,0],[-50.8820035915263,-10.2300426926439,0],[-50.8820036917158,-10.2297713597723,0],[-50.8828254754063,-10.2297716564525,0],[-50.8828253759146,-10.2300429893322,0],[-50.8836471603279,-10.2300432839469,0]]],[[[-50.8359827361674,-10.23192209502,0],[-50.8357088069778,-10.231921956932,0],[-50.8357089465018,-10.2316506246352,0],[-50.8357090858033,-10.231379292044,0],[-50.8354351573014,-10.2313791540229,0],[-50.8354352977447,-10.2311078214313,0],[-50.8351613685663,-10.2311076832644,0],[-50.8348874400863,-10.2311075444152,0],[-50.8348877205026,-10.2305648798124,0],[-50.8357095045588,-10.2305652954027,0],[-50.8357093650504,-10.2308366277176,0],[-50.8359832933095,-10.2308367657907,0],[-50.8359831540298,-10.2311080981048,0],[-50.8362570825254,-10.2311082359511,0],[-50.8362569434744,-10.2313795682645,0],[-50.8365308722065,-10.2313797058842,0],[-50.8365307333843,-10.2316510381967,0],[-50.8373525203018,-10.2316514496844,0],[-50.8373523821736,-10.2319227820036,0],[-50.8376263113864,-10.231922918709,0],[-50.837626173487,-10.2321942510273,0],[-50.8379001029364,-10.232194387506,0],[-50.8378999652657,-10.2324657198235,0],[-50.8384478246412,-10.2324659920969,0],[-50.8384476874321,-10.2327373244173,0],[-50.8387216173582,-10.232737460212,0],[-50.8387213433937,-10.2332801248467,0],[-50.8373516914747,-10.2332794435317,0],[-50.8373518296222,-10.2330081112351,0],[-50.8370778994826,-10.2330079742844,0],[-50.8370780378589,-10.232736641987,0],[-50.8368041079559,-10.2327365048095,0],[-50.836804246561,-10.2324651725114,0],[-50.8365303168944,-10.2324650351072,0],[-50.8365304557283,-10.2321937028082,0],[-50.8359825968721,-10.2321934273161,0],[-50.8359827361674,-10.23192209502,0]]],[[[-50.8611901285339,-10.2183671769231,0],[-50.8617381981594,-10.2178247439893,0],[-50.8622861498354,-10.2175536429615,0],[-50.8622862666209,-10.2172823100921,0],[-50.8625601836048,-10.2172824256592,0],[-50.8625604167016,-10.2167397599007,0],[-50.8628343332242,-10.2167398752314,0],[-50.8628344495354,-10.2164685423422,0],[-50.8631083658289,-10.2164686574398,0],[-50.8633822821258,-10.2164687723073,0],[-50.8636561984259,-10.2164688869447,0],[-50.863655851573,-10.2172828856268,0],[-50.8633819345761,-10.2172827709801,0],[-50.8633818187197,-10.2175541038619,0],[-50.8631079014937,-10.2175539889819,0],[-50.8631077854018,-10.2178253218563,0],[-50.8628338679468,-10.2178252067431,0],[-50.8628337516194,-10.2180965396097,0],[-50.8625598339353,-10.2180964243445,0],[-50.8622859160355,-10.2180963093013,0],[-50.8622857992405,-10.2183676415425,0],[-50.8615411955791,-10.218367326194,0],[-50.8611901285339,-10.2183671769231,0]]],[[[-50.8822870295728,-10.2041940740322,0],[-50.882287102783,-10.2039948152843,0],[-50.8820131969552,-10.2039947164155,0],[-50.882013296876,-10.2037233831113,0],[-50.881739391283,-10.2037232840153,0],[-50.8817401924044,-10.2015526171514,0],[-50.8820140959229,-10.2015527171303,0],[-50.8820141960375,-10.201281383171,0],[-50.8820145656528,-10.2002773798244,0],[-50.8821290418563,-10.2003526519617,0],[-50.8821380093485,-10.2003578458059,0],[-50.8825292498054,-10.2005557680072,0],[-50.8825303516075,-10.2005563155925,0],[-50.8829538111517,-10.2007634434598,0],[-50.8829578459805,-10.2007652972084,0],[-50.8836488384625,-10.2010627437307,0],[-50.8842065356732,-10.2013690204968,0],[-50.8842130433643,-10.2013722652383,0],[-50.8851301229669,-10.2017849507623,0],[-50.8855746742975,-10.2020313880263,0],[-50.8855746519069,-10.2020966500329,0],[-50.8856924772934,-10.2020966912986,0],[-50.8858485244379,-10.2021831963253,0],[-50.8858484587953,-10.202368079554,0],[-50.8858482654728,-10.2029107468915,0],[-50.8855743603183,-10.2029106510203,0],[-50.8855741674347,-10.2034533168158,0],[-50.8853002611247,-10.2034532207093,0],[-50.8853001002973,-10.2039024682232,0],[-50.885230323117,-10.2039958628766,0],[-50.8850261609948,-10.2039957910446,0],[-50.8850260637705,-10.2042692570537,0],[-50.8848249893121,-10.2045383868581,0],[-50.8847520599288,-10.2045383611216,0],[-50.8847520247881,-10.2046360456386,0],[-50.8847044389264,-10.2046997379077,0],[-50.8846984919015,-10.204708779348,0],[-50.884640488745,-10.2048096550677,0],[-50.8844780557705,-10.2048095985347,0],[-50.8844779507714,-10.2051033050852,0],[-50.8844754866113,-10.2051106555379,0],[-50.8844386649591,-10.2054052354431,0],[-50.8844379840071,-10.2054149055221,0],[-50.8844287784188,-10.2059856437866,0],[-50.8844213695798,-10.2064375784689,0],[-50.8842035616402,-10.2064375003695,0],[-50.8842034070551,-10.206862568371,0],[-50.8841116097904,-10.2069801343609,0],[-50.8839294570531,-10.2069800696366,0],[-50.8839293724494,-10.2072135265902,0],[-50.8838998058079,-10.2072513923945,0],[-50.8833815405556,-10.2072512076314,0],[-50.8833814417584,-10.2075225417949,0],[-50.8831075329033,-10.2075224438107,0],[-50.8831074338719,-10.2077937761581,0],[-50.8828335247875,-10.2077936779413,0],[-50.8828333264701,-10.208336344716,0],[-50.8825594167058,-10.2083362459742,0],[-50.8825593174202,-10.2086075794971,0],[-50.8822854083396,-10.2086074805229,0],[-50.8822853079061,-10.2088788140383,0],[-50.8820113976832,-10.2088787148312,0],[-50.8820112979279,-10.2091500483398,0],[-50.8817373874753,-10.2091499498046,0],[-50.8817372874854,-10.2094212824015,0],[-50.8817371872737,-10.2096926156085,0],[-50.8814632765788,-10.2096925162234,0],[-50.8814631761323,-10.2099638491334,0],[-50.881189264989,-10.2099637504201,0],[-50.8811891645264,-10.2102350829981,0],[-50.8811890638421,-10.2105064161861,0],[-50.8809151524564,-10.2105063163331,0],[-50.8809150515369,-10.2107776501286,0],[-50.8806411397035,-10.2107775491384,0],[-50.8806410387679,-10.2110488826019,0],[-50.8806409376108,-10.211320215771,0],[-50.8803670255344,-10.21132011545,0],[-50.8803669241424,-10.2115914486118,0],[-50.8800930118366,-10.2115913480581,0],[-50.8800929102096,-10.2118626812128,0],[-50.8798189976746,-10.2118625804264,0],[-50.8798188958125,-10.2121339135738,0],[-50.8795449830482,-10.2121338125546,0],[-50.8795448809512,-10.2124051456948,0],[-50.8792709679575,-10.2124050444429,0],[-50.8792708656254,-10.2126763775759,0],[-50.8789969524024,-10.2126762760913,0],[-50.8789968498353,-10.2129476092169,0],[-50.878449022715,-10.2129474055521,0],[-50.8784491257466,-10.2126760721422,0],[-50.8779012995394,-10.212675867853,0],[-50.8779014028138,-10.212404534444,0],[-50.877627490056,-10.2124044321021,0],[-50.8773535768638,-10.2124043292403,0],[-50.8773536808183,-10.2121329958324,0],[-50.8770797682985,-10.2121328931146,0],[-50.8768058555631,-10.2121327897145,0],[-50.8768059599789,-10.2118614565976,0],[-50.8768061688017,-10.2113187903501,0],[-50.8770800806221,-10.2113188933708,0],[-50.8770801850156,-10.2110475605274,0],[-50.8773540966064,-10.2110476642197,0],[-50.8773542007652,-10.2107763304646,0],[-50.8776281130403,-10.21077643302,0],[-50.8776282160506,-10.2105051001617,0],[-50.8781760385376,-10.2105053048665,0],[-50.8781761417752,-10.2102339719984,0],[-50.8784500531189,-10.2102340741481,0],[-50.878997977697,-10.2099629452014,0],[-50.8789980804515,-10.2096916114116,0],[-50.8792719918154,-10.2096917125764,0],[-50.8792720934215,-10.2094203796834,0],[-50.8795460036431,-10.2094204806152,0],[-50.8795461059274,-10.2091491477154,0],[-50.8798200159197,-10.2091492484145,0],[-50.879820117969,-10.2088779155074,0],[-50.8800940277321,-10.2088780159739,0],[-50.8800941293277,-10.2086066830595,0],[-50.8803680392989,-10.2086067835834,0],[-50.8803681396483,-10.2083381579876,0],[-50.880642050183,-10.2083355506631,0],[-50.8809160606029,-10.2080643175029,0],[-50.8811900705587,-10.207793084103,0],[-50.8814640800503,-10.2075218504632,0],[-50.8817380890779,-10.2072506165838,0],[-50.8820120976414,-10.2069793824645,0],[-50.8833720558321,-10.2058945379936,0],[-50.8833820347175,-10.2058945415587,0],[-50.8833820376175,-10.2058865758281,0],[-50.8835209523053,-10.2058866254258,0],[-50.8835209974918,-10.2057623583984,0],[-50.8835649039278,-10.2057623731577,0],[-50.8835654475742,-10.2042666067361,0],[-50.8828389071569,-10.2042663477235,0],[-50.8828389335145,-10.2041942725529,0],[-50.8822870295728,-10.2041940740322,0]]],[[[-50.7897142542682,-10.1930950249274,0],[-50.7899881488177,-10.1930952010425,0],[-50.7899870827478,-10.1947231946154,0],[-50.7902609793869,-10.1947233705301,0],[-50.7902604469801,-10.1955373671252,0],[-50.7905343443194,-10.1955375428247,0],[-50.7905341670723,-10.1958088750188,0],[-50.7910819620107,-10.1958092257384,0],[-50.79108125574,-10.1968945542188,0],[-50.7913551533401,-10.1968947292527,0],[-50.7913553299117,-10.1966233970623,0],[-50.7919031264885,-10.1966237473373,0],[-50.7919033025916,-10.1963524151329,0],[-50.7921772006565,-10.1963525885646,0],[-50.7921773765229,-10.1960812563509,0],[-50.7924512743604,-10.1960814304527,0],[-50.7924514499899,-10.1958100985197,0],[-50.7932731430552,-10.1958106194334,0],[-50.7932729681208,-10.1960819516704,0],[-50.79382076384,-10.1960822978076,0],[-50.7938205893643,-10.1963536300494,0],[-50.7940944881573,-10.1963538027787,0],[-50.7940939653963,-10.1971677992018,0],[-50.794367863501,-10.1971679717147,0],[-50.7943676894691,-10.1974393042378,0],[-50.7943669939882,-10.1985246328366,0],[-50.7946408939505,-10.1985248060482,0],[-50.7946408804151,-10.1985445092888,0],[-50.7933467183307,-10.1990666535762,0],[-50.7932710433007,-10.1990666056907,0],[-50.7932710244864,-10.1990971938729,0],[-50.7929970516501,-10.1992077293627,0],[-50.7929976685443,-10.198252435664,0],[-50.7927237688425,-10.1982522619837,0],[-50.7927239442797,-10.1979809297921,0],[-50.7921761453547,-10.197980581752,0],[-50.7921759694539,-10.1982519139341,0],[-50.7919020697669,-10.1982517395648,0],[-50.7919018936292,-10.1985230717377,0],[-50.7913540947195,-10.1985227223013,0],[-50.7913539181132,-10.1987940544602,0],[-50.7910800170644,-10.1987938793919,0],[-50.7910796635919,-10.1993365439767,0],[-50.7908057627783,-10.1993363692843,0],[-50.7908055859126,-10.1996077008057,0],[-50.7902577840562,-10.1996073492033,0],[-50.7902576065027,-10.1998786813252,0],[-50.7899837054594,-10.1998785053197,0],[-50.789983527669,-10.2001498374322,0],[-50.7897096273112,-10.2001496620973,0],[-50.7897094483716,-10.2004209932955,0],[-50.7894355468745,-10.2004208168211,0],[-50.7894353997975,-10.20064468027,0],[-50.7866956465398,-10.201749999057,0],[-50.7866965323975,-10.2004190397326,0],[-50.7869704338444,-10.2004192185041,0],[-50.7869706141903,-10.200147886449,0],[-50.7880662191009,-10.2001485992186,0],[-50.7880663985143,-10.1998772671397,0],[-50.7853273887083,-10.1998754783733,0],[-50.785327025239,-10.2004181424295,0],[-50.7839575182078,-10.2004172393839,0],[-50.783956420721,-10.2020452312977,0],[-50.7836825179387,-10.2020450499699,0],[-50.7836819684303,-10.2028590458512,0],[-50.7817646442279,-10.2028577700203,0],[-50.7817640898025,-10.2036717657572,0],[-50.7819317057032,-10.2036718777505,0],[-50.774092542275,-10.206834166287,0],[-50.7740934367598,-10.2055658716647,0],[-50.7762846818238,-10.2055673807134,0],[-50.7762854397512,-10.2044820535838,0],[-50.7754637255961,-10.2044814894754,0],[-50.7754631550707,-10.2052954847835,0],[-50.7727241012745,-10.2052935893312,0],[-50.7727239087687,-10.2055649210401,0],[-50.7719021920387,-10.2055643479075,0],[-50.7719008394749,-10.2074636696347,0],[-50.7697095821067,-10.2074621308768,0],[-50.7697113377738,-10.2050201461341,0],[-50.7705330529816,-10.2050207247509,0],[-50.7705344133234,-10.2031214029222,0],[-50.7708083167798,-10.2031215952983,0],[-50.770808704936,-10.2025789318677,0],[-50.7735477351595,-10.2025808428883,0],[-50.7735483103955,-10.2017668475529,0],[-50.7730005056991,-10.2017664672178,0],[-50.7730006978975,-10.2014951354407,0],[-50.7694399709132,-10.2014926409311,0],[-50.7694411420775,-10.1998646505802,0],[-50.7691565426533,-10.1998644495568,0],[-50.7693458217499,-10.1982365919501,0],[-50.7697162123057,-10.1982368532678,0],[-50.7697167970201,-10.1974228579348,0],[-50.7694404596259,-10.1974226630286,0],[-50.7695035515419,-10.1968800437042,0],[-50.7716344736669,-10.1968815401492,0],[-50.7716335072833,-10.1982381992428,0],[-50.7719074065876,-10.1982383906064,0],[-50.771906827388,-10.1990523860242,0],[-50.7732763274677,-10.1990533394748,0],[-50.7732765193804,-10.1987820076475,0],[-50.7738243189863,-10.1987823874097,0],[-50.77382451043,-10.1985110555676,0],[-50.7743723095937,-10.1985114344009,0],[-50.7743728825016,-10.1976974388166,0],[-50.774646781396,-10.1976976278734,0],[-50.7746473535604,-10.1968836322333,0],[-50.7727300662801,-10.1968823041217,0],[-50.7727316047956,-10.1947116491719,0],[-50.7735532937497,-10.1947122196163,0],[-50.7735542516709,-10.1933555600489,0],[-50.7757454131821,-10.1933570709276,0],[-50.7757452234623,-10.1936284028912,0],[-50.7771147007384,-10.1936293397559,0],[-50.7771131920581,-10.1957999955056,0],[-50.7757437055124,-10.1957990584374,0],[-50.7757429464098,-10.1968843861025,0],[-50.7768385393442,-10.1968851362978,0],[-50.7768391058977,-10.1960711404946,0],[-50.7779346961355,-10.1960718869551,0],[-50.777934884049,-10.1958005549914,0],[-50.7817694472969,-10.1958031386033,0],[-50.7817679698022,-10.197973794748,0],[-50.7790289774056,-10.1979719535029,0],[-50.7790286033437,-10.1985146173941,0],[-50.7782069043357,-10.1985140605122,0],[-50.7782063411169,-10.1993280562698,0],[-50.7795758429674,-10.1993289833335,0],[-50.7795756563766,-10.1996003152689,0],[-50.7803973582452,-10.199600868766,0],[-50.7803975441405,-10.1993295368155,0],[-50.780671444542,-10.1993297208502,0],[-50.7806721871437,-10.1982443929836,0],[-50.7845067803242,-10.1982469450756,0],[-50.7845104271916,-10.1928203032764,0],[-50.7858799018237,-10.1928212033403,0],[-50.7858802640811,-10.1922785390124,0],[-50.7861541585594,-10.1922787183269,0],[-50.7861543394488,-10.1920073861514,0],[-50.7872499164859,-10.1920081010946,0],[-50.7872495565555,-10.19255076548,0],[-50.7888929250426,-10.1925518310675,0],[-50.7888932821929,-10.1920091666242,0],[-50.7897149651139,-10.1920096962906,0],[-50.789714609354,-10.1925523604729,0],[-50.7897144314662,-10.192823692992,0],[-50.7897142542682,-10.1930950249274,0]],[[-50.7910810780186,-10.1971658863994,0],[-50.79108125574,-10.1968945542188,0],[-50.7908073572319,-10.1968943789547,0],[-50.7908071792787,-10.1971657111306,0],[-50.7910810780186,-10.1971658863994,0]],[[-50.7787518940582,-10.2025844105308,0],[-50.7779301846314,-10.2025838527328,0],[-50.7779294324191,-10.2036691801103,0],[-50.7787511446292,-10.2036697379688,0],[-50.7787509572589,-10.2039410698171,0],[-50.7795726702122,-10.2039416256227,0],[-50.7795732302199,-10.2031276300191,0],[-50.7792993265928,-10.2031274449954,0],[-50.7792995134835,-10.2028561131236,0],[-50.7787517067088,-10.202855742397,0],[-50.7787518940582,-10.2025844105308,0]]],[[[-50.805049920399,-10.1971745209132,0],[-50.804776022109,-10.1971743573559,0],[-50.8047761866332,-10.1969030249443,0],[-50.8047763518471,-10.1966316925286,0],[-50.8058719459576,-10.1966323453465,0],[-50.8058717816709,-10.1969036777799,0],[-50.8061456804419,-10.1969038404148,0],[-50.8061451882496,-10.1977178377013,0],[-50.8058712885645,-10.1977176750531,0],[-50.8058714528647,-10.1974463432478,0],[-50.8055975538537,-10.1974461799165,0],[-50.8050497554077,-10.1974458533244,0],[-50.805049920399,-10.1971745209132,0]]],[[[-50.7732813154515,-10.1919987105021,0],[-50.7732818907543,-10.1911847146556,0],[-50.7730079974483,-10.1911845245746,0],[-50.7730095332054,-10.1890138688276,0],[-50.7757484479759,-10.1890157588995,0],[-50.7757478790558,-10.1898297549925,0],[-50.777117340115,-10.1898306915009,0],[-50.7771152664063,-10.1928153437754,0],[-50.7743763189382,-10.1928134644607,0],[-50.7743768915091,-10.1919994685929,0],[-50.7732813154515,-10.1919987105021,0]]],[[[-50.8179253346616,-10.1933832917652,0],[-50.8179318002769,-10.1819873162234,0],[-50.8182056862863,-10.1819874685269,0],[-50.8182063009554,-10.1809021363921,0],[-50.8182064545572,-10.1806308035009,0],[-50.818480339414,-10.1806309552646,0],[-50.818480799499,-10.1798169568412,0],[-50.8187546841032,-10.1798171086533,0],[-50.818754837225,-10.1795457757358,0],[-50.8203981422395,-10.1795466817694,0],[-50.8203979905061,-10.1798180147116,0],[-50.8236846044645,-10.1798198020716,0],[-50.8236844545907,-10.1800911347676,0],[-50.8239583395067,-10.1800912823732,0],[-50.8242322242082,-10.1800914297495,0],[-50.8242319271992,-10.1806340957247,0],[-50.8247796975405,-10.1806343895157,0],[-50.8247798455843,-10.1803630565224,0],[-50.8250537305297,-10.1803632030701,0],[-50.8250538783379,-10.1800918700683,0],[-50.8253277630561,-10.1800920163827,0],[-50.8253279106288,-10.1798206833725,0],[-50.8286145247917,-10.1798224212182,0],[-50.8286143799957,-10.1800937542757,0],[-50.8299838038939,-10.1800944686551,0],[-50.8299836602508,-10.1803658017276,0],[-50.8302330405613,-10.180365931207,0],[-50.8302167143673,-10.1836168957142,0],[-50.8302075097163,-10.1852276887126,0],[-50.8301798932717,-10.1881733319105,0],[-50.8301798891757,-10.1881741712318,0],[-50.8301798896305,-10.1887080994324,0],[-50.830180220619,-10.1887157955129,0],[-50.8302718051112,-10.1897781868391,0],[-50.830207580354,-10.1915489557095,0],[-50.8301937923039,-10.1918476978939,0],[-50.8302031826355,-10.1918919725529,0],[-50.8302513985031,-10.1919884031005,0],[-50.830251374764,-10.1920332625657,0],[-50.8297035845911,-10.1920329767149,0],[-50.8297018556989,-10.1952889708681,0],[-50.8302190960935,-10.1952892400324,0],[-50.8302397054274,-10.1965784898747,0],[-50.8302167391392,-10.1974695676533,0],[-50.8302167120032,-10.1974725360207,0],[-50.830221908807,-10.1981776170537,0],[-50.8288592808929,-10.1981630155861,0],[-50.8288368001999,-10.1981627749837,0],[-50.8272988801016,-10.198146295172,0],[-50.8254223102218,-10.1981261841047,0],[-50.825399759237,-10.1981259432284,0],[-50.824770148777,-10.1981191936061,0],[-50.8247702140977,-10.1979996917383,0],[-50.8244963141017,-10.1979995447018,0],[-50.8244962502059,-10.1981162572678,0],[-50.8242223516438,-10.1981133206999,0],[-50.8242224141098,-10.1979993974358,0],[-50.8231268141843,-10.1979988060749,0],[-50.8231269638849,-10.1977274733934,0],[-50.8228530641457,-10.1977273249831,0],[-50.8228532140739,-10.1974559923011,0],[-50.8225793145708,-10.1974558436652,0],[-50.8225794647267,-10.1971845109828,0],[-50.8223055654596,-10.1971843621213,0],[-50.8223066180549,-10.1952850332465,0],[-50.8220327204145,-10.1952848841837,0],[-50.8220328710001,-10.1950135514734,0],[-50.8217589735957,-10.195013402185,0],[-50.8217591244089,-10.1947420694742,0],[-50.8214852272404,-10.1947419199604,0],[-50.8214850761955,-10.1950132526671,0],[-50.8206633840202,-10.1950128028495,0],[-50.8195677942944,-10.1950121993237,0],[-50.8195676416228,-10.1952835322871,0],[-50.8190198464312,-10.1952832293402,0],[-50.8190199995663,-10.195011896385,0],[-50.8187461024273,-10.1950117448612,0],[-50.8187462555711,-10.1947404119055,0],[-50.8184723586681,-10.1947402601563,0],[-50.8184726665375,-10.1941975954345,0],[-50.8181987691897,-10.194197442559,0],[-50.8181992303966,-10.1933834451471,0],[-50.8179253346616,-10.1933832917652,0]],[[-50.8250461875042,-10.1942011808169,0],[-50.8247722898359,-10.1942010340654,0],[-50.8247714002397,-10.1958290305823,0],[-50.8253191965354,-10.1958293239025,0],[-50.8253190487188,-10.1961006557431,0],[-50.8255929471047,-10.1961008020627,0],[-50.8255927995148,-10.1963721357117,0],[-50.8264144953929,-10.1963725724005,0],[-50.8264149360623,-10.1955585750223,0],[-50.8261410381276,-10.1955584293993,0],[-50.8261420678359,-10.193659099039,0],[-50.8253203789226,-10.1936586617804,0],[-50.8253202320517,-10.1939299945618,0],[-50.825046334611,-10.1939298480439,0],[-50.8250461875042,-10.1942011808169,0]],[[-50.8275124249344,-10.1920318277495,0],[-50.8275127167334,-10.1914891620568,0],[-50.8269649277867,-10.1914888725361,0],[-50.8269647814259,-10.1917602053768,0],[-50.8272386770419,-10.1917603502564,0],[-50.8272385299957,-10.1920316830961,0],[-50.8275124249344,-10.1920318277495,0]]],[[[-50.7590439284644,-10.1852052281213,0],[-50.7590445394783,-10.1843912327681,0],[-50.759866201197,-10.1843918370237,0],[-50.7598664041625,-10.1841205052138,0],[-50.7606880652379,-10.184121107389,0],[-50.7606884697628,-10.1835784437231,0],[-50.7615101295005,-10.1835790438018,0],[-50.76151033106,-10.1833077119458,0],[-50.7637014220903,-10.1833093020225,0],[-50.7637012223825,-10.1835806339217,0],[-50.7639751090181,-10.1835808316547,0],[-50.7639737125273,-10.1854801548612,0],[-50.7628781595369,-10.1854793624022,0],[-50.7628779590897,-10.1857506942493,0],[-50.7626040706246,-10.1857504955558,0],[-50.7626034685548,-10.1865644910539,0],[-50.7656162496195,-10.1865666642451,0],[-50.765614069618,-10.1895513147085,0],[-50.7667096367255,-10.1895520983126,0],[-50.7667084529096,-10.1911800893727,0],[-50.7688995985082,-10.191181645821,0],[-50.7689003803284,-10.1900963182964,0],[-50.7710915188652,-10.1900978598898,0],[-50.7710891953818,-10.1933538427505,0],[-50.7702675100495,-10.193353266186,0],[-50.7702669269711,-10.194167261753,0],[-50.7698190085279,-10.1941669465603,0],[-50.7701733824209,-10.1911190754136,0],[-50.7645170988218,-10.191463020177,0],[-50.7645177059988,-10.1906358546538,0],[-50.7647915986716,-10.1906360518383,0],[-50.7647923943457,-10.1895507245962,0],[-50.7631490439518,-10.1895495381763,0],[-50.7631486433465,-10.1900922017419,0],[-50.7628747511706,-10.1900920031914,0],[-50.7628737484006,-10.1914486619997,0],[-50.7620520684319,-10.1914480648902,0],[-50.7620519461705,-10.1916128895837,0],[-50.7584911668086,-10.1918293351003,0],[-50.7584924771247,-10.1900887951762,0],[-50.760409721841,-10.190090205911,0],[-50.7604105322938,-10.1890048789787,0],[-50.757671620621,-10.1890028604209,0],[-50.7576732597803,-10.1868322067795,0],[-50.7590427062822,-10.1868332187063,0],[-50.7590431136991,-10.1862905551959,0],[-50.7598647802796,-10.1862911595665,0],[-50.7598655922666,-10.1852058324261,0],[-50.7590439284644,-10.1852052281213,0]]],[[[-50.7686305960162,-10.1843981539901,0],[-50.7705478081391,-10.1843995045226,0],[-50.7705462564446,-10.1865701605071,0],[-50.7686290313566,-10.1865688096809,0],[-50.7686305960162,-10.1843981539901,0]]],[[[-50.7579481721993,-10.185475750924,0],[-50.7579479675848,-10.1857470826729,0],[-50.7557568608439,-10.185745453674,0],[-50.7557585124154,-10.183574799911,0],[-50.7574018313246,-10.1835760227703,0],[-50.7574003959426,-10.1854753450615,0],[-50.7579481721993,-10.185475750924,0]]],[[[-50.7615119433327,-10.1811370569359,0],[-50.7615111372416,-10.1822223844768,0],[-50.7593200539797,-10.182220779899,0],[-50.7593214775391,-10.1803214569608,0],[-50.761238664034,-10.1803228615014,0],[-50.7612380588308,-10.1811368571879,0],[-50.7615119433327,-10.1811370569359,0]]],[[[-50.7502869022711,-10.1757020450507,0],[-50.752204059899,-10.1757035018716,0],[-50.7522069889921,-10.1719048562891,0],[-50.7500159776254,-10.1719031910691,0],[-50.7500178766495,-10.1694612045665,0],[-50.7494701280279,-10.1694607860736,0],[-50.7494722421138,-10.1667474674247,0],[-50.7522109623482,-10.1667495501624,0],[-50.7522111714134,-10.1664782182161,0],[-50.7544021459569,-10.1664798678785,0],[-50.7565931213103,-10.1664815028902,0],[-50.7565925051884,-10.1672954989841,0],[-50.7571402504164,-10.167295905481,0],[-50.7571394306885,-10.1683812335875,0],[-50.7576871777882,-10.1683816392128,0],[-50.7576849281467,-10.1713662912569,0],[-50.7571371759618,-10.1713658855101,0],[-50.7571369709521,-10.1716372174761,0],[-50.7568630946371,-10.1716370142536,0],[-50.7568628893904,-10.1719083462096,0],[-50.7557673832633,-10.171907531007,0],[-50.7557653212308,-10.1746208500981,0],[-50.7554914424013,-10.1746206456692,0],[-50.7554908229848,-10.1754346412923,0],[-50.7530259075359,-10.1754327909714,0],[-50.7530211090533,-10.1816734215798,0],[-50.750830030928,-10.1816717602304,0],[-50.7508285569442,-10.1835710818013,0],[-50.7475419210245,-10.1835685617851,0],[-50.7475412808953,-10.1843825564711,0],[-50.7497323769689,-10.1843842402882,0],[-50.74972983814,-10.1876402191768,0],[-50.7494559483316,-10.1876400094339,0],[-50.7494557364923,-10.187911340973,0],[-50.7491818464583,-10.187911130995,0],[-50.7491809981157,-10.1889964570836,0],[-50.7502765619929,-10.1889972957103,0],[-50.750276773161,-10.1887259641721,0],[-50.7510984454364,-10.1887265907161,0],[-50.751100129011,-10.1865559381123,0],[-50.7521956847171,-10.1865567701112,0],[-50.7521963131818,-10.1857427752427,0],[-50.7543874193188,-10.1857444280954,0],[-50.7543849273727,-10.1890004078656,0],[-50.7538371452458,-10.1889999958943,0],[-50.7538365207386,-10.1898139907021,0],[-50.7532887372455,-10.1898135777793,0],[-50.7532874852937,-10.1914415672061,0],[-50.7505485542815,-10.191439488486,0],[-50.7505487652714,-10.1911681569826,0],[-50.7478098371672,-10.1911660553702,0],[-50.7478113301445,-10.1892667351201,0],[-50.7469896566938,-10.1892661002822,0],[-50.7469898706472,-10.1889947688172,0],[-50.7464420888399,-10.1889943444562,0],[-50.7464423032505,-10.1887230129982,0],[-50.7456206312795,-10.1887223747533,0],[-50.7456208463788,-10.1884510433082,0],[-50.7453469559655,-10.1884508301068,0],[-50.7453486783955,-10.18628017843,0],[-50.7448009012919,-10.1862797514319,0],[-50.7448013327651,-10.1857370884909,0],[-50.7445274446855,-10.1857368746594,0],[-50.7445296040035,-10.183023559743,0],[-50.7439818324922,-10.1830231315083,0],[-50.7439822652089,-10.1824804684944,0],[-50.7437971824444,-10.1824803236015,0],[-50.7439059541625,-10.1748831199909,0],[-50.7445360783236,-10.1748836122968,0],[-50.7445365097511,-10.1743409489899,0],[-50.7486446858044,-10.1743441287448,0],[-50.7486440490607,-10.175158123958,0],[-50.748917928206,-10.175158334126,0],[-50.7489177161774,-10.1754296658605,0],[-50.7491915955599,-10.1754298758051,0],[-50.7491899009678,-10.1776005295648,0],[-50.748642138508,-10.177600109355,0],[-50.7486404398337,-10.1797707627356,0],[-50.7483665567618,-10.1797705522411,0],[-50.7483657063561,-10.1808558788007,0],[-50.7494612423814,-10.1808567194946,0],[-50.7494639938202,-10.177329407616,0],[-50.7502856368783,-10.1773300355072,0],[-50.7502869022711,-10.1757020450507,0]],[[-50.7450799603671,-10.1797680084279,0],[-50.7450806064382,-10.1789540136686,0],[-50.7442589595574,-10.1789533726101,0],[-50.744258311404,-10.1797673673171,0],[-50.7450799603671,-10.1797680084279,0]],[[-50.7459037558028,-10.1770553312804,0],[-50.7450821137257,-10.1770546924064,0],[-50.7450816831023,-10.1775973556466,0],[-50.7459033265674,-10.1775979945554,0],[-50.7459037558028,-10.1770553312804,0]],[[-50.7535767873234,-10.171363225825,0],[-50.7549461674529,-10.1713642533615,0],[-50.7549467879955,-10.1705502575697,0],[-50.7535774113336,-10.1705492301172,0],[-50.7535767873234,-10.171363225825,0]]],[[[-50.7565851076747,-10.1770634489579,0],[-50.7565849020815,-10.1773347808185,0],[-50.7568587832471,-10.1773349843864,0],[-50.7568569347304,-10.1797769709796,0],[-50.7543919857086,-10.1797751301683,0],[-50.7543926081798,-10.1789611348278,0],[-50.7546664906871,-10.1789613402626,0],[-50.7546679412967,-10.1770620176052,0],[-50.7565851076747,-10.1770634489579,0]]],[[[-50.7856214045906,-10.1697577744117,0],[-50.7856217664473,-10.1692151093298,0],[-50.7869911405163,-10.1692160026867,0],[-50.7869915000414,-10.1686733375381,0],[-50.7878131231567,-10.1686738707754,0],[-50.7878136603266,-10.1678598729753,0],[-50.7880875340151,-10.1678600502486,0],[-50.7880889643982,-10.1656893892123,0],[-50.7902799392978,-10.1656907988495,0],[-50.7902797623659,-10.1659621315331,0],[-50.7905536344819,-10.1659623067124,0],[-50.7905532810652,-10.1665049720758,0],[-50.7908271536483,-10.1665051470358,0],[-50.790826800674,-10.1670478123907,0],[-50.7911006737241,-10.1670479871313,0],[-50.7911003211921,-10.1675906524778,0],[-50.7913741947093,-10.167590826999,0],[-50.7913736665675,-10.1684048249993,0],[-50.791647540783,-10.1684049993057,0],[-50.791647189126,-10.1689476646264,0],[-50.7919210638087,-10.1689478387133,0],[-50.7919207125941,-10.1694905040255,0],[-50.792194587744,-10.1694906778929,0],[-50.7921942369716,-10.1700333438112,0],[-50.7921938861803,-10.1705760084823,0],[-50.7924677622598,-10.1705761821397,0],[-50.7924675870877,-10.1708475147805,0],[-50.7921937107771,-10.1708473411184,0],[-50.7921933599559,-10.1713900063773,0],[-50.7919194831879,-10.1713898324767,0],[-50.7919191318846,-10.171932497708,0],[-50.7916452546591,-10.1719323235689,0],[-50.7916449028738,-10.172474988483,0],[-50.7913710249722,-10.1724748141053,0],[-50.7913708490594,-10.1727461469858,0],[-50.7913706729233,-10.1730174792819,0],[-50.7910967945642,-10.1730173046656,0],[-50.7910966184102,-10.1732886375323,0],[-50.791096442033,-10.1735599698148,0],[-50.7908225632158,-10.1735597958643,0],[-50.7908223868213,-10.1738311278128,0],[-50.7908222102029,-10.1741024600815,0],[-50.7905483309288,-10.174102284988,0],[-50.7905481542925,-10.1743736178272,0],[-50.790547800568,-10.1749162829122,0],[-50.7902739208238,-10.1749161075754,0],[-50.790273389506,-10.175730105155,0],[-50.789999509073,-10.1757299295748,0],[-50.7899987996545,-10.1768152595989,0],[-50.7894510369528,-10.1768149077127,0],[-50.7894497920401,-10.1787142350149,0],[-50.7891759090774,-10.1787140586945,0],[-50.7891757309814,-10.1789853911434,0],[-50.7886279646083,-10.1789850378054,0],[-50.7886277860446,-10.1792563702403,0],[-50.7883539026342,-10.1792561932226,0],[-50.7883535450289,-10.1797988580693,0],[-50.7880796611608,-10.1797986808127,0],[-50.7880789449644,-10.1808840104328,0],[-50.7883528297582,-10.1808841877086,0],[-50.7883526509279,-10.1811555201072,0],[-50.7894481910786,-10.1811562269371,0],[-50.7894487247774,-10.1803422296702,0],[-50.7899964934943,-10.1803425816809,0],[-50.7899961386257,-10.1808852465492,0],[-50.7905439082881,-10.180885597662,0],[-50.7905437313092,-10.1811569300989,0],[-50.790269846244,-10.1811567547336,0],[-50.7899959609648,-10.1811565795911,0],[-50.7899957837372,-10.1814279113995,0],[-50.7897218982321,-10.1814277351997,0],[-50.7897217207675,-10.1816990679033,0],[-50.789721543079,-10.1819704009271,0],[-50.7894476571164,-10.1819702238738,0],[-50.7894474794104,-10.1822415565635,0],[-50.7891735941334,-10.1822413807959,0],[-50.7891734152785,-10.1825127125714,0],[-50.7886256426697,-10.1825123597228,0],[-50.7886254640414,-10.1827836911949,0],[-50.7883515776227,-10.1827835141146,0],[-50.7883513987573,-10.1830548464817,0],[-50.7872558522066,-10.1830541358484,0],[-50.7872556726289,-10.1833254684817,0],[-50.7864340127689,-10.183324932795,0],[-50.7864338315787,-10.1835962654087,0],[-50.7856121710699,-10.1835957276436,0],[-50.7856119889615,-10.183867060238,0],[-50.7853381018911,-10.1838668806161,0],[-50.7853379204594,-10.1841382129119,0],[-50.7850640329439,-10.1841380330556,0],[-50.7850636696021,-10.1846806976239,0],[-50.7850631245512,-10.1854946944427,0],[-50.7850629428574,-10.1857660267066,0],[-50.7847890539579,-10.1857658465916,0],[-50.784788690092,-10.1863085110962,0],[-50.7850625794545,-10.186308691221,0],[-50.7850623977453,-10.1865800234714,0],[-50.7853362871258,-10.1865802033716,0],[-50.7853361065557,-10.1868515362377,0],[-50.7856099956976,-10.1868517152984,0],[-50.7861577753844,-10.1868520739618,0],[-50.7861575945913,-10.1871234062228,0],[-50.7872531549519,-10.1871241208163,0],[-50.78725297508,-10.1873954530923,0],[-50.7880746460982,-10.1873959866433,0],[-50.788074466916,-10.1876673189292,0],[-50.788348357497,-10.1876674963255,0],[-50.7883476416441,-10.1887528254435,0],[-50.7886215331565,-10.1887530026297,0],[-50.7886211756632,-10.1892956671713,0],[-50.7888950676438,-10.1892958441377,0],[-50.7888948891212,-10.1895671764067,0],[-50.7891687813384,-10.1895673531484,0],[-50.7891684247415,-10.1901100176822,0],[-50.7891682462169,-10.1903813499423,0],[-50.7888943535235,-10.1903811731863,0],[-50.7888945320611,-10.1901098409309,0],[-50.7875250687339,-10.1901089537321,0],[-50.7875248890382,-10.1903802859634,0],[-50.7869771032793,-10.190379929468,0],[-50.7869769231152,-10.1906512616851,0],[-50.7861552438199,-10.1906507252063,0],[-50.7861550629558,-10.1909220574043,0],[-50.7845117031123,-10.1909209782215,0],[-50.7845133432139,-10.1884789885413,0],[-50.7839655608094,-10.1884786270663,0],[-50.7839664741138,-10.1871219660245,0],[-50.7834186940456,-10.187121603681,0],[-50.7834185109318,-10.1873929358885,0],[-50.7831446206738,-10.1873927543677,0],[-50.783143887241,-10.188478083133,0],[-50.7801310845544,-10.1884760710449,0],[-50.7801333151708,-10.1852200851896,0],[-50.7825983104966,-10.1852217329707,0],[-50.7825984942638,-10.1849504007421,0],[-50.7828723824277,-10.1849505826772,0],[-50.7828725659583,-10.1846792504392,0],[-50.7831464538958,-10.1846794321399,0],[-50.7831468204785,-10.1841367676404,0],[-50.7845162579282,-10.184137672655,0],[-50.7845178968802,-10.1816956819633,0],[-50.7839701260512,-10.1816953207339,0],[-50.7839704911322,-10.1811526561059,0],[-50.7823271815455,-10.1811515669743,0],[-50.7823281011005,-10.1797949054739,0],[-50.7820542173443,-10.1797947231743,0],[-50.7820556902148,-10.1776240645797,0],[-50.7839728636597,-10.1776253355861,0],[-50.7839726811883,-10.1778966679608,0],[-50.7842465633609,-10.1778968486213,0],[-50.7842458343495,-10.1789821780946,0],[-50.7845197174526,-10.1789823585456,0],[-50.7845219014652,-10.1757263698512,0],[-50.7834263801872,-10.1757256469081,0],[-50.7834265630802,-10.1754543145074,0],[-50.7828788029345,-10.1754539516708,0],[-50.7828791696302,-10.1749112868756,0],[-50.7806881329543,-10.1749098264439,0],[-50.7806886885094,-10.1740958293367,0],[-50.7801409307798,-10.1740954619676,0],[-50.7801411164169,-10.1738241295995,0],[-50.7798672377912,-10.1738239455763,0],[-50.7798687245501,-10.1716532865104,0],[-50.7801426013261,-10.1716534704935,0],[-50.780143714789,-10.1700254759753,0],[-50.7826085935237,-10.1700271212478,0],[-50.7826084100399,-10.1702984537235,0],[-50.7828822857119,-10.1702986353915,0],[-50.7828821024541,-10.1705699678677,0],[-50.7837037301944,-10.1705705115124,0],[-50.7837039127587,-10.1702991790214,0],[-50.7839777884512,-10.1702993597733,0],[-50.7839779707791,-10.1700280272729,0],[-50.7845257217172,-10.17002838808,0],[-50.7845259035778,-10.1697570555653,0],[-50.7856214045906,-10.1697577744117,0]]],[[[-50.7470039783065,-10.1710868821849,0],[-50.7453607245862,-10.1710856086371,0],[-50.7453609395247,-10.1708142769056,0],[-50.745087064157,-10.1708140638519,0],[-50.745089000412,-10.1683720781186,0],[-50.7467322402277,-10.1683733526935,0],[-50.746732667667,-10.1678306890784,0],[-50.7470065405285,-10.1678309006946,0],[-50.747006754008,-10.1675595688746,0],[-50.7491977352663,-10.1675612535165,0],[-50.7491947718944,-10.1713598992308,0],[-50.747003764749,-10.1713582139466,0],[-50.7470039783065,-10.1710868821849,0]]],[[[-50.7743946173278,-10.1667655766268,0],[-50.7749423623532,-10.166765953341,0],[-50.7749421724612,-10.1670372857295,0],[-50.7771331546246,-10.1670387834698,0],[-50.7771307095794,-10.1705661046428,0],[-50.7702838163427,-10.1705613738815,0],[-50.7702865303222,-10.1667627220823,0],[-50.7716558925224,-10.1667636793203,0],[-50.7716560851819,-10.1664923469892,0],[-50.7743948076766,-10.1664942442441,0],[-50.7743946173278,-10.1667655766268,0]]],[[[-50.7648074952009,-10.16892949333,0],[-50.7637119985856,-10.1689287049329,0],[-50.7637137930313,-10.1664867154949,0],[-50.7659047697126,-10.16648828824,0],[-50.7659043746832,-10.1670309526766,0],[-50.7667259924168,-10.1670315387107,0],[-50.7667240238702,-10.1697448607842,0],[-50.7648068997251,-10.1697434897929,0],[-50.7648074952009,-10.16892949333,0]]],[[[-50.8165699594592,-10.1686912357998,0],[-50.8165701142537,-10.1684199027314,0],[-50.8162962396153,-10.1684197492611,0],[-50.8162971696776,-10.1667917507816,0],[-50.8165710429294,-10.1667919042268,0],[-50.8165715072086,-10.165977904914,0],[-50.8168453797715,-10.1659780581178,0],[-50.8168455342915,-10.1657067250004,0],[-50.8173932789684,-10.1657070307129,0],[-50.8173931249105,-10.1659783638387,0],[-50.8173929708483,-10.16624969696,0],[-50.8173926627109,-10.166792363189,0],[-50.817118789446,-10.1667922104306,0],[-50.817118172195,-10.1678775428183,0],[-50.8168442980101,-10.1678773898142,0],[-50.816843834333,-10.1686913890454,0],[-50.8165699594592,-10.1686912357998,0]]],[[[-50.7601522424192,-10.1681121211127,0],[-50.7601536590491,-10.1662127964246,0],[-50.7628923769162,-10.1662147897723,0],[-50.7628911765436,-10.1678427827012,0],[-50.7623434301521,-10.1678423857982,0],[-50.7623432296082,-10.1681137179265,0],[-50.7601522424192,-10.1681121211127,0]]],[[[-50.7678214828056,-10.1670323168845,0],[-50.767822070489,-10.1662183201114,0],[-50.7700130459849,-10.1662198653438,0],[-50.7700124638472,-10.1670338622432,0],[-50.7678214828056,-10.1670323168845,0]]],[[[-50.8365764718352,-10.1418397969226,0],[-50.8363210696395,-10.1418396697281,0],[-50.8363235546595,-10.1410929408748,0],[-50.8363236367522,-10.1410678904679,0],[-50.8363273885332,-10.1399403354349,0],[-50.8365774343112,-10.1399404608411,0],[-50.8365775720425,-10.139669126395,0],[-50.8365854038457,-10.12420309031,0],[-50.8368592409842,-10.1242032262306,0],[-50.8368595153143,-10.1236605583266,0],[-50.8368597894104,-10.1231178901149,0],[-50.8365859529734,-10.1231177542091,0],[-50.8365860871824,-10.122852475099,0],[-50.839986539211,-10.1232586099846,0],[-50.8435887100188,-10.1236888406133,0],[-50.844444169842,-10.1237910110565,0],[-50.8471908900905,-10.1241190608731,0],[-50.8507930593225,-10.1245492906475,0],[-50.8543952405264,-10.1249795199935,0],[-50.8555552806568,-10.1250531895326,0],[-50.8578116102814,-10.1251964811961,0],[-50.8612279805393,-10.1254134404365,0],[-50.864644340334,-10.1256304004216,0],[-50.8666663900671,-10.1257588150472,0],[-50.8680607097361,-10.1258473602529,0],[-50.8716425999336,-10.126101249881,0],[-50.8717944003792,-10.1261120096183,0],[-50.8718136397976,-10.1261133728856,0],[-50.8752244807171,-10.1263551403549,0],[-50.8777775009808,-10.1265361051039,0],[-50.8788063703304,-10.12660902987,0],[-50.882388249591,-10.1268629202252,0],[-50.8867204402053,-10.1273540408438,0],[-50.8888886103834,-10.127599832841,0],[-50.8910526400425,-10.1278451506458,0],[-50.895384829904,-10.1283362704191,0],[-50.8997170307685,-10.1288273802647,0],[-50.8999997207194,-10.1288594286872,0],[-50.904049219787,-10.1293185000654,0],[-50.9084846595402,-10.1298189499804,0],[-50.9111108301109,-10.1301152644197,0],[-50.912920089825,-10.130319399851,0],[-50.9173555306989,-10.1308198505786,0],[-50.9191073203519,-10.1310175069245,0],[-50.919134990593,-10.131020628656,0],[-50.9217909602308,-10.1313203003405,0],[-50.9222219435806,-10.1332369698357,0],[-50.9222436116939,-10.1333333295727,0],[-50.9224671597401,-10.1343274807572,0],[-50.9224894088461,-10.1344264200993,0],[-50.9224960689901,-10.1344560405764,0],[-50.923143360699,-10.1373346602292,0],[-50.923819560374,-10.1403418396586,0],[-50.9228684686538,-10.144444450201,0],[-50.9228474203016,-10.1445352401548,0],[-50.9222219404263,-10.1472332909305,0],[-50.9218752801029,-10.1487286401406,0],[-50.921865838519,-10.1487693697321,0],[-50.9218604890173,-10.1487924499847,0],[-50.9209031397624,-10.1529220405167,0],[-50.9203871950905,-10.155437536161,0],[-50.9203720804957,-10.1554375324919,0],[-50.9203720613337,-10.1555113173649,0],[-50.9203629863774,-10.155555559859,0],[-50.9203315452728,-10.1557088570827,0],[-50.920098147507,-10.1557088012097,0],[-50.9200980803835,-10.1559801350073,0],[-50.9200979456932,-10.1565228035284,0],[-50.9198240807309,-10.1565227366896,0],[-50.9198240124578,-10.1567940713761,0],[-50.9198238097096,-10.1576080751546,0],[-50.9195499429132,-10.1576080071752,0],[-50.9195498753145,-10.1578793418421,0],[-50.9195495361993,-10.1592360136607,0],[-50.9192756682379,-10.159235946346,0],[-50.9192753959876,-10.1603212843274,0],[-50.919001527799,-10.1603212158724,0],[-50.9190014588065,-10.1605925504906,0],[-50.9190013905062,-10.1608638854294,0],[-50.9187275209447,-10.1608638167416,0],[-50.9187274526303,-10.1611351513494,0],[-50.9187273840952,-10.1614064862774,0],[-50.9184535140737,-10.161406417357,0],[-50.9184534455245,-10.1616777519539,0],[-50.9184531704339,-10.1627630891372,0],[-50.918179299478,-10.1627630208833,0],[-50.9181790924467,-10.1635770237181,0],[-50.9179052207999,-10.1635769552297,0],[-50.9179050130581,-10.1643909580186,0],[-50.918178885398,-10.1643910265126,0],[-50.9181788163779,-10.1646623607684,0],[-50.91848609297,-10.1646624373462,0],[-50.9179311575283,-10.166666669998,0],[-50.9174264795952,-10.16848939089,0],[-50.9163321202844,-10.1724418505048,0],[-50.9152377601684,-10.1763942998755,0],[-50.9149077203622,-10.1777777800031,0],[-50.9142867493372,-10.1803808100008,0],[-50.913335730028,-10.1843673098728,0],[-50.912384720481,-10.1883538202952,0],[-50.9123398032462,-10.1885400111029,0],[-50.9123355604046,-10.1885576005381,0],[-50.9122556418951,-10.1888888912785,0],[-50.91157363002,-10.1917160808313,0],[-50.9111108301286,-10.1936345499924,0],[-50.9107625396171,-10.195078340335,0],[-50.9107373174684,-10.1952020806143,0],[-50.9105500289355,-10.1953211051028,0],[-50.9105018419435,-10.1953210928124,0],[-50.9105018324783,-10.195351734526,0],[-50.9103455454952,-10.1954510567995,0],[-50.9103403029804,-10.1954546505327,0],[-50.9101537274544,-10.1955923309866,0],[-50.9099539675156,-10.1955922750929,0],[-50.909953927009,-10.1957397702737,0],[-50.9097861710181,-10.1958635634131,0],[-50.9096799921985,-10.1958635331752,0],[-50.9096799701152,-10.1959419314229,0],[-50.9090054844558,-10.1964396551618,0],[-50.9090024425918,-10.1964419986377,0],[-50.9079161766587,-10.1973165355374,0],[-50.9079104077768,-10.1973215942841,0],[-50.9073028349699,-10.1979015500824,0],[-50.9073002787407,-10.1979040890399,0],[-50.9064717710071,-10.1987602143954,0],[-50.9064690548738,-10.1987631467342,0],[-50.9063945217684,-10.1988472786039,0],[-50.9063923314683,-10.1988472779762,0],[-50.9063923307456,-10.1988497525387,0],[-50.9061542068523,-10.1991185432706,0],[-50.9061183512711,-10.1991185329671,0],[-50.9061183384965,-10.1991590322192,0],[-50.905913891529,-10.1993898077524,0],[-50.9058443687839,-10.1993897886235,0],[-50.9058443463305,-10.1994693345872,0],[-50.9056834207612,-10.1996610748922,0],[-50.9055703867465,-10.1996610422327,0],[-50.9055703555999,-10.1997667637448,0],[-50.9054622255597,-10.1998556701932,0],[-50.9052142754748,-10.1999322735884,0],[-50.9047485991255,-10.1999321381144,0],[-50.9047485572724,-10.2000729710904,0],[-50.9044242028886,-10.2001669431691,0],[-50.9042757905819,-10.2002033325704,0],[-50.9039268101318,-10.2002032301024,0],[-50.90392678445,-10.200288906387,0],[-50.9034686717937,-10.2004012318408,0],[-50.9034681814706,-10.200401353796,0],[-50.9031774031994,-10.2004743432809,0],[-50.9025572137543,-10.2004741579278,0],[-50.9025571663635,-10.2006300300039,0],[-50.902331689382,-10.2006866261452,0],[-50.9020884024819,-10.2007453521862,0],[-50.9020093247932,-10.2007453284692,0],[-50.9020093189497,-10.2007644402989,0],[-50.9014000516618,-10.2009115051224,0],[-50.9009125731468,-10.2010026224309,0],[-50.9008045139967,-10.2010162973979,0],[-50.9003658211012,-10.2010161638554,0],[-50.9003658047122,-10.2010718170734,0],[-50.8990614479154,-10.2012368838582,0],[-50.8985691925169,-10.201286944322,0],[-50.8981745073823,-10.2012868214979,0],[-50.8981744945898,-10.2013270828662,0],[-50.8974343497821,-10.2014023516091,0],[-50.8954936625189,-10.2015495126949,0],[-50.8953730774508,-10.2015572694948,0],[-50.8943397678235,-10.2015569368023,0],[-50.8943397448842,-10.2016237418123,0],[-50.8939203524971,-10.201650719298,0],[-50.893518016676,-10.201673710491,0],[-50.8935180555656,-10.2015566701933,0],[-50.8926963440247,-10.2015564012272,0],[-50.8926962890222,-10.2017206662026,0],[-50.8923096941702,-10.2017427575366,0],[-50.8923087236166,-10.2017428178143,0],[-50.8916006492702,-10.201790776886,0],[-50.8916007286726,-10.2015560393894,0],[-50.891326824841,-10.2015559483556,0],[-50.8913267389157,-10.2018093291698,0],[-50.8910629675632,-10.2018271938999,0],[-50.8894094044553,-10.2018266382241,0],[-50.8883137889943,-10.2018262658368,0],[-50.888313722243,-10.2020151708604,0],[-50.8882581420901,-10.2020189939277,0],[-50.8882522876375,-10.20201958524,0],[-50.887668853492,-10.2020973771428,0],[-50.8863963639404,-10.2020969374376,0],[-50.886122459695,-10.202096842111,0],[-50.8860664405802,-10.2020968228937,0],[-50.8860628741762,-10.202094734191,0],[-50.8858485991767,-10.2019759509926,0],[-50.8858486528009,-10.201825413428,0],[-50.8855768678971,-10.2018253174052,0],[-50.8852159550353,-10.2016252460632,0],[-50.8852091296631,-10.2016218257676,0],[-50.8842918842794,-10.201209066242,0],[-50.8837335272867,-10.200902427608,0],[-50.8837256466612,-10.2008985781992,0],[-50.8830326607581,-10.2006002728076,0],[-50.8826117473023,-10.2003943922822,0],[-50.8822256900892,-10.2001990922247,0],[-50.8822211763517,-10.2001961240185,0],[-50.8822884988674,-10.2001961482889,0],[-50.8822885976042,-10.1999248149187,0],[-50.8820146954735,-10.1999247169946,0],[-50.8820149951019,-10.1991107162514,0],[-50.88201519484,-10.1985680494765,0],[-50.8820167923419,-10.1942267152442,0],[-50.8822906896047,-10.194226813112,0],[-50.8822908896916,-10.1936841461701,0],[-50.8820169919793,-10.1936840483074,0],[-50.8820213811713,-10.1817453705336,0],[-50.8817474943458,-10.1817452716555,0],[-50.8817475942686,-10.1814739379853,0],[-50.8820214808627,-10.1814740368607,0],[-50.8820215805513,-10.1812027031833,0],[-50.8817476941887,-10.1812026043105,0],[-50.8817477941059,-10.1809312706314,0],[-50.8820216802371,-10.1809313695014,0],[-50.8820217799202,-10.1806600358151,0],[-50.8822956658228,-10.1806601344532,0],[-50.8822971572621,-10.1765901285784,0],[-50.8820232748299,-10.1765900299805,0],[-50.8820233744682,-10.1763186962223,0],[-50.8822972566691,-10.1763187948175,0],[-50.8822974554746,-10.1757761272822,0],[-50.8825713372157,-10.1757762256429,0],[-50.8825723287634,-10.1730628876704,0],[-50.8828462081947,-10.1730629857752,0],[-50.8828468016025,-10.1714349827603,0],[-50.8825729235585,-10.1714348846715,0],[-50.8825730226812,-10.1711635508225,0],[-50.8828469004941,-10.1711636489087,0],[-50.8828469993829,-10.1708923150527,0],[-50.8825731218012,-10.1708922169692,0],[-50.8825735182533,-10.1698068815109,0],[-50.8825738153442,-10.1689928804847,0],[-50.8822999396025,-10.1689927812866,0],[-50.8823013299522,-10.1651941067562,0],[-50.8820274572294,-10.165194008271,0],[-50.8820275567502,-10.1649226743243,0],[-50.8817536842612,-10.1649225756129,0],[-50.8817537840102,-10.1646512416644,0],[-50.8768240838525,-10.1646494257682,0],[-50.8768241877572,-10.1643780918647,0],[-50.8760025718482,-10.1643777820139,0],[-50.8760024672505,-10.164649115909,0],[-50.873811489775,-10.1646482795467,0],[-50.8738115962209,-10.1643769456745,0],[-50.8680602861185,-10.16437468059,0],[-50.8680601748211,-10.1646460144005,0],[-50.8677863027143,-10.1646459040187,0],[-50.8677858565694,-10.1657312392041,0],[-50.8672381105171,-10.1657310177296,0],[-50.86723833452,-10.165188350158,0],[-50.8669644619606,-10.1651882390834,0],[-50.866964686413,-10.1646455714999,0],[-50.8664169422279,-10.1646453486763,0],[-50.8664170549114,-10.1643740148838,0],[-50.8617612337815,-10.1643720839708,0],[-50.8617613503891,-10.1641007502265,0],[-50.8516281045003,-10.164096319123,0],[-50.8516279793451,-10.1643676527467,0],[-50.8513541076689,-10.1643675286352,0],[-50.8513539822792,-10.1646388622509,0],[-50.8510801103756,-10.1646387379072,0],[-50.8510791052828,-10.1668094066445,0],[-50.8513529790348,-10.1668095310154,0],[-50.85135260276,-10.1676235317281,0],[-50.8510787283147,-10.1676234073471,0],[-50.851078476985,-10.1681660744596,0],[-50.8513523518925,-10.1681661988474,0],[-50.8513518501153,-10.1692515330323,0],[-50.8510779742833,-10.1692514086309,0],[-50.8510690419271,-10.1885160782179,0],[-50.8510685381661,-10.1896014110419,0],[-50.8510684122171,-10.1898727442367,0],[-50.8513423056341,-10.1898728688954,0],[-50.8513419284606,-10.1906868684629,0],[-50.8510680343487,-10.1906867437939,0],[-50.8510669005527,-10.193128742223,0],[-50.8513407967498,-10.1931288669224,0],[-50.8513406709865,-10.1934002000621,0],[-50.8510667745578,-10.1934000753592,0],[-50.8510660185137,-10.1950280740826,0],[-50.8499704272724,-10.1950275728942,0],[-50.8499706811552,-10.1944849066983,0],[-50.8480533998647,-10.1944840208278,0],[-50.8480537855285,-10.1936700215725,0],[-50.8477798889108,-10.1936698941117,0],[-50.8477800176899,-10.1933985610209,0],[-50.8466844321822,-10.1933980488961,0],[-50.8466854696991,-10.1912273841202,0],[-50.8455898916636,-10.1912268684347,0],[-50.8455888467327,-10.1933975330985,0],[-50.8450410540299,-10.1933972738225,0],[-50.8450407918337,-10.1939399399294,0],[-50.8439452046185,-10.1939394185945,0],[-50.8439449405538,-10.194482084655,0],[-50.8436710432957,-10.1944819537403,0],[-50.8436706464756,-10.1952959527867,0],[-50.8453140342506,-10.1952967348954,0],[-50.8453137724665,-10.1958394009464,0],[-50.8466832646976,-10.1958400464249,0],[-50.8466828754706,-10.1966540455203,0],[-50.8472306737793,-10.1966543021254,0],[-50.8472301566135,-10.1977396342173,0],[-50.847777956791,-10.1977398899318,0],[-50.8477784721024,-10.1966545578121,0],[-50.84832627044,-10.1966548125803,0],[-50.8483253718526,-10.198554143791,0],[-50.8485992726494,-10.1985542708548,0],[-50.8485991444973,-10.1988256038704,0],[-50.8496947486479,-10.1988261098428,0],[-50.8496946214196,-10.1990974428675,0],[-50.85024242398,-10.1990976944825,0],[-50.8502422972118,-10.1993690275097,0],[-50.8513379033026,-10.1993695279971,0],[-50.8513362670512,-10.2028968568272,0],[-50.8510623622894,-10.2028967329102,0],[-50.8510618577799,-10.2039820641658,0],[-50.8502401416083,-10.2039816882823,0],[-50.850239507412,-10.2053383529679,0],[-50.8491438809684,-10.2053378485043,0],[-50.8491436254089,-10.2058805143197,0],[-50.8477740901149,-10.2058798785348,0],[-50.847773832221,-10.2064225442976,0],[-50.8474999247089,-10.2064224164442,0],[-50.8474994079496,-10.2075077479019,0],[-50.8469515910801,-10.2075074914777,0],[-50.8469517207394,-10.207236158627,0],[-50.8466778125422,-10.2072360300737,0],[-50.8466779424299,-10.2069646972219,0],[-50.8464040351626,-10.2069645684425,0],[-50.8464041643659,-10.2066932352995,0],[-50.8450346257729,-10.2066925879704,0],[-50.8450344944966,-10.2069639208056,0],[-50.844486678621,-10.2069636602579,0],[-50.8444865470954,-10.2072349933714,0],[-50.8442126389313,-10.2072348624594,0],[-50.8442131668135,-10.206149531442,0],[-50.8436653523522,-10.2061492695365,0],[-50.8436654847776,-10.2058779367055,0],[-50.8433915777845,-10.2058778054116,0],[-50.8433917104382,-10.2056064725797,0],[-50.8403787363131,-10.2056050132172,0],[-50.8403792770983,-10.2045196820029,0],[-50.8392836539686,-10.2045191444892,0],[-50.8392832456015,-10.2053331428629,0],[-50.8376398068458,-10.2053323296323,0],[-50.8376392567347,-10.2064176606459,0],[-50.8392827010587,-10.2064184739648,0],[-50.8392822926116,-10.207232472244,0],[-50.838460568125,-10.2072320672003,0],[-50.8384604321856,-10.2075033993258,0],[-50.8362691657848,-10.207502307427,0],[-50.836269303581,-10.2072309747166,0],[-50.8368171199126,-10.2072312490631,0],[-50.8368176728543,-10.206145918148,0],[-50.8351742301308,-10.20614509244,0],[-50.8351736716204,-10.2072304232654,0],[-50.8354475794407,-10.2072305614729,0],[-50.835447161213,-10.208044559556,0],[-50.8351732526966,-10.2080444213373,0],[-50.8348993439654,-10.2080442828885,0],[-50.8348994845371,-10.2077729499167,0],[-50.8346255751289,-10.2077728112414,0],[-50.8346257152343,-10.2075014785583,0],[-50.8332561741958,-10.2075007822767,0],[-50.8329822666506,-10.2075006419948,0],[-50.8329824072315,-10.2072293090397,0],[-50.832434591447,-10.207229028547,0],[-50.8307911433145,-10.2072281806825,0],[-50.8307912866607,-10.206956847754,0],[-50.8305226963834,-10.2069567084036,0],[-50.8305268394525,-10.2057095206528,0],[-50.8305393496489,-10.2019447497754,0],[-50.8305458121763,-10.2000000005286,0],[-50.8305518597412,-10.1981799707918,0],[-50.8305329598537,-10.196374734838,0],[-50.8313446716493,-10.1963751548534,0],[-50.8313449570894,-10.1958324891959,0],[-50.831618855333,-10.1958326304604,0],[-50.8316189978152,-10.1955612976211,0],[-50.831892895831,-10.1955614386521,0],[-50.8318930380775,-10.1952901058044,0],[-50.8329886292534,-10.1952906676176,0],[-50.8329891944917,-10.1942053361208,0],[-50.8318936070237,-10.1942047743687,0],[-50.8318941759061,-10.1931194428611,0],[-50.8305246960765,-10.1931187355826,0],[-50.8305248394457,-10.1928474027137,0],[-50.8307987353468,-10.1928475446247,0],[-50.8307998803019,-10.1906768814804,0],[-50.8304219312506,-10.1906766856384,0],[-50.8304544821644,-10.1897792023507,0],[-50.8304542104025,-10.1897682584456,0],[-50.8303687847985,-10.1887773268088,0],[-50.8305269895003,-10.1887774097545,0],[-50.830528135827,-10.186606745197,0],[-50.8303771829855,-10.1866066669346,0],[-50.8303873582128,-10.1855213399884,0],[-50.8305287098067,-10.1855214132632,0],[-50.8305288521499,-10.1852500811723,0],[-50.8303899008578,-10.1852500091442,0],[-50.8303900962698,-10.1852292043302,0],[-50.8303900982688,-10.1852288769227,0],[-50.83039462918,-10.1844360114629,0],[-50.8305292828091,-10.1844360812569,0],[-50.8305294251362,-10.1841647491481,0],[-50.8303961794071,-10.1841646791815,0],[-50.8303993039328,-10.1836178885456,0],[-50.8304006456323,-10.1833506822144,0],[-50.8305298548338,-10.1833507500827,0],[-50.8305305718293,-10.1819940842697,0],[-50.8308044575547,-10.181994226026,0],[-50.8308064588111,-10.1781955628178,0],[-50.8305325756309,-10.1781954211151,0],[-50.8305361531292,-10.1714120918647,0],[-50.8308100305278,-10.171412233471,0],[-50.8308101733443,-10.1711409002387,0],[-50.8305362961769,-10.1711407586362,0],[-50.8305364392206,-10.1708694254034,0],[-50.8308103161568,-10.170869567002,0],[-50.8308104589653,-10.1705982337608,0],[-50.8305365822603,-10.1705980921661,0],[-50.8305367252959,-10.1703267589242,0],[-50.8308106017698,-10.1703269005151,0],[-50.8308114585125,-10.1686989009467,0],[-50.8305375834255,-10.1686987593789,0],[-50.8305377264327,-10.1684274267203,0],[-50.8308116010704,-10.1684275673796,0],[-50.8308123148923,-10.1670709009268,0],[-50.8305384414101,-10.1670707602867,0],[-50.8305388703488,-10.1662567594682,0],[-50.8308127431373,-10.1662569010012,0],[-50.8308128860962,-10.1659855679737,0],[-50.8308130288325,-10.1657142346517,0],[-50.8310869013815,-10.1657143759482,0],[-50.831087043883,-10.1654430423281,0],[-50.8313609159858,-10.1654431842961,0],[-50.8313610591653,-10.1651718503433,0],[-50.831908802665,-10.1651721317761,0],[-50.8319086608609,-10.1654434651224,0],[-50.8327302778748,-10.1654438855667,0],[-50.8327304189858,-10.165172552209,0],[-50.8335520353423,-10.1651729705819,0],[-50.8335521757562,-10.1649016372082,0],[-50.8362908948897,-10.1649030168687,0],[-50.8362911710853,-10.1643603500329,0],[-50.836565042558,-10.1643604867326,0],[-50.8365764718352,-10.1418397969226,0]],[[-50.8483240876316,-10.2012674743241,0],[-50.8488718947793,-10.2012677282914,0],[-50.8488717659106,-10.2015390603606,0],[-50.8496934759852,-10.2015394395983,0],[-50.8496936032456,-10.201268106614,0],[-50.8499675063791,-10.2012682325637,0],[-50.8499676334037,-10.2009969004759,0],[-50.8496937305021,-10.2009967745297,0],[-50.8496938577554,-10.2007254415364,0],[-50.8483243453742,-10.2007248074724,0],[-50.8483240876316,-10.2012674743241,0]],[[-50.8349040975952,-10.1988189691628,0],[-50.8340823950842,-10.1988185528217,0],[-50.8340822546406,-10.1990898856413,0],[-50.8338083535797,-10.1990897463978,0],[-50.8338079315298,-10.1999037448183,0],[-50.8349035385796,-10.1999043004594,0],[-50.8349040975952,-10.1988189691628,0]],[[-50.8401103790624,-10.194480230668,0],[-50.8406581734849,-10.1944804982367,0],[-50.8406583092129,-10.1942091652522,0],[-50.8403844113181,-10.1942090324902,0],[-50.8403845463616,-10.1939376986,0],[-50.8401106496157,-10.1939375647081,0],[-50.8401103790624,-10.194480230668,0]],[[-50.8398371595888,-10.193123431914,0],[-50.8387415754391,-10.1931228931767,0],[-50.8387414390172,-10.193394226154,0],[-50.8384675427576,-10.1933940908922,0],[-50.8384669961048,-10.1944794227422,0],[-50.8398364820755,-10.1944800968292,0],[-50.8398371595888,-10.193123431914,0]],[[-50.8699894351271,-10.1345286977309,0],[-50.8702632816544,-10.1345288068579,0],[-50.8702633907627,-10.134257471622,0],[-50.8699895444652,-10.1342573634024,0],[-50.8699894351271,-10.1345286977309,0]],[[-50.8702638280762,-10.1331721342517,0],[-50.8702637189803,-10.1334434695055,0],[-50.8705375636775,-10.1334435765832,0],[-50.8705376734552,-10.1331722431357,0],[-50.8702638280762,-10.1331721342517,0]],[[-50.879026982516,-10.132904141986,0],[-50.879026779065,-10.1334468117764,0],[-50.8793006247699,-10.1334469115531,0],[-50.8793008286725,-10.1329042435665,0],[-50.879026982516,-10.132904141986,0]],[[-50.8790283046656,-10.129376793792,0],[-50.8793021469163,-10.1293768953364,0],[-50.8793022483699,-10.1291055608259,0],[-50.8790284063493,-10.1291054592842,0],[-50.8790283046656,-10.129376793792,0]]]]},"properties":{"Id":1,"area_geo":18633.681,"area_ha":18633.6806741}}
]}
