{"type":"FeatureCollection", "features":[
{"type":"Feature","id":"ID_00000","geometry":{"type":"MultiPolygon","coordinates":[[[[-39.17344439822372,-16.69350895587321,0],[-39.17345417785156,-16.69349498934713,0],[-39.17386192958249,-16.69336445714489,0],[-39.17387665785088,-16.69336920331353,0],[-39.17389219793442,-16.69338278157148,0],[-39.17395449880767,-16.69353018797083,0],[-39.17396365407374,-16.69355184954005,0],[-39.17399360609703,-16.69362271795752,0],[-39.17399407411803,-16.69362373453966,0],[-39.17402864005115,-16.69369884867436,0],[-39.17403029267843,-16.69370397645764,0],[-39.17403120361336,-16.69370624919711,0],[-39.17403242394769,-16.69370838336771,0],[-39.17403392925943,-16.69371034011889,0],[-39.17404820903111,-16.69372627699964,0],[-39.17408369486969,-16.69376588027443,0],[-39.17408596102322,-16.69376801356497,0],[-39.17413066556443,-16.69380295901219,0],[-39.17413375737615,-16.69380537636065,0],[-39.17413437590775,-16.69380583958108,0],[-39.17418900786316,-16.69384501903227,0],[-39.17419084074061,-16.69384618000565,0],[-39.17419235997449,-16.69384693626074,0],[-39.17425701012027,-16.69387562653672,0],[-39.17433258341929,-16.69390813503521,0],[-39.17433354423286,-16.69390851841663,0],[-39.17436744759929,-16.69392097831432,0],[-39.17437074904684,-16.69392184244786,0],[-39.1743735903556,-16.69392211034335,0],[-39.17441826129711,-16.69392302910892,0],[-39.17442102438584,-16.69392288937548,0],[-39.17442373553272,-16.69392235916718,0],[-39.17442633659525,-16.69392145028474,0],[-39.17446404354214,-16.69390515412343,0],[-39.17446576204513,-16.69390430745502,0],[-39.17446779527899,-16.6939029958764,0],[-39.17449755535043,-16.69388096614622,0],[-39.17449922833151,-16.69387956899313,0],[-39.1745007182482,-16.6938779921027,0],[-39.17450200542238,-16.69387625628305,0],[-39.1745308477508,-16.69383207443001,0],[-39.17456275564436,-16.69378104054364,0],[-39.17456311900723,-16.69378042010803,0],[-39.1745903915627,-16.69373150453229,0],[-39.17461080066364,-16.69370276521149,0],[-39.17463014339747,-16.69369374526705,0],[-39.17464649270068,-16.6936956216894,0],[-39.1746781954928,-16.69371001790716,0],[-39.17471956395934,-16.69373685645309,0],[-39.17473931529376,-16.69375015718542,0],[-39.1747406939165,-16.69375100214508,0],[-39.17474355960471,-16.6937522960303,0],[-39.17477042004964,-16.69376185732657,0],[-39.17477296067124,-16.69376256299602,0],[-39.17477557882332,-16.69376291695243,0],[-39.17477822291261,-16.69376291291149,0],[-39.17483353244388,-16.69375905863736,0],[-39.17487992376808,-16.69375711656691,0],[-39.17488256290435,-16.69375682325578,0],[-39.1749383221358,-16.69374622037581,0],[-39.17494112124314,-16.69374546680377,0],[-39.17494258204558,-16.69374488431089,0],[-39.17499144458301,-16.69372304537255,0],[-39.17504929593177,-16.69370474693465,0],[-39.17504963995098,-16.69371069662869,0],[-39.17504984139453,-16.69371251887852,0],[-39.17506596980319,-16.69381068089229,0],[-39.17506633615811,-16.69381231768704,0],[-39.17512330883194,-16.69401968368018,0],[-39.17513052763685,-16.69407354834706,0],[-39.17512582821433,-16.69409487897856,0],[-39.17511256967362,-16.69410973623241,0],[-39.17499490887089,-16.69415007092589,0],[-39.1749918739445,-16.69415143036349,0],[-39.17498957357788,-16.69415294376023,0],[-39.17493642394349,-16.69419378523282,0],[-39.17493423373875,-16.69419576227667,0],[-39.17493240024255,-16.69419805269941,0],[-39.17489411749152,-16.69425468403738,0],[-39.17489279426122,-16.69425699482005,0],[-39.17489183416622,-16.69425946620393,0],[-39.1748912577947,-16.69426204664491,0],[-39.17488375144666,-16.69431372619217,0],[-39.1746416502771,-16.69435662462848,0],[-39.17448274844769,-16.69438279142866,0],[-39.17412045558566,-16.69449947020952,0],[-39.17410688672071,-16.69442243375133,0],[-39.17410308061529,-16.69440082554527,0],[-39.17411107299671,-16.69440191263489,0],[-39.17413014998777,-16.69440591747928,0],[-39.17414216656952,-16.69440844031499,0],[-39.17414450520839,-16.69440878366676,0],[-39.17414686985124,-16.69440884133949,0],[-39.17416363622286,-16.69440822879627,0],[-39.1741826359375,-16.69443356758756,0],[-39.17418354395337,-16.69443468323643,0],[-39.17418556167698,-16.6944369487156,0],[-39.17418777904209,-16.69443905583051,0],[-39.17419032903624,-16.6944407811866,0],[-39.17419313845373,-16.69444207512666,0],[-39.17419613222689,-16.69444290336271,0],[-39.17422095396309,-16.69444766632062,0],[-39.17422344827555,-16.69444797880518,0],[-39.17422596292975,-16.69444796764836,0],[-39.17422845290293,-16.69444763198409,0],[-39.17423087505478,-16.69444697817656,0],[-39.17426470141406,-16.69443543934004,0],[-39.17426732010385,-16.69443430806609,0],[-39.1742697292916,-16.69443280452947,0],[-39.17427187179389,-16.69443096403351,0],[-39.17429678665129,-16.69440601856279,0],[-39.17432830219286,-16.69438862749904,0],[-39.17436607149887,-16.69437272182154,0],[-39.17436795408487,-16.69437180450538,0],[-39.17436933117544,-16.69437095722144,0],[-39.17439909306644,-16.69435084122611,0],[-39.17440147655657,-16.69434892911145,0],[-39.17440349955154,-16.69434666474905,0],[-39.1744051086436,-16.69434410965444,0],[-39.17442096328026,-16.69431348216499,0],[-39.17442181040483,-16.69431157948078,0],[-39.17442246409713,-16.69430944192524,0],[-39.17442311442846,-16.69430670141903,0],[-39.17442351179376,-16.69430427209456,0],[-39.17442356490207,-16.69430181322896,0],[-39.17442341296752,-16.69429872807924,0],[-39.1744231463788,-16.69429643039121,0],[-39.17442248846717,-16.69429391788617,0],[-39.17442054738201,-16.69428825067455,0],[-39.17441955196046,-16.69428590840188,0],[-39.1744182265203,-16.69428372279558,0],[-39.17441141855314,-16.69427411382054,0],[-39.17441028607243,-16.69427267564159,0],[-39.17440881774689,-16.69427117537116,0],[-39.17439420636492,-16.69425785400527,0],[-39.17439336060725,-16.69425712791946,0],[-39.17439178474262,-16.6942559866189,0],[-39.17434609439698,-16.69422636739737,0],[-39.17434498981957,-16.69422570299993,0],[-39.17434271242524,-16.69422462918437,0],[-39.1742990190236,-16.69420744520289,0],[-39.1742983312701,-16.69420718995629,0],[-39.17429517243394,-16.69420637722832,0],[-39.17429191466464,-16.69420610516263,0],[-39.17428865739367,-16.69420638271524,0],[-39.17428598387374,-16.6942070376391,0],[-39.17425621245263,-16.69421662951142,0],[-39.17425572861497,-16.6942167926349,0],[-39.17425276588185,-16.69421812668954,0],[-39.17425008871908,-16.69421993690025,0],[-39.174247778678,-16.6942221671517,0],[-39.17424669189974,-16.69422354753758,0],[-39.1742254470283,-16.69425338585918,0],[-39.17419033200791,-16.69429294006027,0],[-39.17418859795634,-16.69429526474397,0],[-39.17416867075708,-16.69432701838449,0],[-39.17416821562209,-16.69432780432465,0],[-39.17415830570009,-16.69434599076343,0],[-39.17415722920096,-16.69434836551628,0],[-39.17415651674192,-16.69435086471175,0],[-39.17415618140684,-16.69435343590812,0],[-39.17415513677933,-16.69437235434021,0],[-39.17414782845885,-16.69437262174004,0],[-39.17411838038179,-16.69436643980391,0],[-39.17411762894928,-16.69436629760759,0],[-39.17411700981201,-16.69436620321078,0],[-39.17407892405677,-16.69436102110433,0],[-39.17407439870263,-16.69435719746694,0],[-39.17407395078152,-16.6943555923783,0],[-39.17407254873751,-16.69435270805903,0],[-39.1740429174972,-16.69430375724649,0],[-39.17404096133392,-16.69430110752334,0],[-39.17400796384254,-16.69426465613199,0],[-39.17397374964889,-16.69421763644397,0],[-39.17397176566868,-16.69421534019902,0],[-39.17396941619829,-16.694213389581,0],[-39.17396676506862,-16.69421183967891,0],[-39.17392704127544,-16.69419273855957,0],[-39.17392588900459,-16.69419222968421,0],[-39.17390050617679,-16.6941820243087,0],[-39.17390162010575,-16.69418162291028,0],[-39.17390444406752,-16.69418033779207,0],[-39.17390644825037,-16.69417904703488,0],[-39.17394054835018,-16.69415390495606,0],[-39.17394117165703,-16.69415342532367,0],[-39.17396338785639,-16.69413555127077,0],[-39.17399284822632,-16.69413048863322,0],[-39.17401675757875,-16.6941366110626,0],[-39.17401937022145,-16.69413709159012,0],[-39.17402202756032,-16.69413721229666,0],[-39.17404870528394,-16.69413659233236,0],[-39.17405124975305,-16.6941363651018,0],[-39.17405373858321,-16.69413580706198,0],[-39.1740561258236,-16.69413492819527,0],[-39.17405836646709,-16.69413374481115,0],[-39.17408068860524,-16.69411997291008,0],[-39.17408264580089,-16.69411858546503,0],[-39.17408476188487,-16.69411657504528,0],[-39.17410097310304,-16.69409851348154,0],[-39.17410259945529,-16.69409637239675,0],[-39.17410388326636,-16.69409402458909,0],[-39.1741047964443,-16.69409152160896,0],[-39.17410531933956,-16.69408891590365,0],[-39.17410839841033,-16.69406379898852,0],[-39.17410852778847,-16.69406166187503,0],[-39.17410850925664,-16.69406087723748,0],[-39.17410724436785,-16.69403337295428,0],[-39.17410697491788,-16.69403101831753,0],[-39.17410621074813,-16.69402820306804,0],[-39.17408750909173,-16.69397668209431,0],[-39.1740863052281,-16.69397409501714,0],[-39.17406393398052,-16.69393464885389,0],[-39.17406371133909,-16.69393426665833,0],[-39.17406183309259,-16.69393168647606,0],[-39.17405951901741,-16.69392946011583,0],[-39.17405683858274,-16.69392765441363,0],[-39.17405484737436,-16.69392669606335,0],[-39.17402878032109,-16.69391595521938,0],[-39.17402618234575,-16.6939150959127,0],[-39.17402348153426,-16.69391461093949,0],[-39.17402073698755,-16.69391451109777,0],[-39.17401800592326,-16.69391479905137,0],[-39.1739680700304,-16.69392400918224,0],[-39.17390836142389,-16.69392060707252,0],[-39.17390723772517,-16.69392057547357,0],[-39.17390509929562,-16.69392069478772,0],[-39.17382941582712,-16.69392912921073,0],[-39.17382829698979,-16.69392928744271,0],[-39.17382603793183,-16.69392981364759,0],[-39.17376153147074,-16.69394900232735,0],[-39.17376054784658,-16.69394932406552,0],[-39.17370092186223,-16.69397093038659,0],[-39.17369892947737,-16.69397178270244,0],[-39.17365551975066,-16.69399334556795,0],[-39.17365472005504,-16.6939937665889,0],[-39.17365204288966,-16.69399557679192,0],[-39.17364973284426,-16.69399780703678,0],[-39.17364785926702,-16.69400039037092,0],[-39.17364643532855,-16.69400337017424,0],[-39.17363648888681,-16.69403100590476,0],[-39.173635735424,-16.69403380615775,0],[-39.17363545312155,-16.69403694591127,0],[-39.17363574109567,-16.69404008518631,0],[-39.1736365898803,-16.69404312816912,0],[-39.17363718673998,-16.69404452069891,0],[-39.17365210486295,-16.69407560141948,0],[-39.17365357503616,-16.69407811686145,0],[-39.17365544266961,-16.69408037433609,0],[-39.17365765893743,-16.69408231602972,0],[-39.17369611756066,-16.6941109606582,0],[-39.17373582006797,-16.69414080110237,0],[-39.17373742776518,-16.69414188362267,0],[-39.17377715585319,-16.6941657677243,0],[-39.17377771892151,-16.69416609358765,0],[-39.17377857849494,-16.69416654214306,0],[-39.17381145435934,-16.69418265325857,0],[-39.17384021358971,-16.69419674653142,0],[-39.17384190825869,-16.69419754241672,0],[-39.1738431787649,-16.6941981099518,0],[-39.17391087135437,-16.6942253713009,0],[-39.17394576069679,-16.69424214783874,0],[-39.17397781865725,-16.69428620429528,0],[-39.17397892950866,-16.69428758373623,0],[-39.17401140966583,-16.6943234624449,0],[-39.17401692653854,-16.69433257713876,0],[-39.17392635878528,-16.69431855121369,0],[-39.17377390769247,-16.69425082757666,0],[-39.17369758835245,-16.69421692375927,0],[-39.17369480923383,-16.69421593713958,0],[-39.17369190294533,-16.69421538453617,0],[-39.17348482059764,-16.69419217141315,0],[-39.17348263692588,-16.69419205030264,0],[-39.17348218858796,-16.69419205610235,0],[-39.17330324161513,-16.69419632546186,0],[-39.17329087773983,-16.69419662056834,0],[-39.17322506288433,-16.69419209069039,0],[-39.17322250882205,-16.69419208288446,0],[-39.1732199775721,-16.69419240953136,0],[-39.17321751602658,-16.69419306426404,0],[-39.17321516919672,-16.69419403529307,0],[-39.17319335453747,-16.69420481270043,0],[-39.17323491100444,-16.69408962464083,0],[-39.17344439822372,-16.69350895587321,0]]]]},"properties":{"name":"ASP 26","description":"<html xmlns:fo=\"http://www.w3.org/1999/XSL/Format\" xmlns:msxsl=\"urn:schemas-microsoft-com:xslt\">\n\n<head>\n\n<META http-equiv=\"Content-Type\" content=\"text/html\">\n\n<meta http-equiv=\"content-type\" content=\"text/html; charset=UTF-8\">\n\n</head>\n\n<body style=\"margin:0px 0px 0px 0px;overflow:auto;background:#FFFFFF;\">\n\n<table style=\"font-family:Arial,Verdana,Times;font-size:12px;text-align:left;width:100%;border-collapse:collapse;padding:3px 3px 3px 3px\">\n\n<tr style=\"text-align:center;font-weight:bold;background:#9CBCE2\">\n\n<td>ASP 26</td>\n\n</tr>\n\n<tr>\n\n<td>\n\n<table style=\"font-family:Arial,Verdana,Times;font-size:12px;text-align:left;width:100%;border-spacing:0px; padding:3px 3px 3px 3px\">\n\n<tr>\n\n<td>FID</td>\n\n<td>52</td>\n\n</tr>\n\n<tr bgcolor=\"#D4E4F3\">\n\n<td>Talhão</td>\n\n<td>ASP 26</td>\n\n</tr>\n\n<tr>\n\n<td>AREA</td>\n\n<td>0</td>\n\n</tr>\n\n<tr bgcolor=\"#D4E4F3\">\n\n<td>FolderPath</td>\n\n<td></td>\n\n</tr>\n\n<tr>\n\n<td>SymbolID</td>\n\n<td>0</td>\n\n</tr>\n\n<tr bgcolor=\"#D4E4F3\">\n\n<td>AltMode</td>\n\n<td>0</td>\n\n</tr>\n\n<tr>\n\n<td>Base</td>\n\n<td>0</td>\n\n</tr>\n\n<tr bgcolor=\"#D4E4F3\">\n\n<td>Clamped</td>\n\n<td>0</td>\n\n</tr>\n\n<tr>\n\n<td>Extruded</td>\n\n<td>0</td>\n\n</tr>\n\n<tr bgcolor=\"#D4E4F3\">\n\n<td>Snippet</td>\n\n<td></td>\n\n</tr>\n\n<tr>\n\n<td>PopupInfo</td>\n\n<td></td>\n\n</tr>\n\n<tr bgcolor=\"#D4E4F3\">\n\n<td>Shape_Leng</td>\n\n<td>843,870614</td>\n\n</tr>\n\n<tr>\n\n<td>Área_ha</td>\n\n<td>1,168759</td>\n\n</tr>\n\n<tr bgcolor=\"#D4E4F3\">\n\n<td>AREA_REDUZ</td>\n\n<td></td>\n\n</tr>\n\n</table>\n\n</td>\n\n</tr>\n\n</table>\n\n</body>\n\n</html>"}},
{"type":"Feature","id":"ID_10000","geometry":{"type":"MultiPolygon","coordinates":[[[[-39.16738779399998,-16.68473495448042,0],[-39.16723486799998,-16.68466111648042,0],[-39.16710949699996,-16.68458782948041,0],[-39.16701734999997,-16.68444948948044,0],[-39.16701782999997,-16.68440825748043,0],[-39.16703110299994,-16.6843719144804,0],[-39.16711023799996,-16.6842372954804,0],[-39.16722985699994,-16.68408250848043,0],[-39.16732166699995,-16.68395912548042,0],[-39.16732267699997,-16.68395761548042,0],[-39.16732407499995,-16.68395470648042,0],[-39.16741074399994,-16.68372019148045,0],[-39.16741089999994,-16.68371975348046,0],[-39.16749631499994,-16.68346848048047,0],[-39.16753585099997,-16.68334905848047,0],[-39.16758402899995,-16.68321773648045,0],[-39.16758481999995,-16.68321483448045,0],[-39.16758493099997,-16.68321414848048,0],[-39.16760922099996,-16.68304216948049,0],[-39.16766126199997,-16.68293227748047,0],[-39.16771816099999,-16.68281757948047,0],[-39.16771921199995,-16.68281495548047,0],[-39.16771982599994,-16.68281220548045,0],[-39.16774960999992,-16.68260012248045,0],[-39.16779335099994,-16.68249305448047,0],[-39.16779352999999,-16.6824926004805,0],[-39.16779385799997,-16.68249164848045,0],[-39.16783198799993,-16.6823697164805,0],[-39.16795107499996,-16.68214235148051,0],[-39.16805659699998,-16.68194282248047,0],[-39.16805751699997,-16.68194078048051,0],[-39.16805776099994,-16.68194008848051,0],[-39.16807539599994,-16.68188662548048,0],[-39.16809043099994,-16.6818410424805,0],[-39.16809102999997,-16.68183868948049,0],[-39.16809126399994,-16.68183686548052,0],[-39.16810149299994,-16.68170006348047,0],[-39.16812630899994,-16.68156859148052,0],[-39.16821343699996,-16.68129448648051,0],[-39.16827038999998,-16.68114631548053,0],[-39.16833941799996,-16.68104837548054,0],[-39.16862674899994,-16.6808976524805,0],[-39.16882120499997,-16.68084494548056,0],[-39.16882268799998,-16.6808444774805,0],[-39.16901036099995,-16.68077539448053,0],[-39.16901214099993,-16.68077463448055,0],[-39.16915327399994,-16.68070575948054,0],[-39.16924529099997,-16.68066418348054,0],[-39.16924800399995,-16.68066268048052,0],[-39.16925041899998,-16.68066076248051,0],[-39.16931924899995,-16.68059612848056,0],[-39.16932060599999,-16.68059470948056,0],[-39.16940198199995,-16.68049889348056,0],[-39.16940321599998,-16.68049726348052,0],[-39.16946106999995,-16.68041109748057,0],[-39.16952820699998,-16.68033406348054,0],[-39.16965292799995,-16.68021404348055,0],[-39.16965481099994,-16.6802124614805,0],[-39.16975937799998,-16.68013590648055,0],[-39.16988185499997,-16.68006081248054,0],[-39.17005258599993,-16.68000390948057,0],[-39.17005569899993,-16.68000252448056,0],[-39.17005606599997,-16.68000231348056,0],[-39.17020289399994,-16.67991608948053,0],[-39.17020520399996,-16.67991448948052,0],[-39.17020750699992,-16.67991226648054,0],[-39.17029080399993,-16.67981652348053,0],[-39.17029268199997,-16.67981393648055,0],[-39.17029314699993,-16.67981310748056,0],[-39.17039620399999,-16.67961785348056,0],[-39.17039711799999,-16.67961582448054,0],[-39.17039756099996,-16.67961448848057,0],[-39.17045080599996,-16.67942950548057,0],[-39.17050711599995,-16.67927938148057,0],[-39.17058092199994,-16.67917998448057,0],[-39.17068847199994,-16.6790383714806,0],[-39.17081367999998,-16.67894014448058,0],[-39.17081610399998,-16.67893782348057,0],[-39.17081752299998,-16.67893596148059,0],[-39.17093420099997,-16.67876026848058,0],[-39.17103223499998,-16.67862959648058,0],[-39.17103302399995,-16.67862856248059,0],[-39.17103347799997,-16.6786279334806,0],[-39.17103410499994,-16.67862701048057,0],[-39.17104634199995,-16.67860917048058,0],[-39.17227543299997,-16.68039202648057,0],[-39.17255645299996,-16.68079965248052,0],[-39.17253267999996,-16.6808114794805,0],[-39.17224900799994,-16.68095260348054,0],[-39.17148587399998,-16.68130212848052,0],[-39.17116232299998,-16.68144608648048,0],[-39.17089374699999,-16.68158447548051,0],[-39.17073952999993,-16.6816875644805,0],[-39.17060599099995,-16.68180176848048,0],[-39.17049590399995,-16.6819815184805,0],[-39.17042291299998,-16.68210259348049,0],[-39.17000724699994,-16.68270424548048,0],[-39.16965594199996,-16.68322627348043,0],[-39.16925952999998,-16.68380074248043,0],[-39.16912670199996,-16.68399960348043,0],[-39.16895543699997,-16.68426523848044,0],[-39.16876773399996,-16.68435399848041,0],[-39.16876478599994,-16.68435535948039,0],[-39.16873358199996,-16.68437008348043,0],[-39.16873244799996,-16.68437066648042,0],[-39.16873095099993,-16.68437159548041,0],[-39.16864241199994,-16.68443243948044,0],[-39.16849893499995,-16.68448312248041,0],[-39.16834260399997,-16.68450629748044,0],[-39.16834218299994,-16.68450636448041,0],[-39.16833894999996,-16.68450720848042,0],[-39.16816956299994,-16.68456836448043,0],[-39.16816794099998,-16.68456903548044,0],[-39.16800158199993,-16.68464699648044,0],[-39.16777875799993,-16.68471937748041,0],[-39.16757381199994,-16.68475787648044,0],[-39.16745737799994,-16.68475968848044,0],[-39.16738779399998,-16.68473495448042,0]]]]},"properties":{"name":"FLP 2","description":"<html xmlns:fo=\"http://www.w3.org/1999/XSL/Format\" xmlns:msxsl=\"urn:schemas-microsoft-com:xslt\">\n\n<head>\n\n<META http-equiv=\"Content-Type\" content=\"text/html\">\n\n<meta http-equiv=\"content-type\" content=\"text/html; charset=UTF-8\">\n\n</head>\n\n<body style=\"margin:0px 0px 0px 0px;overflow:auto;background:#FFFFFF;\">\n\n<table style=\"font-family:Arial,Verdana,Times;font-size:12px;text-align:left;width:100%;border-collapse:collapse;padding:3px 3px 3px 3px\">\n\n<tr style=\"text-align:center;font-weight:bold;background:#9CBCE2\">\n\n<td>FLP 2</td>\n\n</tr>\n\n<tr>\n\n<td>\n\n<table style=\"font-family:Arial,Verdana,Times;font-size:12px;text-align:left;width:100%;border-spacing:0px; padding:3px 3px 3px 3px\">\n\n<tr>\n\n<td>FID</td>\n\n<td>0</td>\n\n</tr>\n\n<tr bgcolor=\"#D4E4F3\">\n\n<td>Talhão</td>\n\n<td>FLP 2</td>\n\n</tr>\n\n<tr>\n\n<td>AREA</td>\n\n<td>15</td>\n\n</tr>\n\n<tr bgcolor=\"#D4E4F3\">\n\n<td>FolderPath</td>\n\n<td>Document/SYMB_PAI_01_Parcels_PD</td>\n\n</tr>\n\n<tr>\n\n<td>SymbolID</td>\n\n<td>0</td>\n\n</tr>\n\n<tr bgcolor=\"#D4E4F3\">\n\n<td>AltMode</td>\n\n<td>0</td>\n\n</tr>\n\n<tr>\n\n<td>Base</td>\n\n<td>0</td>\n\n</tr>\n\n<tr bgcolor=\"#D4E4F3\">\n\n<td>Clamped</td>\n\n<td>-1</td>\n\n</tr>\n\n<tr>\n\n<td>Extruded</td>\n\n<td>0</td>\n\n</tr>\n\n<tr bgcolor=\"#D4E4F3\">\n\n<td>Snippet</td>\n\n<td></td>\n\n</tr>\n\n<tr>\n\n<td>PopupInfo</td>\n\n<td></td>\n\n</tr>\n\n<tr bgcolor=\"#D4E4F3\">\n\n<td>Shape_Leng</td>\n\n<td>0,017478</td>\n\n</tr>\n\n<tr>\n\n<td>Área_ha</td>\n\n<td>14,997981</td>\n\n</tr>\n\n<tr bgcolor=\"#D4E4F3\">\n\n<td>AREA_REDUZ</td>\n\n<td></td>\n\n</tr>\n\n</table>\n\n</td>\n\n</tr>\n\n</table>\n\n</body>\n\n</html>"}},
{"type":"Feature","id":"ID_10001","geometry":{"type":"MultiPolygon","coordinates":[[[[-39.17048663699995,-16.68214083648051,0],[-39.17056064899998,-16.68201806648048,0],[-39.17066461099995,-16.68184831848053,0],[-39.17074076999996,-16.68178318548051,0],[-39.17078597399995,-16.68174452748051,0],[-39.17093294499995,-16.68164628148052,0],[-39.17119576199997,-16.68151086048048,0],[-39.17151770099997,-16.6813676204805,0],[-39.17228232599996,-16.68101741248052,0],[-39.17259527199997,-16.68086172348051,0],[-39.17259733199995,-16.68085894948052,0],[-39.17304613099998,-16.6815099404805,0],[-39.17391741299997,-16.68277373148044,0],[-39.17429454199998,-16.68332074948045,0],[-39.17429247099994,-16.68333861848042,0],[-39.17424929799995,-16.68335995448046,0],[-39.17419922199997,-16.68335486248048,0],[-39.17416745099996,-16.68334221348044,0],[-39.17407343299994,-16.68330478248042,0],[-39.17407044399994,-16.68330386448047,0],[-39.17406733799994,-16.68330344148045,0],[-39.17389826599999,-16.68329416548045,0],[-39.17383860499996,-16.68327387448044,0],[-39.17379416099993,-16.68324427348045,0],[-39.17377424899997,-16.68318686448049,0],[-39.17377407999993,-16.68318639848047,0],[-39.17377302099992,-16.68318410848047,0],[-39.17374716999996,-16.68313725148045,0],[-39.17374684499998,-16.68313668548045,0],[-39.17374496699995,-16.68313410548046,0],[-39.17374265299998,-16.68313187848048,0],[-39.17373997299995,-16.68313007348046,0],[-39.17373700799993,-16.68312874448047,0],[-39.17373652399993,-16.68312858148044,0],[-39.17370666199997,-16.68311901648047,0],[-39.17347207899996,-16.68304596848048,0],[-39.17342341299996,-16.68303081348046,0],[-39.17306547399993,-16.68283691248048,0],[-39.17291112199996,-16.68269975248047,0],[-39.17290881799995,-16.68269800448048,0],[-39.17290625999993,-16.68269662448047,0],[-39.17290350899998,-16.68269564648046,0],[-39.17283698799996,-16.68267752448049,0],[-39.17283512799998,-16.68267711448045,0],[-39.17283186999998,-16.6826768424805,0],[-39.17282861299998,-16.68267712048045,0],[-39.17282545599993,-16.68267793848049,0],[-39.17282249299996,-16.68267927248048,0],[-39.17281981599995,-16.68268108248049,0],[-39.17281750599994,-16.68268331248044,0],[-39.17281581999998,-16.68268559148043,0],[-39.17275410999997,-16.68278429548049,0],[-39.17272485499996,-16.68280689248047,0],[-39.17267338199997,-16.68282173548045,0],[-39.17254761499999,-16.68283561748046,0],[-39.17250386199999,-16.68282407948044,0],[-39.17244510299997,-16.68278213748046,0],[-39.17244330399996,-16.68278100048047,0],[-39.17244033899994,-16.6827796714805,0],[-39.17243718099996,-16.68277885848046,0],[-39.17243392299997,-16.68277858648048,0],[-39.17243066599997,-16.68277886448045,0],[-39.17243009799996,-16.68277896948047,0],[-39.17238246099998,-16.68278857648045,0],[-39.17237990699994,-16.68278927648044,0],[-39.17237748099996,-16.68279031648047,0],[-39.17237523299997,-16.68279167748046,0],[-39.17237320499999,-16.6827933294805,0],[-39.17233827399997,-16.68282616848047,0],[-39.17229643399997,-16.68284171848045,0],[-39.17225428899996,-16.68282872848045,0],[-39.17216089899995,-16.68274156648044,0],[-39.17206831299995,-16.68252551148044,0],[-39.17206826199998,-16.68246881748048,0],[-39.17206809499993,-16.68246642548048,0],[-39.17206760199997,-16.6824640764805,0],[-39.17206678899999,-16.68246181148045,0],[-39.17206567399995,-16.68245966848049,0],[-39.17203180899998,-16.68240505348048,0],[-39.17203020199997,-16.68240285048046,0],[-39.17202827199998,-16.68240090348049,0],[-39.17202606299998,-16.68239925348049,0],[-39.17202362499995,-16.68239793748048,0],[-39.17194914999993,-16.68236451548048,0],[-39.17194763199996,-16.68236391048052,0],[-39.17194439899998,-16.68236308548048,0],[-39.17182622599995,-16.68234404348045,0],[-39.17158188599996,-16.68230359348049,0],[-39.17157869399995,-16.68230333248047,0],[-39.17157631399994,-16.6823034804805,0],[-39.17149095899998,-16.68231407448049,0],[-39.17149008099994,-16.68231420348049,0],[-39.17148692399996,-16.68231502148048,0],[-39.17148396199997,-16.68231635548047,0],[-39.17148128399998,-16.68231816548048,0],[-39.17148043399993,-16.68231889848047,0],[-39.17143238199997,-16.68236289948046,0],[-39.17143092199996,-16.68236439748048,0],[-39.17142904899998,-16.68236698048051,0],[-39.17142766999995,-16.68236983848044,0],[-39.17142682599995,-16.68237288248049,0],[-39.17142662599997,-16.68237431848049,0],[-39.17140372699998,-16.68260959348045,0],[-39.17137147499994,-16.68263628448046,0],[-39.17123549399997,-16.68266370648048,0],[-39.17115139599997,-16.68266098048048,0],[-39.17115074999998,-16.68266097048048,0],[-39.17114749199993,-16.68266124748046,0],[-39.17114433499995,-16.6826620654805,0],[-39.17114137299995,-16.68266339948048,0],[-39.17113869599996,-16.68266521048049,0],[-39.17113807899995,-16.68266573348047,0],[-39.17110237299994,-16.68269733448046,0],[-39.17110030699996,-16.68269948348047,0],[-39.17109862899997,-16.68270192748049,0],[-39.17109738299996,-16.68270459948048,0],[-39.17109660199998,-16.68270743148049,0],[-39.17108585599993,-16.68276467748047,0],[-39.17105188899995,-16.68279520948045,0],[-39.17098373799996,-16.68280183448048,0],[-39.17098331299997,-16.68280188048045,0],[-39.17088654399998,-16.68281344148045,0],[-39.17088396999998,-16.6828139274805,0],[-39.17088149099993,-16.68281475348045,0],[-39.17087915599996,-16.68281590648047,0],[-39.17087700999997,-16.68281736148049,0],[-39.17079242599993,-16.68288373348049,0],[-39.17079072099995,-16.6828853074805,0],[-39.17078996399994,-16.68288605348044,0],[-39.17074160599998,-16.68293555148047,0],[-39.17074088599998,-16.68293633248044,0],[-39.17073900099996,-16.68293893548049,0],[-39.17069392299993,-16.68301476848047,0],[-39.17065076999995,-16.68306046348044,0],[-39.17058725199996,-16.68310088848045,0],[-39.17058535599995,-16.68310226848046,0],[-39.17058365599996,-16.68310386948047,0],[-39.17058218099993,-16.68310566448048,0],[-39.17053471899993,-16.68317154248046,0],[-39.17049468599998,-16.68322451248048,0],[-39.17048281899997,-16.68324021548045,0],[-39.17041051899997,-16.68323869148049,0],[-39.17041009299994,-16.68323868748046,0],[-39.17040828699993,-16.68323877248048,0],[-39.17031598099993,-16.68324745948046,0],[-39.17031320399997,-16.68324792648048,0],[-39.17031053099998,-16.68324878748046,0],[-39.17030802099998,-16.68325002648043,0],[-39.17030573299996,-16.68325161348048,0],[-39.17028473299996,-16.68326862948043,0],[-39.17026694699997,-16.68324354048046,0],[-39.17001151999995,-16.68288323648045,0],[-39.16999203499995,-16.68285974748046,0],[-39.17006995099996,-16.68274396548049,0],[-39.17048663699995,-16.68214083648051,0]]]]},"properties":{"name":"FLP 01","description":"<html xmlns:fo=\"http://www.w3.org/1999/XSL/Format\" xmlns:msxsl=\"urn:schemas-microsoft-com:xslt\">\n\n<head>\n\n<META http-equiv=\"Content-Type\" content=\"text/html\">\n\n<meta http-equiv=\"content-type\" content=\"text/html; charset=UTF-8\">\n\n</head>\n\n<body style=\"margin:0px 0px 0px 0px;overflow:auto;background:#FFFFFF;\">\n\n<table style=\"font-family:Arial,Verdana,Times;font-size:12px;text-align:left;width:100%;border-collapse:collapse;padding:3px 3px 3px 3px\">\n\n<tr style=\"text-align:center;font-weight:bold;background:#9CBCE2\">\n\n<td>FLP 01</td>\n\n</tr>\n\n<tr>\n\n<td>\n\n<table style=\"font-family:Arial,Verdana,Times;font-size:12px;text-align:left;width:100%;border-spacing:0px; padding:3px 3px 3px 3px\">\n\n<tr>\n\n<td>FID</td>\n\n<td>1</td>\n\n</tr>\n\n<tr bgcolor=\"#D4E4F3\">\n\n<td>Talhão</td>\n\n<td>FLP 01</td>\n\n</tr>\n\n<tr>\n\n<td>AREA</td>\n\n<td>5</td>\n\n</tr>\n\n<tr bgcolor=\"#D4E4F3\">\n\n<td>FolderPath</td>\n\n<td>Document/SYMB_PAI_01_Parcels_PD</td>\n\n</tr>\n\n<tr>\n\n<td>SymbolID</td>\n\n<td>0</td>\n\n</tr>\n\n<tr bgcolor=\"#D4E4F3\">\n\n<td>AltMode</td>\n\n<td>0</td>\n\n</tr>\n\n<tr>\n\n<td>Base</td>\n\n<td>0</td>\n\n</tr>\n\n<tr bgcolor=\"#D4E4F3\">\n\n<td>Clamped</td>\n\n<td>-1</td>\n\n</tr>\n\n<tr>\n\n<td>Extruded</td>\n\n<td>0</td>\n\n</tr>\n\n<tr bgcolor=\"#D4E4F3\">\n\n<td>Snippet</td>\n\n<td></td>\n\n</tr>\n\n<tr>\n\n<td>PopupInfo</td>\n\n<td></td>\n\n</tr>\n\n<tr bgcolor=\"#D4E4F3\">\n\n<td>Shape_Leng</td>\n\n<td>0,012054</td>\n\n</tr>\n\n<tr>\n\n<td>Área_ha</td>\n\n<td>5,478383</td>\n\n</tr>\n\n<tr bgcolor=\"#D4E4F3\">\n\n<td>AREA_REDUZ</td>\n\n<td></td>\n\n</tr>\n\n</table>\n\n</td>\n\n</tr>\n\n</table>\n\n</body>\n\n</html>"}},
{"type":"Feature","id":"ID_10002","geometry":{"type":"MultiPolygon","coordinates":[[[[-39.16907260899995,-16.68421418748041,0],[-39.16932231699996,-16.68384034248042,0],[-39.16969585999993,-16.68329901448043,0],[-39.16970135999998,-16.68330253948044,0],[-39.16995285099995,-16.68365466848046,0],[-39.16995814999996,-16.68365728448046,0],[-39.16993530099995,-16.68370027248043,0],[-39.16972894799994,-16.68389737248047,0],[-39.16954974399994,-16.68404273748044,0],[-39.16935754299993,-16.68413449348045,0],[-39.16935647599996,-16.68413504448043,0],[-39.16935488499995,-16.68413603848043,0],[-39.16921788599996,-16.68423141748044,0],[-39.16909893899998,-16.68423906748044,0],[-39.16909747199998,-16.68423921848043,0],[-39.16905275899995,-16.68424552448041,0],[-39.16907260899995,-16.68421418748041,0]]]]},"properties":{"name":"FLP 01","description":"<html xmlns:fo=\"http://www.w3.org/1999/XSL/Format\" xmlns:msxsl=\"urn:schemas-microsoft-com:xslt\">\n\n<head>\n\n<META http-equiv=\"Content-Type\" content=\"text/html\">\n\n<meta http-equiv=\"content-type\" content=\"text/html; charset=UTF-8\">\n\n</head>\n\n<body style=\"margin:0px 0px 0px 0px;overflow:auto;background:#FFFFFF;\">\n\n<table style=\"font-family:Arial,Verdana,Times;font-size:12px;text-align:left;width:100%;border-collapse:collapse;padding:3px 3px 3px 3px\">\n\n<tr style=\"text-align:center;font-weight:bold;background:#9CBCE2\">\n\n<td>FLP 01</td>\n\n</tr>\n\n<tr>\n\n<td>\n\n<table style=\"font-family:Arial,Verdana,Times;font-size:12px;text-align:left;width:100%;border-spacing:0px; padding:3px 3px 3px 3px\">\n\n<tr>\n\n<td>FID</td>\n\n<td>2</td>\n\n</tr>\n\n<tr bgcolor=\"#D4E4F3\">\n\n<td>Talhão</td>\n\n<td>FLP 01</td>\n\n</tr>\n\n<tr>\n\n<td>AREA</td>\n\n<td>0</td>\n\n</tr>\n\n<tr bgcolor=\"#D4E4F3\">\n\n<td>FolderPath</td>\n\n<td>Document/SYMB_PAI_01_Parcels_PD</td>\n\n</tr>\n\n<tr>\n\n<td>SymbolID</td>\n\n<td>0</td>\n\n</tr>\n\n<tr bgcolor=\"#D4E4F3\">\n\n<td>AltMode</td>\n\n<td>0</td>\n\n</tr>\n\n<tr>\n\n<td>Base</td>\n\n<td>0</td>\n\n</tr>\n\n<tr bgcolor=\"#D4E4F3\">\n\n<td>Clamped</td>\n\n<td>-1</td>\n\n</tr>\n\n<tr>\n\n<td>Extruded</td>\n\n<td>0</td>\n\n</tr>\n\n<tr bgcolor=\"#D4E4F3\">\n\n<td>Snippet</td>\n\n<td></td>\n\n</tr>\n\n<tr>\n\n<td>PopupInfo</td>\n\n<td></td>\n\n</tr>\n\n<tr bgcolor=\"#D4E4F3\">\n\n<td>Shape_Leng</td>\n\n<td>0,002703</td>\n\n</tr>\n\n<tr>\n\n<td>Área_ha</td>\n\n<td>0,369972</td>\n\n</tr>\n\n<tr bgcolor=\"#D4E4F3\">\n\n<td>AREA_REDUZ</td>\n\n<td></td>\n\n</tr>\n\n</table>\n\n</td>\n\n</tr>\n\n</table>\n\n</body>\n\n</html>"}},
{"type":"Feature","id":"ID_10003","geometry":{"type":"MultiPolygon","coordinates":[[[[-39.17403709899997,-16.68548415848037,0],[-39.17403894799997,-16.68548160548039,0],[-39.17404007199997,-16.68547938548038,0],[-39.17406188499996,-16.68542765148036,0],[-39.17408298399993,-16.68537668448038,0],[-39.17413198799994,-16.68535378048039,0],[-39.17418174599993,-16.68536492648041,0],[-39.17442123499995,-16.6855197774804,0],[-39.17442355699995,-16.68552105748039,0],[-39.17442604399997,-16.68552200648042,0],[-39.17442864799995,-16.6855226044804,0],[-39.17443131099998,-16.68552283948042,0],[-39.17452679999997,-16.68552467448039,0],[-39.17452884199997,-16.68552458648042,0],[-39.17473411999998,-16.68550482148037,0],[-39.17478740199994,-16.68551968348037,0],[-39.17482542599998,-16.68555397648036,0],[-39.17483891699993,-16.68557849248042,0],[-39.17488128399998,-16.68571595748039,0],[-39.17488170799993,-16.68571717148039,0],[-39.17492401399994,-16.68582253048036,0],[-39.17492515199996,-16.68582485748036,0],[-39.17502930299997,-16.68600362348039,0],[-39.17503124099995,-16.68600630448041,0],[-39.17503365299996,-16.68600860848037,0],[-39.17509261899995,-16.6860549114804,0],[-39.17509453899993,-16.68605623548038,0],[-39.17509661599995,-16.68605731548039,0],[-39.17509881799998,-16.68605813548036,0],[-39.17517374399995,-16.68608094148037,0],[-39.17517586499998,-16.68608145848041,0],[-39.17535576999995,-16.68611467548035,0],[-39.17551575599998,-16.68619620648039,0],[-39.17556023099997,-16.68623436648037,0],[-39.17561030499996,-16.68632399848038,0],[-39.17562197099993,-16.68637919448039,0],[-39.17561877499997,-16.68647500248036,0],[-39.17560351399993,-16.68655319148037,0],[-39.17560328599996,-16.68655480648034,0],[-39.17559220999994,-16.68667356348035,0],[-39.17556705899995,-16.68671691248035,0],[-39.17554920899994,-16.68672842348037,0],[-39.17549317399994,-16.68673633748035,0],[-39.17535636399998,-16.68669533148036,0],[-39.17535403399995,-16.68669478848035,0],[-39.17535298999996,-16.68669464148037,0],[-39.17531577199998,-16.68669041048038,0],[-39.17531312399996,-16.68669029048034,0],[-39.17531048499995,-16.68669053248034,0],[-39.17530790699993,-16.68669113048039,0],[-39.17508272399994,-16.68675991548037,0],[-39.17494508399994,-16.68679015748035,0],[-39.17479766299994,-16.68681118048034,0],[-39.17479491499996,-16.68681177848039,0],[-39.17479229099996,-16.68681276548035,0],[-39.17476236199997,-16.68682661248035,0],[-39.17476108599993,-16.68682726148035,0],[-39.17475943899996,-16.68682829548033,0],[-39.17462352899997,-16.68692366848035,0],[-39.17448111799996,-16.68699818148036,0],[-39.17417001599995,-16.68710445648037,0],[-39.17409788299994,-16.68711285448035,0],[-39.17409472999998,-16.68711348948034,0],[-39.17409173599998,-16.68711463548034,0],[-39.17408898999997,-16.68711625848033,0],[-39.17406906299993,-16.68713043848032,0],[-39.17406700599997,-16.68713213548034,0],[-39.17406522499994,-16.68713410048036,0],[-39.17406375499996,-16.68713629348037,0],[-39.17406262799994,-16.68713866648034,0],[-39.17405108099996,-16.68716851348035,0],[-39.17401719599997,-16.68719727648034,0],[-39.17401521299997,-16.68719923448038,0],[-39.17401333899994,-16.68720181848034,0],[-39.17401195999998,-16.68720467548036,0],[-39.17401111699996,-16.68720772048033,0],[-39.17401083499993,-16.68721086048032,0],[-39.17401112299996,-16.68721399948031,0],[-39.17401197099996,-16.68721704248037,0],[-39.17401342899996,-16.68722001748034,0],[-39.17409146299997,-16.68734551348035,0],[-39.17410610799994,-16.68740930848035,0],[-39.17408742899995,-16.68749179248031,0],[-39.17403799999995,-16.68763453548035,0],[-39.17394634599998,-16.68781814248033,0],[-39.17390620999998,-16.68789328648032,0],[-39.17390525599995,-16.68789539248033,0],[-39.17390503199994,-16.68789602348032,0],[-39.17387404099998,-16.68798883648034,0],[-39.17383979299996,-16.68804826048032,0],[-39.17372965199996,-16.68814878948033,0],[-39.17361111199995,-16.68822392748032,0],[-39.17344782899994,-16.68830129948034,0],[-39.17332132299998,-16.68836119948034,0],[-39.17332020099997,-16.68836177648031,0],[-39.17331877499998,-16.68836265648033,0],[-39.17318857099997,-16.6884512614803,0],[-39.17318731999995,-16.68845219148031,0],[-39.17318643999994,-16.68845295248032,0],[-39.17309469599996,-16.68853733848029,0],[-39.17309326699996,-16.68853880748033,0],[-39.17309217999998,-16.68854018748029,0],[-39.17304446899994,-16.68860719748029,0],[-39.17304368199995,-16.68860840148029,0],[-39.17304309199994,-16.6886094704803,0],[-39.17299107099996,-16.68871176148032,0],[-39.17299089599993,-16.68871211448027,0],[-39.17294269799994,-16.68881230648033,0],[-39.17287569999996,-16.68890346148027,0],[-39.17275049899996,-16.68906286348027,0],[-39.17267700599996,-16.68912742348027,0],[-39.17261331399993,-16.6891709364803,0],[-39.17240913999996,-16.6892716114803,0],[-39.17230030199993,-16.6893085384803,0],[-39.17223312199997,-16.68928322248029,0],[-39.17216384399995,-16.68921264648031,0],[-39.17209219199998,-16.68908350348029,0],[-39.17207817499997,-16.68902858648028,0],[-39.17212716999995,-16.68878435648032,0],[-39.17218078999997,-16.68863477248028,0],[-39.17225821099998,-16.68848580648031,0],[-39.17232939199994,-16.6883530914803,0],[-39.17233035999993,-16.68835095848029,0],[-39.17233096799998,-16.6883490064803,0],[-39.17236744099995,-16.68820247948033,0],[-39.17236767599996,-16.6882013864803,0],[-39.17236782499998,-16.6882004134803,0],[-39.17239615899996,-16.68797257248033,0],[-39.17239624999996,-16.6879716244803,0],[-39.17240237499993,-16.68788312348032,0],[-39.17240241699995,-16.6878819044803,0],[-39.17240236999993,-16.68788063448032,0],[-39.17238290199998,-16.68761755448035,0],[-39.17238266099997,-16.68761568648033,0],[-39.17238248399997,-16.68761484148034,0],[-39.17234449499995,-16.68745342848035,0],[-39.17234382399994,-16.68745122948035,0],[-39.17234367399993,-16.68745084748035,0],[-39.17229665499997,-16.68733486748032,0],[-39.17225789799994,-16.68721545748037,0],[-39.17233590399997,-16.68718754648035,0],[-39.17254861499999,-16.68628768448038,0],[-39.17232779699998,-16.68592772248039,0],[-39.17231663499996,-16.68592344948039,0],[-39.17232128399996,-16.68591216748038,0],[-39.17232148299996,-16.68591166248039,0],[-39.17232171599994,-16.6859110054804,0],[-39.17237177999993,-16.68576023248038,0],[-39.17241431799994,-16.68571998448035,0],[-39.17248713299995,-16.68570345748042,0],[-39.17251736599997,-16.68570455748037,0],[-39.17274169599995,-16.68571271848041,0],[-39.17274241999996,-16.68571273148039,0],[-39.17274516899993,-16.68571253448037,0],[-39.17282556099997,-16.68570098648039,0],[-39.17282870099996,-16.68570026448041,0],[-39.17283166699997,-16.6856990344804,0],[-39.17283436899994,-16.68569733248038,0],[-39.17296885099995,-16.68559571248039,0],[-39.17304137099996,-16.6855708714804,0],[-39.17321687099997,-16.68556978548042,0],[-39.17321870999996,-16.68556968648037,0],[-39.17350108899996,-16.68554109748037,0],[-39.17388692199995,-16.6856413064804,0],[-39.17388856199995,-16.68564165748039,0],[-39.17389181899995,-16.68564192948041,0],[-39.17389507599995,-16.68564165148038,0],[-39.17389823399998,-16.68564083348041,0],[-39.17390119599998,-16.68563949948042,0],[-39.17390387299998,-16.6856376894804,0],[-39.17390619499997,-16.6856354434804,0],[-39.17403709899997,-16.68548415848037,0]]]]},"properties":{"name":"FLP 10","description":"<html xmlns:fo=\"http://www.w3.org/1999/XSL/Format\" xmlns:msxsl=\"urn:schemas-microsoft-com:xslt\">\n\n<head>\n\n<META http-equiv=\"Content-Type\" content=\"text/html\">\n\n<meta http-equiv=\"content-type\" content=\"text/html; charset=UTF-8\">\n\n</head>\n\n<body style=\"margin:0px 0px 0px 0px;overflow:auto;background:#FFFFFF;\">\n\n<table style=\"font-family:Arial,Verdana,Times;font-size:12px;text-align:left;width:100%;border-collapse:collapse;padding:3px 3px 3px 3px\">\n\n<tr style=\"text-align:center;font-weight:bold;background:#9CBCE2\">\n\n<td>FLP 10</td>\n\n</tr>\n\n<tr>\n\n<td>\n\n<table style=\"font-family:Arial,Verdana,Times;font-size:12px;text-align:left;width:100%;border-spacing:0px; padding:3px 3px 3px 3px\">\n\n<tr>\n\n<td>FID</td>\n\n<td>3</td>\n\n</tr>\n\n<tr bgcolor=\"#D4E4F3\">\n\n<td>Talhão</td>\n\n<td>FLP 10</td>\n\n</tr>\n\n<tr>\n\n<td>AREA</td>\n\n<td>8</td>\n\n</tr>\n\n<tr bgcolor=\"#D4E4F3\">\n\n<td>FolderPath</td>\n\n<td>Document/SYMB_PAI_01_Parcels_PD</td>\n\n</tr>\n\n<tr>\n\n<td>SymbolID</td>\n\n<td>0</td>\n\n</tr>\n\n<tr bgcolor=\"#D4E4F3\">\n\n<td>AltMode</td>\n\n<td>0</td>\n\n</tr>\n\n<tr>\n\n<td>Base</td>\n\n<td>0</td>\n\n</tr>\n\n<tr bgcolor=\"#D4E4F3\">\n\n<td>Clamped</td>\n\n<td>-1</td>\n\n</tr>\n\n<tr>\n\n<td>Extruded</td>\n\n<td>0</td>\n\n</tr>\n\n<tr bgcolor=\"#D4E4F3\">\n\n<td>Snippet</td>\n\n<td></td>\n\n</tr>\n\n<tr>\n\n<td>PopupInfo</td>\n\n<td></td>\n\n</tr>\n\n<tr bgcolor=\"#D4E4F3\">\n\n<td>Shape_Leng</td>\n\n<td>0,012875</td>\n\n</tr>\n\n<tr>\n\n<td>Área_ha</td>\n\n<td>7,986712</td>\n\n</tr>\n\n<tr bgcolor=\"#D4E4F3\">\n\n<td>AREA_REDUZ</td>\n\n<td></td>\n\n</tr>\n\n</table>\n\n</td>\n\n</tr>\n\n</table>\n\n</body>\n\n</html>"}},
{"type":"Feature","id":"ID_10004","geometry":{"type":"MultiPolygon","coordinates":[[[[-39.17639651199994,-16.68665234148035,0],[-39.17634780899994,-16.68662991348039,0],[-39.17631510599995,-16.68660715548039,0],[-39.17628548199997,-16.68658059748039,0],[-39.17626169899995,-16.68653746348038,0],[-39.17624440799995,-16.68648346748035,0],[-39.17622983699994,-16.68643099148036,0],[-39.17622130199994,-16.68637580048036,0],[-39.17622480699998,-16.68632305448036,0],[-39.17623058499999,-16.68628029748034,0],[-39.17624162599998,-16.68622039548038,0],[-39.17624191199997,-16.68621723648036,0],[-39.17624189899993,-16.68621657948038,0],[-39.17624037399998,-16.68617711648037,0],[-39.17623999399996,-16.68617411148036,0],[-39.17623909999998,-16.68617120848038,0],[-39.17622193799997,-16.6861288884804,0],[-39.17622070399995,-16.68612641648038,0],[-39.17622034399994,-16.68612584248038,0],[-39.17620021599998,-16.68609500748035,0],[-39.17617636199999,-16.68605843648036,0],[-39.17617483999993,-16.68605642548036,0],[-39.17617250199993,-16.68605417848036,0],[-39.17614565699994,-16.68603265648037,0],[-39.17614371599996,-16.6860312934804,0],[-39.17614160999995,-16.6860301804804,0],[-39.17613937399994,-16.68602933548036,0],[-39.17609990599993,-16.68601717148035,0],[-39.17609743299994,-16.68601658348037,0],[-39.17609660199997,-16.68601646148037,0],[-39.17606428299996,-16.6860124264804,0],[-39.17602204599996,-16.68599821948035,0],[-39.17598092799994,-16.68598127648037,0],[-39.17597995399996,-16.68598090548036,0],[-39.17597947099995,-16.68598074248038,0],[-39.17593746599993,-16.68596728648041,0],[-39.17589898899996,-16.6859408474804,0],[-39.17586367999996,-16.68590959348038,0],[-39.17582230399995,-16.6858593134804,0],[-39.17578438399994,-16.68580995848041,0],[-39.17574097599993,-16.68575545248038,0],[-39.17571949999996,-16.68572080148037,0],[-39.17571081199998,-16.68569516048039,0],[-39.17571258599997,-16.68566740448039,0],[-39.17572559999996,-16.68563911648037,0],[-39.17574441599993,-16.68560905948037,0],[-39.17574484499994,-16.68560832148039,0],[-39.17576491199998,-16.6855717104804,0],[-39.17576517899994,-16.68557120248038,0],[-39.17578263599995,-16.68553677448038,0],[-39.17579764199996,-16.6855129674804,0],[-39.17580165799995,-16.68550675148042,0],[-39.17580403799997,-16.6855102044804,0],[-39.17580843599995,-16.68551658348041,0],[-39.17582352699998,-16.68553847048041,0],[-39.17588086499995,-16.68562163648038,0],[-39.17588274799994,-16.68562436848042,0],[-39.17590190999994,-16.68563923248039,0],[-39.17600719699993,-16.68572090648039,0],[-39.17626481899998,-16.68592075248037,0],[-39.17635118299995,-16.68598774848035,0],[-39.17638634299993,-16.68601502248041,0],[-39.17681145499995,-16.68634479348039,0],[-39.17682152099996,-16.68635906248036,0],[-39.17682432699996,-16.68637029148035,0],[-39.17682022099996,-16.68639531748035,0],[-39.17680467599996,-16.68642346648036,0],[-39.17674391099996,-16.68649680748037,0],[-39.17668187999993,-16.68655740648036,0],[-39.17664349899997,-16.68658957048037,0],[-39.17660426799995,-16.68661798048034,0],[-39.17655173499998,-16.68663896148037,0],[-39.17649700199996,-16.68665339848038,0],[-39.17644568099996,-16.68665879048037,0],[-39.17639651199994,-16.68665234148035,0]]]]},"properties":{"name":"FLP 11","description":"<html xmlns:fo=\"http://www.w3.org/1999/XSL/Format\" xmlns:msxsl=\"urn:schemas-microsoft-com:xslt\">\n\n<head>\n\n<META http-equiv=\"Content-Type\" content=\"text/html\">\n\n<meta http-equiv=\"content-type\" content=\"text/html; charset=UTF-8\">\n\n</head>\n\n<body style=\"margin:0px 0px 0px 0px;overflow:auto;background:#FFFFFF;\">\n\n<table style=\"font-family:Arial,Verdana,Times;font-size:12px;text-align:left;width:100%;border-collapse:collapse;padding:3px 3px 3px 3px\">\n\n<tr style=\"text-align:center;font-weight:bold;background:#9CBCE2\">\n\n<td>FLP 11</td>\n\n</tr>\n\n<tr>\n\n<td>\n\n<table style=\"font-family:Arial,Verdana,Times;font-size:12px;text-align:left;width:100%;border-spacing:0px; padding:3px 3px 3px 3px\">\n\n<tr>\n\n<td>FID</td>\n\n<td>4</td>\n\n</tr>\n\n<tr bgcolor=\"#D4E4F3\">\n\n<td>Talhão</td>\n\n<td>FLP 11</td>\n\n</tr>\n\n<tr>\n\n<td>AREA</td>\n\n<td>0</td>\n\n</tr>\n\n<tr bgcolor=\"#D4E4F3\">\n\n<td>FolderPath</td>\n\n<td>Document/SYMB_PAI_01_Parcels_PD</td>\n\n</tr>\n\n<tr>\n\n<td>SymbolID</td>\n\n<td>0</td>\n\n</tr>\n\n<tr bgcolor=\"#D4E4F3\">\n\n<td>AltMode</td>\n\n<td>0</td>\n\n</tr>\n\n<tr>\n\n<td>Base</td>\n\n<td>0</td>\n\n</tr>\n\n<tr bgcolor=\"#D4E4F3\">\n\n<td>Clamped</td>\n\n<td>-1</td>\n\n</tr>\n\n<tr>\n\n<td>Extruded</td>\n\n<td>0</td>\n\n</tr>\n\n<tr bgcolor=\"#D4E4F3\">\n\n<td>Snippet</td>\n\n<td></td>\n\n</tr>\n\n<tr>\n\n<td>PopupInfo</td>\n\n<td></td>\n\n</tr>\n\n<tr bgcolor=\"#D4E4F3\">\n\n<td>Shape_Leng</td>\n\n<td>0,003415</td>\n\n</tr>\n\n<tr>\n\n<td>Área_ha</td>\n\n<td>0,474828</td>\n\n</tr>\n\n<tr bgcolor=\"#D4E4F3\">\n\n<td>AREA_REDUZ</td>\n\n<td></td>\n\n</tr>\n\n</table>\n\n</td>\n\n</tr>\n\n</table>\n\n</body>\n\n</html>"}},
{"type":"Feature","id":"ID_10005","geometry":{"type":"MultiPolygon","coordinates":[[[[-39.16526329699997,-16.70442709847986,0],[-39.16552144299993,-16.70434042547987,0],[-39.16552174399993,-16.70434032147987,0],[-39.16561883299994,-16.70430566747989,0],[-39.16571212099996,-16.70427641147988,0],[-39.16571252799997,-16.70427627947986,0],[-39.16578669399996,-16.7042511954799,0],[-39.16589393399994,-16.7042182414799,0],[-39.16601813399996,-16.70417743647987,0],[-39.16617459899992,-16.70412663647987,0],[-39.16629080899997,-16.7040948244799,0],[-39.16629262999993,-16.70409433247987,0],[-39.16629400899996,-16.70409394247991,0],[-39.16629569599996,-16.70409329347988,0],[-39.16643724599993,-16.7040420954799,0],[-39.16652414599997,-16.70412436447986,0],[-39.16658765999994,-16.70420281847985,0],[-39.16658808999994,-16.70420333147988,0],[-39.16658901899996,-16.7042043204799,0],[-39.16677403799997,-16.70438717747985,0],[-39.16674409799998,-16.70439847847988,0],[-39.16667894799997,-16.70442223147988,0],[-39.16661784599995,-16.70444113047988,0],[-39.16654977699994,-16.70445845147984,0],[-39.16648861499993,-16.70445963347986,0],[-39.16642767099995,-16.70445381047986,0],[-39.16642580499996,-16.70445372247989,0],[-39.16642417399999,-16.70445379247988,0],[-39.16638719799994,-16.70445693147989,0],[-39.16638403699994,-16.70445746447988,0],[-39.16638101799998,-16.70445850947985,0],[-39.16637822699994,-16.70446003547986,0],[-39.16635258799994,-16.70447699647989,0],[-39.16631743899995,-16.70449351047987,0],[-39.16628677899996,-16.70450652247989,0],[-39.16624722999995,-16.7045147234799,0],[-39.16621522399999,-16.70452044447987,0],[-39.16621299099996,-16.70452098247987,0],[-39.16616733899997,-16.7045348904799,0],[-39.16616656199994,-16.70453514547988,0],[-39.16616373799997,-16.70453640347987,0],[-39.16613737399996,-16.70455081347987,0],[-39.16613674199994,-16.70455117847989,0],[-39.16610499099994,-16.70457033747985,0],[-39.16610308399999,-16.70457165547984,0],[-39.16609171799996,-16.70458059547989,0],[-39.16606367699996,-16.7045922644799,0],[-39.16603765099996,-16.70459730247987,0],[-39.16601717299994,-16.70459731847987,0],[-39.16601582099997,-16.70459736647988,0],[-39.16599177799998,-16.70459906147987,0],[-39.16598269399997,-16.7045990684799,0],[-39.16595036599995,-16.70459937047989,0],[-39.16590894499996,-16.70459438847988,0],[-39.16590850999995,-16.70459434147986,0],[-39.16587810599998,-16.70459137647984,0],[-39.16587620199994,-16.70459128447985,0],[-39.16587423799995,-16.70459138547987,0],[-39.16583887399998,-16.70459500147989,0],[-39.16583758099996,-16.70459517847988,0],[-39.16583669599999,-16.70459535047989,0],[-39.16580381899996,-16.70460255247988,0],[-39.16580154599995,-16.70460319747989,0],[-39.16579929199997,-16.70460415547988,0],[-39.16575525899999,-16.70462631547989,0],[-39.16575454899998,-16.70462669047984,0],[-39.16575327299995,-16.7046274704799,0],[-39.16568320199997,-16.70467416647987,0],[-39.16568286399996,-16.70467439647987,0],[-39.16562477999997,-16.70471496147988,0],[-39.16555799699995,-16.70475913847988,0],[-39.16555701199997,-16.70475983847987,0],[-39.16552255699997,-16.70478597247986,0],[-39.16547517499998,-16.70481940047987,0],[-39.16543776999999,-16.70484078247985,0],[-39.16537887499993,-16.70487039547984,0],[-39.16532295199994,-16.70489321347988,0],[-39.16526228499998,-16.70491071247985,0],[-39.16520501999997,-16.70492803847988,0],[-39.16515918599998,-16.70494232747986,0],[-39.16511667599997,-16.70495366647983,0],[-39.16506161499995,-16.70496650447986,0],[-39.16502264399997,-16.70497461847984,0],[-39.16502017599998,-16.70497530547985,0],[-39.16501973899994,-16.70497546547986,0],[-39.16498053899995,-16.70499032547987,0],[-39.16497797599993,-16.70499152047987,0],[-39.16493031199997,-16.70501836747988,0],[-39.16492910399995,-16.70501910947987,0],[-39.16488122299996,-16.70505103747986,0],[-39.16483834299999,-16.70507788847984,0],[-39.16483853899996,-16.70507752947983,0],[-39.16481727899997,-16.70508580447985,0],[-39.16440915199996,-16.70515647347987,0],[-39.16392179799993,-16.70498702847985,0],[-39.16389669499995,-16.70492001447987,0],[-39.16389315499998,-16.70490710947987,0],[-39.16390791399994,-16.70489633647988,0],[-39.16397853999996,-16.70486512147984,0],[-39.16405910099997,-16.70483681747984,0],[-39.16416266699998,-16.70480821147984,0],[-39.16416340399996,-16.70480799347988,0],[-39.16432095699997,-16.70475764047987,0],[-39.16432140399996,-16.70475749047986,0],[-39.16451470899995,-16.70469044247987,0],[-39.16471181899993,-16.70462694847985,0],[-39.16485452899996,-16.70458017947987,0],[-39.16485500599999,-16.70458001647987,0],[-39.16487503299993,-16.70457276047986,0],[-39.16503389799993,-16.7045152014799,0],[-39.16526329699997,-16.70442709847986,0]]]]},"properties":{"name":"FLP 17","description":"<html xmlns:fo=\"http://www.w3.org/1999/XSL/Format\" xmlns:msxsl=\"urn:schemas-microsoft-com:xslt\">\n\n<head>\n\n<META http-equiv=\"Content-Type\" content=\"text/html\">\n\n<meta http-equiv=\"content-type\" content=\"text/html; charset=UTF-8\">\n\n</head>\n\n<body style=\"margin:0px 0px 0px 0px;overflow:auto;background:#FFFFFF;\">\n\n<table style=\"font-family:Arial,Verdana,Times;font-size:12px;text-align:left;width:100%;border-collapse:collapse;padding:3px 3px 3px 3px\">\n\n<tr style=\"text-align:center;font-weight:bold;background:#9CBCE2\">\n\n<td>FLP 17</td>\n\n</tr>\n\n<tr>\n\n<td>\n\n<table style=\"font-family:Arial,Verdana,Times;font-size:12px;text-align:left;width:100%;border-spacing:0px; padding:3px 3px 3px 3px\">\n\n<tr>\n\n<td>FID</td>\n\n<td>5</td>\n\n</tr>\n\n<tr bgcolor=\"#D4E4F3\">\n\n<td>Talhão</td>\n\n<td>FLP 17</td>\n\n</tr>\n\n<tr>\n\n<td>AREA</td>\n\n<td>1</td>\n\n</tr>\n\n<tr bgcolor=\"#D4E4F3\">\n\n<td>FolderPath</td>\n\n<td>Document/SYMB_PAI_01_Parcels_PD</td>\n\n</tr>\n\n<tr>\n\n<td>SymbolID</td>\n\n<td>0</td>\n\n</tr>\n\n<tr bgcolor=\"#D4E4F3\">\n\n<td>AltMode</td>\n\n<td>0</td>\n\n</tr>\n\n<tr>\n\n<td>Base</td>\n\n<td>0</td>\n\n</tr>\n\n<tr bgcolor=\"#D4E4F3\">\n\n<td>Clamped</td>\n\n<td>-1</td>\n\n</tr>\n\n<tr>\n\n<td>Extruded</td>\n\n<td>0</td>\n\n</tr>\n\n<tr bgcolor=\"#D4E4F3\">\n\n<td>Snippet</td>\n\n<td></td>\n\n</tr>\n\n<tr>\n\n<td>PopupInfo</td>\n\n<td></td>\n\n</tr>\n\n<tr bgcolor=\"#D4E4F3\">\n\n<td>Shape_Leng</td>\n\n<td>0,006312</td>\n\n</tr>\n\n<tr>\n\n<td>Área_ha</td>\n\n<td>1,289707</td>\n\n</tr>\n\n<tr bgcolor=\"#D4E4F3\">\n\n<td>AREA_REDUZ</td>\n\n<td></td>\n\n</tr>\n\n</table>\n\n</td>\n\n</tr>\n\n</table>\n\n</body>\n\n</html>"}},
{"type":"Feature","id":"ID_10006","geometry":{"type":"MultiPolygon","coordinates":[[[[-39.17241578499994,-16.70053042947999,0],[-39.17261917899998,-16.70039439947996,0],[-39.17279789199995,-16.70027457047999,0],[-39.17291955799993,-16.70019012647996,0],[-39.17313658699993,-16.70005378647998,0],[-39.17313776799994,-16.70005298047998,0],[-39.17341383499996,-16.69984869147998,0],[-39.17344411099998,-16.69987865848002,0],[-39.17374068999994,-16.70016773648,0],[-39.17373496099998,-16.70017390647999,0],[-39.17372141599998,-16.70028706847999,0],[-39.17376425299994,-16.70033518747997,0],[-39.17382860899993,-16.70054406948001,0],[-39.17392746899998,-16.70062616747995,0],[-39.17411144199996,-16.70053038448,0],[-39.17473077099993,-16.70114891947999,0],[-39.17480556399995,-16.70122361647998,0],[-39.17480579399995,-16.70122384747993,0],[-39.17482208799999,-16.70124011947998,0],[-39.17480626899992,-16.70128430247997,0],[-39.17477862099997,-16.70132140347995,0],[-39.17477823999997,-16.70132193447996,0],[-39.17475894099994,-16.70134988547995,0],[-39.17474403199998,-16.70136733247995,0],[-39.17473229199993,-16.70137766647997,0],[-39.17471556899994,-16.70138026047994,0],[-39.17468836399996,-16.70137722447993,0],[-39.17468683599999,-16.70137711547995,0],[-39.17464365199993,-16.70137571647997,0],[-39.17464119999995,-16.70137579147998,0],[-39.17463877999995,-16.70137617347997,0],[-39.17463643199994,-16.70137685847994,0],[-39.17461691999995,-16.70138410847996,0],[-39.17461485499995,-16.70138501747995,0],[-39.17459897899994,-16.70139316247997,0],[-39.17459840099997,-16.70139347247995,0],[-39.17459663099993,-16.70139459247998,0],[-39.17458522199996,-16.70140273447993,0],[-39.17458431499995,-16.70140342447997,0],[-39.17458362899998,-16.70140400847993,0],[-39.17457023799994,-16.70141597847994,0],[-39.17456940699999,-16.70141676947998,0],[-39.17454907499997,-16.70143735647997,0],[-39.17454828199993,-16.70143821147997,0],[-39.17454756799997,-16.70143908747998,0],[-39.17453120099999,-16.70146046647995,0],[-39.17447926499995,-16.70151716847993,0],[-39.17436768199997,-16.70161824947996,0],[-39.17424351399995,-16.70171957447996,0],[-39.17413693699996,-16.70179579647992,0],[-39.17410478999995,-16.70181824047994,0],[-39.17410358299998,-16.70181915847995,0],[-39.17406422699997,-16.70185234247993,0],[-39.17402650099996,-16.70188445247993,0],[-39.17402453799996,-16.70188639347992,0],[-39.17402393499998,-16.70188712447991,0],[-39.17400410399994,-16.70191249447993,0],[-39.17400302499993,-16.70191403147992,0],[-39.17397719399997,-16.70195528547991,0],[-39.17395758799995,-16.70198746847994,0],[-39.17393758699995,-16.70201620347995,0],[-39.17393726599994,-16.70201667847994,0],[-39.17392140499993,-16.70204108747992,0],[-39.17392104899995,-16.70204165747992,0],[-39.17392065199994,-16.70204235647996,0],[-39.17390776799994,-16.70206628647996,0],[-39.17390685999993,-16.70206825247992,0],[-39.17390620099997,-16.70207030847996,0],[-39.17390579799996,-16.70207242447991,0],[-39.17390234899995,-16.70209969347995,0],[-39.17390221199997,-16.70210206447994,0],[-39.17390273399996,-16.70212806247996,0],[-39.17390291399994,-16.70213023547995,0],[-39.17390336399995,-16.7021323724799,0],[-39.17390407799997,-16.70213444147992,0],[-39.17391701099996,-16.70216552447992,0],[-39.17391818499993,-16.70216784847996,0],[-39.17391848799997,-16.70216833547992,0],[-39.17393389699998,-16.70219223947992,0],[-39.17393460299996,-16.70219325647996,0],[-39.17396077099994,-16.70222831747995,0],[-39.17397053299994,-16.70225645947993,0],[-39.17397226199995,-16.70228398047992,0],[-39.17396791799996,-16.70230755147995,0],[-39.17396214899998,-16.70232547547993,0],[-39.17394447299995,-16.70235085847995,0],[-39.17391436899992,-16.70239183447993,0],[-39.17391339299996,-16.70239330947991,0],[-39.17388869899997,-16.70243528147993,0],[-39.17386493499998,-16.70247352947994,0],[-39.17386387199997,-16.70247555347991,0],[-39.17384702999993,-16.70251335747995,0],[-39.17384663399997,-16.70251432247992,0],[-39.17384621599996,-16.70251557347993,0],[-39.17383681399997,-16.70254763147992,0],[-39.17383657499994,-16.70254853447992,0],[-39.17382866299995,-16.70258202647992,0],[-39.17382847699997,-16.70258291647995,0],[-39.17382833499994,-16.7025838344799,0],[-39.17382200499997,-16.70263347047993,0],[-39.17381348599997,-16.70267654447994,0],[-39.17380083499995,-16.70271141147989,0],[-39.17378928799997,-16.70273640247992,0],[-39.17375725299996,-16.70278607847994,0],[-39.17375693199994,-16.70278659547991,0],[-39.17375653499994,-16.70278729447991,0],[-39.17371144299994,-16.70287104547988,0],[-39.17371120799993,-16.70287149647989,0],[-39.17363911699994,-16.7030150634799,0],[-39.17363876299999,-16.70301581147989,0],[-39.17360681299993,-16.70308759147993,0],[-39.17360637599995,-16.70308866747994,0],[-39.17355512999995,-16.70323078347991,0],[-39.17349464399996,-16.70339045047991,0],[-39.17346598199997,-16.7034458144799,0],[-39.17343488499995,-16.70348910747987,0],[-39.17336546499996,-16.70358180147992,0],[-39.17332944799995,-16.70362352747992,0],[-39.17329944899995,-16.70365041947991,0],[-39.17327521899995,-16.70366991347987,0],[-39.17324581399998,-16.70368180447992,0],[-39.17324443999996,-16.70368242447989,0],[-39.17320172599995,-16.7037037624799,0],[-39.17316422599998,-16.70372009847989,0],[-39.17316257799997,-16.70372091247987,0],[-39.17313800999995,-16.70373457147991,0],[-39.17313553899992,-16.70373621547992,0],[-39.17310343899993,-16.70376144247989,0],[-39.17310275099993,-16.70376201847988,0],[-39.17305239599995,-16.70380634247988,0],[-39.17300750799996,-16.70384328347988,0],[-39.17297321099994,-16.70386949747989,0],[-39.17293379299996,-16.70389095247987,0],[-39.17289604099994,-16.70391025347987,0],[-39.17289543899994,-16.70391057547988,0],[-39.17289324699993,-16.70391200547988,0],[-39.17286571699998,-16.70393283747989,0],[-39.17286523199994,-16.70393321747991,0],[-39.17286402699995,-16.70393428347989,0],[-39.17283019599995,-16.70396694447987,0],[-39.17278370899993,-16.70400683647988,0],[-39.17274199399998,-16.70404294247986,0],[-39.17269014999994,-16.70407174747985,0],[-39.17264397999998,-16.70409195447989,0],[-39.17260939699997,-16.7041042304799,0],[-39.17256900299998,-16.70411260747987,0],[-39.17256793299997,-16.70411286147986,0],[-39.17253356299994,-16.7041220544799,0],[-39.17250143599995,-16.70412841447988,0],[-39.17249917799995,-16.70412900547989,0],[-39.17245318399995,-16.70414406147988,0],[-39.17241162499993,-16.70415697447986,0],[-39.17241094899998,-16.7041571974799,0],[-39.17240918799996,-16.70415791747989,0],[-39.17236197199998,-16.70418000647987,0],[-39.17230792699996,-16.70420217747988,0],[-39.17226937599997,-16.70421872747987,0],[-39.17223153699996,-16.70422657447987,0],[-39.17219565599999,-16.7042266044799,0],[-39.17213737699995,-16.70421706547988,0],[-39.17210973399995,-16.70420883647987,0],[-39.17208614499998,-16.70420181347986,0],[-39.17203651999995,-16.70418427847987,0],[-39.17199838199997,-16.70416805947989,0],[-39.17196574199994,-16.7041537934799,0],[-39.17196439399993,-16.70415326347988,0],[-39.17196222099994,-16.7041526434799,0],[-39.17192051799999,-16.70414335047989,0],[-39.17192001399996,-16.70414324547986,0],[-39.17187607899996,-16.70413467147988,0],[-39.17187559699994,-16.7041345834799,0],[-39.17187433799995,-16.70413441347988,0],[-39.17183252999996,-16.70413013247991,0],[-39.17173884599998,-16.70412161147987,0],[-39.17164739199995,-16.70411094047988,0],[-39.17158604699995,-16.70410450347986,0],[-39.17152853899995,-16.70409951247988,0],[-39.17152683999996,-16.70409944047991,0],[-39.17145708699997,-16.70409949847986,0],[-39.17140000899996,-16.70409811647987,0],[-39.17139952199994,-16.70409811047986,0],[-39.17139714199994,-16.70409825847991,0],[-39.17133311899994,-16.70410620447989,0],[-39.17133224099996,-16.70410633347988,0],[-39.17133076299996,-16.70410664547988,0],[-39.17127940099994,-16.70411960447989,0],[-39.17127890699993,-16.70411973547987,0],[-39.17123275699998,-16.70413268847988,0],[-39.17116478499997,-16.7041517684799,0],[-39.17111102299998,-16.70415931247986,0],[-39.17107589199998,-16.70415865247989,0],[-39.17104368399999,-16.70415867747987,0],[-39.17104027299996,-16.70415898247988,0],[-39.17101704299995,-16.70416333447991,0],[-39.17101419299996,-16.7041640974799,0],[-39.17101356099994,-16.70416433247986,0],[-39.17098602199997,-16.70417511747989,0],[-39.17098533199994,-16.70417540447987,0],[-39.17094588599997,-16.70419265747988,0],[-39.17094473099996,-16.70419320947989,0],[-39.17090686499995,-16.70421289947989,0],[-39.17085161199998,-16.70423508247988,0],[-39.17080485399998,-16.70424690947986,0],[-39.17076159699996,-16.7042560654799,0],[-39.17070789099995,-16.70424475147988,0],[-39.17066590799993,-16.70421846947987,0],[-39.17062968299996,-16.70417959647988,0],[-39.17060354599994,-16.70414222447987,0],[-39.17058570499995,-16.70410724947986,0],[-39.17057724399996,-16.70407070647989,0],[-39.17056390399995,-16.7040095444799,0],[-39.17055347299998,-16.70394741547989,0],[-39.17055312199994,-16.70394584647987,0],[-39.17054055199998,-16.70389969147986,0],[-39.17052440399994,-16.70382406947988,0],[-39.17052431399998,-16.70382367047988,0],[-39.17051634299997,-16.7037901934799,0],[-39.17051602299995,-16.70378902647991,0],[-39.17050411199995,-16.70375088347987,0],[-39.17048572599998,-16.70368793147992,0],[-39.17046482199999,-16.70360646647987,0],[-39.17045181799995,-16.70352694947991,0],[-39.17045170099993,-16.7035263334799,0],[-39.17044110799998,-16.70347611447989,0],[-39.17044034699995,-16.7034735174799,0],[-39.17044005899993,-16.70347280347989,0],[-39.17042389399995,-16.70343514647987,0],[-39.17042316099997,-16.70343364047989,0],[-39.17041010999998,-16.70340973347988,0],[-39.17040985599994,-16.70340928347991,0],[-39.17035333699994,-16.70331251047993,0],[-39.17029304299996,-16.70320848547988,0],[-39.17024326199998,-16.7031234994799,0],[-39.17024307799994,-16.70312319747991,0],[-39.17018165199994,-16.70302412747993,0],[-39.17011771899996,-16.70291726147993,0],[-39.17009631599996,-16.70288138447992,0],[-39.17008044799996,-16.7028496944799,0],[-39.17007979199997,-16.70284849747995,0],[-39.17007862999998,-16.7028467924799,0],[-39.17005751099999,-16.70281930447989,0],[-39.17005679399995,-16.7028184284799,0],[-39.17005606099998,-16.70281763647992,0],[-39.16999313299993,-16.70275353347992,0],[-39.16995168399995,-16.70270544747992,0],[-39.16991028999996,-16.70265040047994,0],[-39.16986490399995,-16.70257724847991,0],[-39.16984278799998,-16.70253873047991,0],[-39.16983009899997,-16.7025047934799,0],[-39.16983007299996,-16.70247533247991,0],[-39.16983125299998,-16.70243790147991,0],[-39.16984234899996,-16.70231986847994,0],[-39.16984716799993,-16.70226830047992,0],[-39.16985680599998,-16.70222420347993,0],[-39.16987241899994,-16.70220677647993,0],[-39.16987270699996,-16.70220651747996,0],[-39.16992098299994,-16.70217555347993,0],[-39.17015579099996,-16.70203779547994,0],[-39.17015685899997,-16.70203712047991,0],[-39.17035538499994,-16.70190198947994,0],[-39.17051780299994,-16.70178820847996,0],[-39.17070987299996,-16.70166775947996,0],[-39.17071043299995,-16.70166739447996,0],[-39.17090689999998,-16.70153423047998,0],[-39.17111720699995,-16.70139056247996,0],[-39.17138016699994,-16.70121331747993,0],[-39.17158732699994,-16.70106977148,0],[-39.17181821899993,-16.70092146547997,0],[-39.17203557599998,-16.70078250947997,0],[-39.17220935899997,-16.70066841247997,0],[-39.17241578499994,-16.70053042947999,0]],[[-39.17169065599995,-16.70122233147993,0],[-39.17168511999996,-16.70121697247995,0],[-39.17145230299997,-16.70135184947999,0],[-39.17128979199998,-16.70154272347997,0],[-39.17135117099997,-16.70164919747991,0],[-39.17136652199997,-16.70170759947996,0],[-39.17166906799997,-16.70198816047996,0],[-39.17172393999994,-16.70197217747993,0],[-39.17192782099994,-16.70207925647997,0],[-39.17217239899998,-16.70201270047992,0],[-39.17257299799996,-16.70200547847997,0],[-39.17274177299998,-16.70196598747991,0],[-39.17278277899993,-16.70189282147993,0],[-39.17258014499998,-16.70172211147996,0],[-39.17245991099998,-16.70172895547995,0],[-39.17236427699992,-16.70165619247996,0],[-39.17228324299998,-16.70162745947994,0],[-39.17214444299999,-16.70151729947998,0],[-39.17200249599995,-16.70152418747995,0],[-39.17169065599995,-16.70122233147993,0]]]]},"properties":{"name":"FLP 28","description":"<html xmlns:fo=\"http://www.w3.org/1999/XSL/Format\" xmlns:msxsl=\"urn:schemas-microsoft-com:xslt\">\n\n<head>\n\n<META http-equiv=\"Content-Type\" content=\"text/html\">\n\n<meta http-equiv=\"content-type\" content=\"text/html; charset=UTF-8\">\n\n</head>\n\n<body style=\"margin:0px 0px 0px 0px;overflow:auto;background:#FFFFFF;\">\n\n<table style=\"font-family:Arial,Verdana,Times;font-size:12px;text-align:left;width:100%;border-collapse:collapse;padding:3px 3px 3px 3px\">\n\n<tr style=\"text-align:center;font-weight:bold;background:#9CBCE2\">\n\n<td>FLP 28</td>\n\n</tr>\n\n<tr>\n\n<td>\n\n<table style=\"font-family:Arial,Verdana,Times;font-size:12px;text-align:left;width:100%;border-spacing:0px; padding:3px 3px 3px 3px\">\n\n<tr>\n\n<td>FID</td>\n\n<td>6</td>\n\n</tr>\n\n<tr bgcolor=\"#D4E4F3\">\n\n<td>Talhão</td>\n\n<td>FLP 28</td>\n\n</tr>\n\n<tr>\n\n<td>AREA</td>\n\n<td>14</td>\n\n</tr>\n\n<tr bgcolor=\"#D4E4F3\">\n\n<td>FolderPath</td>\n\n<td>Document/SYMB_PAI_01_Parcels_PD</td>\n\n</tr>\n\n<tr>\n\n<td>SymbolID</td>\n\n<td>0</td>\n\n</tr>\n\n<tr bgcolor=\"#D4E4F3\">\n\n<td>AltMode</td>\n\n<td>0</td>\n\n</tr>\n\n<tr>\n\n<td>Base</td>\n\n<td>0</td>\n\n</tr>\n\n<tr bgcolor=\"#D4E4F3\">\n\n<td>Clamped</td>\n\n<td>-1</td>\n\n</tr>\n\n<tr>\n\n<td>Extruded</td>\n\n<td>0</td>\n\n</tr>\n\n<tr bgcolor=\"#D4E4F3\">\n\n<td>Snippet</td>\n\n<td></td>\n\n</tr>\n\n<tr>\n\n<td>PopupInfo</td>\n\n<td></td>\n\n</tr>\n\n<tr bgcolor=\"#D4E4F3\">\n\n<td>Shape_Leng</td>\n\n<td>0,018273</td>\n\n</tr>\n\n<tr>\n\n<td>Área_ha</td>\n\n<td>13,638789</td>\n\n</tr>\n\n<tr bgcolor=\"#D4E4F3\">\n\n<td>AREA_REDUZ</td>\n\n<td></td>\n\n</tr>\n\n</table>\n\n</td>\n\n</tr>\n\n</table>\n\n</body>\n\n</html>"}},
{"type":"Feature","id":"ID_10007","geometry":{"type":"MultiPolygon","coordinates":[[[[-39.16759026399995,-16.69958225848,0],[-39.16745138299996,-16.69950138448003,0],[-39.16724582799998,-16.69932122948002,0],[-39.16722701799995,-16.69930474348002,0],[-39.16728326799995,-16.69928428048002,0],[-39.16728396799994,-16.69928401048004,0],[-39.16751028799996,-16.69919150848,0],[-39.16757643099993,-16.69916447548002,0],[-39.16757576799995,-16.69918036248004,0],[-39.16775351999996,-16.69935071748002,0],[-39.16789494599993,-16.69949003248002,0],[-39.16784304999993,-16.69956371248002,0],[-39.16773017699995,-16.69961669548002,0],[-39.16759026399995,-16.69958225848,0]]]]},"properties":{"name":"FLP 27","description":"<html xmlns:fo=\"http://www.w3.org/1999/XSL/Format\" xmlns:msxsl=\"urn:schemas-microsoft-com:xslt\">\n\n<head>\n\n<META http-equiv=\"Content-Type\" content=\"text/html\">\n\n<meta http-equiv=\"content-type\" content=\"text/html; charset=UTF-8\">\n\n</head>\n\n<body style=\"margin:0px 0px 0px 0px;overflow:auto;background:#FFFFFF;\">\n\n<table style=\"font-family:Arial,Verdana,Times;font-size:12px;text-align:left;width:100%;border-collapse:collapse;padding:3px 3px 3px 3px\">\n\n<tr style=\"text-align:center;font-weight:bold;background:#9CBCE2\">\n\n<td>FLP 27</td>\n\n</tr>\n\n<tr>\n\n<td>\n\n<table style=\"font-family:Arial,Verdana,Times;font-size:12px;text-align:left;width:100%;border-spacing:0px; padding:3px 3px 3px 3px\">\n\n<tr>\n\n<td>FID</td>\n\n<td>7</td>\n\n</tr>\n\n<tr bgcolor=\"#D4E4F3\">\n\n<td>Talhão</td>\n\n<td>FLP 27</td>\n\n</tr>\n\n<tr>\n\n<td>AREA</td>\n\n<td>0</td>\n\n</tr>\n\n<tr bgcolor=\"#D4E4F3\">\n\n<td>FolderPath</td>\n\n<td>Document/SYMB_PAI_01_Parcels_PD</td>\n\n</tr>\n\n<tr>\n\n<td>SymbolID</td>\n\n<td>0</td>\n\n</tr>\n\n<tr bgcolor=\"#D4E4F3\">\n\n<td>AltMode</td>\n\n<td>0</td>\n\n</tr>\n\n<tr>\n\n<td>Base</td>\n\n<td>0</td>\n\n</tr>\n\n<tr bgcolor=\"#D4E4F3\">\n\n<td>Clamped</td>\n\n<td>-1</td>\n\n</tr>\n\n<tr>\n\n<td>Extruded</td>\n\n<td>0</td>\n\n</tr>\n\n<tr bgcolor=\"#D4E4F3\">\n\n<td>Snippet</td>\n\n<td></td>\n\n</tr>\n\n<tr>\n\n<td>PopupInfo</td>\n\n<td></td>\n\n</tr>\n\n<tr bgcolor=\"#D4E4F3\">\n\n<td>Shape_Leng</td>\n\n<td>0,001655</td>\n\n</tr>\n\n<tr>\n\n<td>Área_ha</td>\n\n<td>0,182367</td>\n\n</tr>\n\n<tr bgcolor=\"#D4E4F3\">\n\n<td>AREA_REDUZ</td>\n\n<td></td>\n\n</tr>\n\n</table>\n\n</td>\n\n</tr>\n\n</table>\n\n</body>\n\n</html>"}},
{"type":"Feature","id":"ID_10008","geometry":{"type":"MultiPolygon","coordinates":[[[[-39.16972384099995,-16.69853098348002,0],[-39.16976805599995,-16.69845540148006,0],[-39.16976271499993,-16.69842641248002,0],[-39.16979395599998,-16.69841740048005,0],[-39.16985803199998,-16.69839891548006,0],[-39.17014260999997,-16.69831682348004,0],[-39.17040389399995,-16.69826805748003,0],[-39.17040441199998,-16.69826795348004,0],[-39.17142339999998,-16.69804885548005,0],[-39.17142548999994,-16.69804828148004,0],[-39.17154206999993,-16.69800911548007,0],[-39.17177596199997,-16.69823135248001,0],[-39.17207118499994,-16.69852493248001,0],[-39.17207215699994,-16.69852587148003,0],[-39.17246392699997,-16.69889324448004,0],[-39.17264351999996,-16.69907579348002,0],[-39.17303459899995,-16.69947330847998,0],[-39.17303502999994,-16.69947373948003,0],[-39.17338747899998,-16.69982260447999,0],[-39.17311548499998,-16.70002387947998,0],[-39.17289870699994,-16.70016006247997,0],[-39.17289798799992,-16.70016053748002,0],[-39.17277621499994,-16.70024505747998,0],[-39.17259776999998,-16.70036470547999,0],[-39.17239439799994,-16.70050071948,0],[-39.17218812899995,-16.70063859947996,0],[-39.17201461499997,-16.70075252047999,0],[-39.17179744499998,-16.70089135547996,0],[-39.17156625999996,-16.70103984847994,0],[-39.17156571399994,-16.70104021347995,0],[-39.17135847599997,-16.70118381647998,0],[-39.17109560699998,-16.70136099747993,0],[-39.17088525899993,-16.70150469247995,0],[-39.17068913899993,-16.70163762147996,0],[-39.17049692999995,-16.70175815647996,0],[-39.17049613199998,-16.70175868647993,0],[-39.17033349599996,-16.70187262247992,0],[-39.17013573299994,-16.70200723247994,0],[-39.16990112999996,-16.70214486947992,0],[-39.16990046499996,-16.70214527847995,0],[-39.16988281399995,-16.7021566404799,0],[-39.16990191099995,-16.70211268747992,0],[-39.16992359299996,-16.7020673124799,0],[-39.16995402699997,-16.70201970547992,0],[-39.16997351199996,-16.70198854447994,0],[-39.17000162799997,-16.70195077447992,0],[-39.17003117999997,-16.70191035747996,0],[-39.17006048799993,-16.70187380847995,0],[-39.17009687699994,-16.70183153447994,0],[-39.17013036399992,-16.70179215147992,0],[-39.17016249799997,-16.70176171647994,0],[-39.17016303699995,-16.70176118547993,0],[-39.17019073399996,-16.70173270247995,0],[-39.17022521199993,-16.70170525647994,0],[-39.17022647899995,-16.70170414047993,0],[-39.17025591699997,-16.70167572147994,0],[-39.17029029999998,-16.70164548947997,0],[-39.17032327899994,-16.70161665347996,0],[-39.17035617699997,-16.70158669547993,0],[-39.17038836499996,-16.70155801047997,0],[-39.17038958299997,-16.70155682047994,0],[-39.17041189899993,-16.70153288447996,0],[-39.17041219699996,-16.70153255547996,0],[-39.17043457499994,-16.70150735047998,0],[-39.17043557599993,-16.70150610547995,0],[-39.17045664499994,-16.70147738647995,0],[-39.17045690699996,-16.70147701947997,0],[-39.17048361099995,-16.70143864447994,0],[-39.17050832499996,-16.70140225547994,0],[-39.17052481799994,-16.70137925447995,0],[-39.17055787899994,-16.70133492147996,0],[-39.17057861699993,-16.70131018947997,0],[-39.17057935499997,-16.70130924647993,0],[-39.17061222699994,-16.70126433547997,0],[-39.17064816499994,-16.70121468147995,0],[-39.17069459799995,-16.70115132247999,0],[-39.17072829399996,-16.70110577547998,0],[-39.17075828099996,-16.70107032647999,0],[-39.17075979799995,-16.70106825047999,0],[-39.17078780599996,-16.70102356847999,0],[-39.17081945899998,-16.70098301847999,0],[-39.17082008599994,-16.70098216547998,0],[-39.17084239199994,-16.70094985747996,0],[-39.17084302899997,-16.70094886847995,0],[-39.17084332699994,-16.70094835047998,0],[-39.17086259299998,-16.70091353647997,0],[-39.17088309899998,-16.70087513247996,0],[-39.17088369699997,-16.70087390247997,0],[-39.17090784399994,-16.70081887147997,0],[-39.17090819999999,-16.70081799847999,0],[-39.17090869999998,-16.70081645947996,0],[-39.17092168799997,-16.70076921047999,0],[-39.17092203099998,-16.70076770547999,0],[-39.17092214699994,-16.70076697747995,0],[-39.17092646299994,-16.70073588047999,0],[-39.17092652699995,-16.70073536248,0],[-39.17093244599994,-16.70068072147998,0],[-39.17095136799998,-16.70062986547995,0],[-39.17096716199995,-16.70059171847996,0],[-39.17099205399995,-16.70054011047998,0],[-39.17101157399998,-16.70050594448,0],[-39.17101234699992,-16.70050442848001,0],[-39.17102895199996,-16.70046759647997,0],[-39.17104743399995,-16.70043010547997,0],[-39.17106915999994,-16.70038453848,0],[-39.17106974799998,-16.70038315847999,0],[-39.17106993899994,-16.70038262747997,0],[-39.17108574099995,-16.70033621947997,0],[-39.17110890099997,-16.70028558848001,0],[-39.17110936899996,-16.70028446448002,0],[-39.17110985299996,-16.70028298148001,0],[-39.17111851099997,-16.70025188047996,0],[-39.17111873399995,-16.70025099247997,0],[-39.17112553099998,-16.70022049247999,0],[-39.17112566799995,-16.70021981948002,0],[-39.17112593699995,-16.70021737548,0],[-39.17112714999995,-16.70018628047999,0],[-39.17112704999993,-16.70018361147996,0],[-39.17112654099998,-16.70018098548,0],[-39.17111720399998,-16.70014691047998,0],[-39.17111664999993,-16.70014522547999,0],[-39.17110603999998,-16.70011822447996,0],[-39.17110520199998,-16.70011640147998,0],[-39.17108904299994,-16.70008591947997,0],[-39.17108857599993,-16.70008509147999,0],[-39.17108827899995,-16.70008461548001,0],[-39.17107214299995,-16.70005954347998,0],[-39.17105057099996,-16.70002574848001,0],[-39.17102914099996,-16.69998982848,0],[-39.17100742899999,-16.69994980448,0],[-39.17099413399996,-16.69991668947999,0],[-39.17097761599996,-16.69987552648,0],[-39.17096186299995,-16.69982430148001,0],[-39.17095578599998,-16.69979688848001,0],[-39.17095542299995,-16.69979551447999,0],[-39.17094546699997,-16.69976323347998,0],[-39.17094510699997,-16.69976218748001,0],[-39.17094367899995,-16.69975925948,0],[-39.17092934499994,-16.69973588048003,0],[-39.17092823799993,-16.69973427647999,0],[-39.17091022499994,-16.69971097147997,0],[-39.17090954199995,-16.69971013847998,0],[-39.17090879799997,-16.69970933647999,0],[-39.17088725199994,-16.69968742347998,0],[-39.17086630099993,-16.69966489448002,0],[-39.17086437699994,-16.69966310248002,0],[-39.17086241699997,-16.69966171748002,0],[-39.17084063199997,-16.69964832948,0],[-39.17081262899995,-16.69962826848001,0],[-39.17077624699994,-16.69959734948002,0],[-39.17074338499998,-16.69956690347998,0],[-39.17070084799997,-16.69952301348003,0],[-39.17065113799998,-16.69947219848001,0],[-39.17065023399994,-16.69947133547999,0],[-39.17063320599993,-16.69945614047998,0],[-39.17060773799994,-16.69943341248,0],[-39.17058384599994,-16.69940983748001,0],[-39.17058247199998,-16.69940861048003,0],[-39.17058094599997,-16.69940750147998,0],[-39.17054634199997,-16.69938491348,0],[-39.17050858699997,-16.69935931048002,0],[-39.17050698299994,-16.69935833648004,0],[-39.17046273799998,-16.69933495947999,0],[-39.17046062899993,-16.69933400348003,0],[-39.17041842399993,-16.69931789347999,0],[-39.17041791599996,-16.69931770748003,0],[-39.17041599099997,-16.69931714548,0],[-39.17037068999997,-16.69930641948002,0],[-39.17036945599995,-16.69930616947999,0],[-39.17036852599995,-16.69930603448001,0],[-39.17031888499997,-16.69930009548001,0],[-39.17031644199994,-16.69929995948002,0],[-39.17026599599996,-16.69930060147999,0],[-39.17023551999994,-16.69930122448,0],[-39.17023267499997,-16.69930149248001,0],[-39.17022990499999,-16.69930217448002,0],[-39.17022727499995,-16.69930325448002,0],[-39.17017580099997,-16.69932900848,0],[-39.17017505099994,-16.69932940448002,0],[-39.17017365199997,-16.69933026747998,0],[-39.17011572299998,-16.69936953648,0],[-39.17004477999995,-16.69941302048001,0],[-39.17004411599993,-16.69941344647998,0],[-39.16999513099995,-16.69944637348,0],[-39.16999366399995,-16.69944746748001,0],[-39.16994480599994,-16.69948850448003,0],[-39.16994301599993,-16.69949022548002,0],[-39.16994148199996,-16.69949216347999,0],[-39.16994023299998,-16.69949428248003,0],[-39.16993929099993,-16.69949654447999,0],[-39.16992443999993,-16.69954056547999,0],[-39.16992380299996,-16.69954303147999,0],[-39.16992352099993,-16.69954617048001,0],[-39.16992353799998,-16.69956618748,0],[-39.16990501899994,-16.69959707748,0],[-39.16985582499996,-16.69965481448003,0],[-39.16979196899996,-16.69972025347999,0],[-39.16975349399996,-16.69975739647997,0],[-39.16975238899994,-16.69975856048001,0],[-39.16975080099996,-16.69976068248,0],[-39.16973101799994,-16.69979161048001,0],[-39.16972562599994,-16.69979705748,0],[-39.16971247099997,-16.69981034748003,0],[-39.16970637999998,-16.69981489148,0],[-39.16970012999997,-16.69981955347997,0],[-39.16969211199995,-16.69982553547998,0],[-39.16969208899997,-16.69982555147999,0],[-39.16966526899995,-16.69984372248,0],[-39.16965927099995,-16.69984778548,0],[-39.16963752599997,-16.69987587648,0],[-39.16963142399994,-16.69990441748,0],[-39.16963416299996,-16.69991929648,0],[-39.16963815999998,-16.69994156248002,0],[-39.16965221099996,-16.69995107947998,0],[-39.16965225999996,-16.69995111448003,0],[-39.16965230799997,-16.69995115047998,0],[-39.16966838699994,-16.69996441248001,0],[-39.16967114299997,-16.69996627948001,0],[-39.16967290499997,-16.69996714147998,0],[-39.16968999299996,-16.69997444348,0],[-39.16969692199996,-16.69997816848,0],[-39.16970385699994,-16.69998189547999,0],[-39.16970815899999,-16.69998603447998,0],[-39.16971113099993,-16.69998889447997,0],[-39.16971805199995,-16.69999888047998,0],[-39.16971929199997,-16.70000047147999,0],[-39.16971987399996,-16.70000110748003,0],[-39.16972252199997,-16.70000386947998,0],[-39.16972198199994,-16.70003850447999,0],[-39.16972192799994,-16.70004198847998,0],[-39.16972221499998,-16.70004527148,0],[-39.16972229499993,-16.70004567748003,0],[-39.16972813399996,-16.70007369348,0],[-39.16973104299996,-16.70009665548001,0],[-39.16973552499997,-16.70013451848001,0],[-39.16973909699993,-16.70016729948001,0],[-39.16973557199999,-16.70021822047998,0],[-39.16972984899996,-16.70025846947998,0],[-39.16972235999998,-16.70029074248002,0],[-39.16970367999994,-16.70032682447997,0],[-39.16968081999994,-16.70036269348001,0],[-39.16965239199994,-16.70039858447999,0],[-39.16965098599997,-16.70040063447997,0],[-39.16962629699998,-16.70044326447997,0],[-39.16960782499996,-16.70047679548,0],[-39.16958642299995,-16.70051171447997,0],[-39.16958495099993,-16.70051477048,0],[-39.16957376899996,-16.70054574847998,0],[-39.16957349599995,-16.70054656647998,0],[-39.16956258899995,-16.70058215347997,0],[-39.16953640399998,-16.70061541848,0],[-39.16953500199998,-16.70061747547995,0],[-39.16951483899992,-16.70065280847998,0],[-39.16951453899998,-16.70065335548,0],[-39.16948852399997,-16.70070288547995,0],[-39.16948785099999,-16.70070431847998,0],[-39.16946036699994,-16.70077034247995,0],[-39.16943747099998,-16.70082385647995,0],[-39.16941801399997,-16.70086701547998,0],[-39.16940163599998,-16.70089245447999,0],[-39.16940132099995,-16.70089296047999,0],[-39.16940078899995,-16.70089391547994,0],[-39.16938272799996,-16.70092880247997,0],[-39.16936552999994,-16.70095370947998,0],[-39.16936412499995,-16.70095612647994,0],[-39.16936312099995,-16.70095872247995,0],[-39.16935429999995,-16.70098824447998,0],[-39.16933323299997,-16.70101811947998,0],[-39.16929810399995,-16.70105135447997,0],[-39.16926097199997,-16.70107947147995,0],[-39.16926049099993,-16.70107984747997,0],[-39.16925949699998,-16.70108071247997,0],[-39.16925797799995,-16.70108213247996,0],[-39.16921250899998,-16.70112465747998,0],[-39.16917149899996,-16.70115647047994,0],[-39.16912088199996,-16.70119599547998,0],[-39.16912050199994,-16.70119631647993,0],[-39.16904930499993,-16.70123009447999,0],[-39.16898910199995,-16.70125208547996,0],[-39.16898699899997,-16.70125300047995,0],[-39.16890215999996,-16.70129612147997,0],[-39.16890151699993,-16.70129646247996,0],[-39.16890106599994,-16.70129672347998,0],[-39.16886236999994,-16.70131971747998,0],[-39.16886136599993,-16.70132035747998,0],[-39.16881305799996,-16.70135336447993,0],[-39.16874709199993,-16.70139773147998,0],[-39.16871230999993,-16.70141988047993,0],[-39.16871058099997,-16.70142112547996,0],[-39.16870959899995,-16.70142198047996,0],[-39.16866421999998,-16.70146435147996,0],[-39.16866289199993,-16.70146572647997,0],[-39.16866222499993,-16.70146654047994,0],[-39.16862950299998,-16.70150890247993,0],[-39.16862822599995,-16.70151079147995,0],[-39.16859980799996,-16.70156004347997,0],[-39.16857267699992,-16.70159451047993,0],[-39.16853428599995,-16.70163798547998,0],[-39.16853331499993,-16.70163919447993,0],[-39.16849686199998,-16.70168875447995,0],[-39.16847007099994,-16.70172539747995,0],[-39.16844701299993,-16.70175699547996,0],[-39.16844668099998,-16.70175746447995,0],[-39.16842660399993,-16.70178689947994,0],[-39.16842512399995,-16.70178952047996,0],[-39.16842410899994,-16.70179233847995,0],[-39.16842358999997,-16.70179527947994,0],[-39.16842064099995,-16.70182828847993,0],[-39.16842060199997,-16.70183086347992,0],[-39.16842094299994,-16.70183341747996,0],[-39.16842165699995,-16.70183589947993,0],[-39.16842989199995,-16.70185820547994,0],[-39.16843028799997,-16.70185917547996,0],[-39.16844742699993,-16.70189786647995,0],[-39.16846301299995,-16.70193354447996,0],[-39.16847787499994,-16.70196926647996,0],[-39.16847834099997,-16.70197029147993,0],[-39.16849836099993,-16.70201093447995,0],[-39.16851284299997,-16.70204295947996,0],[-39.16852267799992,-16.70207064247994,0],[-39.16852819999997,-16.70209581847994,0],[-39.16853185499997,-16.70213281447995,0],[-39.16853555699998,-16.70217240247995,0],[-39.16853706799997,-16.70221708347991,0],[-39.16853711299995,-16.70221787047995,0],[-39.16854000599994,-16.70225439547991,0],[-39.16853725999994,-16.70228377747996,0],[-39.16853034699994,-16.70232329347992,0],[-39.16851069899996,-16.70236735247991,0],[-39.16848008499994,-16.70242436847994,0],[-39.16845030699994,-16.70247135547991,0],[-39.16841872699996,-16.7025138984799,0],[-39.16841786299995,-16.70251517247991,0],[-39.16839493699996,-16.70255230547994,0],[-39.16836977199995,-16.70259089547992,0],[-39.16836835799995,-16.70259351747992,0],[-39.16836740699995,-16.70259632547991,0],[-39.16835924599997,-16.7026293384799,0],[-39.16835914899998,-16.70262975547993,0],[-39.16834819299993,-16.70267923447992,0],[-39.16833034999996,-16.7027358034799,0],[-39.16830505599996,-16.70278326347992,0],[-39.16828196499994,-16.70282786447993,0],[-39.16828147999996,-16.70282887847994,0],[-39.16825619999998,-16.70288633847993,0],[-39.16823143999994,-16.70294332047992,0],[-39.16820305299996,-16.70298900647989,0],[-39.16820205499993,-16.70299088747989,0],[-39.16818273399997,-16.70303323747989,0],[-39.16818179399997,-16.70303580847994,0],[-39.16818126499994,-16.7030384874799,0],[-39.16817756999995,-16.70307006247988,0],[-39.16817746499998,-16.70307275847991,0],[-39.16817777799997,-16.70307544047991,0],[-39.16817850099994,-16.7030780484799,0],[-39.16817961899994,-16.70308052247987,0],[-39.16819453299996,-16.70310777647991,0],[-39.16819488699997,-16.70310839547991,0],[-39.16819616799995,-16.70311025447992,0],[-39.16822151099996,-16.7031425224799,0],[-39.16822210899994,-16.70314324447993,0],[-39.16822297599997,-16.70314417247989,0],[-39.16824282799996,-16.70316397847991,0],[-39.16827170499994,-16.7031953214799,0],[-39.16827812099996,-16.70320210847991,0],[-39.16820350299997,-16.70326455547991,0],[-39.16814491299994,-16.70331358747991,0],[-39.16809333899995,-16.7033378294799,0],[-39.16803919699998,-16.70336327747988,0],[-39.16800446399998,-16.70337960347991,0],[-39.16794491299999,-16.70328312447988,0],[-39.16794394199997,-16.70328170547989,0],[-39.16781095899996,-16.70310617447991,0],[-39.16781016899996,-16.70310520247991,0],[-39.16780879699996,-16.70310379147993,0],[-39.16768288899994,-16.70298734247991,0],[-39.16669182699997,-16.70195180047993,0],[-39.16669136999997,-16.70195133847993,0],[-39.16657151999994,-16.70183465447996,0],[-39.16624550299998,-16.70147870347996,0],[-39.16624512599999,-16.70147830347997,0],[-39.16596663299998,-16.70119199047998,0],[-39.16576285199994,-16.70096935647998,0],[-39.16571576999996,-16.70089701447997,0],[-39.16567671699994,-16.70079295447997,0],[-39.16567624999994,-16.70079183348,0],[-39.16556600899998,-16.70055091347999,0],[-39.16556508399997,-16.70054915647998,0],[-39.16556429099995,-16.70054794847995,0],[-39.16529721299997,-16.70017452547999,0],[-39.16523002499997,-16.70005373648,0],[-39.16519943199995,-16.69996520547999,0],[-39.16545607199998,-16.69990437248003,0],[-39.16545751499996,-16.69990397148,0],[-39.16583320099994,-16.69978345748,0],[-39.16674402899997,-16.69948043848002,0],[-39.16674443599993,-16.69948029748003,0],[-39.16709918599998,-16.69935124548,0],[-39.16711514399998,-16.69936876248,0],[-39.16713550799994,-16.69938132748002,0],[-39.16726382899998,-16.69946050447998,0],[-39.16730592799996,-16.69949634547999,0],[-39.16737585899995,-16.69955588248002,0],[-39.16743923299998,-16.69965483548004,0],[-39.16755432699995,-16.69979483148,0],[-39.16760076599996,-16.69979399648001,0],[-39.16778590499995,-16.69979066647999,0],[-39.16779892699999,-16.69979123247997,0],[-39.16795505699996,-16.69979802348001,0],[-39.16809619499998,-16.69980416347999,0],[-39.16835524899994,-16.70000115648002,0],[-39.16848803599999,-16.70000176247998,0],[-39.16867960299993,-16.69988387147998,0],[-39.16893579399994,-16.69967227647999,0],[-39.16900425799997,-16.69956756748001,0],[-39.16905575199996,-16.69937850348004,0],[-39.16918032999996,-16.69916689747999,0],[-39.16909779899999,-16.69901046848004,0],[-39.16914803199995,-16.69892227148002,0],[-39.16915708399994,-16.69888382648005,0],[-39.16916184299999,-16.69878835348,0],[-39.16927207299995,-16.69872440648001,0],[-39.16929125699993,-16.69859127148002,0],[-39.16935225799995,-16.69854481748004,0],[-39.16942858999995,-16.69852279748003,0],[-39.16943266399994,-16.69853776648003,0],[-39.16963158099998,-16.69858653548001,0],[-39.16972384099995,-16.69853098348002,0]]]]},"properties":{"name":"FLP 27","description":"<html xmlns:fo=\"http://www.w3.org/1999/XSL/Format\" xmlns:msxsl=\"urn:schemas-microsoft-com:xslt\">\n\n<head>\n\n<META http-equiv=\"Content-Type\" content=\"text/html\">\n\n<meta http-equiv=\"content-type\" content=\"text/html; charset=UTF-8\">\n\n</head>\n\n<body style=\"margin:0px 0px 0px 0px;overflow:auto;background:#FFFFFF;\">\n\n<table style=\"font-family:Arial,Verdana,Times;font-size:12px;text-align:left;width:100%;border-collapse:collapse;padding:3px 3px 3px 3px\">\n\n<tr style=\"text-align:center;font-weight:bold;background:#9CBCE2\">\n\n<td>FLP 27</td>\n\n</tr>\n\n<tr>\n\n<td>\n\n<table style=\"font-family:Arial,Verdana,Times;font-size:12px;text-align:left;width:100%;border-spacing:0px; padding:3px 3px 3px 3px\">\n\n<tr>\n\n<td>FID</td>\n\n<td>8</td>\n\n</tr>\n\n<tr bgcolor=\"#D4E4F3\">\n\n<td>Talhão</td>\n\n<td>FLP 27</td>\n\n</tr>\n\n<tr>\n\n<td>AREA</td>\n\n<td>19</td>\n\n</tr>\n\n<tr bgcolor=\"#D4E4F3\">\n\n<td>FolderPath</td>\n\n<td>Document/SYMB_PAI_01_Parcels_PD</td>\n\n</tr>\n\n<tr>\n\n<td>SymbolID</td>\n\n<td>0</td>\n\n</tr>\n\n<tr bgcolor=\"#D4E4F3\">\n\n<td>AltMode</td>\n\n<td>0</td>\n\n</tr>\n\n<tr>\n\n<td>Base</td>\n\n<td>0</td>\n\n</tr>\n\n<tr bgcolor=\"#D4E4F3\">\n\n<td>Clamped</td>\n\n<td>-1</td>\n\n</tr>\n\n<tr>\n\n<td>Extruded</td>\n\n<td>0</td>\n\n</tr>\n\n<tr bgcolor=\"#D4E4F3\">\n\n<td>Snippet</td>\n\n<td></td>\n\n</tr>\n\n<tr>\n\n<td>PopupInfo</td>\n\n<td></td>\n\n</tr>\n\n<tr bgcolor=\"#D4E4F3\">\n\n<td>Shape_Leng</td>\n\n<td>0,028094</td>\n\n</tr>\n\n<tr>\n\n<td>Área_ha</td>\n\n<td>19,219537</td>\n\n</tr>\n\n<tr bgcolor=\"#D4E4F3\">\n\n<td>AREA_REDUZ</td>\n\n<td></td>\n\n</tr>\n\n</table>\n\n</td>\n\n</tr>\n\n</table>\n\n</body>\n\n</html>"}},
{"type":"Feature","id":"ID_10009","geometry":{"type":"MultiPolygon","coordinates":[[[[-39.16349608199994,-16.69727141748008,0],[-39.16353958899998,-16.69726359548008,0],[-39.16354257899996,-16.69726280648007,0],[-39.16354466899997,-16.69726192948009,0],[-39.16358004699998,-16.69724454748008,0],[-39.16362720899997,-16.69722117548009,0],[-39.16362806499995,-16.6972207234801,0],[-39.16368273199998,-16.69718988248008,0],[-39.16373734699994,-16.69716380748008,0],[-39.16373829899993,-16.69716331848009,0],[-39.16379292899996,-16.6971333474801,0],[-39.16379381399997,-16.69713282648008,0],[-39.16381575899992,-16.69711908248008,0],[-39.16382734799998,-16.69711369448005,0],[-39.16383658499996,-16.69712870848008,0],[-39.16383843099993,-16.69713119848008,0],[-39.16388689699994,-16.6971855054801,0],[-39.16390806599997,-16.69721518048006,0],[-39.16390914699996,-16.69721655148005,0],[-39.16393461799998,-16.69724583948006,0],[-39.16393693999999,-16.69724807548005,0],[-39.16393756199994,-16.69724855548009,0],[-39.16396984399995,-16.69727244848008,0],[-39.16397190299995,-16.69727377448004,0],[-39.16397289399998,-16.69727428748007,0],[-39.16400861799998,-16.69729146648006,0],[-39.16403749599993,-16.69730651148006,0],[-39.16407006299994,-16.69732681848007,0],[-39.16410830599995,-16.6973529284801,0],[-39.16416604299997,-16.69739152048005,0],[-39.16420114399995,-16.69742472048006,0],[-39.16422792099996,-16.69745328548003,0],[-39.16424942099997,-16.69749017648007,0],[-39.16426523099994,-16.69752508348006,0],[-39.16427597199998,-16.69756520748006,0],[-39.16429334599997,-16.69764204348007,0],[-39.16434182699993,-16.69785029248003,0],[-39.16436717599998,-16.69799200148007,0],[-39.16437462299996,-16.69807376448003,0],[-39.16437481399998,-16.69807519948004,0],[-39.16438542499998,-16.69813565148005,0],[-39.16438553599994,-16.69813621448007,0],[-39.16439550299998,-16.69818284648003,0],[-39.16439585899996,-16.69818423148005,0],[-39.16441203599993,-16.69823803448006,0],[-39.16441243099996,-16.69823919948002,0],[-39.16441267199998,-16.69823980348006,0],[-39.16441805699998,-16.69825258448006,0],[-39.16443256699995,-16.69828702548004,0],[-39.16443326299998,-16.69828848648005,0],[-39.16445811999994,-16.69833510648002,0],[-39.16445856599994,-16.69833589648002,0],[-39.16446018799996,-16.69833817548003,0],[-39.16449310599995,-16.69837761348006,0],[-39.16449336199997,-16.69837791448007,0],[-39.16449481299998,-16.69837939948005,0],[-39.16453206799997,-16.69841345248001,0],[-39.16453293099994,-16.69841419448003,0],[-39.16453385299997,-16.69841489248004,0],[-39.16457172299994,-16.69844176948002,0],[-39.16457305699998,-16.69844263448002,0],[-39.16461154399996,-16.69846532548005,0],[-39.16461196699998,-16.69846556848004,0],[-39.16461255099995,-16.69846587848005,0],[-39.16466282799995,-16.69849155048005,0],[-39.16466433999995,-16.69849224148001,0],[-39.16475133099993,-16.69852749048002,0],[-39.16482909599995,-16.69855799748004,0],[-39.16489970299995,-16.69858491748003,0],[-39.16495743199994,-16.69861869448001,0],[-39.16499626699994,-16.69864926648003,0],[-39.16501551999994,-16.69866996948004,0],[-39.16502916699994,-16.69868966148,0],[-39.16504435699994,-16.69871719548005,0],[-39.16506155199994,-16.69875995048001,0],[-39.16507157899997,-16.69879903048004,0],[-39.16507953099995,-16.69886109348001,0],[-39.16508321899994,-16.69889751548001,0],[-39.16508507099996,-16.69893321248005,0],[-39.16508573299995,-16.69899041848,0],[-39.16508396799998,-16.69903441048004,0],[-39.16507671099999,-16.69908130748003,0],[-39.16507022099994,-16.69912420648002,0],[-39.16505169999994,-16.69917117248004,0],[-39.16505122599994,-16.69917222648003,0],[-39.16502484199997,-16.69921341948004,0],[-39.16499577799993,-16.69924789048003,0],[-39.16499459699997,-16.69924916148,0],[-39.16481704999995,-16.69942279048002,0],[-39.16439506799998,-16.69976437948003,0],[-39.16422114399995,-16.69990516747998,0],[-39.16381862699996,-16.70021752448,0],[-39.16365290199997,-16.70032608547999,0],[-39.16353034299993,-16.70037649248,0],[-39.16307345899997,-16.70050910947997,0],[-39.16307243399996,-16.70050943848,0],[-39.16282004999994,-16.70059834047995,0],[-39.16281898499994,-16.70059875147998,0],[-39.16205594699994,-16.70091974947999,0],[-39.16205429299999,-16.70092054047997,0],[-39.16190654399998,-16.70100020047996,0],[-39.16174600899996,-16.70105596747993,0],[-39.16164488899994,-16.70107114447997,0],[-39.16164308899994,-16.70107152047996,0],[-39.16155044199996,-16.70109560547998,0],[-39.16154877299994,-16.70109600447997,0],[-39.16154728599997,-16.70109643147994,0],[-39.16151308199994,-16.70110556647997,0],[-39.16146949899996,-16.70111812647998,0],[-39.16143009699994,-16.70113010647993,0],[-39.16142986999995,-16.70112960447996,0],[-39.16142935099998,-16.70112748947998,0],[-39.16142272799993,-16.70110627647996,0],[-39.16141784099995,-16.70108850747996,0],[-39.16141331699998,-16.70105915247997,0],[-39.16141294099998,-16.70103131347998,0],[-39.16141363199994,-16.70100839047997,0],[-39.16141946199997,-16.70095708647996,0],[-39.16141957299993,-16.70095532347995,0],[-39.16141991699993,-16.70092626847999,0],[-39.16142172899998,-16.70089291847996,0],[-39.16142175199997,-16.70089229647995,0],[-39.16142245899994,-16.70085419047998,0],[-39.16142461799996,-16.70081403047994,0],[-39.16142862299996,-16.70077440547996,0],[-39.16143337099992,-16.70073324647999,0],[-39.16144250099995,-16.70071737847999,0],[-39.16146495399994,-16.70070193747998,0],[-39.16149843499995,-16.70068610847996,0],[-39.16153288899994,-16.70067384447994,0],[-39.16153409399993,-16.70067336847997,0],[-39.16156677199996,-16.70065918447997,0],[-39.16159311699994,-16.70064928547995,0],[-39.16159423699998,-16.70064882347996,0],[-39.16162003799997,-16.70063721847995,0],[-39.16165337599995,-16.70062809748,0],[-39.16167820499994,-16.70063368947998,0],[-39.16171059999994,-16.70064316448,0],[-39.16173395199996,-16.70065371247998,0],[-39.16173656799998,-16.70065467247999,0],[-39.16173930299993,-16.70065524647995,0],[-39.16174209499997,-16.70065542048,0],[-39.16178432699996,-16.70065466847999,0],[-39.16178731999997,-16.70065438248,0],[-39.16179022899996,-16.70065363847995,0],[-39.16179297599996,-16.70065245748,0],[-39.16183390699996,-16.70063089848,0],[-39.16183588499996,-16.70062969747997,0],[-39.16183769199995,-16.70062826647998,0],[-39.16186931099998,-16.70059989947995,0],[-39.16187093399998,-16.70059824847996,0],[-39.16187232799995,-16.70059641547996,0],[-39.16187347299996,-16.70059442647997,0],[-39.16188805399998,-16.70056485448,0],[-39.16190635999994,-16.70053366247996,0],[-39.16193501199996,-16.70049181348,0],[-39.16193550899993,-16.70049104747999,0],[-39.16195600499998,-16.70045758448001,0],[-39.16195695999994,-16.70045578047998,0],[-39.16196572299998,-16.70043665747997,0],[-39.16197671399993,-16.70042523347999,0],[-39.16198769599998,-16.70041787647999,0],[-39.16199582399997,-16.70041856547996,0],[-39.16200483399996,-16.70042111147999,0],[-39.16202247599995,-16.70043022648,0],[-39.16204387299996,-16.70044383047999,0],[-39.16207195899995,-16.70046102548,0],[-39.16209410899995,-16.70047752447997,0],[-39.16211842999996,-16.70049702547996,0],[-39.16212028899997,-16.70049833948,0],[-39.16212230099995,-16.70049942247996,0],[-39.16212443599994,-16.70050025947999,0],[-39.16215087499995,-16.70050884947998,0],[-39.16215362399998,-16.70050952448,0],[-39.16215414399994,-16.70050960548,0],[-39.16217685399994,-16.70051281647997,0],[-39.16217959299997,-16.70051300748001,0],[-39.16218207199995,-16.70051284747999,0],[-39.16220998899996,-16.70050923747996,0],[-39.16221076699998,-16.70050912048001,0],[-39.16221239699996,-16.70050876947998,0],[-39.16223584399996,-16.70050265147998,0],[-39.16223748399995,-16.70050214547998,0],[-39.16226513399994,-16.70049203848001,0],[-39.16226681799997,-16.70049133047998,0],[-39.16230440099998,-16.70047336247999,0],[-39.16230545299994,-16.70047281947999,0],[-39.16233442699996,-16.70045667648,0],[-39.16235840499997,-16.70044349847998,0],[-39.16238692199994,-16.70042847948,0],[-39.16238731799995,-16.70042826547999,0],[-39.16239007699995,-16.70042638748001,0],[-39.16242177899993,-16.70040010547999,0],[-39.16242282099995,-16.70039917347995,0],[-39.16244483599996,-16.70037792148001,0],[-39.16246238699995,-16.70036061948,0],[-39.16246335299996,-16.70035959147996,0],[-39.16246375899993,-16.70035910747995,0],[-39.16248644399996,-16.70033110548,0],[-39.16248762899993,-16.70032946247998,0],[-39.16250621699993,-16.70030038747998,0],[-39.16250748099998,-16.70029804447998,0],[-39.16250837599996,-16.70029554848,0],[-39.16251728299994,-16.70026325247998,0],[-39.16251764899994,-16.70026162148001,0],[-39.16252396599998,-16.70022419347997,0],[-39.16252408299993,-16.70022338948,0],[-39.16252851899998,-16.70018679148,0],[-39.16252864499995,-16.70018457347996,0],[-39.16252824599997,-16.70015361548,0],[-39.16252815999997,-16.70015209147997,0],[-39.16252513699993,-16.70012214247996,0],[-39.16252099399998,-16.70008789047999,0],[-39.16252092899997,-16.70008741347998,0],[-39.16251721999998,-16.70006253448001,0],[-39.16251498099996,-16.70004398247998,0],[-39.16251084299995,-16.70001405648002,0],[-39.16251071999994,-16.70001329147998,0],[-39.16251063499993,-16.70001285948,0],[-39.16250054299996,-16.69996479348002,0],[-39.16250018199997,-16.69996337648,0],[-39.16248935599998,-16.69992714947999,0],[-39.16248892699997,-16.69992588847998,0],[-39.16248089099997,-16.69990517348003,0],[-39.16247545599998,-16.69988811048,0],[-39.16247460999995,-16.69988595448,0],[-39.16247348599995,-16.69988391947997,0],[-39.16247210099994,-16.69988203847997,0],[-39.16245792299998,-16.69986516547998,0],[-39.16243992699998,-16.69984388448,0],[-39.16243752299994,-16.69984155247999,0],[-39.16243593099994,-16.69984040048001,0],[-39.16241472699995,-16.69982668348,0],[-39.16239872599994,-16.69981513848,0],[-39.16239727299995,-16.69981418847999,0],[-39.16236263499997,-16.69979376548002,0],[-39.16236221199995,-16.69979352248004,0],[-39.16236144999993,-16.69979312347999,0],[-39.16231819799998,-16.69977160647999,0],[-39.16227941699998,-16.69975259748002,0],[-39.16227864699994,-16.69975223948001,0],[-39.16224662099995,-16.69973827248003,0],[-39.16224530799997,-16.69973775748002,0],[-39.16220247499996,-16.69972271948,0],[-39.16220102299997,-16.69972227348,0],[-39.16215663399998,-16.69971054747998,0],[-39.16210451099994,-16.69969502648,0],[-39.16206581999995,-16.69968137748003,0],[-39.16203960599996,-16.69966706548001,0],[-39.16203823299998,-16.69966638648002,0],[-39.16200820099994,-16.69965300248003,0],[-39.16197339799993,-16.69963505648002,0],[-39.16195149099997,-16.69962077948003,0],[-39.16194819099996,-16.69961839747998,0],[-39.16194828899995,-16.69961719648,0],[-39.16195334299994,-16.69960407247999,0],[-39.16195420999998,-16.69960096748002,0],[-39.16195449099996,-16.69959769148,0],[-39.16195409699998,-16.69957352047999,0],[-39.16195381199998,-16.69957065148003,0],[-39.16195369699994,-16.69957007748001,0],[-39.16194820299995,-16.69954495048,0],[-39.16195227699995,-16.69952813648002,0],[-39.16196690699996,-16.69950119347999,0],[-39.16199059499996,-16.69946307648002,0],[-39.16201899899993,-16.69942767148001,0],[-39.16204474299997,-16.69939867848002,0],[-39.16207069599994,-16.69937571347999,0],[-39.16207189999994,-16.69937454647999,0],[-39.16210031499998,-16.69934437348002,0],[-39.16213143499994,-16.69932286547999,0],[-39.16213236099998,-16.69932218248,0],[-39.16216855299997,-16.69929372648,0],[-39.16217096899993,-16.69929141248003,0],[-39.16217213499993,-16.69928992048,0],[-39.16219779099998,-16.69925330548001,0],[-39.16219849799995,-16.69925221448,0],[-39.16219891599997,-16.69925147548004,0],[-39.16221600099993,-16.69921955148,0],[-39.16223531899993,-16.69918368048002,0],[-39.16223621399996,-16.69918175048004,0],[-39.16225237999998,-16.69914057348002,0],[-39.16226778199996,-16.69910692448003,0],[-39.16226825199993,-16.69910579648003,0],[-39.16226892399992,-16.69910358148003,0],[-39.16227556899997,-16.69907500948001,0],[-39.16228208899998,-16.69904845448004,0],[-39.16229669899997,-16.69902057348004,0],[-39.16229732499994,-16.69901924848,0],[-39.16231118899998,-16.69898647248,0],[-39.16232576399995,-16.69895796848,0],[-39.16232644799992,-16.69895646248002,0],[-39.16236100699996,-16.69886981348004,0],[-39.16239660799993,-16.69883015848002,0],[-39.16244113599998,-16.69879357648002,0],[-39.16250748399995,-16.69875306948003,0],[-39.16250954199995,-16.69875161448001,0],[-39.16260579299995,-16.69867306848001,0],[-39.16260663399999,-16.69867233848,0],[-39.16267210099994,-16.69861201348002,0],[-39.16267265999994,-16.69861147548002,0],[-39.16272423699996,-16.69855977248003,0],[-39.16272469899997,-16.69855929248005,0],[-39.16278420599997,-16.69849514648004,0],[-39.16278570299994,-16.69849330648006,0],[-39.16278694099997,-16.69849129548001,0],[-39.16283847799997,-16.69839367048005,0],[-39.16283911699998,-16.69839232548006,0],[-39.16289266599995,-16.69826635148004,0],[-39.16293581099995,-16.69816047948004,0],[-39.16293598299995,-16.69816003948004,0],[-39.16293618799995,-16.69815946448004,0],[-39.16296688399996,-16.69806855348006,0],[-39.16296725999996,-16.69806728748004,0],[-39.16297913299996,-16.69802087748007,0],[-39.16297934999994,-16.69801991448008,0],[-39.16299679399998,-16.69793116448004,0],[-39.16299709999998,-16.69792790448008,0],[-39.16299704399994,-16.69792653248003,0],[-39.16299265399994,-16.69787152548007,0],[-39.16299242199995,-16.69786975848006,0],[-39.16299221699995,-16.69786879748004,0],[-39.16298163399995,-16.69782515548006,0],[-39.16298145299992,-16.69782447048003,0],[-39.16296399799995,-16.69776338848002,0],[-39.16295027299998,-16.69771752148006,0],[-39.16294794799995,-16.69766746548002,0],[-39.16295584399995,-16.69762979848007,0],[-39.16296681799997,-16.69760170248008,0],[-39.16299883499994,-16.69755877248008,0],[-39.16299912399995,-16.69755837448008,0],[-39.16302019299996,-16.69752846048004,0],[-39.16302092499995,-16.69752733348008,0],[-39.16302115599996,-16.69752693448003,0],[-39.16304407799998,-16.6974862564801,0],[-39.16304522599995,-16.69748379748006,0],[-39.16304587999997,-16.69748165848006,0],[-39.16305371199996,-16.69744864948006,0],[-39.16306422999998,-16.69743426248005,0],[-39.16309701999995,-16.69741485848004,0],[-39.16314644099998,-16.69740234248009,0],[-39.16314744699997,-16.69740205848007,0],[-39.16318590299994,-16.69739006848005,0],[-39.16318655899994,-16.69738985148007,0],[-39.16318919599996,-16.69738869448009,0],[-39.16321974699997,-16.69737243848004,0],[-39.16322258699996,-16.69737053948007,0],[-39.16322379299993,-16.69736947248009,0],[-39.16323867099993,-16.6973551104801,0],[-39.16323977599995,-16.69735394648007,0],[-39.16324164999997,-16.69735136348004,0],[-39.16324302899994,-16.69734850548008,0],[-39.16324387199995,-16.69734546148005,0],[-39.16324409099997,-16.6973438234801,0],[-39.16324593399997,-16.69732229548009,0],[-39.16324599699993,-16.69732079348007,0],[-39.16324598499995,-16.69732014848007,0],[-39.16324472299993,-16.69728687548008,0],[-39.16324412199999,-16.69725110648006,0],[-39.16324982899994,-16.69723371148007,0],[-39.16326758099996,-16.6972170254801,0],[-39.16328457899993,-16.6972098174801,0],[-39.16331288999993,-16.69721496848008,0],[-39.16334298099998,-16.69722720948005,0],[-39.16338238399993,-16.69724497348006,0],[-39.16338370299997,-16.69724550948008,0],[-39.16342477899997,-16.69726046548005,0],[-39.16342763099993,-16.69726124448005,0],[-39.16346175999997,-16.69726779548007,0],[-39.16346218099994,-16.69726787048007,0],[-39.16346290399997,-16.69726797948004,0],[-39.16349020599995,-16.69727154548008,0],[-39.16349274099997,-16.69727170948005,0],[-39.16349608199994,-16.69727141748008,0]]]]},"properties":{"name":"FLP 25","description":"<html xmlns:fo=\"http://www.w3.org/1999/XSL/Format\" xmlns:msxsl=\"urn:schemas-microsoft-com:xslt\">\n\n<head>\n\n<META http-equiv=\"Content-Type\" content=\"text/html\">\n\n<meta http-equiv=\"content-type\" content=\"text/html; charset=UTF-8\">\n\n</head>\n\n<body style=\"margin:0px 0px 0px 0px;overflow:auto;background:#FFFFFF;\">\n\n<table style=\"font-family:Arial,Verdana,Times;font-size:12px;text-align:left;width:100%;border-collapse:collapse;padding:3px 3px 3px 3px\">\n\n<tr style=\"text-align:center;font-weight:bold;background:#9CBCE2\">\n\n<td>FLP 25</td>\n\n</tr>\n\n<tr>\n\n<td>\n\n<table style=\"font-family:Arial,Verdana,Times;font-size:12px;text-align:left;width:100%;border-spacing:0px; padding:3px 3px 3px 3px\">\n\n<tr>\n\n<td>FID</td>\n\n<td>9</td>\n\n</tr>\n\n<tr bgcolor=\"#D4E4F3\">\n\n<td>Talhão</td>\n\n<td>FLP 25</td>\n\n</tr>\n\n<tr>\n\n<td>AREA</td>\n\n<td>8</td>\n\n</tr>\n\n<tr bgcolor=\"#D4E4F3\">\n\n<td>FolderPath</td>\n\n<td>Document/SYMB_PAI_01_Parcels_PD</td>\n\n</tr>\n\n<tr>\n\n<td>SymbolID</td>\n\n<td>0</td>\n\n</tr>\n\n<tr bgcolor=\"#D4E4F3\">\n\n<td>AltMode</td>\n\n<td>0</td>\n\n</tr>\n\n<tr>\n\n<td>Base</td>\n\n<td>0</td>\n\n</tr>\n\n<tr bgcolor=\"#D4E4F3\">\n\n<td>Clamped</td>\n\n<td>-1</td>\n\n</tr>\n\n<tr>\n\n<td>Extruded</td>\n\n<td>0</td>\n\n</tr>\n\n<tr bgcolor=\"#D4E4F3\">\n\n<td>Snippet</td>\n\n<td></td>\n\n</tr>\n\n<tr>\n\n<td>PopupInfo</td>\n\n<td></td>\n\n</tr>\n\n<tr bgcolor=\"#D4E4F3\">\n\n<td>Shape_Leng</td>\n\n<td>0,013108</td>\n\n</tr>\n\n<tr>\n\n<td>Área_ha</td>\n\n<td>7,729069</td>\n\n</tr>\n\n<tr bgcolor=\"#D4E4F3\">\n\n<td>AREA_REDUZ</td>\n\n<td></td>\n\n</tr>\n\n</table>\n\n</td>\n\n</tr>\n\n</table>\n\n</body>\n\n</html>"}},
{"type":"Feature","id":"ID_10010","geometry":{"type":"MultiPolygon","coordinates":[[[[-39.17359914599997,-16.69796431048006,0],[-39.17366158099998,-16.69791048748004,0],[-39.17386073399996,-16.69770817448004,0],[-39.17401740599996,-16.69754901448005,0],[-39.17404455099995,-16.69751966848008,0],[-39.17476218399997,-16.69674379248007,0],[-39.17487293399995,-16.69629577548008,0],[-39.17489116199993,-16.6962811544801,0],[-39.17493727799996,-16.6962451094801,0],[-39.17496534299994,-16.6962270434801,0],[-39.17500082799995,-16.69620562748012,0],[-39.17500267399998,-16.69620435648009,0],[-39.17507646299998,-16.6961467844801,0],[-39.17507756799996,-16.69614583448012,0],[-39.17514532799999,-16.69608266748012,0],[-39.17523272499994,-16.69599829048011,0],[-39.17523340399998,-16.69599760048008,0],[-39.17530461799998,-16.69592120648011,0],[-39.17534805799993,-16.69587736048008,0],[-39.17534887099998,-16.69587648448008,0],[-39.17534979199996,-16.69587533348009,0],[-39.17540332999994,-16.69580257848013,0],[-39.17540408499997,-16.69580146848011,0],[-39.17544952299994,-16.69572897348012,0],[-39.17550091199996,-16.69565262948008,0],[-39.17550142899995,-16.69565181548012,0],[-39.17550174399997,-16.69565126648013,0],[-39.17555072499994,-16.69556232948013,0],[-39.17560354699998,-16.69549054648013,0],[-39.17567886999996,-16.69538910848013,0],[-39.17567952199994,-16.69538816948012,0],[-39.17577038899998,-16.69524806148013,0],[-39.17583325699997,-16.69515450048011,0],[-39.17589332299997,-16.69507414948016,0],[-39.17589879099995,-16.69507800348016,0],[-39.17590049999995,-16.69507907648012,0],[-39.17590105199997,-16.69507937048014,0],[-39.17593084599997,-16.69509465348012,0],[-39.17593270799995,-16.69509548648013,0],[-39.17600718599994,-16.69512412448013,0],[-39.17600782799997,-16.6951243574801,0],[-39.17609522099998,-16.69515394548013,0],[-39.17616366099997,-16.69517777748014,0],[-39.17616411899996,-16.6951779304801,0],[-39.17624752799997,-16.69520464848012,0],[-39.17624794399995,-16.69520477648014,0],[-39.17633822599998,-16.69523146448013,0],[-39.17643030299995,-16.69526000448013,0],[-39.17651854799993,-16.69528858748015,0],[-39.17651942899995,-16.69528884948011,0],[-39.17663175199993,-16.69531940148011,0],[-39.17673910999996,-16.69534708848011,0],[-39.17674002899997,-16.69534730048014,0],[-39.17681846599993,-16.69536349748012,0],[-39.17681915199995,-16.69536362648011,0],[-39.17692043699997,-16.69538076448015,0],[-39.17701181299998,-16.69539599948013,0],[-39.17711463899996,-16.69541307548014,0],[-39.17713777299998,-16.69541691748015,0],[-39.17722563799998,-16.69543301448009,0],[-39.17730353199994,-16.69545005048014,0],[-39.17739470799995,-16.6954719354801,0],[-39.17739553699994,-16.69547211548013,0],[-39.17747879499996,-16.69548827948012,0],[-39.17756885999994,-16.6955072764801,0],[-39.17760061799999,-16.69551429948012,0],[-39.17759957099997,-16.69552099248012,0],[-39.17759946899997,-16.69552174948012,0],[-39.17759454599997,-16.69556576248009,0],[-39.17759443899996,-16.69556771548013,0],[-39.17759447399993,-16.6956059834801,0],[-39.17759477999993,-16.6956092194801,0],[-39.17760078299995,-16.69563992548012,0],[-39.17760159499995,-16.6956427764801,0],[-39.17760265899994,-16.69564507348013,0],[-39.17761953699994,-16.69567562748011,0],[-39.17764146099995,-16.69571587848014,0],[-39.17766518899998,-16.6957577164801,0],[-39.17768290399994,-16.69579268048009,0],[-39.17769315199996,-16.69583827948013,0],[-39.17769686099996,-16.69587544448011,0],[-39.17769137399995,-16.69591894448011,0],[-39.17767936199994,-16.69595914948012,0],[-39.17766663399993,-16.69598461848009,0],[-39.17764537899996,-16.69601727148009,0],[-39.17764501599999,-16.69601785448013,0],[-39.17764468299998,-16.69601843548012,0],[-39.17762684499996,-16.6960509784801,0],[-39.17762579899994,-16.69605325548012,0],[-39.17762529399995,-16.69605481248009,0],[-39.17761638999997,-16.69608734848012,0],[-39.17761605099997,-16.69608883648009,0],[-39.17761593099993,-16.69608958648011,0],[-39.17761001999997,-16.69613260248012,0],[-39.17760320799994,-16.69617885848007,0],[-39.17759258599995,-16.69623028148008,0],[-39.17757912399997,-16.69627584748011,0],[-39.17756486999997,-16.69631349748008,0],[-39.17754406199997,-16.69635369648009,0],[-39.17752318899994,-16.69638392948011,0],[-39.17749700599995,-16.69641763848009,0],[-39.17746420399993,-16.69645582948007,0],[-39.17742027399999,-16.69649729948012,0],[-39.17741973899996,-16.69649782448007,0],[-39.17738701199994,-16.69653133748008,0],[-39.17738629099995,-16.69653211848012,0],[-39.17738583499994,-16.69653266648006,0],[-39.17735582399996,-16.69657005648011,0],[-39.17733483799998,-16.69659031648009,0],[-39.17733441799993,-16.6965907354801,0],[-39.17730543199998,-16.69662058648007,0],[-39.17726959499998,-16.69664957548011,0],[-39.17726730099997,-16.6966517854801,0],[-39.17723555799995,-16.6966881794801,0],[-39.17723407199998,-16.6966901414801,0],[-39.17721523799997,-16.69671885948011,0],[-39.17721413899994,-16.69672078048009,0],[-39.17721329199998,-16.6967228164801,0],[-39.17720141199993,-16.69675726848005,0],[-39.17720078299993,-16.69675960348009,0],[-39.17719285399994,-16.69679991348006,0],[-39.17719275499996,-16.69680049348008,0],[-39.17718683399993,-16.6968387664801,0],[-39.17718664399996,-16.69684069548012,0],[-39.17718471099995,-16.6968863734801,0],[-39.17718082099998,-16.69694144748009,0],[-39.17717498499997,-16.6970058604801,0],[-39.17716431099995,-16.69707832648005,0],[-39.17715086299995,-16.69713596348004,0],[-39.17713457399997,-16.69718134348006,0],[-39.17711407499997,-16.69722849748008,0],[-39.17709667999998,-16.69726584148009,0],[-39.17707723799998,-16.69729963748006,0],[-39.17707665599994,-16.6973007364801,0],[-39.17705386699998,-16.69734763548008,0],[-39.17705345799993,-16.69734854148005,0],[-39.17703481199993,-16.69739310848007,0],[-39.17701625899996,-16.69743178448006,0],[-39.17699948599994,-16.69746514048006,0],[-39.17699884299999,-16.69746657348009,0],[-39.17698134499994,-16.69751072348003,0],[-39.17696292599993,-16.69754630548004,0],[-39.17696259899998,-16.69754697148004,0],[-39.17694537799997,-16.69758394248004,0],[-39.17692339199994,-16.69761624948006,0],[-39.17692282399997,-16.69761713948008,0],[-39.17692157399995,-16.69761966448005,0],[-39.17690534799993,-16.69766024248008,0],[-39.17688740499995,-16.69768851448009,0],[-39.17688715299994,-16.69768892248003,0],[-39.17688640999995,-16.69769029848004,0],[-39.17686504399995,-16.69773439048004,0],[-39.17683802199997,-16.69777726048004,0],[-39.17680250199993,-16.69782870948005,0],[-39.17676873599993,-16.69787857548004,0],[-39.17674401899995,-16.69791529548007,0],[-39.17671069499993,-16.69794746848003,0],[-39.17670975199997,-16.69794844848007,0],[-39.17668577299997,-16.69797530448003,0],[-39.17665112899993,-16.69800503648006,0],[-39.17661550799994,-16.69803464948005,0],[-39.17661403599993,-16.69803601648004,0],[-39.17658636199997,-16.69806464448002,0],[-39.17654377199995,-16.69810767548004,0],[-39.17654296499995,-16.69810854548005,0],[-39.17654196999996,-16.69810979948004,0],[-39.17651506699997,-16.69814690848003,0],[-39.17648535499995,-16.69817651948004,0],[-39.17648365299993,-16.69817847448006,0],[-39.17648225399995,-16.69818064248004,0],[-39.17646456599994,-16.69821290948003,0],[-39.17644609799999,-16.69824388448004,0],[-39.17642250899997,-16.69827995248003,0],[-39.17642212399994,-16.69828056748005,0],[-39.17642117499998,-16.69828238448006,0],[-39.17640433399998,-16.69831971048004,0],[-39.17640403799993,-16.69832040748006,0],[-39.17639274599998,-16.69834859548005,0],[-39.17637159499998,-16.69838233948005,0],[-39.17634926599994,-16.69840749148003,0],[-39.17631538999996,-16.69844019648006,0],[-39.17628398999994,-16.69846767048003,0],[-39.17628223899993,-16.69846942248002,0],[-39.17626654599997,-16.69848741448002,0],[-39.17624193599994,-16.69851402748006,0],[-39.17624155899995,-16.69851444748005,0],[-39.17623993699994,-16.69851662248001,0],[-39.17622110299993,-16.69854629548004,0],[-39.17622085099998,-16.69854670448003,0],[-39.17622051799998,-16.69854728548003,0],[-39.17620285099997,-16.69857951648001,0],[-39.17618630999993,-16.69860702748005,0],[-39.17616701799994,-16.69862654048002,0],[-39.17616621299992,-16.69862740848005,0],[-39.17613546699994,-16.69866283948002,0],[-39.17613376299994,-16.69866514948004,0],[-39.17611969199993,-16.69868779648002,0],[-39.17609784499997,-16.69871255748003,0],[-39.17609648799999,-16.69871431248006,0],[-39.17607627599995,-16.69874405248,0],[-39.17605743999997,-16.69876570148002,0],[-39.17603222299994,-16.69878463848002,0],[-39.17603168199997,-16.69878506048004,0],[-39.17603070299998,-16.69878591148003,0],[-39.17600120699996,-16.69881344048005,0],[-39.17596479799994,-16.69884479048001,0],[-39.17596365699995,-16.69884585948002,0],[-39.17592888599995,-16.69888134848005,0],[-39.17590306499994,-16.69890819548001,0],[-39.17587432799996,-16.69893785348003,0],[-39.17587365699996,-16.69893858348003,0],[-39.17587233799998,-16.69894029848003,0],[-39.17585350199994,-16.69896805948003,0],[-39.17585294799994,-16.69896892748001,0],[-39.17585223299994,-16.69897024848002,0],[-39.17583568299995,-16.69900410048003,0],[-39.17581930699998,-16.69903200848002,0],[-39.17579256999994,-16.69907504248001,0],[-39.17579111799995,-16.69907801448001,0],[-39.17576855699997,-16.69913773848004,0],[-39.17574997899993,-16.69917835348004,0],[-39.17574945699994,-16.69917962348001,0],[-39.17573960899995,-16.69920722248003,0],[-39.17572795599995,-16.69923631048,0],[-39.17571061599994,-16.69927633448004,0],[-39.17569129799994,-16.69930991448002,0],[-39.17569048499996,-16.69931150648,0],[-39.17567808499996,-16.69933915248003,0],[-39.17565401499996,-16.69937820248003,0],[-39.17562934599994,-16.69941631647999,0],[-39.17562912899996,-16.69941665947999,0],[-39.17560726199997,-16.69945217548003,0],[-39.17560641599994,-16.69945374048002,0],[-39.17558884699997,-16.69949051347999,0],[-39.17556569299995,-16.69953150947999,0],[-39.17554459199994,-16.69956299647998,0],[-39.17552510999997,-16.69958839048002,0],[-39.17552427699997,-16.69958957047999,0],[-39.17549941999994,-16.69962797748002,0],[-39.17548089299999,-16.69965759647999,0],[-39.17545762399993,-16.69969070848002,0],[-39.17545709899997,-16.69969149848003,0],[-39.17542918899994,-16.69973602648001,0],[-39.17540262799998,-16.69976866548,0],[-39.17540113399998,-16.69977079647998,0],[-39.17540049499996,-16.69977196247999,0],[-39.17538191599994,-16.69980905047998,0],[-39.17538123799994,-16.69981057747998,0],[-39.17536291399995,-16.69985779848002,0],[-39.17533968099997,-16.69990622647997,0],[-39.17533943199993,-16.69990676747999,0],[-39.17532209499996,-16.69994624648,0],[-39.17532191199996,-16.69994668048001,0],[-39.17530657699995,-16.69998429048001,0],[-39.17528419799993,-16.70001613648003,0],[-39.17528369799993,-16.70001688848001,0],[-39.17524900299998,-16.70007192847998,0],[-39.17524878099994,-16.70007228948002,0],[-39.17524851099994,-16.70007275748002,0],[-39.17523115699998,-16.70010388347997,0],[-39.17521256499998,-16.70013740147997,0],[-39.17521147499996,-16.70013975647997,0],[-39.17521122199997,-16.70014047448,0],[-39.17519528899993,-16.70018905047998,0],[-39.17517809799994,-16.70023295648001,0],[-39.17517755999995,-16.70023458847998,0],[-39.17516778599997,-16.70027003547998,0],[-39.17515568599998,-16.70030629348,0],[-39.17513974599996,-16.70034776248,0],[-39.17512519799993,-16.70038525147996,0],[-39.17510823099997,-16.70041920047996,0],[-39.17510749799993,-16.70042087848001,0],[-39.17510706299998,-16.70042218747998,0],[-39.17509840399998,-16.70045209148001,0],[-39.17509797199995,-16.70045395747999,0],[-39.17509177899995,-16.70049116547997,0],[-39.17509157799999,-16.70049291647999,0],[-39.17508913099993,-16.70053118747998,0],[-39.17508673799995,-16.70056862447998,0],[-39.17508070199995,-16.70060606847997,0],[-39.17508049799994,-16.70060803848,0],[-39.17507807499993,-16.70066041047996,0],[-39.17507324399998,-16.70072522747998,0],[-39.17506603899994,-16.70077062547998,0],[-39.17505541699995,-16.70081860648,0],[-39.17503683099994,-16.70086012647996,0],[-39.17501293699996,-16.70089858148,0],[-39.17496179099993,-16.70094221947996,0],[-39.17496072599994,-16.70094320347996,0],[-39.17492477299993,-16.70097911048,0],[-39.17492389099993,-16.70098005547995,0],[-39.17492289399997,-16.70098130947999,0],[-39.17488819399995,-16.70102917447999,0],[-39.17488731699996,-16.70103050347997,0],[-39.17488702599996,-16.70103100947997,0],[-39.17486749699998,-16.70106623947994,0],[-39.17485424899996,-16.70108250047998,0],[-39.17485274899997,-16.70108463947997,0],[-39.17485186999995,-16.70108630447994,0],[-39.17483498199994,-16.70112281547996,0],[-39.17420269499996,-16.70049133847997,0],[-39.17419793299996,-16.70048535248002,0],[-39.17421287599996,-16.70045034747998,0],[-39.17426654899999,-16.70042181747997,0],[-39.17428736899996,-16.70038013548,0],[-39.17432358299993,-16.70032278448001,0],[-39.17434144199995,-16.70022911748001,0],[-39.17429949499996,-16.70013108848,0],[-39.17433161299994,-16.69985331447997,0],[-39.17442840599995,-16.69978643848003,0],[-39.17454581099997,-16.69977360247998,0],[-39.17455508399996,-16.69971775547998,0],[-39.17450778199998,-16.69970838547999,0],[-39.17437441599998,-16.69970063248002,0],[-39.17429611499995,-16.69979054548003,0],[-39.17420475199998,-16.69985335848002,0],[-39.17400944799994,-16.69996766747999,0],[-39.17380714199993,-16.70009616648001,0],[-39.17380335399998,-16.70010024648001,0],[-39.17351104099998,-16.69981532747999,0],[-39.17310246899996,-16.69941091148002,0],[-39.17273660199993,-16.69903902348002,0],[-39.17253134099996,-16.69883038448001,0],[-39.17253001299997,-16.69882908848004,0],[-39.17218982199995,-16.69851008148002,0],[-39.17221844299996,-16.69850641448002,0],[-39.17229246899996,-16.69850040648002,0],[-39.17234957799997,-16.69849557348002,0],[-39.17235021099999,-16.69849550948001,0],[-39.17243218499993,-16.69848586248006,0],[-39.17251787999993,-16.69847501848002,0],[-39.17251853699997,-16.69847492348006,0],[-39.17259284299996,-16.69846292448003,0],[-39.17265845099996,-16.69845332448002,0],[-39.17265890899996,-16.69845325148006,0],[-39.17266042499995,-16.69845293048005,0],[-39.17273113899995,-16.69843493348007,0],[-39.17273158699992,-16.69843481248003,0],[-39.17281723399998,-16.69841080948002,0],[-39.17290508299993,-16.69838568848004,0],[-39.17298542699996,-16.69836536548004,0],[-39.17298701699998,-16.69836488948002,0],[-39.17303543399998,-16.69834809248003,0],[-39.17303602499993,-16.69834787648004,0],[-39.17307943999998,-16.69833109848007,0],[-39.17308185199994,-16.69832996748002,0],[-39.17308447999994,-16.69832819548007,0],[-39.17312170399998,-16.69829824748005,0],[-39.17312403799997,-16.69829599848007,0],[-39.17312553899995,-16.69829401048007,0],[-39.17313236499996,-16.69828354648005,0],[-39.17313584999994,-16.69826376048005,0],[-39.17313645999997,-16.69824156548006,0],[-39.17313490999993,-16.69822752548007,0],[-39.17313440399994,-16.69822487548002,0],[-39.17313349299997,-16.69822232748001,0],[-39.17313220199998,-16.69821993848005,0],[-39.17313055499994,-16.69821776148004,0],[-39.17310664299998,-16.69819092148006,0],[-39.17310454799997,-16.69818891448004,0],[-39.17310215199996,-16.69818724948002,0],[-39.17309951499993,-16.69818596748005,0],[-39.17306078699994,-16.69817069248003,0],[-39.17306008199995,-16.69817042948004,0],[-39.17305836299994,-16.69816991648006,0],[-39.17300077399994,-16.69815561448005,0],[-39.17299979999996,-16.69815539848007,0],[-39.17292136399993,-16.69814015748004,0],[-39.17292089799997,-16.69814007248003,0],[-39.17292024499994,-16.69813997348005,0],[-39.17281401399998,-16.69812571248007,0],[-39.17281265599996,-16.69812557748007,0],[-39.17272330899993,-16.69811991148007,0],[-39.17272206099994,-16.69811987348002,0],[-39.17272115199995,-16.69811989548008,0],[-39.17271392399994,-16.69812023948007,0],[-39.17261890799995,-16.69812476448003,0],[-39.17261656099998,-16.69812501948005,0],[-39.17261556399995,-16.69812521648003,0],[-39.17254311199997,-16.69814154048002,0],[-39.17254135699994,-16.69814202448008,0],[-39.17247419399996,-16.69816397948003,0],[-39.17238133799998,-16.69819072048004,0],[-39.17232888599995,-16.69820507448006,0],[-39.17232757899995,-16.69820548248007,0],[-39.17232663299995,-16.69820584348007,0],[-39.17225230899993,-16.69823647848003,0],[-39.17219192299996,-16.69826038948006,0],[-39.17219072999995,-16.69826090948001,0],[-39.17210837099998,-16.69830020248006,0],[-39.17210730099998,-16.69830075548008,0],[-39.17210620899994,-16.69830141348005,0],[-39.17205164199999,-16.69833685748004,0],[-39.17204922099994,-16.69833872848003,0],[-39.17204715399998,-16.69834095848003,0],[-39.17203386499994,-16.69835792748003,0],[-39.17184295199997,-16.69816807748007,0],[-39.17184219999996,-16.69816734648008,0],[-39.17160545699995,-16.69794252948007,0],[-39.17160237599995,-16.69793952848004,0],[-39.17160112699997,-16.69793835548005,0],[-39.17159960899994,-16.69793702248005,0],[-39.17149039599997,-16.69784067448005,0],[-39.17129575299999,-16.69764746348005,0],[-39.17129473999995,-16.69764648848006,0],[-39.17108374199995,-16.69744945748004,0],[-39.17090534399994,-16.6972802034801,0],[-39.17086027699997,-16.69723744548008,0],[-39.17056854399993,-16.69696273848009,0],[-39.17027057899998,-16.69667606248007,0],[-39.16997260799997,-16.69639236548009,0],[-39.16987337299997,-16.69629546248009,0],[-39.16985616299997,-16.69627793048008,0],[-39.16991349299997,-16.69627072048009,0],[-39.16996656199996,-16.6962647284801,0],[-39.17001728799994,-16.6962599164801,0],[-39.17006401699996,-16.69625526048012,0],[-39.17013796299995,-16.69626094548008,0],[-39.17019660999995,-16.69627332948009,0],[-39.17023432999997,-16.69629091748007,0],[-39.17028354099995,-16.69632324848008,0],[-39.17031282599993,-16.6963455514801,0],[-39.17031497699997,-16.69634696848006,0],[-39.17031731199995,-16.69634808348011,0],[-39.17031978499995,-16.69634887548009,0],[-39.17035825899995,-16.69635841148008,0],[-39.17035968999994,-16.69635871048011,0],[-39.17036294699994,-16.69635898248013,0],[-39.17036620499994,-16.69635870448011,0],[-39.17036936199997,-16.69635788648011,0],[-39.17036991399993,-16.69635768248011,0],[-39.17040092399998,-16.6963456974801,0],[-39.17040333599994,-16.69634456748011,0],[-39.17040463299998,-16.6963437734801,0],[-39.17043687599994,-16.69632222148008,0],[-39.17043825599995,-16.69632120548008,0],[-39.17044000199996,-16.69631959448011,0],[-39.17046851499998,-16.6962896734801,0],[-39.17046907899993,-16.69628905448011,0],[-39.17047083099993,-16.69628667048008,0],[-39.17049757699994,-16.69624323448008,0],[-39.17051836899998,-16.69621646848012,0],[-39.17054563499994,-16.69619119848009,0],[-39.17057160399997,-16.69618116348008,0],[-39.17060551499998,-16.69617480848011,0],[-39.17065836199998,-16.69618042348013,0],[-39.17074373699995,-16.6961910844801,0],[-39.17083539599997,-16.69620294448013,0],[-39.17090973399996,-16.69621362848009,0],[-39.17095688599994,-16.69622076348012,0],[-39.17100914599996,-16.6962279144801,0],[-39.17101179799994,-16.69622809448014,0],[-39.17101358799994,-16.69622801048011,0],[-39.17107184099995,-16.69622258048012,0],[-39.17107330899995,-16.69622238748011,0],[-39.17107388299996,-16.69622228048011,0],[-39.17112574299995,-16.69621180748009,0],[-39.17117745499996,-16.69620064848009,0],[-39.17124102799994,-16.69618769348009,0],[-39.17124187799993,-16.69618750048009,0],[-39.17128773799994,-16.69617598248007,0],[-39.17128943799997,-16.6961754704801,0],[-39.17129256999993,-16.69617404048009,0],[-39.17132796099997,-16.69615334448012,0],[-39.17133006299998,-16.69615191748009,0],[-39.17133194199994,-16.69615022548008,0],[-39.17133356399995,-16.69614830248012,0],[-39.17135141099993,-16.69612389148009,0],[-39.17135230099996,-16.69612255048013,0],[-39.17136450699996,-16.69610227848009,0],[-39.17137591599994,-16.69608490648009,0],[-39.17139424799996,-16.6960684144801,0],[-39.17141896999993,-16.69605539248009,0],[-39.17145963199994,-16.69603693748011,0],[-39.17146086199995,-16.69603632548011,0],[-39.17149541599997,-16.69601752548009,0],[-39.17154383499996,-16.69599601148012,0],[-39.17158647299993,-16.69597991148007,0],[-39.17163083599996,-16.69596324248009,0],[-39.17166669999995,-16.69595106448012,0],[-39.17170798999996,-16.69593972148008,0],[-39.17173949199998,-16.69593746248009,0],[-39.17180859099995,-16.69593478648009,0],[-39.17180978399995,-16.69593470348012,0],[-39.17185296199995,-16.69593036248009,0],[-39.17185428899995,-16.69593018248013,0],[-39.17185577799995,-16.69592986748011,0],[-39.17190416099993,-16.6959176294801,0],[-39.17190500799995,-16.69591739448013,0],[-39.17195232499994,-16.69590310048009,0],[-39.17199186799996,-16.69589267048012,0],[-39.17202871399996,-16.69588727948012,0],[-39.17207674499997,-16.6958879104801,0],[-39.17212860199992,-16.69589827748012,0],[-39.17212917099994,-16.69589838148008,0],[-39.17212996299997,-16.6958984994801,0],[-39.17219176399993,-16.69590634148009,0],[-39.17219422899996,-16.69590649648011,0],[-39.17219519599996,-16.69590647048009,0],[-39.17226740999996,-16.69590282248008,0],[-39.17226822199996,-16.69590276548011,0],[-39.17231336599997,-16.69589858248013,0],[-39.17234261199997,-16.69590118048011,0],[-39.17238555499995,-16.69590956148009,0],[-39.17238603699997,-16.69590964848008,0],[-39.17238944999997,-16.69590991848012,0],[-39.17243427699999,-16.6959091634801,0],[-39.17243572699994,-16.69590908548012,0],[-39.17247518299996,-16.6959054644801,0],[-39.17247667799995,-16.69590526848013,0],[-39.17247734999995,-16.69590514148011,0],[-39.17252945699995,-16.69589433448008,0],[-39.17253121399994,-16.69589388448014,0],[-39.17259605599997,-16.69587394048009,0],[-39.17262868599994,-16.69586639148014,0],[-39.17265430199996,-16.69586312148008,0],[-39.17268069999994,-16.6958644034801,0],[-39.17271188399997,-16.69586895048013,0],[-39.17274338999994,-16.69588106548012,0],[-39.17274412599995,-16.6958813314801,0],[-39.17277931399997,-16.69589284548009,0],[-39.17278145699998,-16.69589341248011,0],[-39.17278365499994,-16.6958937314801,0],[-39.17278587599998,-16.69589379748007,0],[-39.17278836399998,-16.69589356848011,0],[-39.17279079999997,-16.69589302348009,0],[-39.17281543199994,-16.69588580548013,0],[-39.17286090399995,-16.69587211548013,0],[-39.17286179499996,-16.6958718224801,0],[-39.17290799299997,-16.69585526148011,0],[-39.17291048799996,-16.69585416148008,0],[-39.17293294399997,-16.69584226848012,0],[-39.17296504599994,-16.69582817348008,0],[-39.17296636299994,-16.69582753448014,0],[-39.17300148699996,-16.6958087684801,0],[-39.17300301499994,-16.6958078384801,0],[-39.17303277699995,-16.69578772148014,0],[-39.17303407699996,-16.69578675948013,0],[-39.17303455099994,-16.69578636148012,0],[-39.17307100399995,-16.69575475948011,0],[-39.17307132199995,-16.69575447748013,0],[-39.17313304999993,-16.69569843048015,0],[-39.17315439099997,-16.6956829764801,0],[-39.17317497399995,-16.69567393848012,0],[-39.17319457899999,-16.69567048548008,0],[-39.17321635299992,-16.6956727354801,0],[-39.17323352199998,-16.69568040248009,0],[-39.17326289999994,-16.69569722248012,0],[-39.17329456099998,-16.6957214504801,0],[-39.17333171899998,-16.69575076448011,0],[-39.17333203499994,-16.69575100848009,0],[-39.17338046099997,-16.69578756148011,0],[-39.17338087499996,-16.6957878654801,0],[-39.17342110399994,-16.69581653248012,0],[-39.17342289199997,-16.69581766148012,0],[-39.17342426899995,-16.69581835448013,0],[-39.17346330099997,-16.69583605848009,0],[-39.17349190199997,-16.6958508704801,0],[-39.17349453599996,-16.69585199248012,0],[-39.17353996599996,-16.69586702448008,0],[-39.17358077699998,-16.69588128848009,0],[-39.17358174799995,-16.69588159948011,0],[-39.17360501699994,-16.69588837348009,0],[-39.17362686699994,-16.69589826048012,0],[-39.17364778999996,-16.69591524548012,0],[-39.17367594899997,-16.6959458104801,0],[-39.17367649299996,-16.69594637548009,0],[-39.17371822299998,-16.69598795748008,0],[-39.17371892599994,-16.69598862148011,0],[-39.17377169999997,-16.69603596448012,0],[-39.17377376899998,-16.6960378204801,0],[-39.17386066599994,-16.69612285148012,0],[-39.17386127199995,-16.6961234184801,0],[-39.17389383899996,-16.69615253948011,0],[-39.17377351899996,-16.69624066548008,0],[-39.17345621799996,-16.69632336548009,0],[-39.17328337399994,-16.69633199848008,0],[-39.17304788399997,-16.69628025548011,0],[-39.17285044499994,-16.6962368734801,0],[-39.17262983099994,-16.69652252548011,0],[-39.17229750599995,-16.69668823948009,0],[-39.17229016499994,-16.69669546248011,0],[-39.17210848299994,-16.69687424548006,0],[-39.17211722199994,-16.69716495048005,0],[-39.17212265099994,-16.69734556748006,0],[-39.17225112899997,-16.69737304148009,0],[-39.17243836099993,-16.69745252548006,0],[-39.17267869099993,-16.69772835448008,0],[-39.17270806799996,-16.69788384148005,0],[-39.17264996199998,-16.69811078848003,0],[-39.17274892499995,-16.69811754948004,0],[-39.17283195399995,-16.69797696548004,0],[-39.17277972199998,-16.69781419348003,0],[-39.17278322699997,-16.69778626648007,0],[-39.17286013799998,-16.69768334848003,0],[-39.17293358299997,-16.69763772648008,0],[-39.17303039099993,-16.69764376548004,0],[-39.17322804699995,-16.69768944048008,0],[-39.17347376399994,-16.69787685548004,0],[-39.17345297699995,-16.69803434548003,0],[-39.17347059299993,-16.69807512948003,0],[-39.17359914599997,-16.69796431048006,0]]]]},"properties":{"name":"FLP 29","description":"<html xmlns:fo=\"http://www.w3.org/1999/XSL/Format\" xmlns:msxsl=\"urn:schemas-microsoft-com:xslt\">\n\n<head>\n\n<META http-equiv=\"Content-Type\" content=\"text/html\">\n\n<meta http-equiv=\"content-type\" content=\"text/html; charset=UTF-8\">\n\n</head>\n\n<body style=\"margin:0px 0px 0px 0px;overflow:auto;background:#FFFFFF;\">\n\n<table style=\"font-family:Arial,Verdana,Times;font-size:12px;text-align:left;width:100%;border-collapse:collapse;padding:3px 3px 3px 3px\">\n\n<tr style=\"text-align:center;font-weight:bold;background:#9CBCE2\">\n\n<td>FLP 29</td>\n\n</tr>\n\n<tr>\n\n<td>\n\n<table style=\"font-family:Arial,Verdana,Times;font-size:12px;text-align:left;width:100%;border-spacing:0px; padding:3px 3px 3px 3px\">\n\n<tr>\n\n<td>FID</td>\n\n<td>10</td>\n\n</tr>\n\n<tr bgcolor=\"#D4E4F3\">\n\n<td>Talhão</td>\n\n<td>FLP 29</td>\n\n</tr>\n\n<tr>\n\n<td>AREA</td>\n\n<td>21</td>\n\n</tr>\n\n<tr bgcolor=\"#D4E4F3\">\n\n<td>FolderPath</td>\n\n<td>Document/SYMB_PAI_01_Parcels_PD</td>\n\n</tr>\n\n<tr>\n\n<td>SymbolID</td>\n\n<td>0</td>\n\n</tr>\n\n<tr bgcolor=\"#D4E4F3\">\n\n<td>AltMode</td>\n\n<td>0</td>\n\n</tr>\n\n<tr>\n\n<td>Base</td>\n\n<td>0</td>\n\n</tr>\n\n<tr bgcolor=\"#D4E4F3\">\n\n<td>Clamped</td>\n\n<td>-1</td>\n\n</tr>\n\n<tr>\n\n<td>Extruded</td>\n\n<td>0</td>\n\n</tr>\n\n<tr bgcolor=\"#D4E4F3\">\n\n<td>Snippet</td>\n\n<td></td>\n\n</tr>\n\n<tr>\n\n<td>PopupInfo</td>\n\n<td></td>\n\n</tr>\n\n<tr bgcolor=\"#D4E4F3\">\n\n<td>Shape_Leng</td>\n\n<td>0,032081</td>\n\n</tr>\n\n<tr>\n\n<td>Área_ha</td>\n\n<td>21,087453</td>\n\n</tr>\n\n<tr bgcolor=\"#D4E4F3\">\n\n<td>AREA_REDUZ</td>\n\n<td></td>\n\n</tr>\n\n</table>\n\n</td>\n\n</tr>\n\n</table>\n\n</body>\n\n</html>"}},
{"type":"Feature","id":"ID_10011","geometry":{"type":"MultiPolygon","coordinates":[[[[-39.18231840699997,-16.69306682648016,0],[-39.18228992499996,-16.69301335348019,0],[-39.18227631299992,-16.6929016864802,0],[-39.18229076499995,-16.69277456148019,0],[-39.18230959399995,-16.69267987148017,0],[-39.18234238199994,-16.6925946634802,0],[-39.18236902299998,-16.69253101948018,0],[-39.18236925999997,-16.69253042248018,0],[-39.18236963099997,-16.6925293294802,0],[-39.18238966999996,-16.69246329948018,0],[-39.18239014199997,-16.69246134748018,0],[-39.18239024399997,-16.69246071848019,0],[-39.18240725599997,-16.69234302748023,0],[-39.18240731199995,-16.69234260148019,0],[-39.18242061799998,-16.6922312784802,0],[-39.18243312099997,-16.6921161554802,0],[-39.18245143199994,-16.69200609448021,0],[-39.18247647599998,-16.6919063084802,0],[-39.18247657399996,-16.69190589948021,0],[-39.18248711899997,-16.69185915548023,0],[-39.18265754599997,-16.69277032948021,0],[-39.18266393599998,-16.69280449348021,0],[-39.18267708599995,-16.69288195348021,0],[-39.18270855099996,-16.69306729948017,0],[-39.18270746199994,-16.69307767948017,0],[-39.18270285899997,-16.69308583148018,0],[-39.18268785399993,-16.6930942464802,0],[-39.18266329499993,-16.69309657748018,0],[-39.18260859799994,-16.69309107748019,0],[-39.18260807299998,-16.69309103148016,0],[-39.18255967699997,-16.69308748648018,0],[-39.18255823799996,-16.69308743448017,0],[-39.18255773099997,-16.69308744148021,0],[-39.18247533699996,-16.69308965948018,0],[-39.18242260799997,-16.69308970748018,0],[-39.18236961799995,-16.69309047248016,0],[-39.18234280199993,-16.69309086048021,0],[-39.18234101799993,-16.6930891034802,0],[-39.18231840699997,-16.69306682648016,0]]]]},"properties":{"name":"FLP 16","description":"<html xmlns:fo=\"http://www.w3.org/1999/XSL/Format\" xmlns:msxsl=\"urn:schemas-microsoft-com:xslt\">\n\n<head>\n\n<META http-equiv=\"Content-Type\" content=\"text/html\">\n\n<meta http-equiv=\"content-type\" content=\"text/html; charset=UTF-8\">\n\n</head>\n\n<body style=\"margin:0px 0px 0px 0px;overflow:auto;background:#FFFFFF;\">\n\n<table style=\"font-family:Arial,Verdana,Times;font-size:12px;text-align:left;width:100%;border-collapse:collapse;padding:3px 3px 3px 3px\">\n\n<tr style=\"text-align:center;font-weight:bold;background:#9CBCE2\">\n\n<td>FLP 16</td>\n\n</tr>\n\n<tr>\n\n<td>\n\n<table style=\"font-family:Arial,Verdana,Times;font-size:12px;text-align:left;width:100%;border-spacing:0px; padding:3px 3px 3px 3px\">\n\n<tr>\n\n<td>FID</td>\n\n<td>11</td>\n\n</tr>\n\n<tr bgcolor=\"#D4E4F3\">\n\n<td>Talhão</td>\n\n<td>FLP 16</td>\n\n</tr>\n\n<tr>\n\n<td>AREA</td>\n\n<td>0</td>\n\n</tr>\n\n<tr bgcolor=\"#D4E4F3\">\n\n<td>FolderPath</td>\n\n<td>Document/SYMB_PAI_01_Parcels_PD</td>\n\n</tr>\n\n<tr>\n\n<td>SymbolID</td>\n\n<td>0</td>\n\n</tr>\n\n<tr bgcolor=\"#D4E4F3\">\n\n<td>AltMode</td>\n\n<td>0</td>\n\n</tr>\n\n<tr>\n\n<td>Base</td>\n\n<td>0</td>\n\n</tr>\n\n<tr bgcolor=\"#D4E4F3\">\n\n<td>Clamped</td>\n\n<td>-1</td>\n\n</tr>\n\n<tr>\n\n<td>Extruded</td>\n\n<td>0</td>\n\n</tr>\n\n<tr bgcolor=\"#D4E4F3\">\n\n<td>Snippet</td>\n\n<td></td>\n\n</tr>\n\n<tr>\n\n<td>PopupInfo</td>\n\n<td></td>\n\n</tr>\n\n<tr bgcolor=\"#D4E4F3\">\n\n<td>Shape_Leng</td>\n\n<td>0,002887</td>\n\n</tr>\n\n<tr>\n\n<td>Área_ha</td>\n\n<td>0,33436</td>\n\n</tr>\n\n<tr bgcolor=\"#D4E4F3\">\n\n<td>AREA_REDUZ</td>\n\n<td></td>\n\n</tr>\n\n</table>\n\n</td>\n\n</tr>\n\n</table>\n\n</body>\n\n</html>"}},
{"type":"Feature","id":"ID_10012","geometry":{"type":"MultiPolygon","coordinates":[[[[-39.17319335499997,-16.69420481248016,0],[-39.17316283099996,-16.69421989248017,0],[-39.17316085299996,-16.69422102248015,0],[-39.17315903299993,-16.69422237648016,0],[-39.17315739899993,-16.69422393548015,0],[-39.17306000499997,-16.69432900448013,0],[-39.17305817399996,-16.69433133348016,0],[-39.17305675699998,-16.69433391748012,0],[-39.17305578999998,-16.69433668748017,0],[-39.17304959499995,-16.69436070048013,0],[-39.17304932299993,-16.69436193848017,0],[-39.17304903999997,-16.69436507848015,0],[-39.17304932799993,-16.69436821748015,0],[-39.17305017699993,-16.69437126048015,0],[-39.17305038099994,-16.69437177548015,0],[-39.17308818799995,-16.69446290048015,0],[-39.17310014499999,-16.69451443248014,0],[-39.17310555299996,-16.69461795048013,0],[-39.17309126599997,-16.69465517448018,0],[-39.17302318099996,-16.69469811948013,0],[-39.17302138299993,-16.69469940748016,0],[-39.17302061599997,-16.69470006448013,0],[-39.17286652799993,-16.69483944148012,0],[-39.17268353499998,-16.69495545448014,0],[-39.17260148299994,-16.69498666348013,0],[-39.17239385299996,-16.69503470448012,0],[-39.17233931699997,-16.69504344348013,0],[-39.17214261099997,-16.6950524014801,0],[-39.17214012299997,-16.69505267648015,0],[-39.17213769499995,-16.69505326848016,0],[-39.17213537099997,-16.69505416548015,0],[-39.17212154899994,-16.69506056848014,0],[-39.17207187099996,-16.69504818148011,0],[-39.17203081599996,-16.69503691348013,0],[-39.17197756199994,-16.69501985448012,0],[-39.17197488599993,-16.69501920448011,0],[-39.17197421599997,-16.69501910248012,0],[-39.17192432899999,-16.69501244748013,0],[-39.17192174099995,-16.6950122764801,0],[-39.17191883399994,-16.69501249748012,0],[-39.17188069299993,-16.69501829748015,0],[-39.17187941799995,-16.69501854648013,0],[-39.17182954699996,-16.69503006848009,0],[-39.17182887499996,-16.69503023648015,0],[-39.17174327799995,-16.69505326848016,0],[-39.17174189199994,-16.69505369848014,0],[-39.17174071199997,-16.69505415748012,0],[-39.17168861599998,-16.69507644448011,0],[-39.17168771699994,-16.69507685648012,0],[-39.17164217699997,-16.69509919748016,0],[-39.17158778799995,-16.69511602048011,0],[-39.17158708899996,-16.6951162514801,0],[-39.17158578999994,-16.6951167624801,0],[-39.17152476499996,-16.69514336248012,0],[-39.17152310099993,-16.69514418548011,0],[-39.17152094799997,-16.69514558648013,0],[-39.17147747299999,-16.69517831248011,0],[-39.17141780799994,-16.69521808648012,0],[-39.17137732199996,-16.69523192048013,0],[-39.17137672399997,-16.6952321384801,0],[-39.17131276799995,-16.69525671548014,0],[-39.17125872299994,-16.69526744748014,0],[-39.17122305799995,-16.69526553048014,0],[-39.17118489099995,-16.69525807048013,0],[-39.17112677099994,-16.69524201948013,0],[-39.17108790199995,-16.69522792048015,0],[-39.17108495599996,-16.69522712648012,0],[-39.17103507499996,-16.69521784148016,0],[-39.17097385699998,-16.69520638348013,0],[-39.17097173799993,-16.69520612348016,0],[-39.17093972199996,-16.69520399748013,0],[-39.17093709099998,-16.69520400148014,0],[-39.17093448599997,-16.69520436048016,0],[-39.17089281399995,-16.69521300248012,0],[-39.17085041299998,-16.69522164148015,0],[-39.17080556999998,-16.69523090048012,0],[-39.17080892499995,-16.69522587948014,0],[-39.17083079899993,-16.69519988748011,0],[-39.17087543899999,-16.69516966048014,0],[-39.17091919199999,-16.6951473574801,0],[-39.17096767999993,-16.69512154448012,0],[-39.17101659999997,-16.69509615148014,0],[-39.17107873099997,-16.69506881648011,0],[-39.17116994699995,-16.69502805848016,0],[-39.17117053699997,-16.69502778248012,0],[-39.17122369599997,-16.69500181548011,0],[-39.17126736599994,-16.69498528048015,0],[-39.17132297499995,-16.69497358148011,0],[-39.17132367699998,-16.69497341948011,0],[-39.17138136399996,-16.69495902148016,0],[-39.17138194599994,-16.69495886648015,0],[-39.17143280799997,-16.69494447348013,0],[-39.17143395399995,-16.69494411048011,0],[-39.17143492699995,-16.69494373748013,0],[-39.17148702299994,-16.69492216848012,0],[-39.17148965499995,-16.69492083148015,0],[-39.17149203399998,-16.69491911048011,0],[-39.17149409999996,-16.69491704848015,0],[-39.17151279299998,-16.69489479148014,0],[-39.17151455899995,-16.69489228648014,0],[-39.17151586599994,-16.69488953148012,0],[-39.17151667699994,-16.69488660448015,0],[-39.17152223999994,-16.69485667148014,0],[-39.17152252799997,-16.69485359748013,0],[-39.17152226899998,-16.69485052048015,0],[-39.17152147099995,-16.69484753148011,0],[-39.17151226799996,-16.69482224048012,0],[-39.17150907699994,-16.69480503548012,0],[-39.17151108999997,-16.69479170548011,0],[-39.17152090799993,-16.69477511148013,0],[-39.17153085499996,-16.69476070648013,0],[-39.17154952499993,-16.69473944548016,0],[-39.17155050599995,-16.69473821948016,0],[-39.17159462499995,-16.69467791248015,0],[-39.17165608099998,-16.69459416848015,0],[-39.17165650499993,-16.69459356648016,0],[-39.17171335599994,-16.69450907648016,0],[-39.17174474399997,-16.69446550948012,0],[-39.17178020399996,-16.69441938448013,0],[-39.17182994999996,-16.69435566248015,0],[-39.17187873099994,-16.69429952748012,0],[-39.17188010699994,-16.69429772748019,0],[-39.17191253599998,-16.69424933348015,0],[-39.17194941999998,-16.69420042748014,0],[-39.17195046199998,-16.69419888648018,0],[-39.17198701099994,-16.69413831448017,0],[-39.17202883899995,-16.69407321248017,0],[-39.17207915999995,-16.69400033048013,0],[-39.17213955899996,-16.69391571848018,0],[-39.17218448099993,-16.69385232548018,0],[-39.17223340799995,-16.69378886048019,0],[-39.17225266099996,-16.69376318048016,0],[-39.17228157699999,-16.69372461348018,0],[-39.17232270799997,-16.69366958848018,0],[-39.17236392499996,-16.69361492648015,0],[-39.17239655099996,-16.69357006348019,0],[-39.17243601899998,-16.69351957048019,0],[-39.17243670099998,-16.69351863748016,0],[-39.17246941599996,-16.69347077548019,0],[-39.17247063299993,-16.69346871248018,0],[-39.17247155899997,-16.69346651348019,0],[-39.17247217799997,-16.69346421648014,0],[-39.17247247899997,-16.69346186048017,0],[-39.17247288899996,-16.6934549454802,0],[-39.17261430799994,-16.69352669848018,0],[-39.17261682599997,-16.69352775848017,0],[-39.17261947899993,-16.69352845148017,0],[-39.17262220799995,-16.69352876248018,0],[-39.17302402699994,-16.6935460804802,0],[-39.17302488199994,-16.69354609848016,0],[-39.17302691699996,-16.69354599048018,0],[-39.17342559499997,-16.69350371648017,0],[-39.17342681699995,-16.69350354748018,0],[-39.17342945699994,-16.69350290348017,0],[-39.17345417799993,-16.6934949894802,0],[-39.17344439799996,-16.69350895548018,0],[-39.17323491099995,-16.69408962448015,0],[-39.17319335499997,-16.69420481248016,0]]]]},"properties":{"name":"FLP 31 - B","description":"<html xmlns:fo=\"http://www.w3.org/1999/XSL/Format\" xmlns:msxsl=\"urn:schemas-microsoft-com:xslt\">\n\n<head>\n\n<META http-equiv=\"Content-Type\" content=\"text/html\">\n\n<meta http-equiv=\"content-type\" content=\"text/html; charset=UTF-8\">\n\n</head>\n\n<body style=\"margin:0px 0px 0px 0px;overflow:auto;background:#FFFFFF;\">\n\n<table style=\"font-family:Arial,Verdana,Times;font-size:12px;text-align:left;width:100%;border-collapse:collapse;padding:3px 3px 3px 3px\">\n\n<tr style=\"text-align:center;font-weight:bold;background:#9CBCE2\">\n\n<td>FLP 31 - B</td>\n\n</tr>\n\n<tr>\n\n<td>\n\n<table style=\"font-family:Arial,Verdana,Times;font-size:12px;text-align:left;width:100%;border-spacing:0px; padding:3px 3px 3px 3px\">\n\n<tr>\n\n<td>FID</td>\n\n<td>12</td>\n\n</tr>\n\n<tr bgcolor=\"#D4E4F3\">\n\n<td>Talhão</td>\n\n<td>FLP 31 - B</td>\n\n</tr>\n\n<tr>\n\n<td>AREA</td>\n\n<td>2</td>\n\n</tr>\n\n<tr bgcolor=\"#D4E4F3\">\n\n<td>FolderPath</td>\n\n<td>Document/SYMB_PAI_01_Parcels_PD</td>\n\n</tr>\n\n<tr>\n\n<td>SymbolID</td>\n\n<td>0</td>\n\n</tr>\n\n<tr bgcolor=\"#D4E4F3\">\n\n<td>AltMode</td>\n\n<td>0</td>\n\n</tr>\n\n<tr>\n\n<td>Base</td>\n\n<td>0</td>\n\n</tr>\n\n<tr bgcolor=\"#D4E4F3\">\n\n<td>Clamped</td>\n\n<td>-1</td>\n\n</tr>\n\n<tr>\n\n<td>Extruded</td>\n\n<td>0</td>\n\n</tr>\n\n<tr bgcolor=\"#D4E4F3\">\n\n<td>Snippet</td>\n\n<td></td>\n\n</tr>\n\n<tr>\n\n<td>PopupInfo</td>\n\n<td></td>\n\n</tr>\n\n<tr bgcolor=\"#D4E4F3\">\n\n<td>Shape_Leng</td>\n\n<td>0,007305</td>\n\n</tr>\n\n<tr>\n\n<td>Área_ha</td>\n\n<td>2,365405</td>\n\n</tr>\n\n<tr bgcolor=\"#D4E4F3\">\n\n<td>AREA_REDUZ</td>\n\n<td></td>\n\n</tr>\n\n</table>\n\n</td>\n\n</tr>\n\n</table>\n\n</body>\n\n</html>"}},
{"type":"Feature","id":"ID_10013","geometry":{"type":"MultiPolygon","coordinates":[[[[-39.17821563199993,-16.68950780048026,0],[-39.17812874099997,-16.68932904048027,0],[-39.17812607699994,-16.68918229148028,0],[-39.17819929599995,-16.6890924454803,0],[-39.17825543499998,-16.68860886748031,0],[-39.17825662399997,-16.68859649148029,0],[-39.17827648999997,-16.68857443248029,0],[-39.17827792599996,-16.68857258348028,0],[-39.17831225299994,-16.68852188948031,0],[-39.17832716399994,-16.68855199948032,0],[-39.17832741799998,-16.68855249448032,0],[-39.17836294999995,-16.68861893748029,0],[-39.17839748499995,-16.6886948324803,0],[-39.17844205099993,-16.6887948074803,0],[-39.17848844099996,-16.68891434248031,0],[-39.17850219699994,-16.6889587094803,0],[-39.17850254899997,-16.68895973148029,0],[-39.17850291899998,-16.6889606324803,0],[-39.17851241499994,-16.68898206748032,0],[-39.17852579799995,-16.68901227448032,0],[-39.17852616699997,-16.68901305748029,0],[-39.17855500799993,-16.6890704354803,0],[-39.17855564499995,-16.68907159448031,0],[-39.17858921499993,-16.68912762448031,0],[-39.17863062099996,-16.68920536748027,0],[-39.17865335599998,-16.68925194048028,0],[-39.17865355899994,-16.68925234348028,0],[-39.17867505699996,-16.68929369148031,0],[-39.17874328999995,-16.68946124648027,0],[-39.17874345899997,-16.68946164948028,0],[-39.17874399299996,-16.68946279248029,0],[-39.17874464899996,-16.6894641144803,0],[-39.17884171399993,-16.68966118448029,0],[-39.17884803899994,-16.6896770734803,0],[-39.17878839099996,-16.68973523648031,0],[-39.17876084899996,-16.68970631948029,0],[-39.17873497399995,-16.68967951048027,0],[-39.17873328399997,-16.68967796448025,0],[-39.17873044499999,-16.68967607248026,0],[-39.17867268399994,-16.68964542148028,0],[-39.17867003599997,-16.6896442644803,0],[-39.17866768999995,-16.68964360648026,0],[-39.17861431199998,-16.68963222248026,0],[-39.17852746599993,-16.68961137648027,0],[-39.17841726399995,-16.6895811334803,0],[-39.17834241399999,-16.68955462748027,0],[-39.17834119299994,-16.6895542434803,0],[-39.17827963299993,-16.6895370754803,0],[-39.17827677799994,-16.68953650648028,0],[-39.17827386699997,-16.68953637048031,0],[-39.17820656299995,-16.68953828248026,0],[-39.17821563199993,-16.68950780048026,0]]]]},"properties":{"name":"FLP 13","description":"<html xmlns:fo=\"http://www.w3.org/1999/XSL/Format\" xmlns:msxsl=\"urn:schemas-microsoft-com:xslt\">\n\n<head>\n\n<META http-equiv=\"Content-Type\" content=\"text/html\">\n\n<meta http-equiv=\"content-type\" content=\"text/html; charset=UTF-8\">\n\n</head>\n\n<body style=\"margin:0px 0px 0px 0px;overflow:auto;background:#FFFFFF;\">\n\n<table style=\"font-family:Arial,Verdana,Times;font-size:12px;text-align:left;width:100%;border-collapse:collapse;padding:3px 3px 3px 3px\">\n\n<tr style=\"text-align:center;font-weight:bold;background:#9CBCE2\">\n\n<td>FLP 13</td>\n\n</tr>\n\n<tr>\n\n<td>\n\n<table style=\"font-family:Arial,Verdana,Times;font-size:12px;text-align:left;width:100%;border-spacing:0px; padding:3px 3px 3px 3px\">\n\n<tr>\n\n<td>FID</td>\n\n<td>13</td>\n\n</tr>\n\n<tr bgcolor=\"#D4E4F3\">\n\n<td>Talhão</td>\n\n<td>FLP 13</td>\n\n</tr>\n\n<tr>\n\n<td>AREA</td>\n\n<td>0</td>\n\n</tr>\n\n<tr bgcolor=\"#D4E4F3\">\n\n<td>FolderPath</td>\n\n<td>Document/SYMB_PAI_01_Parcels_PD</td>\n\n</tr>\n\n<tr>\n\n<td>SymbolID</td>\n\n<td>0</td>\n\n</tr>\n\n<tr bgcolor=\"#D4E4F3\">\n\n<td>AltMode</td>\n\n<td>0</td>\n\n</tr>\n\n<tr>\n\n<td>Base</td>\n\n<td>0</td>\n\n</tr>\n\n<tr bgcolor=\"#D4E4F3\">\n\n<td>Clamped</td>\n\n<td>-1</td>\n\n</tr>\n\n<tr>\n\n<td>Extruded</td>\n\n<td>0</td>\n\n</tr>\n\n<tr bgcolor=\"#D4E4F3\">\n\n<td>Snippet</td>\n\n<td></td>\n\n</tr>\n\n<tr>\n\n<td>PopupInfo</td>\n\n<td></td>\n\n</tr>\n\n<tr bgcolor=\"#D4E4F3\">\n\n<td>Shape_Leng</td>\n\n<td>0,003074</td>\n\n</tr>\n\n<tr>\n\n<td>Área_ha</td>\n\n<td>0,465527</td>\n\n</tr>\n\n<tr bgcolor=\"#D4E4F3\">\n\n<td>AREA_REDUZ</td>\n\n<td></td>\n\n</tr>\n\n</table>\n\n</td>\n\n</tr>\n\n</table>\n\n</body>\n\n</html>"}},
{"type":"Feature","id":"ID_10014","geometry":{"type":"MultiPolygon","coordinates":[[[[-39.17728502599994,-16.68838783848033,0],[-39.17724567499994,-16.68836668248033,0],[-39.17720517999992,-16.68834168248033,0],[-39.17716810799993,-16.68831464648034,0],[-39.17714535999994,-16.68829385548034,0],[-39.17712875299998,-16.68827126848029,0],[-39.17710288199992,-16.68823098048031,0],[-39.17705381599995,-16.68815723248034,0],[-39.17701452099993,-16.68807458148033,0],[-39.17698400299997,-16.68801289448029,0],[-39.17698330899998,-16.68801162248035,0],[-39.17698154999994,-16.68800918148034,0],[-39.17695850999996,-16.68798222448031,0],[-39.17695691599994,-16.68798059348033,0],[-39.17691789499997,-16.6879453624803,0],[-39.17689933699995,-16.68792047748034,0],[-39.17688943899998,-16.68790143948035,0],[-39.17688890599993,-16.68790048548031,0],[-39.17688860899995,-16.68790000948034,0],[-39.17684822499996,-16.68783725948036,0],[-39.17684664399997,-16.68783515548033,0],[-39.17684621599994,-16.68783468348031,0],[-39.17679041399998,-16.68777503048031,0],[-39.17676747199994,-16.68775005348031,0],[-39.17671161099997,-16.68767505648035,0],[-39.17669386499995,-16.68765027548033,0],[-39.17668386299994,-16.68762304048031,0],[-39.17667814799995,-16.68759890048033,0],[-39.17667521499994,-16.68756921948033,0],[-39.17667518699994,-16.68753898148036,0],[-39.17667518199994,-16.68753858048034,0],[-39.17667453699994,-16.68751167248035,0],[-39.17667425399998,-16.68750893448037,0],[-39.17667416499995,-16.68750847948034,0],[-39.17666544099995,-16.68746722948038,0],[-39.17666468099998,-16.68746464148033,0],[-39.17666356899997,-16.68746225448034,0],[-39.17665051999995,-16.68743894548032,0],[-39.17664905099996,-16.68743672548031,0],[-39.17664726299994,-16.68743473548033,0],[-39.17662801399996,-16.68741621548036,0],[-39.17662680699993,-16.68741515048037,0],[-39.17662489099996,-16.68741379348034,0],[-39.17660750999994,-16.68740304548031,0],[-39.17660556999994,-16.68740199648033,0],[-39.17660351499995,-16.68740117648035,0],[-39.17660137299999,-16.68740059748034,0],[-39.17658151599994,-16.68739642848032,0],[-39.17657932099996,-16.68739609848034,0],[-39.17657709999997,-16.68739601948033,0],[-39.17654856199994,-16.68739664148034,0],[-39.17654571199995,-16.68739691448035,0],[-39.17654354899997,-16.68739741348036,0],[-39.17651222599994,-16.68740655648035,0],[-39.17649153399997,-16.68740900648031,0],[-39.17647456399993,-16.68740548448033,0],[-39.17646099299998,-16.68739790548032,0],[-39.17645087799996,-16.68738552048034,0],[-39.17643268299997,-16.68734827148034,0],[-39.17642133099997,-16.68732228548031,0],[-39.17642175899994,-16.68730345448034,0],[-39.17642545999996,-16.68729540748035,0],[-39.17644275399994,-16.68728427348037,0],[-39.17646687299998,-16.68727738348036,0],[-39.17652537599997,-16.68726367948034,0],[-39.17656262899993,-16.68725481648033,0],[-39.17660142199998,-16.68724818448032,0],[-39.17662840099996,-16.68725141148036,0],[-39.17662899799995,-16.68725147348033,0],[-39.17666250299993,-16.68725443448033,0],[-39.17666423199994,-16.68725450948034,0],[-39.17666580899998,-16.68725444448034,0],[-39.17671729799997,-16.68725021448034,0],[-39.17671897799994,-16.68725000248038,0],[-39.17671993899995,-16.68724981348032,0],[-39.17678444699993,-16.68723540848038,0],[-39.17678530799997,-16.68723519448036,0],[-39.17684485099994,-16.68721899948036,0],[-39.17684542899997,-16.68721883348035,0],[-39.17689656199997,-16.68720319848034,0],[-39.17694010699996,-16.68719165948033,0],[-39.17697148399998,-16.68718812248034,0],[-39.17699220199996,-16.68718996848037,0],[-39.17701731499994,-16.68719372548037,0],[-39.17705882599994,-16.68720154548031,0],[-39.17706226299998,-16.68720185048034,0],[-39.17706434099995,-16.68720173748033,0],[-39.17710918699999,-16.68719687848034,0],[-39.17711001499998,-16.68719677048034,0],[-39.17718492999995,-16.68718537848035,0],[-39.17727709699995,-16.68718113548033,0],[-39.17735843999998,-16.68719506348037,0],[-39.17736047099993,-16.68719530048037,0],[-39.17742546399995,-16.68719936648035,0],[-39.17742747999995,-16.68719952248034,0],[-39.17742858599996,-16.68719958448037,0],[-39.17750296299994,-16.68720059348032,0],[-39.17752082999993,-16.68724543648035,0],[-39.17751839799996,-16.68724633748035,0],[-39.17750626699996,-16.68761610248037,0],[-39.17743200699994,-16.68812587448033,0],[-39.17743236499996,-16.68821110148033,0],[-39.17728502599994,-16.68838783848033,0]]]]},"properties":{"name":"FLP 14","description":"<html xmlns:fo=\"http://www.w3.org/1999/XSL/Format\" xmlns:msxsl=\"urn:schemas-microsoft-com:xslt\">\n\n<head>\n\n<META http-equiv=\"Content-Type\" content=\"text/html\">\n\n<meta http-equiv=\"content-type\" content=\"text/html; charset=UTF-8\">\n\n</head>\n\n<body style=\"margin:0px 0px 0px 0px;overflow:auto;background:#FFFFFF;\">\n\n<table style=\"font-family:Arial,Verdana,Times;font-size:12px;text-align:left;width:100%;border-collapse:collapse;padding:3px 3px 3px 3px\">\n\n<tr style=\"text-align:center;font-weight:bold;background:#9CBCE2\">\n\n<td>FLP 14</td>\n\n</tr>\n\n<tr>\n\n<td>\n\n<table style=\"font-family:Arial,Verdana,Times;font-size:12px;text-align:left;width:100%;border-spacing:0px; padding:3px 3px 3px 3px\">\n\n<tr>\n\n<td>FID</td>\n\n<td>14</td>\n\n</tr>\n\n<tr bgcolor=\"#D4E4F3\">\n\n<td>Talhão</td>\n\n<td>FLP 14</td>\n\n</tr>\n\n<tr>\n\n<td>AREA</td>\n\n<td>1</td>\n\n</tr>\n\n<tr bgcolor=\"#D4E4F3\">\n\n<td>FolderPath</td>\n\n<td>Document/SYMB_PAI_01_Parcels_PD</td>\n\n</tr>\n\n<tr>\n\n<td>SymbolID</td>\n\n<td>0</td>\n\n</tr>\n\n<tr bgcolor=\"#D4E4F3\">\n\n<td>AltMode</td>\n\n<td>0</td>\n\n</tr>\n\n<tr>\n\n<td>Base</td>\n\n<td>0</td>\n\n</tr>\n\n<tr bgcolor=\"#D4E4F3\">\n\n<td>Clamped</td>\n\n<td>-1</td>\n\n</tr>\n\n<tr>\n\n<td>Extruded</td>\n\n<td>0</td>\n\n</tr>\n\n<tr bgcolor=\"#D4E4F3\">\n\n<td>Snippet</td>\n\n<td></td>\n\n</tr>\n\n<tr>\n\n<td>PopupInfo</td>\n\n<td></td>\n\n</tr>\n\n<tr bgcolor=\"#D4E4F3\">\n\n<td>Shape_Leng</td>\n\n<td>0,003848</td>\n\n</tr>\n\n<tr>\n\n<td>Área_ha</td>\n\n<td>0,890325</td>\n\n</tr>\n\n<tr bgcolor=\"#D4E4F3\">\n\n<td>AREA_REDUZ</td>\n\n<td></td>\n\n</tr>\n\n</table>\n\n</td>\n\n</tr>\n\n</table>\n\n</body>\n\n</html>"}},
{"type":"Feature","id":"ID_10015","geometry":{"type":"MultiPolygon","coordinates":[[[[-39.17757709499995,-16.69547199848013,0],[-39.17748649999993,-16.69545289048012,0],[-39.17740335999997,-16.69543674748012,0],[-39.17731223799996,-16.69541487748012,0],[-39.17723360899998,-16.69539768048014,0],[-39.17723295999997,-16.69539754948011,0],[-39.17714440399993,-16.69538132748011,0],[-39.17712442599997,-16.69537800948012,0],[-39.17701819699994,-16.69536036648014,0],[-39.17692688499994,-16.69534514348009,0],[-39.17682596299994,-16.6953280664801,0],[-39.17674836599997,-16.69531204448016,0],[-39.17664165099995,-16.69528452448015,0],[-39.17653006299997,-16.69525417148015,0],[-39.17644200899997,-16.69522565048009,0],[-39.17634942599994,-16.69519695348015,0],[-39.17625915399997,-16.69517026748014,0],[-39.17617617299993,-16.6951436864801,0],[-39.17610781599996,-16.69511988348013,0],[-39.17602073199998,-16.69509040148012,0],[-39.17594756299997,-16.69506226548017,0],[-39.17591985999996,-16.69504805748012,0],[-39.17591553399996,-16.69504500748014,0],[-39.17598155599996,-16.69495998348016,0],[-39.17598225899997,-16.69495913148014,0],[-39.17601816599996,-16.69491831448011,0],[-39.17606325799994,-16.69487004648013,0],[-39.17610401699995,-16.69483069448014,0],[-39.17616053899997,-16.69478459148014,0],[-39.17620283599996,-16.69475396148013,0],[-39.17624848999998,-16.69472863248015,0],[-39.17624961599995,-16.69472795448016,0],[-39.17629173699993,-16.69470052548015,0],[-39.17631686499993,-16.69468652448013,0],[-39.17636590099993,-16.69466000348014,0],[-39.17640572399995,-16.69464124048013,0],[-39.17645030099993,-16.69462251648017,0],[-39.17648996299994,-16.69460942548012,0],[-39.17651192799997,-16.69460296248015,0],[-39.17652650399997,-16.69459964248014,0],[-39.17654663799993,-16.69459874448014,0],[-39.17658638699993,-16.69459679448013,0],[-39.17658870799994,-16.69459654048014,0],[-39.17659050699996,-16.69459614448013,0],[-39.17661531699998,-16.69458942648017,0],[-39.17661667499993,-16.69458900448014,0],[-39.17661747399996,-16.69458870348015,0],[-39.17665319699994,-16.69457432248011,0],[-39.17665536099997,-16.69457328948012,0],[-39.17665692899993,-16.69457231048014,0],[-39.17668807699994,-16.69455069448016,0],[-39.17672018999996,-16.69453189948016,0],[-39.17672224199998,-16.69453050948014,0],[-39.17675313299998,-16.69450645248016,0],[-39.17675545699996,-16.69450425548015,0],[-39.17679121999998,-16.69446397148013,0],[-39.17679150699996,-16.69446363748014,0],[-39.17683315399995,-16.69441385348014,0],[-39.17683460199999,-16.69441186248016,0],[-39.17685452599994,-16.69438010848014,0],[-39.17685562299994,-16.69437802348015,0],[-39.17687345399997,-16.69433782648017,0],[-39.17687383899994,-16.69433688748015,0],[-39.17687450699997,-16.69433468648017,0],[-39.17688834999995,-16.69427535848015,0],[-39.17688852499998,-16.69427451548016,0],[-39.17688867899994,-16.69427350548014,0],[-39.17689556899996,-16.69421710648012,0],[-39.17690245699998,-16.69416458148012,0],[-39.17690257199996,-16.69416338148014,0],[-39.17690550599998,-16.69411554348014,0],[-39.17690553899996,-16.69411446048018,0],[-39.17690548499996,-16.69405610048015,0],[-39.17690547899997,-16.69405565948016,0],[-39.17690444599998,-16.69401633348016,0],[-39.17690242099997,-16.69396298648016,0],[-39.17690239199992,-16.69393124848015,0],[-39.17690906999996,-16.69389055648018,0],[-39.17690926699998,-16.69388882048018,0],[-39.17691220099993,-16.69384193948019,0],[-39.17691217899995,-16.69383945848017,0],[-39.17691180499997,-16.69383700248015,0],[-39.17691108499997,-16.69383461948017,0],[-39.17689714199997,-16.69379824248016,0],[-39.17689615499995,-16.69379610448015,0],[-39.17687424699994,-16.69375588148015,0],[-39.17684245899994,-16.69369856248016,0],[-39.17681168499997,-16.69364128048016,0],[-39.17681137599993,-16.69364072848019,0],[-39.17677952999998,-16.69358617348018,0],[-39.17673086799993,-16.69350402948015,0],[-39.17668237999993,-16.69341837548018,0],[-39.17665376799994,-16.69336429348015,0],[-39.17661013899993,-16.69327562048016,0],[-39.17657931899998,-16.69321252648018,0],[-39.17657858399997,-16.69321117348017,0],[-39.17657769199997,-16.69320982948017,0],[-39.17653821699997,-16.69315571548021,0],[-39.17650660299995,-16.69310725248017,0],[-39.17645079599998,-16.69302385648019,0],[-39.17638510999996,-16.69292907648021,0],[-39.17638465199997,-16.69292844448018,0],[-39.17626638199994,-16.69277260148018,0],[-39.17626567399998,-16.69277172648022,0],[-39.17620526299994,-16.69270160248017,0],[-39.17618476699994,-16.69267851848021,0],[-39.17619195699996,-16.69265415048018,0],[-39.17619971299996,-16.69262786248016,0],[-39.17625261199998,-16.69244856848021,0],[-39.17635754599996,-16.6924072574802,0],[-39.17638559399995,-16.6923370484802,0],[-39.17638168099995,-16.69231545548021,0],[-39.17628748599998,-16.6921012664802,0],[-39.17628464199999,-16.69190929948022,0],[-39.17665276299993,-16.69161891548026,0],[-39.17721848199994,-16.69119146048024,0],[-39.17721901799996,-16.69119103848022,0],[-39.17758650799993,-16.69088992148023,0],[-39.17758720599994,-16.69088931948023,0],[-39.17786916699998,-16.69063382848027,0],[-39.17786991499997,-16.69063311148025,0],[-39.17795026699998,-16.69055163948027,0],[-39.17819469999995,-16.69033833548028,0],[-39.17819513699993,-16.69033794248028,0],[-39.17879997399996,-16.68977529848029,0],[-39.17880089099998,-16.68977442948027,0],[-39.17880120499996,-16.68977412848028,0],[-39.17880229199994,-16.68977307448026,0],[-39.17886278999998,-16.68971412748025,0],[-39.17920492299993,-16.69041197448027,0],[-39.17936800099994,-16.69075745748025,0],[-39.17946152799993,-16.69095912348025,0],[-39.17964983599995,-16.69136515548024,0],[-39.17965007299995,-16.69136564648022,0],[-39.17979974299993,-16.69166400248025,0],[-39.17988137999998,-16.69183496548018,0],[-39.17988221299998,-16.69183651048023,0],[-39.18023175799993,-16.69248124748022,0],[-39.18032007199997,-16.69265120048019,0],[-39.18039255299993,-16.6927883594802,0],[-39.18039049899993,-16.6927892834802,0],[-39.18038920099996,-16.6927900784802,0],[-39.18038114099994,-16.69279546848022,0],[-39.18038000899998,-16.6927962864802,0],[-39.18034467199993,-16.6928239354802,0],[-39.18030501799995,-16.69284985548019,0],[-39.18025094699993,-16.69288545548019,0],[-39.18018707199997,-16.69292163948019,0],[-39.18011202799994,-16.6929632244802,0],[-39.18005486499993,-16.69299053548021,0],[-39.18005385599997,-16.69299105548022,0],[-39.17999864099994,-16.69302161348021,0],[-39.17999826899995,-16.69302182648017,0],[-39.17991951899995,-16.6930679364802,0],[-39.17991798299994,-16.69306893948016,0],[-39.17988236899998,-16.69309475948019,0],[-39.17982191999994,-16.69313496348019,0],[-39.17982050399996,-16.69313600448016,0],[-39.17981960699996,-16.69313677948021,0],[-39.17978520299994,-16.69316850148017,0],[-39.17978484899994,-16.6931688374802,0],[-39.17974021999999,-16.69321222648018,0],[-39.17973976299992,-16.69321268448016,0],[-39.17970533799996,-16.69324859548016,0],[-39.17966567899999,-16.6932862924802,0],[-39.17966505999993,-16.69328690848016,0],[-39.17963488599997,-16.69331844748018,0],[-39.17960752599998,-16.69334809248017,0],[-39.17957981499995,-16.69337254648019,0],[-39.17955531799998,-16.69339176448017,0],[-39.17955493699997,-16.69339207748015,0],[-39.17952149599995,-16.69342021848018,0],[-39.17947976999994,-16.69345197948019,0],[-39.17944536399994,-16.69347550048019,0],[-39.17941487799993,-16.69349512648018,0],[-39.17941391499994,-16.69349578848016,0],[-39.17938163599997,-16.69351953648015,0],[-39.17934594399998,-16.69354389848019,0],[-39.17934556199998,-16.69354416748017,0],[-39.17931201399995,-16.6935683154802,0],[-39.17928437699993,-16.69358532548016,0],[-39.17928400399995,-16.69358556048018,0],[-39.17926172299997,-16.69360000348018,0],[-39.17922986399998,-16.69361864048016,0],[-39.17922951199995,-16.69361885148014,0],[-39.17919199799996,-16.69364190548019,0],[-39.17918991999994,-16.69364338548019,0],[-39.17916990399993,-16.69366003548014,0],[-39.17914085799998,-16.69368271248015,0],[-39.17914035699994,-16.69368312548016,0],[-39.17912423799993,-16.69369689248019,0],[-39.17912231999997,-16.69369878948014,0],[-39.17912071099993,-16.69370093548018,0],[-39.17911944399998,-16.69370328748015,0],[-39.17911567799996,-16.69371173548017,0],[-39.17910129799998,-16.69372181848018,0],[-39.17905047199997,-16.69374867848017,0],[-39.17896804099996,-16.69378375748014,0],[-39.17890390299993,-16.69380950048019,0],[-39.17884581399994,-16.69383138148015,0],[-39.17878470199997,-16.69385234048018,0],[-39.17874693299996,-16.69386483148019,0],[-39.17865124699995,-16.69389797848014,0],[-39.17865071599994,-16.69389817348017,0],[-39.17859166699998,-16.69392075848019,0],[-39.17852138799998,-16.69394340448018,0],[-39.17846020699994,-16.69396351148019,0],[-39.17838045599995,-16.69398132148017,0],[-39.17833823699993,-16.69399093348015,0],[-39.17833614299997,-16.69399153648013,0],[-39.17833413599993,-16.69399236848015,0],[-39.17833224399993,-16.69399342148016,0],[-39.17829375499997,-16.69401781248016,0],[-39.17825163999998,-16.69403641148015,0],[-39.17825123299997,-16.69403659648019,0],[-39.17820534199996,-16.69405816248017,0],[-39.17820416899997,-16.69405876448016,0],[-39.17820314399995,-16.69405937948015,0],[-39.17817790199996,-16.69407562848015,0],[-39.17815895599995,-16.69408782648017,0],[-39.17810857999995,-16.69411630448017,0],[-39.17810600099994,-16.69411805948014,0],[-39.17810425499994,-16.69411966948017,0],[-39.17807663099995,-16.69414866048013,0],[-39.17804284599998,-16.69417545548018,0],[-39.17804156599993,-16.69417658348013,0],[-39.17799817499997,-16.69421847648013,0],[-39.17799776799995,-16.69421888248017,0],[-39.17795933899999,-16.69425838048013,0],[-39.17795896099995,-16.69425877948013,0],[-39.17793049799997,-16.69428984448016,0],[-39.17789595199997,-16.69432677248015,0],[-39.17786259099995,-16.69436136948016,0],[-39.17786220299996,-16.69436178348016,0],[-39.17783604599998,-16.69439064948014,0],[-39.17783505899996,-16.69439186148017,0],[-39.17780681699997,-16.69442980048015,0],[-39.17777442199997,-16.69446918948014,0],[-39.17774590499994,-16.69449557648013,0],[-39.17770780799998,-16.69452761148013,0],[-39.17770571799997,-16.69452967248018,0],[-39.17767592999996,-16.69456442748018,0],[-39.17767461999995,-16.69456615448016,0],[-39.17764983799998,-16.69460324848014,0],[-39.17764869299998,-16.69460522148014,0],[-39.17764781199998,-16.69460731948012,0],[-39.17764721199995,-16.69460950548014,0],[-39.17763609299993,-16.69466332948016,0],[-39.17763601499996,-16.69466373648011,0],[-39.17763589199996,-16.69466450848014,0],[-39.17762726499996,-16.69472789848011,0],[-39.17762710999995,-16.69472988148012,0],[-39.17762593899994,-16.69478525448013,0],[-39.17761986499995,-16.69483717748013,0],[-39.17761512699997,-16.69488325648014,0],[-39.17759880899995,-16.69493283548015,0],[-39.17757587299997,-16.69497831048013,0],[-39.17757511099995,-16.69498004748012,0],[-39.17757456499993,-16.69498175848015,0],[-39.17755979999998,-16.69503770148016,0],[-39.17754627599993,-16.69508287948015,0],[-39.17754582199996,-16.69508476748013,0],[-39.17754553999998,-16.69508790748013,0],[-39.17754582799994,-16.69509104648013,0],[-39.17754667699995,-16.69509408948012,0],[-39.17754692599993,-16.69509471148013,0],[-39.17756309299995,-16.69513296548013,0],[-39.17756422799994,-16.69513519948016,0],[-39.17756486599995,-16.69513618748012,0],[-39.17759201899997,-16.69517536448014,0],[-39.17761737999996,-16.69521485848015,0],[-39.17763432899994,-16.69524962748011,0],[-39.17764006299996,-16.69529133448016,0],[-39.17764130099994,-16.69533856248012,0],[-39.17763776699996,-16.69538918648011,0],[-39.17762975799997,-16.69542796248009,0],[-39.17761201099995,-16.69546682448013,0],[-39.17761154699997,-16.69546793948012,0],[-39.17761107799998,-16.6954693664801,0],[-39.17760838599997,-16.69547891648012,0],[-39.17757709499995,-16.69547199848013,0]]]]},"properties":{"name":"FLP 30","description":"<html xmlns:fo=\"http://www.w3.org/1999/XSL/Format\" xmlns:msxsl=\"urn:schemas-microsoft-com:xslt\">\n\n<head>\n\n<META http-equiv=\"Content-Type\" content=\"text/html\">\n\n<meta http-equiv=\"content-type\" content=\"text/html; charset=UTF-8\">\n\n</head>\n\n<body style=\"margin:0px 0px 0px 0px;overflow:auto;background:#FFFFFF;\">\n\n<table style=\"font-family:Arial,Verdana,Times;font-size:12px;text-align:left;width:100%;border-collapse:collapse;padding:3px 3px 3px 3px\">\n\n<tr style=\"text-align:center;font-weight:bold;background:#9CBCE2\">\n\n<td>FLP 30</td>\n\n</tr>\n\n<tr>\n\n<td>\n\n<table style=\"font-family:Arial,Verdana,Times;font-size:12px;text-align:left;width:100%;border-spacing:0px; padding:3px 3px 3px 3px\">\n\n<tr>\n\n<td>FID</td>\n\n<td>15</td>\n\n</tr>\n\n<tr bgcolor=\"#D4E4F3\">\n\n<td>Talhão</td>\n\n<td>FLP 30</td>\n\n</tr>\n\n<tr>\n\n<td>AREA</td>\n\n<td>15</td>\n\n</tr>\n\n<tr bgcolor=\"#D4E4F3\">\n\n<td>FolderPath</td>\n\n<td>Document/SYMB_PAI_01_Parcels_PD</td>\n\n</tr>\n\n<tr>\n\n<td>SymbolID</td>\n\n<td>0</td>\n\n</tr>\n\n<tr bgcolor=\"#D4E4F3\">\n\n<td>AltMode</td>\n\n<td>0</td>\n\n</tr>\n\n<tr>\n\n<td>Base</td>\n\n<td>0</td>\n\n</tr>\n\n<tr bgcolor=\"#D4E4F3\">\n\n<td>Clamped</td>\n\n<td>-1</td>\n\n</tr>\n\n<tr>\n\n<td>Extruded</td>\n\n<td>0</td>\n\n</tr>\n\n<tr bgcolor=\"#D4E4F3\">\n\n<td>Snippet</td>\n\n<td></td>\n\n</tr>\n\n<tr>\n\n<td>PopupInfo</td>\n\n<td></td>\n\n</tr>\n\n<tr bgcolor=\"#D4E4F3\">\n\n<td>Shape_Leng</td>\n\n<td>0,016829</td>\n\n</tr>\n\n<tr>\n\n<td>Área_ha</td>\n\n<td>14,668259</td>\n\n</tr>\n\n<tr bgcolor=\"#D4E4F3\">\n\n<td>AREA_REDUZ</td>\n\n<td></td>\n\n</tr>\n\n</table>\n\n</td>\n\n</tr>\n\n</table>\n\n</body>\n\n</html>"}},
{"type":"Feature","id":"ID_10016","geometry":{"type":"MultiPolygon","coordinates":[[[[-39.17819858599995,-16.6878036164803,0],[-39.17804181799994,-16.68771282048031,0],[-39.17793071099994,-16.68765345148034,0],[-39.17777689399998,-16.68753056148034,0],[-39.17763465599995,-16.68722716348039,0],[-39.17762067699993,-16.68719228248035,0],[-39.17765668999993,-16.68718535148037,0],[-39.17765892799996,-16.68718477948033,0],[-39.17775071999995,-16.68715540148037,0],[-39.17775123999996,-16.68715522748034,0],[-39.17775361199995,-16.68715420848037,0],[-39.17786293999995,-16.68709820048036,0],[-39.17786585099998,-16.68709670948033,0],[-39.17786644099994,-16.68709639448036,0],[-39.17786916599994,-16.68709454348033,0],[-39.17795228499995,-16.68702626748034,0],[-39.17795387499996,-16.68702479748038,0],[-39.17801792099993,-16.68695820148038,0],[-39.17802792599997,-16.68694905748038,0],[-39.17809768399996,-16.68688530348033,0],[-39.17810372299994,-16.68688122648036,0],[-39.17816660199997,-16.68683877648034,0],[-39.17816797699993,-16.68683775448035,0],[-39.17820647799994,-16.68680597648035,0],[-39.17820865599999,-16.68680385448034,0],[-39.17820978399993,-16.68680241648036,0],[-39.17822744399996,-16.68677740448032,0],[-39.17827784299993,-16.68672761148038,0],[-39.17833996599996,-16.68669242048038,0],[-39.17834553999995,-16.68668942948036,0],[-39.17841727899997,-16.68665096948037,0],[-39.17841801999998,-16.68665053348037,0],[-39.17841982799996,-16.68664946948036,0],[-39.17843788499993,-16.6866378634804,0],[-39.17843791699994,-16.68663784348037,0],[-39.17845601499994,-16.68662662448038,0],[-39.17847931499995,-16.68661218248038,0],[-39.17848041699995,-16.68661150048037,0],[-39.17848132099994,-16.68661075148039,0],[-39.17851799799996,-16.68658035348035,0],[-39.17851803599996,-16.68658032248034,0],[-39.17854968599994,-16.68655798948035,0],[-39.17855001399994,-16.68655774648035,0],[-39.17855033599994,-16.68655750848036,0],[-39.17857762999995,-16.68653642548039,0],[-39.17858554899993,-16.68653127448035,0],[-39.17883087199993,-16.68648016048036,0],[-39.17884292699995,-16.6864776484804,0],[-39.17897343099997,-16.68645045848037,0],[-39.17928862699995,-16.68638478648037,0],[-39.18053646299995,-16.68596670848039,0],[-39.18056906299995,-16.68595578648038,0],[-39.18060379499996,-16.6859527374804,0],[-39.18060591499994,-16.68595242148037,0],[-39.18068499799995,-16.68594062348039,0],[-39.18078915999996,-16.68593167348038,0],[-39.18082965399998,-16.68593107348037,0],[-39.18086288899997,-16.68593619148036,0],[-39.18086292299995,-16.68593619548037,0],[-39.18096738599996,-16.68595108548036,0],[-39.18109851899993,-16.68596774048038,0],[-39.18112275499993,-16.68597063948037,0],[-39.18112967599995,-16.68597146648038,0],[-39.18116873399998,-16.68597613748038,0],[-39.18120779099997,-16.68598080848038,0],[-39.18120835999997,-16.68598086848036,0],[-39.18126087799993,-16.68598558648037,0],[-39.18132432699997,-16.68599265348039,0],[-39.18136620399997,-16.68599855248036,0],[-39.18140648199994,-16.68600448948039,0],[-39.18146757499994,-16.68601317848037,0],[-39.18150153999994,-16.6860240584804,0],[-39.18153564899995,-16.68604257748039,0],[-39.18155883099996,-16.68606814248035,0],[-39.18158198899994,-16.68609511148039,0],[-39.18160408499995,-16.68612345348035,0],[-39.18160585299996,-16.68612541148039,0],[-39.18160789199993,-16.6861271034804,0],[-39.18163681199997,-16.68614782048039,0],[-39.18166631099996,-16.68617052348039,0],[-39.18168180899995,-16.68618749048037,0],[-39.18169236099993,-16.68620640148041,0],[-39.18169995699997,-16.68622061248035,0],[-39.18169962799993,-16.68624233648038,0],[-39.18169797899998,-16.68633599748038,0],[-39.18167633499996,-16.68635691248037,0],[-39.18116842299998,-16.68665356448038,0],[-39.18076039899995,-16.68694210048035,0],[-39.18108326699996,-16.68755811448033,0],[-39.18155833699996,-16.6882460964803,0],[-39.18172996399994,-16.68896616348031,0],[-39.18168106599996,-16.6893591654803,0],[-39.18177936399996,-16.68998722648027,0],[-39.18179560699998,-16.6900127404803,0],[-39.18179115599997,-16.69003789948025,0],[-39.18179089899997,-16.69004035348027,0],[-39.18179098999997,-16.69004281848024,0],[-39.18179142899993,-16.69004524848029,0],[-39.18179962799996,-16.69007744448025,0],[-39.18181008199997,-16.69011973548024,0],[-39.18181064699996,-16.69012157848024,0],[-39.18182859199992,-16.69017043848023,0],[-39.18182877799995,-16.69017091648024,0],[-39.18184743399996,-16.69021682148028,0],[-39.18184778599993,-16.69021763148023,0],[-39.18187016699994,-16.69026568748026,0],[-39.18187038399998,-16.69026613548024,0],[-39.18189859999995,-16.69032253948026,0],[-39.18191865299997,-16.69036592148027,0],[-39.18192841599995,-16.69040607748027,0],[-39.18193202199996,-16.69044392548025,0],[-39.18193497899995,-16.69049990448027,0],[-39.18193065599996,-16.69056398048026,0],[-39.18192330699997,-16.69064630748024,0],[-39.18192323999995,-16.69064759748023,0],[-39.18192184799994,-16.69074109148024,0],[-39.18191699799997,-16.69080773348027,0],[-39.18190235899993,-16.69088335548026,0],[-39.18190205999996,-16.69088659248025,0],[-39.18190206699995,-16.69088707048025,0],[-39.18190370099996,-16.69094459048025,0],[-39.18190401699997,-16.69094743148026,0],[-39.18191153099997,-16.69098396148025,0],[-39.18191171999996,-16.69098477848025,0],[-39.18191919299994,-16.69101395148023,0],[-39.18191937999995,-16.69101462448027,0],[-39.18193273999998,-16.69105930148022,0],[-39.18194116899996,-16.69109119548023,0],[-39.18195186199996,-16.69112947048024,0],[-39.18195799599994,-16.69117102848027,0],[-39.18195756699998,-16.69121651448022,0],[-39.18195228999997,-16.69125937848025,0],[-39.18194451899996,-16.69131309348023,0],[-39.18191846299993,-16.69143160648024,0],[-39.18191836599993,-16.69143208248021,0],[-39.18190012899998,-16.69152758048022,0],[-39.18188189699998,-16.69161250348025,0],[-39.18185670099996,-16.69172729148021,0],[-39.18185660399996,-16.69172775748023,0],[-39.18184184499995,-16.69180496548021,0],[-39.18182082099997,-16.69189677748021,0],[-39.18179974299994,-16.69196360748024,0],[-39.18175964999995,-16.69209283948019,0],[-39.18175931599995,-16.69209407148024,0],[-39.18171889799993,-16.69226821248022,0],[-39.18167268099995,-16.69242512848021,0],[-39.18162326099997,-16.69256276448018,0],[-39.18155183099999,-16.6927002894802,0],[-39.18153101199994,-16.69273319148018,0],[-39.18150679999997,-16.6927628634802,0],[-39.18148707199998,-16.69278067048022,0],[-39.18146506899996,-16.69279109748017,0],[-39.18144179599994,-16.69279672648021,0],[-39.18140810799997,-16.69280261948019,0],[-39.18136916099996,-16.69280353548017,0],[-39.18132959999997,-16.69279721748019,0],[-39.18127638299995,-16.69278644348022,0],[-39.18119000199994,-16.6927641654802,0],[-39.18118911599998,-16.69276395848018,0],[-39.18111373299997,-16.69274825348022,0],[-39.18106217099994,-16.69273694148018,0],[-39.18101442799997,-16.69272417948021,0],[-39.18101320299996,-16.6927238954802,0],[-39.18095809999993,-16.6927129414802,0],[-39.18095738099998,-16.69271281348019,0],[-39.18088473699999,-16.6927018474802,0],[-39.18088321599998,-16.69270167848023,0],[-39.18083010599997,-16.69269789848019,0],[-39.18082870799998,-16.69269784948019,0],[-39.18082617399995,-16.69269801648018,0],[-39.18077158299997,-16.69270523948019,0],[-39.18077085999994,-16.69270534948017,0],[-39.18076856599998,-16.69270588648017,0],[-39.18073333599995,-16.69271644148019,0],[-39.18073067199998,-16.69271746048022,0],[-39.18072819999998,-16.69271885948021,0],[-39.18069744699994,-16.69273945548021,0],[-39.18069600599995,-16.69274052448021,0],[-39.18066107499993,-16.69276943448018,0],[-39.18062438499993,-16.69280102848019,0],[-39.18061624599994,-16.69280773748017,0],[-39.18055585999997,-16.69285750448018,0],[-39.18051027399997,-16.69288780148021,0],[-39.18050905299997,-16.69288860048017,0],[-39.18050832299997,-16.69288910248021,0],[-39.18050750399993,-16.69288969848021,0],[-39.18046796599998,-16.69283313648022,0],[-39.18042598499994,-16.6927719484802,0],[-39.18035356299999,-16.6926349014802,0],[-39.18026518599993,-16.69246482848021,0],[-39.18026515999998,-16.69246477848023,0],[-39.18026494899993,-16.69246439048017,0],[-39.17991508599994,-16.69181905748023,0],[-39.17991507099999,-16.69181903048023,0],[-39.17983367599994,-16.69164857248023,0],[-39.17968410499999,-16.69135041748023,0],[-39.17968397599998,-16.69135013848022,0],[-39.17949405599995,-16.69094064448024,0],[-39.17940220199995,-16.69074259248028,0],[-39.17940217799998,-16.69074254248024,0],[-39.17923895999996,-16.69039676248027,0],[-39.17923884499993,-16.69039652448024,0],[-39.17923493799998,-16.69038855948028,0],[-39.17908976399997,-16.69009244948027,0],[-39.17889173799994,-16.68968590148028,0],[-39.17890924399995,-16.68966883048028,0],[-39.17901046699996,-16.68958161048026,0],[-39.17901125799995,-16.68958088748029,0],[-39.17957031799995,-16.6890396364803,0],[-39.17967457099997,-16.68895356748028,0],[-39.17967615899994,-16.68895209148031,0],[-39.17986851899997,-16.68875099548031,0],[-39.17991603499996,-16.68871526448028,0],[-39.17991671399994,-16.68871480248033,0],[-39.17995970199996,-16.68869342848031,0],[-39.17999999599994,-16.68868062948031,0],[-39.18002953599995,-16.68867697948032,0],[-39.18007242399995,-16.68868410648033,0],[-39.18013934599998,-16.68870163448033,0],[-39.18018434699997,-16.68871585748032,0],[-39.18021739599993,-16.68873363748032,0],[-39.18024343399998,-16.68875705348031,0],[-39.18028144299995,-16.68880104548033,0],[-39.18030453599994,-16.68883896648033,0],[-39.18031342799998,-16.68888215248029,0],[-39.18031188999999,-16.6889087904803,0],[-39.18028335399999,-16.68898175548032,0],[-39.18025752699999,-16.68903938648031,0],[-39.18025677999998,-16.68904135948033,0],[-39.18025627599997,-16.68904340348029,0],[-39.18025602199998,-16.6890454894803,0],[-39.18025418899998,-16.68907538748028,0],[-39.18025426399998,-16.68907838548029,0],[-39.18025485199996,-16.68908133148029,0],[-39.18025593699997,-16.68908414248028,0],[-39.18026526099993,-16.68910326848027,0],[-39.18026649599995,-16.68910541248027,0],[-39.18026802099996,-16.68910737548033,0],[-39.18026980899998,-16.68910912048027,0],[-39.18029712799995,-16.68913241648028,0],[-39.18029912999998,-16.68913390548027,0],[-39.18030132199993,-16.68913511948028,0],[-39.18033173599997,-16.68914944348029,0],[-39.18033357199994,-16.68915019548031,0],[-39.18033479899998,-16.68915057848028,0],[-39.18037575599994,-16.6891619034803,0],[-39.18037768799997,-16.68916233348028,0],[-39.18038094599995,-16.68916260548031,0],[-39.18040638299993,-16.68916258348031,0],[-39.18040963999993,-16.68916230548029,0],[-39.18041231399997,-16.6891616504803,0],[-39.18044022299995,-16.6891526574803,0],[-39.18044062099995,-16.68915252348029,0],[-39.18047353399993,-16.68914111848027,0],[-39.18047533899994,-16.68914038448031,0],[-39.18051499199998,-16.68912182948032,0],[-39.18056027199998,-16.68910085748031,0],[-39.18062513899997,-16.68907042048028,0],[-39.18068804599994,-16.68904327848032,0],[-39.18075122899995,-16.68902193148028,0],[-39.18081546799993,-16.68899984148026,0],[-39.18088397799993,-16.68897895648031,0],[-39.18088489899998,-16.68897864948032,0],[-39.18094334299997,-16.68895701948032,0],[-39.18094535799998,-16.68895613848032,0],[-39.18098194399994,-16.68893757048029,0],[-39.18098391199993,-16.68893641948029,0],[-39.18098571699994,-16.6889350434803,0],[-39.18101485199998,-16.68890990448029,0],[-39.18101671999995,-16.68890804348031,0],[-39.18101783999998,-16.68890661648027,0],[-39.18103518799995,-16.68888208548032,0],[-39.18103644799993,-16.6888800234803,0],[-39.18103741399995,-16.68887781848032,0],[-39.18103806899995,-16.68887551148033,0],[-39.18103840199996,-16.68887313948029,0],[-39.18104146499996,-16.68883008548028,0],[-39.18104150799996,-16.68882883248029,0],[-39.18104128199996,-16.68882604848029,0],[-39.18103376199996,-16.68877983448027,0],[-39.18103338599997,-16.68877815248027,0],[-39.18102031299998,-16.68873092648029,0],[-39.18101980999995,-16.6887293884803,0],[-39.18101937899996,-16.6887283504803,0],[-39.18099202499997,-16.68866798248031,0],[-39.18099166099995,-16.68866722948032,0],[-39.18097354899993,-16.6886317994803,0],[-39.18095543499993,-16.68859811648032,0],[-39.18094631699995,-16.6885729264803,0],[-39.18093908799994,-16.6885399764803,0],[-39.18093835699995,-16.68853751848033,0],[-39.18093753199997,-16.68853566848033,0],[-39.18089837599996,-16.68845976348032,0],[-39.18089778599995,-16.68845871148029,0],[-39.18086788999994,-16.6884095894803,0],[-39.18083926599996,-16.6883635044803,0],[-39.18083791099997,-16.68836160848033,0],[-39.18081058199994,-16.68832814648029,0],[-39.18081020099993,-16.6883276954803,0],[-39.18080968899995,-16.68832713248033,0],[-39.18077739599994,-16.68829307748032,0],[-39.18077559399995,-16.68829141448034,0],[-39.18077410299998,-16.6882903274803,0],[-39.18072101199994,-16.6882555074803,0],[-39.18069691199997,-16.68823179548032,0],[-39.18067963799996,-16.68820023048031,0],[-39.18064923599997,-16.68814235448034,0],[-39.18064873699996,-16.68814146748034,0],[-39.18064796299996,-16.68814028648033,0],[-39.18061006799996,-16.6880871024803,0],[-39.18060896399993,-16.68808570348031,0],[-39.18060734999995,-16.68808407148035,0],[-39.18055581399994,-16.68803807548031,0],[-39.18055511399996,-16.68803748048034,0],[-39.18055418899996,-16.68803678048032,0],[-39.18050452399996,-16.68800154548032,0],[-39.18050268599995,-16.68800039448032,0],[-39.18040585099993,-16.68794785748034,0],[-39.18034078199997,-16.68791149848032,0],[-39.18034034599998,-16.68791126348037,0],[-39.18029899399994,-16.6878896224803,0],[-39.18026006999997,-16.68786388248035,0],[-39.18025882199998,-16.68786312448035,0],[-39.18025828499999,-16.68786283748032,0],[-39.18022228499996,-16.68784433248031,0],[-39.18022004799996,-16.6878433594803,0],[-39.18021769899997,-16.68784267448034,0],[-39.18021527699995,-16.68784229148034,0],[-39.18017742899997,-16.68783873648032,0],[-39.18017453399995,-16.68783868048034,0],[-39.18017166299995,-16.68783905548035,0],[-39.18013692699998,-16.68784626048033,0],[-39.18013449399996,-16.68784693348031,0],[-39.18011141099998,-16.6878549804803,0],[-39.18009663599997,-16.68786013048035,0],[-39.18009611099995,-16.68786032348031,0],[-39.18002416999997,-16.68788789248036,0],[-39.18002309899999,-16.68788834048033,0],[-39.17997113699994,-16.68791196248035,0],[-39.17992291399997,-16.68792907148034,0],[-39.17992036899994,-16.6879301884803,0],[-39.17989432499996,-16.68794396448029,0],[-39.17989395599994,-16.68794416448035,0],[-39.17989310799994,-16.68794466648032,0],[-39.17981924999998,-16.68799105748033,0],[-39.17976588799996,-16.68800548648031,0],[-39.17973109799993,-16.68800892548033,0],[-39.17968657299997,-16.68801249248034,0],[-39.17964811699994,-16.6880131144803,0],[-39.17964579199997,-16.68801329148031,0],[-39.17958938299996,-16.68802102448033,0],[-39.17954598299997,-16.68802400748033,0],[-39.17954475899995,-16.68802413048034,0],[-39.17947241799993,-16.68803372848031,0],[-39.17939946899997,-16.68804153848036,0],[-39.17939826599996,-16.68804170648034,0],[-39.17939730499995,-16.68804189448034,0],[-39.17934892399995,-16.68805269948033,0],[-39.17934672699994,-16.68805332848033,0],[-39.17934475399994,-16.68805414948034,0],[-39.17930382599997,-16.68807391848034,0],[-39.17930283699997,-16.68807443148033,0],[-39.17930131399994,-16.6880753784803,0],[-39.17924923299996,-16.68811129948031,0],[-39.17924807899993,-16.68811216348034,0],[-39.17924576899998,-16.68811439348034,0],[-39.17920052899996,-16.6881664544803,0],[-39.17919857999993,-16.68816916648032,0],[-39.17917372799997,-16.68821237048034,0],[-39.17917247299994,-16.68821504048034,0],[-39.17915969099993,-16.6882499074803,0],[-39.17914800399996,-16.68824750348031,0],[-39.17914732999998,-16.68824737748033,0],[-39.17914464699993,-16.6882471544803,0],[-39.17914205599993,-16.68824173348034,0],[-39.17913181399996,-16.6882203014803,0],[-39.17911895999999,-16.68818631648035,0],[-39.17911847199997,-16.68818515348031,0],[-39.17909460099997,-16.68813351248033,0],[-39.17909370399996,-16.68813181648031,0],[-39.17909186699995,-16.68812928348034,0],[-39.17905706699997,-16.68808910748031,0],[-39.17905537099995,-16.68808739848036,0],[-39.17905345899992,-16.68808591748033,0],[-39.17905136199994,-16.68808468848031,0],[-39.17900766499997,-16.68806272148029,0],[-39.17900538999993,-16.68806175648033,0],[-39.17900418999994,-16.68806138048033,0],[-39.17896645999997,-16.68805089048031,0],[-39.17896363099993,-16.68805032648029,0],[-39.17896074699996,-16.68805018848033,0],[-39.17895787499997,-16.68805047748035,0],[-39.17891759999998,-16.68805783748032,0],[-39.17890516399996,-16.68806011048034,0],[-39.17890222699999,-16.68806088948035,0],[-39.17890063399994,-16.68806153148032,0],[-39.17886491399997,-16.68807782648034,0],[-39.17886290199993,-16.6880788934803,0],[-39.17886103999996,-16.68808019048029,0],[-39.17885935799995,-16.68808169648035,0],[-39.17883853199993,-16.68810276148034,0],[-39.17883684599997,-16.68810472848035,0],[-39.17883546399997,-16.68810690548034,0],[-39.17883441299995,-16.6881092474803,0],[-39.17881751699997,-16.68815727948029,0],[-39.17881691199995,-16.68815942648033,0],[-39.17881658399995,-16.68816162848034,0],[-39.17881653999996,-16.68816385348034,0],[-39.17881856899993,-16.68820977348033,0],[-39.17881885499997,-16.6882122434803,0],[-39.17882685099994,-16.68825345848031,0],[-39.17882766899994,-16.68825633448031,0],[-39.17882820599993,-16.68825760248032,0],[-39.17884710399994,-16.68829776748029,0],[-39.17884794999998,-16.68829935548032,0],[-39.17884820299997,-16.68829976248034,0],[-39.17886709099997,-16.68832940448029,0],[-39.17886871699994,-16.68833157748034,0],[-39.17886928899998,-16.68833220348031,0],[-39.17890406499998,-16.68836852848031,0],[-39.17890604299998,-16.68837031648033,0],[-39.17890826899998,-16.6883718124803,0],[-39.17891069499996,-16.68837298048029,0],[-39.17893949199999,-16.68838443648032,0],[-39.17894024899994,-16.68838471948029,0],[-39.17894340799995,-16.68838553248034,0],[-39.17894666599994,-16.68838580448029,0],[-39.17894992299994,-16.68838552648033,0],[-39.17895096199992,-16.68838531948031,0],[-39.17898470399997,-16.68837763648034,0],[-39.17898682299995,-16.68837702548032,0],[-39.17898782799995,-16.68837663948029,0],[-39.17905232499993,-16.68834979548031,0],[-39.17905428199999,-16.68834884748033,0],[-39.17905500199998,-16.68834842448032,0],[-39.17909071699995,-16.68832638948029,0],[-39.17909267399995,-16.68832500148031,0],[-39.17909411799997,-16.6883237004803,0],[-39.17911887599996,-16.68829891048031,0],[-39.17914138099997,-16.68828705048033,0],[-39.17914429699994,-16.6882856344803,0],[-39.17914694099994,-16.68828425748032,0],[-39.17915680999994,-16.68828628648035,0],[-39.17916263699993,-16.68830681048032,0],[-39.17917051699993,-16.68834083848034,0],[-39.17917120299995,-16.68834309848031,0],[-39.17917171099998,-16.6883443034803,0],[-39.17920154999996,-16.68840837648034,0],[-39.17920242699995,-16.68841002748032,0],[-39.17920417499994,-16.68841245748032,0],[-39.17925889499998,-16.68847658548033,0],[-39.17925962899994,-16.68847738648033,0],[-39.17933116899997,-16.68855099148029,0],[-39.17933245199998,-16.68855219248032,0],[-39.17939205799996,-16.68860284648033,0],[-39.17939241899995,-16.6886031454803,0],[-39.17939380099994,-16.68860415948031,0],[-39.17943253799996,-16.68862995648028,0],[-39.17943383599993,-16.68863074848032,0],[-39.17943680199993,-16.6886320774803,0],[-39.17943995999997,-16.68863289048029,0],[-39.17944321799996,-16.68863316248032,0],[-39.17944448699996,-16.68863311948031,0],[-39.17950241299997,-16.6886292844803,0],[-39.17955805599996,-16.68862923548029,0],[-39.17964747899998,-16.68863199948028,0],[-39.17973830499994,-16.68864039148032,0],[-39.17982779799996,-16.68865718548029,0],[-39.17987873999994,-16.68867218448033,0],[-39.17988500599994,-16.6886928264803,0],[-39.17984426099997,-16.68872337048033,0],[-39.17984370699997,-16.68872380148032,0],[-39.17984198699998,-16.68872538648033,0],[-39.17964932399997,-16.68892679948028,0],[-39.17954534599993,-16.68901264248029,0],[-39.17954425499995,-16.68901361748027,0],[-39.17898505899996,-16.6895550004803,0],[-39.17888380899996,-16.68964224348029,0],[-39.17888296999996,-16.68964301348027,0],[-39.17887698699997,-16.68964884748026,0],[-39.17887648299995,-16.68964758148029,0],[-39.17887591399995,-16.68964630348028,0],[-39.17877857299993,-16.68944883148031,0],[-39.17877839699997,-16.68944843248027,0],[-39.17877787999998,-16.6894472844803,0],[-39.17877726899997,-16.68944594948027,0],[-39.17870966899994,-16.68927971548027,0],[-39.17870897799997,-16.68927822048027,0],[-39.17868720399997,-16.6892363404803,0],[-39.17866442999997,-16.68918968748028,0],[-39.17866414399998,-16.68918912748028,0],[-39.17862237999998,-16.68911071348032,0],[-39.17862193699994,-16.68910992948032,0],[-39.17858847199994,-16.68905407448029,0],[-39.17856012199996,-16.6889976734803,0],[-39.17853966199993,-16.68895149148029,0],[-39.17853784099999,-16.68894738048028,0],[-39.17852420599996,-16.68890340248028,0],[-39.17852382799998,-16.68890231248032,0],[-39.17847703599995,-16.68878173948032,0],[-39.17847670099997,-16.68878093748033,0],[-39.17843191099996,-16.68868045948029,0],[-39.17839706899997,-16.68860388948032,0],[-39.17839656399997,-16.68860286748034,0],[-39.17836089499997,-16.6885361664803,0],[-39.17834113099997,-16.68849625848033,0],[-39.17834080699998,-16.68849563648032,0],[-39.17832102599993,-16.68845935848035,0],[-39.17830630299995,-16.68843116048034,0],[-39.17828786799998,-16.68839665948033,0],[-39.17828750099994,-16.68839600548032,0],[-39.17826038599998,-16.68835001148031,0],[-39.17824120499996,-16.68831337048031,0],[-39.17829540299993,-16.6881879224803,0],[-39.17830850099995,-16.68799898048033,0],[-39.17828169899997,-16.68788357448032,0],[-39.17819858599995,-16.6878036164803,0]]]]},"properties":{"name":"FLP 15","description":"<html xmlns:fo=\"http://www.w3.org/1999/XSL/Format\" xmlns:msxsl=\"urn:schemas-microsoft-com:xslt\">\n\n<head>\n\n<META http-equiv=\"Content-Type\" content=\"text/html\">\n\n<meta http-equiv=\"content-type\" content=\"text/html; charset=UTF-8\">\n\n</head>\n\n<body style=\"margin:0px 0px 0px 0px;overflow:auto;background:#FFFFFF;\">\n\n<table style=\"font-family:Arial,Verdana,Times;font-size:12px;text-align:left;width:100%;border-collapse:collapse;padding:3px 3px 3px 3px\">\n\n<tr style=\"text-align:center;font-weight:bold;background:#9CBCE2\">\n\n<td>FLP 15</td>\n\n</tr>\n\n<tr>\n\n<td>\n\n<table style=\"font-family:Arial,Verdana,Times;font-size:12px;text-align:left;width:100%;border-spacing:0px; padding:3px 3px 3px 3px\">\n\n<tr>\n\n<td>FID</td>\n\n<td>16</td>\n\n</tr>\n\n<tr bgcolor=\"#D4E4F3\">\n\n<td>Talhão</td>\n\n<td>FLP 15</td>\n\n</tr>\n\n<tr>\n\n<td>AREA</td>\n\n<td>19</td>\n\n</tr>\n\n<tr bgcolor=\"#D4E4F3\">\n\n<td>FolderPath</td>\n\n<td>Document/SYMB_PAI_01_Parcels_PD</td>\n\n</tr>\n\n<tr>\n\n<td>SymbolID</td>\n\n<td>0</td>\n\n</tr>\n\n<tr bgcolor=\"#D4E4F3\">\n\n<td>AltMode</td>\n\n<td>0</td>\n\n</tr>\n\n<tr>\n\n<td>Base</td>\n\n<td>0</td>\n\n</tr>\n\n<tr bgcolor=\"#D4E4F3\">\n\n<td>Clamped</td>\n\n<td>-1</td>\n\n</tr>\n\n<tr>\n\n<td>Extruded</td>\n\n<td>0</td>\n\n</tr>\n\n<tr bgcolor=\"#D4E4F3\">\n\n<td>Snippet</td>\n\n<td></td>\n\n</tr>\n\n<tr>\n\n<td>PopupInfo</td>\n\n<td></td>\n\n</tr>\n\n<tr bgcolor=\"#D4E4F3\">\n\n<td>Shape_Leng</td>\n\n<td>0,028421</td>\n\n</tr>\n\n<tr>\n\n<td>Área_ha</td>\n\n<td>18,922554</td>\n\n</tr>\n\n<tr bgcolor=\"#D4E4F3\">\n\n<td>AREA_REDUZ</td>\n\n<td></td>\n\n</tr>\n\n</table>\n\n</td>\n\n</tr>\n\n</table>\n\n</body>\n\n</html>"}},
{"type":"Feature","id":"ID_10017","geometry":{"type":"MultiPolygon","coordinates":[[[[-39.16833006299998,-16.70325441947989,0],[-39.16837352399995,-16.70330741947989,0],[-39.16837388199997,-16.70330784347989,0],[-39.16837575199997,-16.70330969947992,0],[-39.16840870299995,-16.70333803847991,0],[-39.16841076799994,-16.70333957947992,0],[-39.16841303499996,-16.70334082947988,0],[-39.16841545999995,-16.70334176347991,0],[-39.16841799699995,-16.70334236347992,0],[-39.16843914699996,-16.7033458384799,0],[-39.16844209599998,-16.70334609447992,0],[-39.16844504899996,-16.70334589947988,0],[-39.16844793499995,-16.70334525947989,0],[-39.16852205599997,-16.70332276047994,0],[-39.16868028599998,-16.70332345947993,0],[-39.16874847199995,-16.70333596147988,0],[-39.16876344799994,-16.7033423884799,0],[-39.16878965999996,-16.70336788847989,0],[-39.16881689599996,-16.70342033347987,0],[-39.16886215299996,-16.70359895347991,0],[-39.16884970099995,-16.70364559147987,0],[-39.16882591899997,-16.70369370847987,0],[-39.16878465799994,-16.7037607114799,0],[-39.16873880699995,-16.70381088447987,0],[-39.16873707799994,-16.7038130974799,0],[-39.16873572099997,-16.70381553847988,0],[-39.16873476599994,-16.70381815047989,0],[-39.16872613899994,-16.70384915147991,0],[-39.16872578099998,-16.70385071047992,0],[-39.16872549899995,-16.7038538504799,0],[-39.16872578699997,-16.7038569894799,0],[-39.16872663599997,-16.70386003247988,0],[-39.16872801999995,-16.70386288747989,0],[-39.16872831999996,-16.70386337047989,0],[-39.16874616199993,-16.70389106847988,0],[-39.16874748999994,-16.70389287447988,0],[-39.16874903599995,-16.70389450847989,0],[-39.16875077899993,-16.70389594947989,0],[-39.16900366599998,-16.7040804194799,0],[-39.16901632799994,-16.70410966747987,0],[-39.16901576999993,-16.70411726447991,0],[-39.16900111899997,-16.70413528547988,0],[-39.16882203399996,-16.7042066524799,0],[-39.16880094199996,-16.70420851247989,0],[-39.16856250899997,-16.70418726547989,0],[-39.16856058699994,-16.70418719047987,0],[-39.16834059799993,-16.70419139247989,0],[-39.16812696299996,-16.70416262947985,0],[-39.16803443999999,-16.70413782547989,0],[-39.16802146099996,-16.70413434647991,0],[-39.16801967599997,-16.70413395747987,0],[-39.16801701099996,-16.70413369347988,0],[-39.16796434399998,-16.70413213147986,0],[-39.16796163099997,-16.70413224047989,0],[-39.16795896299993,-16.70413272547988,0],[-39.16779354099998,-16.70417495247988,0],[-39.16759114399997,-16.70419420247985,0],[-39.16733589599993,-16.7042003204799,0],[-39.16733306099997,-16.70420059647988,0],[-39.16705873199993,-16.7042482384799,0],[-39.16705562799996,-16.70424904747987,0],[-39.16705482199995,-16.7042493514799,0],[-39.16699418999997,-16.70427377847986,0],[-39.16699203199994,-16.70427480947989,0],[-39.16699126699996,-16.70427526047989,0],[-39.16687003099998,-16.70435052547985,0],[-39.16682343399997,-16.70436853247989,0],[-39.16682295499993,-16.70436871247987,0],[-39.16681195999996,-16.70437286247987,0],[-39.16661660299997,-16.70417978847989,0],[-39.16655296399995,-16.7041011784799,0],[-39.16655253399995,-16.7041006664799,0],[-39.16655131999994,-16.70409940147987,0],[-39.16647597899998,-16.70402807447987,0],[-39.16653025999994,-16.70400842647989,0],[-39.16781321599996,-16.70357131747988,0],[-39.16781419899996,-16.7035710044799,0],[-39.16787125899998,-16.70355473847992,0],[-39.16787130399996,-16.70355473147987,0],[-39.16794462999997,-16.70354391147988,0],[-39.16798249199997,-16.70352980747987,0],[-39.16798582199993,-16.70352856747992,0],[-39.16801661099998,-16.70350170247992,0],[-39.16803239199993,-16.7034647614799,0],[-39.16803222099998,-16.7034470184799,0],[-39.16814559699998,-16.70339372747994,0],[-39.16818451299997,-16.70337543547989,0],[-39.16818697699995,-16.7033740464799,0],[-39.16818919299993,-16.70337231047989,0],[-39.16833006299998,-16.70325441947989,0]]]]},"properties":{"name":"FLP 23","description":"<html xmlns:fo=\"http://www.w3.org/1999/XSL/Format\" xmlns:msxsl=\"urn:schemas-microsoft-com:xslt\">\n\n<head>\n\n<META http-equiv=\"Content-Type\" content=\"text/html\">\n\n<meta http-equiv=\"content-type\" content=\"text/html; charset=UTF-8\">\n\n</head>\n\n<body style=\"margin:0px 0px 0px 0px;overflow:auto;background:#FFFFFF;\">\n\n<table style=\"font-family:Arial,Verdana,Times;font-size:12px;text-align:left;width:100%;border-collapse:collapse;padding:3px 3px 3px 3px\">\n\n<tr style=\"text-align:center;font-weight:bold;background:#9CBCE2\">\n\n<td>FLP 23</td>\n\n</tr>\n\n<tr>\n\n<td>\n\n<table style=\"font-family:Arial,Verdana,Times;font-size:12px;text-align:left;width:100%;border-spacing:0px; padding:3px 3px 3px 3px\">\n\n<tr>\n\n<td>FID</td>\n\n<td>17</td>\n\n</tr>\n\n<tr bgcolor=\"#D4E4F3\">\n\n<td>Talhão</td>\n\n<td>FLP 23</td>\n\n</tr>\n\n<tr>\n\n<td>AREA</td>\n\n<td>2</td>\n\n</tr>\n\n<tr bgcolor=\"#D4E4F3\">\n\n<td>FolderPath</td>\n\n<td>Document/SYMB_PAI_01_Parcels_PD</td>\n\n</tr>\n\n<tr>\n\n<td>SymbolID</td>\n\n<td>0</td>\n\n</tr>\n\n<tr bgcolor=\"#D4E4F3\">\n\n<td>AltMode</td>\n\n<td>0</td>\n\n</tr>\n\n<tr>\n\n<td>Base</td>\n\n<td>0</td>\n\n</tr>\n\n<tr bgcolor=\"#D4E4F3\">\n\n<td>Clamped</td>\n\n<td>-1</td>\n\n</tr>\n\n<tr>\n\n<td>Extruded</td>\n\n<td>0</td>\n\n</tr>\n\n<tr bgcolor=\"#D4E4F3\">\n\n<td>Snippet</td>\n\n<td></td>\n\n</tr>\n\n<tr>\n\n<td>PopupInfo</td>\n\n<td></td>\n\n</tr>\n\n<tr bgcolor=\"#D4E4F3\">\n\n<td>Shape_Leng</td>\n\n<td>0,006257</td>\n\n</tr>\n\n<tr>\n\n<td>Área_ha</td>\n\n<td>1,631618</td>\n\n</tr>\n\n<tr bgcolor=\"#D4E4F3\">\n\n<td>AREA_REDUZ</td>\n\n<td></td>\n\n</tr>\n\n</table>\n\n</td>\n\n</tr>\n\n</table>\n\n</body>\n\n</html>"}},
{"type":"Feature","id":"ID_10018","geometry":{"type":"MultiPolygon","coordinates":[[[[-39.15683686599994,-16.71091528647971,0],[-39.15692867899998,-16.71089369047971,0],[-39.15705274499994,-16.71085772047971,0],[-39.15711475099994,-16.71080744547967,0],[-39.15711718199999,-16.71074525747973,0],[-39.15707989499998,-16.71067353247973,0],[-39.15704752199997,-16.71054200947969,0],[-39.15703992099998,-16.71035067247969,0],[-39.15707204999995,-16.71018561547969,0],[-39.15715385199996,-16.71006357247972,0],[-39.15696742799997,-16.70994911747971,0],[-39.15708538599995,-16.70986093647974,0],[-39.15708590899993,-16.7098605314797,0],[-39.15723772499996,-16.70973841547971,0],[-39.15723914899996,-16.70973713947973,0],[-39.15743704299995,-16.70954038447974,0],[-39.15743768099997,-16.7095397164797,0],[-39.15761919099999,-16.70934010447975,0],[-39.15761946299995,-16.70933979947974,0],[-39.15761971999996,-16.70933949747975,0],[-39.15778336199998,-16.70914276847978,0],[-39.15778363499993,-16.70914243047977,0],[-39.15793834399994,-16.70894714247973,0],[-39.15793868499998,-16.70894669847976,0],[-39.15808568199997,-16.70874890247977,0],[-39.15821032899999,-16.70859707147978,0],[-39.15839174999996,-16.70838032447976,0],[-39.15839208699998,-16.70837990947977,0],[-39.15860021399993,-16.70811586347979,0],[-39.15878458399993,-16.70789340247978,0],[-39.15890959699993,-16.70773968947981,0],[-39.15891027299995,-16.70773880447977,0],[-39.15898021399995,-16.70764111847979,0],[-39.15911418199995,-16.70745143747979,0],[-39.15914103999994,-16.70741228247979,0],[-39.15928802599996,-16.70719798647982,0],[-39.15928842299996,-16.70719880247977,0],[-39.15928982999998,-16.70720073747977,0],[-39.15929156599998,-16.70720240847978,0],[-39.15929369899993,-16.70720382847982,0],[-39.15963839899997,-16.70738652247981,0],[-39.16157540599994,-16.70841312247977,0],[-39.16155770899996,-16.70852474847974,0],[-39.16154196399997,-16.70862406147976,0],[-39.16150940499995,-16.70879023547977,0],[-39.16148586099996,-16.70890916747973,0],[-39.16142450499996,-16.70910708347977,0],[-39.16142430599997,-16.70910777347974,0],[-39.16139048599996,-16.70923502647976,0],[-39.16136905199994,-16.70928540447973,0],[-39.16134781499995,-16.70932368347976,0],[-39.16131282999993,-16.70936986247973,0],[-39.16124250299998,-16.70944198747976,0],[-39.16113497399994,-16.70954291847972,0],[-39.16102797799994,-16.70964045847973,0],[-39.16102712699995,-16.70964128547973,0],[-39.16095862299994,-16.70971233447972,0],[-39.16089998099994,-16.70975099547974,0],[-39.16082320399995,-16.70979295547972,0],[-39.16073680599993,-16.70982256847976,0],[-39.16063231899994,-16.70984735447973,0],[-39.16053584899998,-16.7098723514797,0],[-39.16053540199994,-16.70987247347971,0],[-39.16044111299993,-16.70989933447969,0],[-39.16044000099998,-16.70989968847971,0],[-39.16043719499993,-16.70990093547971,0],[-39.16037559399996,-16.70993451047974,0],[-39.16037283799994,-16.7099363634797,0],[-39.16037089099996,-16.70993818847972,0],[-39.16032228999996,-16.70999084647974,0],[-39.16032192599994,-16.70999125147972,0],[-39.16032138999998,-16.7099918984797,0],[-39.16026791999997,-16.71005946647972,0],[-39.16018452199995,-16.71013154347974,0],[-39.16006193899995,-16.7102205264797,0],[-39.15986877699992,-16.71033184747971,0],[-39.15968675999994,-16.71042354447972,0],[-39.15951678899995,-16.71050656147974,0],[-39.15926150899998,-16.71060977347972,0],[-39.15893716099998,-16.71073528447969,0],[-39.15874766399997,-16.71080716047968,0],[-39.15874714899996,-16.71080736447969,0],[-39.15863103599997,-16.71085528847968,0],[-39.15862979399998,-16.71085585447971,0],[-39.15851269699994,-16.71091430347971,0],[-39.15851193199995,-16.71091470647972,0],[-39.15851079099997,-16.71091539747968,0],[-39.15838775499998,-16.7109958554797,0],[-39.15838691099998,-16.71099644147969,0],[-39.15825792999993,-16.71109125447967,0],[-39.15825723699993,-16.71109178847971,0],[-39.15825665099993,-16.71109228347969,0],[-39.15817728899997,-16.71116218347967,0],[-39.15817640999995,-16.71116301147967,0],[-39.15807820699995,-16.71126162847971,0],[-39.15807736099998,-16.71126253547967,0],[-39.15807662999998,-16.71126343247967,0],[-39.15800721199997,-16.71135437347967,0],[-39.15800662099997,-16.71135519447968,0],[-39.15795208499998,-16.71143559947969,0],[-39.15795153299996,-16.71143646447969,0],[-39.15795113999997,-16.71143715847969,0],[-39.15790058599998,-16.71153095447967,0],[-39.15789999399993,-16.71153215847967,0],[-39.15786103099998,-16.71161964847967,0],[-39.15782093899998,-16.71167770247968,0],[-39.15774936999998,-16.71175891947968,0],[-39.15765078999993,-16.71183634847967,0],[-39.15754566099997,-16.71189273747967,0],[-39.15738587999994,-16.71196417047969,0],[-39.15729787499998,-16.71199950847967,0],[-39.15729569699994,-16.71200054647966,0],[-39.15729511599995,-16.71200088547965,0],[-39.15722069599997,-16.71204590747966,0],[-39.15721859899998,-16.71204737847967,0],[-39.15721728599994,-16.71204854947968,0],[-39.15715677699995,-16.71210791047968,0],[-39.15715577499998,-16.71210897547967,0],[-39.15706352999996,-16.71221524647966,0],[-39.15706298399993,-16.71221590547963,0],[-39.15698122899994,-16.71231954247968,0],[-39.15691768099998,-16.71238552447966,0],[-39.15680845699995,-16.71246083447963,0],[-39.15666145199999,-16.71255226647968,0],[-39.15653017599993,-16.71262373647964,0],[-39.15637262399997,-16.71270410047962,0],[-39.15637183899997,-16.71270452547968,0],[-39.15622580399997,-16.71278987947963,0],[-39.15622355599993,-16.71279142147964,0],[-39.15613160299995,-16.71286490647968,0],[-39.15597571499995,-16.71297861447962,0],[-39.15594513099995,-16.71291640947962,0],[-39.15584514899996,-16.71263057047967,0],[-39.15552982799993,-16.71172908547966,0],[-39.15532796699995,-16.71115702247967,0],[-39.15567764499996,-16.71088509547971,0],[-39.15603142199996,-16.71062084147972,0],[-39.15606961799995,-16.71059231147972,0],[-39.15608957899996,-16.71062644647973,0],[-39.15619382599994,-16.71063354347971,0],[-39.15628565399993,-16.7106310824797,0],[-39.15637501099997,-16.71064297347968,0],[-39.15646190699993,-16.71067878447971,0],[-39.15678226599994,-16.71091772047967,0],[-39.15683686599994,-16.71091528647971,0]]]]},"properties":{"name":"FLP 20 - B","description":"<html xmlns:fo=\"http://www.w3.org/1999/XSL/Format\" xmlns:msxsl=\"urn:schemas-microsoft-com:xslt\">\n\n<head>\n\n<META http-equiv=\"Content-Type\" content=\"text/html\">\n\n<meta http-equiv=\"content-type\" content=\"text/html; charset=UTF-8\">\n\n</head>\n\n<body style=\"margin:0px 0px 0px 0px;overflow:auto;background:#FFFFFF;\">\n\n<table style=\"font-family:Arial,Verdana,Times;font-size:12px;text-align:left;width:100%;border-collapse:collapse;padding:3px 3px 3px 3px\">\n\n<tr style=\"text-align:center;font-weight:bold;background:#9CBCE2\">\n\n<td>FLP 20 - B</td>\n\n</tr>\n\n<tr>\n\n<td>\n\n<table style=\"font-family:Arial,Verdana,Times;font-size:12px;text-align:left;width:100%;border-spacing:0px; padding:3px 3px 3px 3px\">\n\n<tr>\n\n<td>FID</td>\n\n<td>18</td>\n\n</tr>\n\n<tr bgcolor=\"#D4E4F3\">\n\n<td>Talhão</td>\n\n<td>FLP 20 - B</td>\n\n</tr>\n\n<tr>\n\n<td>AREA</td>\n\n<td>16</td>\n\n</tr>\n\n<tr bgcolor=\"#D4E4F3\">\n\n<td>FolderPath</td>\n\n<td>Document/SYMB_PAI_01_Parcels_PD</td>\n\n</tr>\n\n<tr>\n\n<td>SymbolID</td>\n\n<td>0</td>\n\n</tr>\n\n<tr bgcolor=\"#D4E4F3\">\n\n<td>AltMode</td>\n\n<td>0</td>\n\n</tr>\n\n<tr>\n\n<td>Base</td>\n\n<td>0</td>\n\n</tr>\n\n<tr bgcolor=\"#D4E4F3\">\n\n<td>Clamped</td>\n\n<td>-1</td>\n\n</tr>\n\n<tr>\n\n<td>Extruded</td>\n\n<td>0</td>\n\n</tr>\n\n<tr bgcolor=\"#D4E4F3\">\n\n<td>Snippet</td>\n\n<td></td>\n\n</tr>\n\n<tr>\n\n<td>PopupInfo</td>\n\n<td></td>\n\n</tr>\n\n<tr bgcolor=\"#D4E4F3\">\n\n<td>Shape_Leng</td>\n\n<td>0,018832</td>\n\n</tr>\n\n<tr>\n\n<td>Área_ha</td>\n\n<td>16,024113</td>\n\n</tr>\n\n<tr bgcolor=\"#D4E4F3\">\n\n<td>AREA_REDUZ</td>\n\n<td></td>\n\n</tr>\n\n</table>\n\n</td>\n\n</tr>\n\n</table>\n\n</body>\n\n</html>"}},
{"type":"Feature","id":"ID_10019","geometry":{"type":"MultiPolygon","coordinates":[[[[-39.15897303705081,-16.70758701584707,0],[-39.1589492679999,-16.70762066947974,0],[-39.15887970499983,-16.70771782647974,0],[-39.1587551659998,-16.70787095947968,0],[-39.15857074699991,-16.7080934784797,0],[-39.15857046599988,-16.70809382547973,0],[-39.15836237199982,-16.70835783047964,0],[-39.1581809959998,-16.70857452347972,0],[-39.15805597999996,-16.70872680247967,0],[-39.15805543999995,-16.70872749347963,0],[-39.15790834299991,-16.70892542647967,0],[-39.15775395299992,-16.70912031147974,0],[-39.15759069499984,-16.70931657947961,0],[-39.15740977499991,-16.70951554147973,0],[-39.15721289599985,-16.70971128847957,0],[-39.15706211799983,-16.70983256947967,0],[-39.15693381799984,-16.7099284824796,0],[-39.15665970899982,-16.7097601924796,0],[-39.15653072399979,-16.70984878547963,0],[-39.15625296099983,-16.71010491547962,0],[-39.15611169499986,-16.71035376747971,0],[-39.15606961399994,-16.71049013047961,0],[-39.15606820599982,-16.71054761747966,0],[-39.15604663199989,-16.71056373247964,0],[-39.15565436199994,-16.71085673947955,0],[-39.15531510199985,-16.71112056447961,0],[-39.15527733799986,-16.71101354347966,0],[-39.15492783299987,-16.7100110844796,0],[-39.1547936639999,-16.70962625447966,0],[-39.15484374599992,-16.70959134147956,0],[-39.15484481999992,-16.70959053347961,0],[-39.15484643599986,-16.7095890594796,0],[-39.15489417299992,-16.70953999147963,0],[-39.1548949489999,-16.70953914047965,0],[-39.15493904199989,-16.70948699147961,0],[-39.15493996599992,-16.70948580247966,0],[-39.15499450499987,-16.70940922447973,0],[-39.15499521499986,-16.70940814747965,0],[-39.15503243299991,-16.70934706547973,0],[-39.15503351299989,-16.70934497747966,0],[-39.15506323999988,-16.70927679047968,0],[-39.15506357799984,-16.70927595747966,0],[-39.15506372599992,-16.70927554847959,0],[-39.15508229699986,-16.70922231747974,0],[-39.15508299299981,-16.70921968247967,0],[-39.15508322999992,-16.7092178154797,0],[-39.15508691099991,-16.70916698747968,0],[-39.15508695499989,-16.70916556847967,0],[-39.15508829160149,-16.70913204299331,0],[-39.1550954673268,-16.70910515401427,0],[-39.15512609299985,-16.70905383247966,0],[-39.15518409499985,-16.70898900747963,0],[-39.15518576599982,-16.7089867954797,0],[-39.15523595999995,-16.70890842747971,0],[-39.15523625099991,-16.70890795847966,0],[-39.15523707299994,-16.70890641447964,0],[-39.15528166999983,-16.70881190547961,0],[-39.15528222099987,-16.70881060947968,0],[-39.15533491899999,-16.70867117547961,0],[-39.15536766499986,-16.70861072947978,0],[-39.15538600099995,-16.70858310047963,0],[-39.15540811199992,-16.70856524147966,0],[-39.15541043299991,-16.70856300347973,0],[-39.15541095499995,-16.70856237547966,0],[-39.15542880599986,-16.70853987847969,0],[-39.15543015799987,-16.70853792447978,0],[-39.15543096699986,-16.70853640947966,0],[-39.1554497969999,-16.70849669147967,0],[-39.15545036699994,-16.70849534847972,0],[-39.15545086899982,-16.70849380147975,0],[-39.15546373799999,-16.70844691247962,0],[-39.15546407899984,-16.70844541547978,0],[-39.15546434399992,-16.70844308447973,0],[-39.15546543999992,-16.70841904647964,0],[-39.15546545599994,-16.70841806347964,0],[-39.1554647069999,-16.70838188447976,0],[-39.15546966199983,-16.70834343847979,0],[-39.1554754869998,-16.70831159747971,0],[-39.15548606899988,-16.70828845147968,0],[-39.15549882799997,-16.70827423947973,0],[-39.15550016199987,-16.70827253647976,0],[-39.15551280499989,-16.70825422947978,0],[-39.1555141089999,-16.70825202047967,0],[-39.15551507699994,-16.70824965747974,0],[-39.15551569099983,-16.70824718547964,0],[-39.1555220149999,-16.70820864147961,0],[-39.15552224499987,-16.70820580547968,0],[-39.15552222799994,-16.70820503147975,0],[-39.15552109099985,-16.70817991847966,0],[-39.15552070199982,-16.70817696447974,0],[-39.1555198159999,-16.70817411147963,0],[-39.15551845599996,-16.70817143747966,0],[-39.15551665899982,-16.70816901547962,0],[-39.15550356499982,-16.70815425847968,0],[-39.1555013539999,-16.70815214847975,0],[-39.15549865099985,-16.7081503304797,0],[-39.15547590999982,-16.70813777847972,0],[-39.15547460899985,-16.70813712447976,0],[-39.15542433299991,-16.70811420047965,0],[-39.15542271299988,-16.70811354947978,0],[-39.15542215799984,-16.70811336447966,0],[-39.15536555699985,-16.7080954694797,0],[-39.15536357899986,-16.70809495747965,0],[-39.15532485499995,-16.70808709347971,0],[-39.15532422999987,-16.7080869764797,0],[-39.15532277799994,-16.70808678747979,0],[-39.15529969499981,-16.70808465247979,0],[-39.15529668299983,-16.70808460747968,0],[-39.15529370299986,-16.70808502847971,0],[-39.15526280899993,-16.70809186847973,0],[-39.15526046599996,-16.70809254547961,0],[-39.1552246059998,-16.70810566047965,0],[-39.15519487299985,-16.70810766947964,0],[-39.15517654199994,-16.70809885347971,0],[-39.15516729799995,-16.70808716347971,0],[-39.15515572499979,-16.70806399947977,0],[-39.15515354299997,-16.70804469347968,0],[-39.15516551999992,-16.70801263747979,0],[-39.15518080899994,-16.70797364847964,0],[-39.15520705899991,-16.70791468847967,0],[-39.15522396699984,-16.7078820374798,0],[-39.15525635199997,-16.7078259934798,0],[-39.15529242599983,-16.70777110247967,0],[-39.15533437199986,-16.70771261347966,0],[-39.15535224399992,-16.70770293447964,0],[-39.15536398899992,-16.70770227947968,0],[-39.15537967499997,-16.70771108247972,0],[-39.15541107599988,-16.70773901447978,0],[-39.15541175299995,-16.70773958847974,0],[-39.15541324899981,-16.70774067847974,0],[-39.15548339899994,-16.70778666747961,0],[-39.1554855759999,-16.70778789747967,0],[-39.15548790499985,-16.70778883447975,0],[-39.15549034399987,-16.7077894614797,0],[-39.15549284699983,-16.70778976647969,0],[-39.15553441999996,-16.70779212647966,0],[-39.15553599499989,-16.70779215247971,0],[-39.15553854199985,-16.70779192247968,0],[-39.15554103399988,-16.70779136047969,0],[-39.15554342299991,-16.70779047747969,0],[-39.15554566499989,-16.70778928847978,0],[-39.15557853399996,-16.70776893447973,0],[-39.15558078099988,-16.70776730147978,0],[-39.15558274999988,-16.70776536147974,0],[-39.1555843949998,-16.70776315947971,0],[-39.15560794199985,-16.70772606947969,0],[-39.15560819399983,-16.70772566147975,0],[-39.1556090049999,-16.7077241424797,0],[-39.15563563999989,-16.70766791547976,0],[-39.15563603799993,-16.70766701147977,0],[-39.15567209599982,-16.70757846247966,0],[-39.15569222399989,-16.70754403747979,0],[-39.15571659199986,-16.7075167754797,0],[-39.15574688499984,-16.70749742847978,0],[-39.15579931299985,-16.7074695174797,0],[-39.15579971299988,-16.70746929847968,0],[-39.15584097199984,-16.70744578347968,0],[-39.15584335899995,-16.7074441694798,0],[-39.15588551199986,-16.70741066047969,0],[-39.15593977699983,-16.70736810247974,0],[-39.15601538099995,-16.70732666147979,0],[-39.1560159339999,-16.70732634347974,0],[-39.15604718999986,-16.70730766447981,0],[-39.15604937299983,-16.70730614047977,0],[-39.15605144399982,-16.7073041814797,0],[-39.15608219199992,-16.7072701944798,0],[-39.15608243799993,-16.70726991647979,0],[-39.15611814999987,-16.70722874247977,0],[-39.15611864399983,-16.70722814747978,0],[-39.15613960799986,-16.70720179347969,0],[-39.15617347899989,-16.70716436247969,0],[-39.15620434599997,-16.70712976147975,0],[-39.15620479499983,-16.70712923247973,0],[-39.15625239599993,-16.70707084147967,0],[-39.15630396399997,-16.70700766347966,0],[-39.15630498699989,-16.70700628047974,0],[-39.15634554899985,-16.70694563447979,0],[-39.15637972199982,-16.7068959124798,0],[-39.15638022399997,-16.70689513947972,0],[-39.15644025999993,-16.70679741747979,0],[-39.15644066099991,-16.70679672247983,0],[-39.15647383999983,-16.70673600047976,0],[-39.15650651899994,-16.70667719547982,0],[-39.15650761599994,-16.7066748294797,0],[-39.15650823499981,-16.70667283347972,0],[-39.1565156559999,-16.70664269147965,0],[-39.15651587999989,-16.7066416434798,0],[-39.15651613299984,-16.70663952647979,0],[-39.15651760199988,-16.70661417247973,0],[-39.15651763099986,-16.70661315047971,0],[-39.15651762099996,-16.70661257647979,0],[-39.15651660399984,-16.70658244047976,0],[-39.15651654399988,-16.70658147047978,0],[-39.15651368699992,-16.70654963947974,0],[-39.15651768699997,-16.70650991347975,0],[-39.15652900799984,-16.70648318447984,0],[-39.15655551599991,-16.70645109047983,0],[-39.15658794499982,-16.70642393347975,0],[-39.1566170269999,-16.70639960547972,0],[-39.15666788599984,-16.70636467147969,0],[-39.15666906799996,-16.7063637884797,0],[-39.15666967199981,-16.70636327747978,0],[-39.15669298399989,-16.70634269047985,0],[-39.15669480199987,-16.70634084047968,0],[-39.15673656799988,-16.70629093047982,0],[-39.15673692999991,-16.7062904844797,0],[-39.15680161699991,-16.70620802347973,0],[-39.15680761852046,-16.7062011212632,0],[-39.15699369599433,-16.70632021455891,0],[-39.15699860902907,-16.70632409759545,0],[-39.15700282297922,-16.70632605600449,0],[-39.15897303705081,-16.70758701584707,0]]]]},"properties":{"name":"FLP 19","description":"<html xmlns:fo=\"http://www.w3.org/1999/XSL/Format\" xmlns:msxsl=\"urn:schemas-microsoft-com:xslt\">\n\n<head>\n\n<META http-equiv=\"Content-Type\" content=\"text/html\">\n\n<meta http-equiv=\"content-type\" content=\"text/html; charset=UTF-8\">\n\n</head>\n\n<body style=\"margin:0px 0px 0px 0px;overflow:auto;background:#FFFFFF;\">\n\n<table style=\"font-family:Arial,Verdana,Times;font-size:12px;text-align:left;width:100%;border-collapse:collapse;padding:3px 3px 3px 3px\">\n\n<tr style=\"text-align:center;font-weight:bold;background:#9CBCE2\">\n\n<td>FLP 19</td>\n\n</tr>\n\n<tr>\n\n<td>\n\n<table style=\"font-family:Arial,Verdana,Times;font-size:12px;text-align:left;width:100%;border-spacing:0px; padding:3px 3px 3px 3px\">\n\n<tr>\n\n<td>FID</td>\n\n<td>19</td>\n\n</tr>\n\n<tr bgcolor=\"#D4E4F3\">\n\n<td>Talhão</td>\n\n<td>FLP 19</td>\n\n</tr>\n\n<tr>\n\n<td>AREA</td>\n\n<td>23</td>\n\n</tr>\n\n<tr bgcolor=\"#D4E4F3\">\n\n<td>FolderPath</td>\n\n<td>Document/SYMB_PAI_01_Parcels_PD</td>\n\n</tr>\n\n<tr>\n\n<td>SymbolID</td>\n\n<td>0</td>\n\n</tr>\n\n<tr bgcolor=\"#D4E4F3\">\n\n<td>AltMode</td>\n\n<td>0</td>\n\n</tr>\n\n<tr>\n\n<td>Base</td>\n\n<td>0</td>\n\n</tr>\n\n<tr bgcolor=\"#D4E4F3\">\n\n<td>Clamped</td>\n\n<td>-1</td>\n\n</tr>\n\n<tr>\n\n<td>Extruded</td>\n\n<td>0</td>\n\n</tr>\n\n<tr bgcolor=\"#D4E4F3\">\n\n<td>Snippet</td>\n\n<td></td>\n\n</tr>\n\n<tr>\n\n<td>PopupInfo</td>\n\n<td></td>\n\n</tr>\n\n<tr bgcolor=\"#D4E4F3\">\n\n<td>Shape_Leng</td>\n\n<td>0,023799</td>\n\n</tr>\n\n<tr>\n\n<td>Área_ha</td>\n\n<td>11,490889</td>\n\n</tr>\n\n<tr bgcolor=\"#D4E4F3\">\n\n<td>AREA_REDUZ</td>\n\n<td>11,45077</td>\n\n</tr>\n\n</table>\n\n</td>\n\n</tr>\n\n</table>\n\n</body>\n\n</html>"}},
{"type":"Feature","id":"ID_10020","geometry":{"type":"MultiPolygon","coordinates":[[[[-39.14711388499995,-16.71659448247952,0],[-39.14717014399997,-16.71656596947957,0],[-39.14740828699996,-16.71644527047953,0],[-39.14763154599996,-16.71633319247956,0],[-39.14763227099996,-16.71633280947951,0],[-39.14763355499997,-16.71633202647956,0],[-39.14787852799999,-16.71616866247956,0],[-39.14806094899995,-16.71606701547956,0],[-39.14806237699997,-16.71606613547953,0],[-39.14830941999998,-16.71589807647956,0],[-39.14878557499998,-16.71557923847958,0],[-39.14933159499998,-16.71521879347958,0],[-39.14973184199994,-16.71496602147957,0],[-39.14973232499995,-16.71496570647961,0],[-39.15009400399998,-16.71472148147959,0],[-39.15048075999994,-16.71446016947958,0],[-39.15067087899997,-16.71433973847961,0],[-39.15107112199997,-16.71409701247962,0],[-39.15107160399998,-16.71409670947963,0],[-39.15144371799994,-16.71385533647959,0],[-39.15194667099996,-16.71352785247963,0],[-39.15215499999994,-16.71339570447966,0],[-39.15215547999998,-16.71339538947963,0],[-39.15246047399995,-16.71318859647961,0],[-39.15277297799997,-16.71298175147965,0],[-39.15277350099996,-16.71298139247963,0],[-39.15294873699997,-16.71285668747961,0],[-39.15316264999996,-16.71272046147962,0],[-39.15316305299996,-16.71272019747964,0],[-39.15335507299994,-16.71259088347966,0],[-39.15383448899996,-16.71226608647963,0],[-39.15417248299998,-16.71202751047969,0],[-39.15417336499996,-16.71202684747965,0],[-39.15441404799999,-16.71183469147969,0],[-39.15456700399995,-16.71172575247965,0],[-39.15478449499995,-16.7115675824797,0],[-39.15504953999994,-16.7113678074797,0],[-39.15529678699994,-16.7111809764797,0],[-39.15549428799994,-16.71174068147969,0],[-39.15580959399995,-16.71264212147967,0],[-39.15590992699999,-16.71292896547962,0],[-39.15591007999996,-16.71292938647966,0],[-39.15591074999998,-16.71293093147964,0],[-39.15594606999997,-16.71300276947963,0],[-39.15587109499995,-16.71307614847965,0],[-39.15562654399997,-16.71325783547965,0],[-39.15562579299996,-16.71325842447962,0],[-39.15544104499998,-16.71341391547966,0],[-39.15536006599996,-16.71345858847964,0],[-39.15528320099997,-16.71349220247959,0],[-39.15513567299996,-16.71353355047962,0],[-39.15496985299995,-16.71357791447963,0],[-39.15479488399995,-16.7136094864796,0],[-39.15470250699997,-16.71362678747961,0],[-39.15470024899997,-16.71362735347965,0],[-39.15462771899997,-16.71365023547963,0],[-39.15451497299995,-16.71368034847963,0],[-39.15451355399995,-16.71368078747964,0],[-39.15451254699997,-16.7136811734796,0],[-39.15432927699993,-16.7137574394796,0],[-39.15416833999996,-16.71382794747963,0],[-39.15416670799993,-16.71382875647959,0],[-39.15400445899996,-16.71391928947964,0],[-39.15400315599993,-16.71392008747961,0],[-39.15391156499993,-16.7139814024796,0],[-39.15382639799998,-16.71402818447962,0],[-39.15374471999996,-16.71406761547962,0],[-39.15366410399997,-16.7140931064796,0],[-39.15354793099993,-16.71413052047961,0],[-39.15354744799998,-16.71413068347959,0],[-39.15354703499997,-16.71413083347959,0],[-39.15341751699998,-16.71417972247962,0],[-39.15341496599996,-16.71418090547962,0],[-39.15341325299994,-16.71418198547963,0],[-39.15336860399998,-16.71421358947958,0],[-39.15336774699995,-16.71421423347959,0],[-39.15318755599998,-16.71435796747958,0],[-39.15299241399998,-16.71451899447958,0],[-39.15285394999995,-16.71463539147956,0],[-39.15285190199995,-16.7146374054796,0],[-39.15285131499996,-16.71463811747962,0],[-39.15280965999994,-16.71469124447956,0],[-39.15280833399999,-16.71469318247959,0],[-39.15264917099995,-16.7149645944796,0],[-39.15264889099996,-16.71496508747956,0],[-39.15257305399996,-16.7151043454796,0],[-39.15257224099997,-16.71510604447959,0],[-39.15252467899995,-16.71522088447957,0],[-39.15252446899995,-16.71522141647958,0],[-39.15252432299997,-16.71522181847959,0],[-39.15248420599995,-16.71533665347956,0],[-39.15248385199993,-16.71533779147958,0],[-39.15245266999995,-16.71545118347958,0],[-39.15245243099998,-16.7154521604796,0],[-39.15241846199996,-16.71561075047954,0],[-39.15239227599994,-16.71569650947954,0],[-39.15235298799996,-16.71578363247955,0],[-39.15227650199995,-16.71591426747957,0],[-39.15215940699994,-16.71608166147956,0],[-39.15215870799994,-16.71608273947953,0],[-39.15215813499998,-16.71608377447955,0],[-39.15209865999998,-16.71620005847955,0],[-39.15209798099994,-16.71620155347955,0],[-39.15200749699994,-16.71642791847955,0],[-39.15198879099995,-16.71646821247953,0],[-39.15195467999995,-16.71652446647953,0],[-39.15186128199997,-16.71662024147957,0],[-39.15167174899995,-16.71679316247955,0],[-39.15142272799994,-16.71698629647953,0],[-39.15108570299998,-16.71721844847954,0],[-39.15070805899995,-16.71744950647953,0],[-39.15038801799994,-16.71764635547949,0],[-39.15038690999995,-16.71764709347954,0],[-39.15016716699995,-16.71780472747953,0],[-39.14990996399995,-16.71796310447952,0],[-39.14964748599994,-16.7180741694795,0],[-39.14941885699994,-16.71813689047951,0],[-39.14915200899998,-16.71818255147952,0],[-39.14902125199995,-16.71818124547951,0],[-39.14889578199995,-16.71816025047952,0],[-39.14878366699998,-16.71812764147951,0],[-39.14878148999998,-16.71812714347948,0],[-39.14878034999998,-16.7181269854795,0],[-39.14871481999996,-16.7181198574795,0],[-39.14871412299993,-16.71811979347951,0],[-39.14836147199998,-16.71809423847953,0],[-39.14803712499997,-16.71806006447953,0],[-39.14803621299995,-16.71805998947952,0],[-39.14779197499996,-16.71804581347948,0],[-39.14779083299993,-16.71804578147949,0],[-39.14778983399998,-16.71804580747948,0],[-39.14756646299997,-16.71805744747951,0],[-39.14756541299993,-16.71805753147948,0],[-39.14755830499996,-16.71805828947947,0],[-39.14711388499995,-16.71659448247952,0]]]]},"properties":{"name":"FLP 22","description":"<html xmlns:fo=\"http://www.w3.org/1999/XSL/Format\" xmlns:msxsl=\"urn:schemas-microsoft-com:xslt\">\n\n<head>\n\n<META http-equiv=\"Content-Type\" content=\"text/html\">\n\n<meta http-equiv=\"content-type\" content=\"text/html; charset=UTF-8\">\n\n</head>\n\n<body style=\"margin:0px 0px 0px 0px;overflow:auto;background:#FFFFFF;\">\n\n<table style=\"font-family:Arial,Verdana,Times;font-size:12px;text-align:left;width:100%;border-collapse:collapse;padding:3px 3px 3px 3px\">\n\n<tr style=\"text-align:center;font-weight:bold;background:#9CBCE2\">\n\n<td>FLP 22</td>\n\n</tr>\n\n<tr>\n\n<td>\n\n<table style=\"font-family:Arial,Verdana,Times;font-size:12px;text-align:left;width:100%;border-spacing:0px; padding:3px 3px 3px 3px\">\n\n<tr>\n\n<td>FID</td>\n\n<td>20</td>\n\n</tr>\n\n<tr bgcolor=\"#D4E4F3\">\n\n<td>Talhão</td>\n\n<td>FLP 22</td>\n\n</tr>\n\n<tr>\n\n<td>AREA</td>\n\n<td>24</td>\n\n</tr>\n\n<tr bgcolor=\"#D4E4F3\">\n\n<td>FolderPath</td>\n\n<td>Document/SYMB_PAI_01_Parcels_PD</td>\n\n</tr>\n\n<tr>\n\n<td>SymbolID</td>\n\n<td>0</td>\n\n</tr>\n\n<tr bgcolor=\"#D4E4F3\">\n\n<td>AltMode</td>\n\n<td>0</td>\n\n</tr>\n\n<tr>\n\n<td>Base</td>\n\n<td>0</td>\n\n</tr>\n\n<tr bgcolor=\"#D4E4F3\">\n\n<td>Clamped</td>\n\n<td>-1</td>\n\n</tr>\n\n<tr>\n\n<td>Extruded</td>\n\n<td>0</td>\n\n</tr>\n\n<tr bgcolor=\"#D4E4F3\">\n\n<td>Snippet</td>\n\n<td></td>\n\n</tr>\n\n<tr>\n\n<td>PopupInfo</td>\n\n<td></td>\n\n</tr>\n\n<tr bgcolor=\"#D4E4F3\">\n\n<td>Shape_Leng</td>\n\n<td>0,023851</td>\n\n</tr>\n\n<tr>\n\n<td>Área_ha</td>\n\n<td>23,547506</td>\n\n</tr>\n\n<tr bgcolor=\"#D4E4F3\">\n\n<td>AREA_REDUZ</td>\n\n<td></td>\n\n</tr>\n\n</table>\n\n</td>\n\n</tr>\n\n</table>\n\n</body>\n\n</html>"}},
{"type":"Feature","id":"ID_10021","geometry":{"type":"MultiPolygon","coordinates":[[[[-39.14978567799994,-16.71408240347961,0],[-39.14991374299996,-16.71407752747962,0],[-39.14991627399996,-16.71407726447961,0],[-39.14991830399998,-16.71407680547962,0],[-39.15009398599995,-16.7140269284796,0],[-39.15009511399996,-16.71402657047964,0],[-39.15009659499997,-16.71402597847959,0],[-39.15032162899996,-16.71392512147963,0],[-39.15032310999993,-16.71392437847959,0],[-39.15032397799997,-16.71392386347964,0],[-39.15044379599993,-16.71384843547964,0],[-39.15044560599995,-16.71384714047963,0],[-39.15044593999994,-16.71384686247962,0],[-39.15053856899993,-16.71376819147964,0],[-39.15065873799995,-16.7136765494796,0],[-39.15065916699995,-16.71367621347964,0],[-39.15066050999997,-16.7136750124796,0],[-39.15076615899994,-16.71357089347961,0],[-39.15076650299994,-16.71357054447964,0],[-39.15080518899998,-16.71353033447964,0],[-39.15080581199993,-16.71352965347962,0],[-39.15080697399998,-16.71352816847963,0],[-39.15087040199995,-16.71343775647962,0],[-39.15091799599998,-16.71338277247965,0],[-39.15102706099998,-16.71328959947962,0],[-39.15102885499994,-16.71328784147963,0],[-39.15107430399996,-16.71323678347962,0],[-39.15107555799995,-16.71323518847961,0],[-39.15114525399998,-16.71313541247965,0],[-39.15125297499998,-16.71298781447965,0],[-39.15125365099994,-16.71298682247962,0],[-39.15131799299996,-16.71288507847962,0],[-39.15137784499996,-16.71281611047964,0],[-39.15142840899995,-16.71275778647961,0],[-39.15149072999998,-16.71269227747965,0],[-39.15149128199994,-16.71269167047964,0],[-39.15149235499996,-16.71269031047966,0],[-39.15156115199994,-16.71259399047963,0],[-39.15156185199993,-16.71259293447967,0],[-39.15160455799997,-16.71252325747967,0],[-39.15167159299995,-16.71246084847967,0],[-39.15170591099996,-16.71243869247966,0],[-39.15176597799996,-16.71241949947965,0],[-39.15183106099994,-16.71240294347966,0],[-39.15192649799997,-16.71238237947966,0],[-39.15192752199994,-16.71238212947969,0],[-39.15202231099994,-16.71235622847967,0],[-39.15202362299993,-16.71235581947968,0],[-39.15202478699996,-16.71235536747968,0],[-39.15210566999997,-16.71232086647967,0],[-39.15210825899993,-16.71231951947964,0],[-39.15211059699993,-16.71231779847965,0],[-39.15214829599995,-16.71228524247964,0],[-39.15215015699994,-16.7122833894797,0],[-39.15215050999996,-16.71228297047968,0],[-39.15218770299998,-16.71223749847967,0],[-39.15218922399998,-16.71223533447964,0],[-39.15218986499997,-16.71223416647967,0],[-39.15222653899997,-16.71216095047964,0],[-39.15222727799994,-16.71215926147965,0],[-39.15222793199996,-16.71215712247966,0],[-39.15225706899997,-16.71203438147967,0],[-39.15229441199995,-16.71189282547967,0],[-39.15232185799994,-16.71181849347965,0],[-39.15232201899994,-16.71181803747965,0],[-39.15235557599993,-16.71171886047967,0],[-39.15238915499998,-16.7116315724797,0],[-39.15238992599996,-16.71162894947969,0],[-39.15240426799994,-16.71156101247966,0],[-39.15240436099998,-16.71156053447965,0],[-39.15240443499994,-16.71156009947966,0],[-39.15241560499993,-16.71148859447967,0],[-39.15244247399994,-16.71140030447965,0],[-39.15244271799997,-16.71139942247966,0],[-39.15246646899993,-16.71130373447967,0],[-39.15246671499995,-16.7113025704797,0],[-39.15248303499993,-16.71120776147969,0],[-39.15248320699993,-16.7112064854797,0],[-39.15249441399993,-16.71109095847967,0],[-39.15251585599998,-16.71100142147972,0],[-39.15253450599994,-16.71092929247968,0],[-39.15255212499994,-16.71087396247967,0],[-39.15260445699994,-16.71072180047972,0],[-39.15264132299996,-16.71062541247971,0],[-39.15266784699997,-16.71056626747973,0],[-39.15269235299996,-16.71052759547972,0],[-39.15272041899993,-16.7104933044797,0],[-39.15275580199994,-16.71045847147973,0],[-39.15282223899993,-16.71041211847971,0],[-39.15287750799997,-16.71038093547973,0],[-39.15295138399995,-16.7103528154797,0],[-39.15301690299997,-16.71033053947973,0],[-39.15308364399993,-16.71031414647972,0],[-39.15314865099998,-16.71030741047974,0],[-39.15324253399996,-16.71029692847973,0],[-39.15324364799994,-16.71029677147969,0],[-39.15324571299993,-16.71029630147972,0],[-39.15328218899998,-16.7102858704797,0],[-39.15328328099997,-16.71028552247974,0],[-39.15328583399997,-16.71028441047973,0],[-39.15331523099997,-16.71026896147969,0],[-39.15331564199994,-16.71026873947969,0],[-39.15331741199997,-16.71026762047972,0],[-39.15338587299993,-16.71021877747971,0],[-39.15338623999997,-16.71021850847972,0],[-39.15347929899997,-16.71014864647975,0],[-39.15362029599993,-16.7100620644797,0],[-39.15370136799992,-16.71001756647973,0],[-39.15376457199994,-16.70999499547974,0],[-39.15384525099995,-16.70997396547972,0],[-39.15394782399994,-16.70996208447974,0],[-39.15394885699992,-16.7099619364797,0],[-39.15394998899995,-16.70996170847973,0],[-39.15407513799994,-16.70993257947969,0],[-39.15422328799998,-16.70989564647971,0],[-39.15430212199993,-16.70987554547975,0],[-39.15430375299997,-16.70987505147974,0],[-39.15430495599998,-16.70987458247969,0],[-39.15442497599997,-16.70982306947974,0],[-39.15442678299996,-16.70982217747974,0],[-39.15454294799997,-16.70975655047971,0],[-39.15466473799995,-16.70969447347973,0],[-39.15476101999997,-16.70964615347971,0],[-39.15489226599993,-16.7100226004797,0],[-39.15524179199996,-16.71102512347969,0],[-39.15528398699996,-16.71114470047969,0],[-39.15502640599994,-16.71133933947966,0],[-39.15476166399998,-16.71153888847966,0],[-39.15454453499996,-16.71169679347969,0],[-39.15439133299998,-16.71180590747969,0],[-39.15439051599998,-16.71180652447963,0],[-39.15414986699995,-16.71199865247967,0],[-39.15381259899994,-16.71223671747963,0],[-39.15333353599993,-16.71256127347963,0],[-39.15314174099996,-16.71269043547963,0],[-39.15292763399998,-16.71282678447964,0],[-39.15292683199993,-16.71282732447966,0],[-39.15275147199998,-16.71295211847965,0],[-39.15243908899998,-16.71315888347962,0],[-39.15213412799994,-16.71336565447964,0],[-39.15192589799995,-16.71349774147962,0],[-39.15142273999993,-16.71382535747962,0],[-39.15105089799994,-16.71406655247961,0],[-39.15065058499994,-16.71430932447958,0],[-39.15045990999994,-16.7144301054796,0],[-39.15045944499997,-16.71443040947963,0],[-39.15007246799996,-16.71469187147959,0],[-39.14971102099997,-16.71493593847955,0],[-39.14931072599995,-16.71518874347956,0],[-39.14876426699993,-16.7155494754796,0],[-39.14828786899995,-16.71586847547958,0],[-39.14804142299995,-16.71603612847958,0],[-39.14785907499999,-16.71613773347957,0],[-39.14785779099998,-16.71613851747957,0],[-39.14761316299996,-16.71630165047958,0],[-39.14739088599998,-16.71641323547952,0],[-39.14715267699996,-16.71653396647956,0],[-39.14712650499996,-16.71654723147957,0],[-39.14716753599998,-16.71634433447957,0],[-39.14716781499993,-16.71634215747957,0],[-39.14718988899995,-16.71599772547957,0],[-39.14718992399997,-16.71599659747955,0],[-39.14718990599993,-16.71599581147957,0],[-39.14718233299993,-16.71583078447959,0],[-39.14718218099995,-16.71582914847955,0],[-39.14715733599996,-16.71565295747958,0],[-39.14713720399993,-16.71524238447958,0],[-39.14713700699996,-16.7152404844796,0],[-39.14710407699994,-16.71503450347958,0],[-39.14709594199996,-16.7149411164796,0],[-39.14709067399997,-16.71485014247961,0],[-39.14709063099997,-16.71484957047958,0],[-39.14708537499997,-16.71479181247961,0],[-39.14708515899997,-16.71479023947959,0],[-39.14708469799996,-16.71478833547961,0],[-39.14706862799995,-16.7147351824796,0],[-39.14704584099997,-16.7146619414796,0],[-39.14704494499995,-16.71465964547961,0],[-39.14704373599995,-16.71465748647959,0],[-39.14700666999994,-16.7146008754796,0],[-39.14697063599993,-16.71453038047961,0],[-39.14694077399997,-16.71446432547958,0],[-39.14692999799996,-16.71438800947958,0],[-39.14692312099992,-16.71426854547962,0],[-39.14692286299993,-16.71426639447963,0],[-39.14692277599994,-16.71426595147959,0],[-39.14691111399998,-16.71421056347957,0],[-39.14690000399997,-16.71411165647958,0],[-39.14691401499994,-16.71401391247963,0],[-39.14695121899996,-16.71394996547963,0],[-39.14705502299995,-16.7138672464796,0],[-39.14713375599996,-16.7138292394796,0],[-39.14718321199996,-16.71382239547961,0],[-39.14729755399998,-16.71384360847964,0],[-39.14738323499995,-16.71386631947963,0],[-39.14738496699994,-16.71386669447964,0],[-39.14738695999995,-16.71386692647963,0],[-39.14753389699997,-16.7138763894796,0],[-39.14753516199994,-16.71387642947962,0],[-39.14753583699996,-16.71387641747959,0],[-39.14764603299994,-16.71387251147963,0],[-39.14764692599994,-16.7138724594796,0],[-39.14780079699995,-16.71385991247962,0],[-39.14780143199994,-16.7138598504796,0],[-39.14809529699994,-16.71382615147962,0],[-39.14827507999996,-16.71380496147958,0],[-39.14837395899997,-16.71379250247964,0],[-39.14845834799997,-16.71378589847961,0],[-39.14852665199993,-16.7137913344796,0],[-39.14879077199998,-16.71385856147958,0],[-39.14900983499997,-16.71392429947963,0],[-39.14901039899996,-16.71392445847959,0],[-39.14929237299998,-16.71399982547961,0],[-39.14945419499998,-16.71404370947959,0],[-39.14945603899997,-16.71404411347959,0],[-39.14960299499995,-16.71406888347962,0],[-39.14960478699993,-16.7140691004796,0],[-39.14978349599994,-16.71408236447961,0],[-39.14978495099996,-16.71408241747962,0],[-39.14978567799994,-16.71408240347961,0]]]]},"properties":{"name":"FLP 21","description":"<html xmlns:fo=\"http://www.w3.org/1999/XSL/Format\" xmlns:msxsl=\"urn:schemas-microsoft-com:xslt\">\n\n<head>\n\n<META http-equiv=\"Content-Type\" content=\"text/html\">\n\n<meta http-equiv=\"content-type\" content=\"text/html; charset=UTF-8\">\n\n</head>\n\n<body style=\"margin:0px 0px 0px 0px;overflow:auto;background:#FFFFFF;\">\n\n<table style=\"font-family:Arial,Verdana,Times;font-size:12px;text-align:left;width:100%;border-collapse:collapse;padding:3px 3px 3px 3px\">\n\n<tr style=\"text-align:center;font-weight:bold;background:#9CBCE2\">\n\n<td>FLP 21</td>\n\n</tr>\n\n<tr>\n\n<td>\n\n<table style=\"font-family:Arial,Verdana,Times;font-size:12px;text-align:left;width:100%;border-spacing:0px; padding:3px 3px 3px 3px\">\n\n<tr>\n\n<td>FID</td>\n\n<td>21</td>\n\n</tr>\n\n<tr bgcolor=\"#D4E4F3\">\n\n<td>Talhão</td>\n\n<td>FLP 21</td>\n\n</tr>\n\n<tr>\n\n<td>AREA</td>\n\n<td>15</td>\n\n</tr>\n\n<tr bgcolor=\"#D4E4F3\">\n\n<td>FolderPath</td>\n\n<td>Document/SYMB_PAI_01_Parcels_PD</td>\n\n</tr>\n\n<tr>\n\n<td>SymbolID</td>\n\n<td>0</td>\n\n</tr>\n\n<tr bgcolor=\"#D4E4F3\">\n\n<td>AltMode</td>\n\n<td>0</td>\n\n</tr>\n\n<tr>\n\n<td>Base</td>\n\n<td>0</td>\n\n</tr>\n\n<tr bgcolor=\"#D4E4F3\">\n\n<td>Clamped</td>\n\n<td>-1</td>\n\n</tr>\n\n<tr>\n\n<td>Extruded</td>\n\n<td>0</td>\n\n</tr>\n\n<tr bgcolor=\"#D4E4F3\">\n\n<td>Snippet</td>\n\n<td></td>\n\n</tr>\n\n<tr>\n\n<td>PopupInfo</td>\n\n<td></td>\n\n</tr>\n\n<tr bgcolor=\"#D4E4F3\">\n\n<td>Shape_Leng</td>\n\n<td>0,024182</td>\n\n</tr>\n\n<tr>\n\n<td>Área_ha</td>\n\n<td>15,431534</td>\n\n</tr>\n\n<tr bgcolor=\"#D4E4F3\">\n\n<td>AREA_REDUZ</td>\n\n<td></td>\n\n</tr>\n\n</table>\n\n</td>\n\n</tr>\n\n</table>\n\n</body>\n\n</html>"}},
{"type":"Feature","id":"ID_10022","geometry":{"type":"MultiPolygon","coordinates":[[[[-39.15973223499998,-16.70251344147991,0],[-39.15974544899996,-16.70244998347991,0],[-39.15976648699996,-16.70237714547992,0],[-39.15978759399997,-16.70230977247995,0],[-39.15980773099994,-16.70225472447991,0],[-39.15983041299995,-16.70219422347996,0],[-39.15985402399998,-16.70213482247992,0],[-39.15987352799993,-16.70209055147994,0],[-39.15988868899996,-16.70206032747994,0],[-39.15988913599995,-16.70205936447995,0],[-39.15990327099996,-16.70202640947996,0],[-39.15991927499994,-16.70199504347993,0],[-39.15994670599997,-16.70195601747995,0],[-39.15998125499993,-16.70190837047993,0],[-39.16000652699995,-16.70187488347993,0],[-39.16004748799998,-16.70181866847996,0],[-39.16008337699998,-16.70177453047995,0],[-39.16008385699995,-16.70177391447992,0],[-39.16010873999993,-16.70174047247995,0],[-39.16015670499996,-16.70168519547997,0],[-39.16019379799997,-16.70164465947993,0],[-39.16019410999996,-16.70164430947995,0],[-39.16023276899994,-16.70159981447996,0],[-39.16026979199995,-16.70155749447997,0],[-39.16030229299997,-16.70152752547995,0],[-39.16030301999996,-16.70152681747993,0],[-39.16033977299998,-16.70148897547995,0],[-39.16036676699997,-16.70146477947998,0],[-39.16040609599997,-16.70143250747999,0],[-39.16043907799997,-16.70140574747995,0],[-39.16047078099997,-16.70138774047997,0],[-39.16050477499994,-16.70137202047993,0],[-39.16056583299996,-16.70134795647993,0],[-39.16062834899999,-16.70132688547996,0],[-39.16070807199998,-16.70130985047997,0],[-39.16079434299996,-16.70129220247997,0],[-39.16089221199997,-16.70127735647998,0],[-39.16095436699993,-16.70126732347996,0],[-39.16101840699997,-16.70126020647998,0],[-39.16111617599995,-16.70125442047994,0],[-39.16111794799997,-16.70125423347998,0],[-39.16116856899998,-16.70124653947994,0],[-39.16116902399995,-16.70124646547994,0],[-39.16123513399998,-16.70123443747998,0],[-39.16123772099996,-16.70123377847996,0],[-39.16128083599995,-16.70121957647997,0],[-39.16131860299998,-16.70120961647996,0],[-39.16136537099993,-16.70119663247995,0],[-39.16136660699993,-16.70119624347996,0],[-39.16136712599996,-16.70119605247995,0],[-39.16140694699994,-16.70118074847996,0],[-39.16142519699997,-16.70118651847998,0],[-39.16144114199994,-16.70119257747998,0],[-39.16145332499997,-16.70119818247998,0],[-39.16147743099998,-16.70121251447997,0],[-39.16147946099994,-16.70121383647997,0],[-39.16148015299996,-16.70121425547996,0],[-39.16166728399998,-16.70133156147996,0],[-39.16166814499996,-16.70133207047997,0],[-39.16166890799997,-16.70133247147993,0],[-39.16182896399994,-16.70141207947995,0],[-39.16199499699997,-16.70150659047994,0],[-39.16199656499998,-16.70150737847996,0],[-39.16219904799993,-16.70159778747996,0],[-39.16252055699994,-16.70176194147995,0],[-39.15972900599996,-16.7025496754799,0],[-39.15972282499995,-16.70255961147992,0],[-39.15973223499998,-16.70251344147991,0]]]]},"properties":{"name":"FLP 18 - B","description":"<html xmlns:fo=\"http://www.w3.org/1999/XSL/Format\" xmlns:msxsl=\"urn:schemas-microsoft-com:xslt\">\n\n<head>\n\n<META http-equiv=\"Content-Type\" content=\"text/html\">\n\n<meta http-equiv=\"content-type\" content=\"text/html; charset=UTF-8\">\n\n</head>\n\n<body style=\"margin:0px 0px 0px 0px;overflow:auto;background:#FFFFFF;\">\n\n<table style=\"font-family:Arial,Verdana,Times;font-size:12px;text-align:left;width:100%;border-collapse:collapse;padding:3px 3px 3px 3px\">\n\n<tr style=\"text-align:center;font-weight:bold;background:#9CBCE2\">\n\n<td>FLP 18 - B</td>\n\n</tr>\n\n<tr>\n\n<td>\n\n<table style=\"font-family:Arial,Verdana,Times;font-size:12px;text-align:left;width:100%;border-spacing:0px; padding:3px 3px 3px 3px\">\n\n<tr>\n\n<td>FID</td>\n\n<td>22</td>\n\n</tr>\n\n<tr bgcolor=\"#D4E4F3\">\n\n<td>Talhão</td>\n\n<td>FLP 18 - B</td>\n\n</tr>\n\n<tr>\n\n<td>AREA</td>\n\n<td>2</td>\n\n</tr>\n\n<tr bgcolor=\"#D4E4F3\">\n\n<td>FolderPath</td>\n\n<td>Document/SYMB_PAI_01_Parcels_PD</td>\n\n</tr>\n\n<tr>\n\n<td>SymbolID</td>\n\n<td>0</td>\n\n</tr>\n\n<tr bgcolor=\"#D4E4F3\">\n\n<td>AltMode</td>\n\n<td>0</td>\n\n</tr>\n\n<tr>\n\n<td>Base</td>\n\n<td>0</td>\n\n</tr>\n\n<tr bgcolor=\"#D4E4F3\">\n\n<td>Clamped</td>\n\n<td>-1</td>\n\n</tr>\n\n<tr>\n\n<td>Extruded</td>\n\n<td>0</td>\n\n</tr>\n\n<tr bgcolor=\"#D4E4F3\">\n\n<td>Snippet</td>\n\n<td></td>\n\n</tr>\n\n<tr>\n\n<td>PopupInfo</td>\n\n<td></td>\n\n</tr>\n\n<tr bgcolor=\"#D4E4F3\">\n\n<td>Shape_Leng</td>\n\n<td>0,006559</td>\n\n</tr>\n\n<tr>\n\n<td>Área_ha</td>\n\n<td>2,169085</td>\n\n</tr>\n\n<tr bgcolor=\"#D4E4F3\">\n\n<td>AREA_REDUZ</td>\n\n<td></td>\n\n</tr>\n\n</table>\n\n</td>\n\n</tr>\n\n</table>\n\n</body>\n\n</html>"}},
{"type":"Feature","id":"ID_10023","geometry":{"type":"MultiPolygon","coordinates":[[[[-39.17457873999996,-16.68808670848031,0],[-39.17471532899998,-16.68795824548031,0],[-39.17475466399997,-16.68792125048035,0],[-39.17475594399997,-16.68791992048032,0],[-39.17475693199998,-16.68791867848032,0],[-39.17475753699995,-16.68791784548032,0],[-39.17479607999996,-16.68786477348031,0],[-39.17484002199996,-16.68778657348034,0],[-39.17485476499996,-16.68776033648031,0],[-39.17487160999997,-16.6877509034803,0],[-39.17494510599994,-16.68770974848035,0],[-39.17495344599996,-16.68770546948035,0],[-39.17496626799993,-16.68769889048034,0],[-39.17500354599997,-16.68767976248034,0],[-39.17505714099997,-16.68765813948033,0],[-39.17511537099995,-16.68764901748033,0],[-39.17519547999996,-16.68764488648037,0],[-39.17532961599994,-16.68765711248033,0],[-39.17541968299997,-16.68767462848034,0],[-39.17547304599998,-16.68768977648032,0],[-39.17552994899996,-16.68770897448033,0],[-39.17556623399997,-16.68772583948031,0],[-39.17556798199996,-16.68772654948035,0],[-39.17556911799994,-16.68772690748032,0],[-39.17561565999995,-16.68774002248033,0],[-39.17561775099995,-16.68774048848034,0],[-39.17566748699993,-16.68774853148032,0],[-39.17569772599995,-16.68775962948033,0],[-39.17572057599995,-16.68777496548033,0],[-39.17573894599997,-16.68779558548032,0],[-39.17575858699996,-16.68785331648034,0],[-39.17577145399997,-16.68791503848034,0],[-39.17577162599997,-16.68791578148032,0],[-39.17578470099995,-16.68796719448032,0],[-39.17578512899996,-16.68796862248032,0],[-39.17580503399995,-16.68802600848031,0],[-39.17580523499998,-16.68802655648031,0],[-39.17581832599995,-16.6880601134803,0],[-39.17581964699997,-16.68806280348034,0],[-39.17582136399994,-16.68806519548034,0],[-39.17584628699996,-16.68809456748031,0],[-39.17584868199997,-16.68809688748032,0],[-39.17585050499997,-16.68809818748034,0],[-39.17587719799997,-16.68811490648031,0],[-39.17587963999994,-16.68811619848034,0],[-39.17588225299993,-16.68811712848034,0],[-39.17588497999998,-16.68811767348033,0],[-39.17591786499997,-16.68812183148033,0],[-39.17592032099999,-16.68812198448032,0],[-39.17592183699998,-16.68812192448033,0],[-39.17594478999996,-16.68812011148035,0],[-39.17594653099997,-16.68811989448031,0],[-39.17594718799996,-16.68811977048031,0],[-39.17599223899999,-16.68811046748031,0],[-39.17608798699996,-16.6881057434803,0],[-39.17619948599997,-16.68811621648032,0],[-39.17627858299994,-16.68812914848034,0],[-39.17634047399997,-16.68814113848035,0],[-39.17636577899998,-16.68815305748031,0],[-39.17638275799993,-16.68816988848031,0],[-39.17639794799994,-16.6881920774803,0],[-39.17641089899996,-16.68821698648034,0],[-39.17642472299997,-16.68826605648033,0],[-39.17642518899993,-16.68826747448034,0],[-39.17644136599995,-16.68831053348034,0],[-39.17644282399994,-16.68831351648029,0],[-39.17645535599997,-16.68833375148031,0],[-39.17559882399996,-16.68851412348029,0],[-39.17556556499994,-16.68852112648031,0],[-39.17553882699997,-16.68852675748033,0],[-39.17524220799994,-16.6886210494803,0],[-39.17532518399997,-16.68898800348029,0],[-39.17541581999996,-16.6892286654803,0],[-39.17517105899998,-16.68929260348029,0],[-39.17516548899994,-16.68929870848029,0],[-39.17513640699996,-16.68926775648031,0],[-39.17513454799996,-16.6892660324803,0],[-39.17513363799998,-16.68926534348031,0],[-39.17508492499996,-16.68923070648032,0],[-39.17508295999993,-16.6892294834803,0],[-39.17508085299994,-16.68922850648027,0],[-39.17507863599997,-16.6892277894803,0],[-39.17501774199997,-16.6892120944803,0],[-39.17501526499996,-16.68921162548031,0],[-39.17501274599994,-16.68921148248029,0],[-39.17501022899994,-16.68921166548029,0],[-39.17500776099996,-16.68921217148027,0],[-39.17494131599994,-16.68923039748029,0],[-39.17494001999994,-16.68923080348031,0],[-39.17493746799994,-16.68923191548026,0],[-39.17484529199993,-16.68928037648027,0],[-39.17484488099996,-16.6892805984803,0],[-39.17484346799995,-16.6892814704803,0],[-39.17477148899997,-16.68933036548031,0],[-39.17477022599996,-16.68933130448028,0],[-39.17476927799999,-16.68933212648027,0],[-39.17472508899993,-16.68937317548028,0],[-39.17472372699995,-16.6893745824803,0],[-39.17472309099998,-16.68937535748027,0],[-39.17463981899994,-16.68948256748029,0],[-39.17446241099998,-16.68966228948028,0],[-39.17417183399993,-16.68984982848029,0],[-39.17417088499997,-16.6898504834803,0],[-39.17387930199993,-16.69006515648024,0],[-39.17360376799996,-16.69021431948025,0],[-39.17356001299999,-16.69021479548027,0],[-39.17344072199995,-16.69015432648027,0],[-39.17339834399996,-16.69012403948026,0],[-39.17311639799993,-16.68992253548024,0],[-39.17308981499997,-16.68988694248029,0],[-39.17309446499996,-16.68984567148025,0],[-39.17312317299996,-16.6898020864803,0],[-39.17319294399994,-16.68972145748028,0],[-39.17340476499993,-16.68950451348028,0],[-39.17340667499997,-16.68950220648031,0],[-39.17340816899997,-16.68949963048026,0],[-39.17345712299994,-16.6893962644803,0],[-39.17345765999994,-16.6893950084803,0],[-39.17350340099995,-16.68927540348029,0],[-39.17368968699998,-16.68902150848028,0],[-39.17380109999993,-16.68891644248033,0],[-39.17404350799995,-16.6887970654803,0],[-39.17404442699996,-16.68879657948032,0],[-39.17424567199998,-16.68868239248031,0],[-39.17424797099994,-16.68868085448033,0],[-39.17429152299997,-16.68864681348034,0],[-39.17429396099994,-16.68864448148033,0],[-39.17429562599995,-16.68864223848029,0],[-39.17432899499994,-16.68858914048032,0],[-39.17432920399995,-16.68858880048034,0],[-39.17433039299993,-16.68858642448034,0],[-39.17438616399994,-16.68845053548031,0],[-39.17446213999995,-16.68832755848032,0],[-39.17446347499997,-16.68832488048033,0],[-39.17453720399993,-16.68813911448032,0],[-39.17453782999996,-16.68813753748034,0],[-39.17457873999996,-16.68808670848031,0]]]]},"properties":{"name":"FLP 12-A","description":"<html xmlns:fo=\"http://www.w3.org/1999/XSL/Format\" xmlns:msxsl=\"urn:schemas-microsoft-com:xslt\">\n\n<head>\n\n<META http-equiv=\"Content-Type\" content=\"text/html\">\n\n<meta http-equiv=\"content-type\" content=\"text/html; charset=UTF-8\">\n\n</head>\n\n<body style=\"margin:0px 0px 0px 0px;overflow:auto;background:#FFFFFF;\">\n\n<table style=\"font-family:Arial,Verdana,Times;font-size:12px;text-align:left;width:100%;border-collapse:collapse;padding:3px 3px 3px 3px\">\n\n<tr style=\"text-align:center;font-weight:bold;background:#9CBCE2\">\n\n<td>FLP 12-A</td>\n\n</tr>\n\n<tr>\n\n<td>\n\n<table style=\"font-family:Arial,Verdana,Times;font-size:12px;text-align:left;width:100%;border-spacing:0px; padding:3px 3px 3px 3px\">\n\n<tr>\n\n<td>FID</td>\n\n<td>23</td>\n\n</tr>\n\n<tr bgcolor=\"#D4E4F3\">\n\n<td>Talhão</td>\n\n<td>FLP 12-A</td>\n\n</tr>\n\n<tr>\n\n<td>AREA</td>\n\n<td>4</td>\n\n</tr>\n\n<tr bgcolor=\"#D4E4F3\">\n\n<td>FolderPath</td>\n\n<td>Document/SYMB_PAI_01_Parcels_PD</td>\n\n</tr>\n\n<tr>\n\n<td>SymbolID</td>\n\n<td>0</td>\n\n</tr>\n\n<tr bgcolor=\"#D4E4F3\">\n\n<td>AltMode</td>\n\n<td>0</td>\n\n</tr>\n\n<tr>\n\n<td>Base</td>\n\n<td>0</td>\n\n</tr>\n\n<tr bgcolor=\"#D4E4F3\">\n\n<td>Clamped</td>\n\n<td>-1</td>\n\n</tr>\n\n<tr>\n\n<td>Extruded</td>\n\n<td>0</td>\n\n</tr>\n\n<tr bgcolor=\"#D4E4F3\">\n\n<td>Snippet</td>\n\n<td></td>\n\n</tr>\n\n<tr>\n\n<td>PopupInfo</td>\n\n<td></td>\n\n</tr>\n\n<tr bgcolor=\"#D4E4F3\">\n\n<td>Shape_Leng</td>\n\n<td>0,009537</td>\n\n</tr>\n\n<tr>\n\n<td>Área_ha</td>\n\n<td>3,705992</td>\n\n</tr>\n\n<tr bgcolor=\"#D4E4F3\">\n\n<td>AREA_REDUZ</td>\n\n<td></td>\n\n</tr>\n\n</table>\n\n</td>\n\n</tr>\n\n</table>\n\n</body>\n\n</html>"}},
{"type":"Feature","id":"ID_10024","geometry":{"type":"MultiPolygon","coordinates":[[[[-39.17517286099996,-16.69013701348026,0],[-39.17520841799995,-16.69014829648026,0],[-39.17531248499995,-16.69014037948026,0],[-39.17530604999997,-16.69038710748028,0],[-39.17546136699997,-16.69074094748022,0],[-39.17546376599996,-16.69075110248026,0],[-39.17524211499995,-16.69081455548026,0],[-39.17505085199997,-16.69083017748023,0],[-39.17504916199993,-16.69083039048026,0],[-39.17504718299995,-16.69083083548027,0],[-39.17488989499998,-16.69087505548027,0],[-39.17455286499995,-16.69093816848022,0],[-39.17452131899996,-16.69094407548023,0],[-39.17451657499998,-16.69093858148022,0],[-39.17451525299998,-16.69093726548022,0],[-39.17451425999997,-16.69093631348023,0],[-39.17448420599993,-16.69090807848022,0],[-39.17448370199997,-16.69090762248021,0],[-39.17428391199996,-16.69073349648023,0],[-39.17425253599998,-16.69069154548028,0],[-39.17425141299998,-16.69067391848024,0],[-39.17427361299997,-16.69063512548026,0],[-39.17452717699995,-16.69033654248025,0],[-39.17457590399994,-16.69029166448027,0],[-39.17468699899996,-16.69021596648028,0],[-39.17473788699994,-16.69018756848024,0],[-39.17480099499994,-16.69016773248025,0],[-39.17511572799997,-16.69015987948027,0],[-39.17511815799998,-16.69015966548026,0],[-39.17512053899998,-16.69015914948026,0],[-39.17512282999996,-16.69015834048028,0],[-39.17517286099996,-16.69013701348026,0]]]]},"properties":{"name":"FLP 12 - B","description":"<html xmlns:fo=\"http://www.w3.org/1999/XSL/Format\" xmlns:msxsl=\"urn:schemas-microsoft-com:xslt\">\n\n<head>\n\n<META http-equiv=\"Content-Type\" content=\"text/html\">\n\n<meta http-equiv=\"content-type\" content=\"text/html; charset=UTF-8\">\n\n</head>\n\n<body style=\"margin:0px 0px 0px 0px;overflow:auto;background:#FFFFFF;\">\n\n<table style=\"font-family:Arial,Verdana,Times;font-size:12px;text-align:left;width:100%;border-collapse:collapse;padding:3px 3px 3px 3px\">\n\n<tr style=\"text-align:center;font-weight:bold;background:#9CBCE2\">\n\n<td>FLP 12 - B</td>\n\n</tr>\n\n<tr>\n\n<td>\n\n<table style=\"font-family:Arial,Verdana,Times;font-size:12px;text-align:left;width:100%;border-spacing:0px; padding:3px 3px 3px 3px\">\n\n<tr>\n\n<td>FID</td>\n\n<td>24</td>\n\n</tr>\n\n<tr bgcolor=\"#D4E4F3\">\n\n<td>Talhão</td>\n\n<td>FLP 12 - B</td>\n\n</tr>\n\n<tr>\n\n<td>AREA</td>\n\n<td>1</td>\n\n</tr>\n\n<tr bgcolor=\"#D4E4F3\">\n\n<td>FolderPath</td>\n\n<td>Document/SYMB_PAI_01_Parcels_PD</td>\n\n</tr>\n\n<tr>\n\n<td>SymbolID</td>\n\n<td>0</td>\n\n</tr>\n\n<tr bgcolor=\"#D4E4F3\">\n\n<td>AltMode</td>\n\n<td>0</td>\n\n</tr>\n\n<tr>\n\n<td>Base</td>\n\n<td>0</td>\n\n</tr>\n\n<tr bgcolor=\"#D4E4F3\">\n\n<td>Clamped</td>\n\n<td>-1</td>\n\n</tr>\n\n<tr>\n\n<td>Extruded</td>\n\n<td>0</td>\n\n</tr>\n\n<tr bgcolor=\"#D4E4F3\">\n\n<td>Snippet</td>\n\n<td></td>\n\n</tr>\n\n<tr>\n\n<td>PopupInfo</td>\n\n<td></td>\n\n</tr>\n\n<tr bgcolor=\"#D4E4F3\">\n\n<td>Shape_Leng</td>\n\n<td>0,003275</td>\n\n</tr>\n\n<tr>\n\n<td>Área_ha</td>\n\n<td>0,771997</td>\n\n</tr>\n\n<tr bgcolor=\"#D4E4F3\">\n\n<td>AREA_REDUZ</td>\n\n<td></td>\n\n</tr>\n\n</table>\n\n</td>\n\n</tr>\n\n</table>\n\n</body>\n\n</html>"}},
{"type":"Feature","id":"ID_10025","geometry":{"type":"MultiPolygon","coordinates":[[[[-39.17595020699998,-16.69116725948021,0],[-39.17596443499997,-16.69114959648022,0],[-39.17598582799996,-16.69113450048025,0],[-39.17602406199995,-16.69112174248022,0],[-39.17606098199997,-16.69111281348024,0],[-39.17606284699996,-16.69111226148022,0],[-39.17606562699996,-16.69111102748026,0],[-39.17608952899997,-16.69109804148025,0],[-39.17609018399997,-16.69109766448027,0],[-39.17611399399993,-16.69108329348024,0],[-39.17611610899996,-16.69108181048023,0],[-39.17611796999995,-16.69108007748025,0],[-39.17614496599999,-16.69105122148023,0],[-39.17615798899994,-16.69104033848021,0],[-39.17616970399995,-16.69103055048021,0],[-39.17621064299993,-16.69099799948027,0],[-39.17624973799997,-16.69097515848024,0],[-39.17630004299997,-16.69094508648022,0],[-39.17632773699995,-16.69093616348023,0],[-39.17632822099995,-16.69093600048024,0],[-39.17633057599994,-16.69093499048024,0],[-39.17636789099998,-16.69091592448024,0],[-39.17636849799993,-16.69091560048027,0],[-39.17637037299993,-16.69091440448024,0],[-39.17638277299994,-16.69090542448027,0],[-39.17638463599997,-16.69090388148022,0],[-39.17638627399998,-16.69090211748023,0],[-39.17638765799995,-16.69090016248028,0],[-39.17640071699998,-16.69087884048025,0],[-39.17640214699998,-16.69087590048027,0],[-39.17640238099995,-16.69087523848027,0],[-39.17640720399993,-16.69086069948026,0],[-39.17642288499997,-16.69083031448027,0],[-39.17644719099997,-16.69079275848027,0],[-39.17644843799997,-16.69079048848024,0],[-39.17644933699995,-16.69078806948023,0],[-39.17644961999997,-16.69078709948025,0],[-39.17646431899994,-16.69084980248023,0],[-39.17646829699999,-16.69093716248023,0],[-39.17646858199998,-16.69093960548026,0],[-39.17648158899993,-16.69100676648027,0],[-39.17648808099995,-16.69103791648025,0],[-39.17649457399994,-16.69106906448025,0],[-39.17649526599996,-16.69107149148022,0],[-39.17651620299995,-16.69112898048025,0],[-39.17651682899998,-16.69113045848025,0],[-39.17653970399993,-16.69117827448025,0],[-39.17654019999998,-16.69117923548026,0],[-39.17651955399997,-16.69117091948022,0],[-39.17648346599998,-16.69128770848022,0],[-39.17639931599996,-16.69151198448026,0],[-39.17634312199993,-16.69154809248022,0],[-39.17621894199993,-16.69170455248022,0],[-39.17622981999995,-16.69177057548021,0],[-39.17620201199998,-16.69179155248024,0],[-39.17618147999998,-16.69191990748019,0],[-39.17619168299996,-16.69193590148022,0],[-39.17612045199996,-16.69199209048023,0],[-39.17589630599997,-16.6921586714802,0],[-39.17589568999995,-16.69215914948021,0],[-39.17589503399995,-16.69215970648024,0],[-39.17582582799997,-16.69222130048021,0],[-39.17581174899994,-16.69223383048021,0],[-39.17579890899998,-16.69221440748019,0],[-39.17579846399997,-16.69221377248018,0],[-39.17579702399996,-16.69221183248018,0],[-39.17579664499993,-16.69221144748022,0],[-39.17579478299996,-16.69220954248019,0],[-39.17570263299996,-16.69210989948019,0],[-39.17569577899997,-16.69210248748019,0],[-39.17565304599998,-16.69205627948023,0],[-39.17565232399994,-16.69205549848019,0],[-39.17565072599995,-16.69205396848022,0],[-39.17564894999999,-16.69205263448024,0],[-39.17564791999996,-16.69205176048023,0],[-39.17562436899993,-16.69203176048022,0],[-39.17558714999996,-16.6919967914802,0],[-39.17557313999998,-16.69198362948024,0],[-39.17541703399996,-16.69183696248023,0],[-39.17540840999993,-16.69182462048023,0],[-39.17543759899996,-16.69182231548022,0],[-39.17549160499993,-16.69182132348021,0],[-39.17549360899994,-16.69182118248021,0],[-39.17555663599995,-16.69181347448022,0],[-39.17555715599997,-16.69181340348023,0],[-39.17561194199993,-16.69180519348019,0],[-39.17561529499994,-16.69180434448025,0],[-39.17561600299997,-16.6918040794802,0],[-39.17566313699996,-16.69178538448021,0],[-39.17566539199998,-16.69178431548021,0],[-39.17566654999996,-16.69178361348024,0],[-39.17570672799996,-16.69175726948025,0],[-39.17570824699993,-16.6917561614802,0],[-39.17570861699994,-16.69175585248023,0],[-39.17573440699994,-16.69173382648022,0],[-39.17573482199997,-16.69173346148021,0],[-39.17576729099994,-16.69170401248021,0],[-39.17579726399999,-16.6916788684802,0],[-39.17579907699997,-16.69167712448024,0],[-39.17583044099995,-16.69164251448024,0],[-39.17583244099995,-16.69163978848023,0],[-39.17583320499994,-16.69163836848024,0],[-39.17584955199993,-16.6916043914802,0],[-39.17585003199997,-16.69160330148025,0],[-39.17587139299997,-16.69155001148021,0],[-39.17587212899997,-16.6915476364802,0],[-39.17588597199995,-16.69148830848024,0],[-39.17588615599993,-16.69148741348021,0],[-39.17589744799994,-16.6914231974802,0],[-39.17591070099996,-16.69136476548022,0],[-39.17591085099996,-16.69136402848023,0],[-39.17591090799993,-16.69136366448021,0],[-39.17591098399998,-16.69136318248025,0],[-39.17592996499997,-16.69121909948024,0],[-39.17594051999998,-16.69118938148023,0],[-39.17595020699998,-16.69116725948021,0]]]]},"properties":{"name":"FLP 12 - C","description":"<html xmlns:fo=\"http://www.w3.org/1999/XSL/Format\" xmlns:msxsl=\"urn:schemas-microsoft-com:xslt\">\n\n<head>\n\n<META http-equiv=\"Content-Type\" content=\"text/html\">\n\n<meta http-equiv=\"content-type\" content=\"text/html; charset=UTF-8\">\n\n</head>\n\n<body style=\"margin:0px 0px 0px 0px;overflow:auto;background:#FFFFFF;\">\n\n<table style=\"font-family:Arial,Verdana,Times;font-size:12px;text-align:left;width:100%;border-collapse:collapse;padding:3px 3px 3px 3px\">\n\n<tr style=\"text-align:center;font-weight:bold;background:#9CBCE2\">\n\n<td>FLP 12 - C</td>\n\n</tr>\n\n<tr>\n\n<td>\n\n<table style=\"font-family:Arial,Verdana,Times;font-size:12px;text-align:left;width:100%;border-spacing:0px; padding:3px 3px 3px 3px\">\n\n<tr>\n\n<td>FID</td>\n\n<td>25</td>\n\n</tr>\n\n<tr bgcolor=\"#D4E4F3\">\n\n<td>Talhão</td>\n\n<td>FLP 12 - C</td>\n\n</tr>\n\n<tr>\n\n<td>AREA</td>\n\n<td>1</td>\n\n</tr>\n\n<tr bgcolor=\"#D4E4F3\">\n\n<td>FolderPath</td>\n\n<td>Document/SYMB_PAI_01_Parcels_PD</td>\n\n</tr>\n\n<tr>\n\n<td>SymbolID</td>\n\n<td>0</td>\n\n</tr>\n\n<tr bgcolor=\"#D4E4F3\">\n\n<td>AltMode</td>\n\n<td>0</td>\n\n</tr>\n\n<tr>\n\n<td>Base</td>\n\n<td>0</td>\n\n</tr>\n\n<tr bgcolor=\"#D4E4F3\">\n\n<td>Clamped</td>\n\n<td>-1</td>\n\n</tr>\n\n<tr>\n\n<td>Extruded</td>\n\n<td>0</td>\n\n</tr>\n\n<tr bgcolor=\"#D4E4F3\">\n\n<td>Snippet</td>\n\n<td></td>\n\n</tr>\n\n<tr>\n\n<td>PopupInfo</td>\n\n<td></td>\n\n</tr>\n\n<tr bgcolor=\"#D4E4F3\">\n\n<td>Shape_Leng</td>\n\n<td>0,00399</td>\n\n</tr>\n\n<tr>\n\n<td>Área_ha</td>\n\n<td>0,72012</td>\n\n</tr>\n\n<tr bgcolor=\"#D4E4F3\">\n\n<td>AREA_REDUZ</td>\n\n<td></td>\n\n</tr>\n\n</table>\n\n</td>\n\n</tr>\n\n</table>\n\n</body>\n\n</html>"}},
{"type":"Feature","id":"ID_10026","geometry":{"type":"MultiPolygon","coordinates":[[[[-39.17412045599997,-16.69449947048017,0],[-39.17448274799995,-16.69438279148014,0],[-39.17464164999996,-16.69435662448014,0],[-39.17488375099998,-16.69431372648015,0],[-39.17487712399998,-16.69435935248018,0],[-39.17487694299996,-16.69436189048017,0],[-39.17487712399998,-16.69442966848012,0],[-39.17487741199995,-16.69443277748016,0],[-39.17487770399998,-16.69443408248017,0],[-39.17491374099995,-16.69457052048014,0],[-39.17493965499995,-16.69473207248014,0],[-39.17493933599997,-16.69479797548015,0],[-39.17491964299995,-16.69485980248011,0],[-39.17484921499994,-16.69500265948012,0],[-39.17471660499996,-16.69519764148016,0],[-39.17466897399999,-16.69524235748014,0],[-39.17457803999998,-16.69527755448014,0],[-39.17448428999995,-16.69527759748014,0],[-39.17442689899997,-16.69526406048011,0],[-39.17438434099995,-16.69517876248011,0],[-39.17438367299997,-16.69517754448016,0],[-39.17438268999996,-16.69517607548011,0],[-39.17432064099995,-16.6950925104801,0],[-39.17424658499993,-16.69499039848013,0],[-39.17419854499997,-16.69491103448015,0],[-39.17420436799995,-16.69489119148013,0],[-39.17420479399993,-16.69488939548012,0],[-39.17420493499998,-16.69488848448016,0],[-39.17421143799993,-16.69483766048014,0],[-39.17421157899997,-16.69483543248016,0],[-39.17421153899994,-16.69483427248015,0],[-39.17420989099998,-16.69480987948016,0],[-39.17420964199994,-16.69480790048012,0],[-39.17420878099995,-16.69480482548012,0],[-39.17414482299995,-16.69463782548014,0],[-39.17412045599997,-16.69449947048017,0]]]]},"properties":{"name":"FLP 31 - A","description":"<html xmlns:fo=\"http://www.w3.org/1999/XSL/Format\" xmlns:msxsl=\"urn:schemas-microsoft-com:xslt\">\n\n<head>\n\n<META http-equiv=\"Content-Type\" content=\"text/html\">\n\n<meta http-equiv=\"content-type\" content=\"text/html; charset=UTF-8\">\n\n</head>\n\n<body style=\"margin:0px 0px 0px 0px;overflow:auto;background:#FFFFFF;\">\n\n<table style=\"font-family:Arial,Verdana,Times;font-size:12px;text-align:left;width:100%;border-collapse:collapse;padding:3px 3px 3px 3px\">\n\n<tr style=\"text-align:center;font-weight:bold;background:#9CBCE2\">\n\n<td>FLP 31 - A</td>\n\n</tr>\n\n<tr>\n\n<td>\n\n<table style=\"font-family:Arial,Verdana,Times;font-size:12px;text-align:left;width:100%;border-spacing:0px; padding:3px 3px 3px 3px\">\n\n<tr>\n\n<td>FID</td>\n\n<td>26</td>\n\n</tr>\n\n<tr bgcolor=\"#D4E4F3\">\n\n<td>Talhão</td>\n\n<td>FLP 31 - A</td>\n\n</tr>\n\n<tr>\n\n<td>AREA</td>\n\n<td>1</td>\n\n</tr>\n\n<tr bgcolor=\"#D4E4F3\">\n\n<td>FolderPath</td>\n\n<td>Document/SYMB_PAI_01_Parcels_PD</td>\n\n</tr>\n\n<tr>\n\n<td>SymbolID</td>\n\n<td>0</td>\n\n</tr>\n\n<tr bgcolor=\"#D4E4F3\">\n\n<td>AltMode</td>\n\n<td>0</td>\n\n</tr>\n\n<tr>\n\n<td>Base</td>\n\n<td>0</td>\n\n</tr>\n\n<tr bgcolor=\"#D4E4F3\">\n\n<td>Clamped</td>\n\n<td>-1</td>\n\n</tr>\n\n<tr>\n\n<td>Extruded</td>\n\n<td>0</td>\n\n</tr>\n\n<tr bgcolor=\"#D4E4F3\">\n\n<td>Snippet</td>\n\n<td></td>\n\n</tr>\n\n<tr>\n\n<td>PopupInfo</td>\n\n<td></td>\n\n</tr>\n\n<tr bgcolor=\"#D4E4F3\">\n\n<td>Shape_Leng</td>\n\n<td>0,002903</td>\n\n</tr>\n\n<tr>\n\n<td>Área_ha</td>\n\n<td>0,658823</td>\n\n</tr>\n\n<tr bgcolor=\"#D4E4F3\">\n\n<td>AREA_REDUZ</td>\n\n<td></td>\n\n</tr>\n\n</table>\n\n</td>\n\n</tr>\n\n</table>\n\n</body>\n\n</html>"}},
{"type":"Feature","id":"ID_10027","geometry":{"type":"MultiPolygon","coordinates":[[[[-39.15606961399994,-16.71049013047973,0],[-39.15611169499993,-16.71035376747971,0],[-39.15625296099995,-16.71010491547974,0],[-39.15653072399993,-16.70984878547972,0],[-39.15665970899994,-16.70976019247973,0],[-39.15693381799997,-16.7099284824797,0],[-39.15671293599996,-16.71009360547969,0],[-39.15620122799993,-16.71044827047971,0],[-39.15620068899994,-16.7104486584797,0],[-39.15606820599993,-16.7105476174797,0],[-39.15606961399994,-16.71049013047973,0]]]]},"properties":{"name":"ASP 1","description":"<html xmlns:fo=\"http://www.w3.org/1999/XSL/Format\" xmlns:msxsl=\"urn:schemas-microsoft-com:xslt\">\n\n<head>\n\n<META http-equiv=\"Content-Type\" content=\"text/html\">\n\n<meta http-equiv=\"content-type\" content=\"text/html; charset=UTF-8\">\n\n</head>\n\n<body style=\"margin:0px 0px 0px 0px;overflow:auto;background:#FFFFFF;\">\n\n<table style=\"font-family:Arial,Verdana,Times;font-size:12px;text-align:left;width:100%;border-collapse:collapse;padding:3px 3px 3px 3px\">\n\n<tr style=\"text-align:center;font-weight:bold;background:#9CBCE2\">\n\n<td>ASP 1</td>\n\n</tr>\n\n<tr>\n\n<td>\n\n<table style=\"font-family:Arial,Verdana,Times;font-size:12px;text-align:left;width:100%;border-spacing:0px; padding:3px 3px 3px 3px\">\n\n<tr>\n\n<td>FID</td>\n\n<td>27</td>\n\n</tr>\n\n<tr bgcolor=\"#D4E4F3\">\n\n<td>Talhão</td>\n\n<td>ASP 1</td>\n\n</tr>\n\n<tr>\n\n<td>AREA</td>\n\n<td>0</td>\n\n</tr>\n\n<tr bgcolor=\"#D4E4F3\">\n\n<td>FolderPath</td>\n\n<td>Document/SYMB_PAI_01_Parcels_PD</td>\n\n</tr>\n\n<tr>\n\n<td>SymbolID</td>\n\n<td>0</td>\n\n</tr>\n\n<tr bgcolor=\"#D4E4F3\">\n\n<td>AltMode</td>\n\n<td>0</td>\n\n</tr>\n\n<tr>\n\n<td>Base</td>\n\n<td>0</td>\n\n</tr>\n\n<tr bgcolor=\"#D4E4F3\">\n\n<td>Clamped</td>\n\n<td>-1</td>\n\n</tr>\n\n<tr>\n\n<td>Extruded</td>\n\n<td>0</td>\n\n</tr>\n\n<tr bgcolor=\"#D4E4F3\">\n\n<td>Snippet</td>\n\n<td></td>\n\n</tr>\n\n<tr>\n\n<td>PopupInfo</td>\n\n<td></td>\n\n</tr>\n\n<tr bgcolor=\"#D4E4F3\">\n\n<td>Shape_Leng</td>\n\n<td>0,002407</td>\n\n</tr>\n\n<tr>\n\n<td>Área_ha</td>\n\n<td>0,272122</td>\n\n</tr>\n\n<tr bgcolor=\"#D4E4F3\">\n\n<td>AREA_REDUZ</td>\n\n<td></td>\n\n</tr>\n\n</table>\n\n</td>\n\n</tr>\n\n</table>\n\n</body>\n\n</html>"}},
{"type":"Feature","id":"ID_10028","geometry":{"type":"MultiPolygon","coordinates":[[[[-39.15608957899996,-16.71062644647973,0],[-39.15606961799995,-16.71059231147972,0],[-39.15622340399995,-16.71047744047972,0],[-39.15673510899995,-16.71012277747973,0],[-39.15673565399992,-16.71012238447974,0],[-39.15696742799997,-16.70994911747971,0],[-39.15715385199996,-16.71006357247972,0],[-39.15707204999995,-16.71018561547969,0],[-39.15703992099998,-16.71035067247969,0],[-39.15704752199997,-16.71054200947969,0],[-39.15707989499998,-16.71067353247973,0],[-39.15711718199999,-16.71074525747973,0],[-39.15711475099994,-16.71080744547967,0],[-39.15705274499994,-16.71085772047971,0],[-39.15692867899998,-16.71089369047971,0],[-39.15683686599994,-16.71091528647971,0],[-39.15678226599994,-16.71091772047967,0],[-39.15646190699993,-16.71067878447971,0],[-39.15637501099997,-16.71064297347968,0],[-39.15628565399993,-16.7106310824797,0],[-39.15619382599994,-16.71063354347971,0],[-39.15608957899996,-16.71062644647973,0]]]]},"properties":{"name":"ASP 2","description":"<html xmlns:fo=\"http://www.w3.org/1999/XSL/Format\" xmlns:msxsl=\"urn:schemas-microsoft-com:xslt\">\n\n<head>\n\n<META http-equiv=\"Content-Type\" content=\"text/html\">\n\n<meta http-equiv=\"content-type\" content=\"text/html; charset=UTF-8\">\n\n</head>\n\n<body style=\"margin:0px 0px 0px 0px;overflow:auto;background:#FFFFFF;\">\n\n<table style=\"font-family:Arial,Verdana,Times;font-size:12px;text-align:left;width:100%;border-collapse:collapse;padding:3px 3px 3px 3px\">\n\n<tr style=\"text-align:center;font-weight:bold;background:#9CBCE2\">\n\n<td>ASP 2</td>\n\n</tr>\n\n<tr>\n\n<td>\n\n<table style=\"font-family:Arial,Verdana,Times;font-size:12px;text-align:left;width:100%;border-spacing:0px; padding:3px 3px 3px 3px\">\n\n<tr>\n\n<td>FID</td>\n\n<td>28</td>\n\n</tr>\n\n<tr bgcolor=\"#D4E4F3\">\n\n<td>Talhão</td>\n\n<td>ASP 2</td>\n\n</tr>\n\n<tr>\n\n<td>AREA</td>\n\n<td>1</td>\n\n</tr>\n\n<tr bgcolor=\"#D4E4F3\">\n\n<td>FolderPath</td>\n\n<td>Document/SYMB_PAI_01_Parcels_PD</td>\n\n</tr>\n\n<tr>\n\n<td>SymbolID</td>\n\n<td>0</td>\n\n</tr>\n\n<tr bgcolor=\"#D4E4F3\">\n\n<td>AltMode</td>\n\n<td>0</td>\n\n</tr>\n\n<tr>\n\n<td>Base</td>\n\n<td>0</td>\n\n</tr>\n\n<tr bgcolor=\"#D4E4F3\">\n\n<td>Clamped</td>\n\n<td>-1</td>\n\n</tr>\n\n<tr>\n\n<td>Extruded</td>\n\n<td>0</td>\n\n</tr>\n\n<tr bgcolor=\"#D4E4F3\">\n\n<td>Snippet</td>\n\n<td></td>\n\n</tr>\n\n<tr>\n\n<td>PopupInfo</td>\n\n<td></td>\n\n</tr>\n\n<tr bgcolor=\"#D4E4F3\">\n\n<td>Shape_Leng</td>\n\n<td>0,003286</td>\n\n</tr>\n\n<tr>\n\n<td>Área_ha</td>\n\n<td>0,61931</td>\n\n</tr>\n\n<tr bgcolor=\"#D4E4F3\">\n\n<td>AREA_REDUZ</td>\n\n<td></td>\n\n</tr>\n\n</table>\n\n</td>\n\n</tr>\n\n</table>\n\n</body>\n\n</html>"}},
{"type":"Feature","id":"ID_10029","geometry":{"type":"MultiPolygon","coordinates":[[[[-39.16082105699996,-16.70502372147985,0],[-39.16085560399995,-16.70493612647984,0],[-39.16084914199996,-16.70489644747985,0],[-39.16084509499996,-16.70485417147987,0],[-39.16087631099998,-16.70481835847986,0],[-39.16088517199996,-16.70479198247986,0],[-39.16090727399995,-16.70472455547989,0],[-39.16093056899996,-16.7047017214799,0],[-39.16098241999999,-16.70468787747987,0],[-39.16101262999996,-16.7046606884799,0],[-39.16109908499993,-16.70465038847986,0],[-39.16110278999997,-16.70464728747985,0],[-39.16096641999997,-16.70483042847989,0],[-39.16082086499995,-16.70502436047986,0],[-39.16082105699996,-16.70502372147985,0]]]]},"properties":{"name":"ASP 3","description":"<html xmlns:fo=\"http://www.w3.org/1999/XSL/Format\" xmlns:msxsl=\"urn:schemas-microsoft-com:xslt\">\n\n<head>\n\n<META http-equiv=\"Content-Type\" content=\"text/html\">\n\n<meta http-equiv=\"content-type\" content=\"text/html; charset=UTF-8\">\n\n</head>\n\n<body style=\"margin:0px 0px 0px 0px;overflow:auto;background:#FFFFFF;\">\n\n<table style=\"font-family:Arial,Verdana,Times;font-size:12px;text-align:left;width:100%;border-collapse:collapse;padding:3px 3px 3px 3px\">\n\n<tr style=\"text-align:center;font-weight:bold;background:#9CBCE2\">\n\n<td>ASP 3</td>\n\n</tr>\n\n<tr>\n\n<td>\n\n<table style=\"font-family:Arial,Verdana,Times;font-size:12px;text-align:left;width:100%;border-spacing:0px; padding:3px 3px 3px 3px\">\n\n<tr>\n\n<td>FID</td>\n\n<td>29</td>\n\n</tr>\n\n<tr bgcolor=\"#D4E4F3\">\n\n<td>Talhão</td>\n\n<td>ASP 3</td>\n\n</tr>\n\n<tr>\n\n<td>AREA</td>\n\n<td>0</td>\n\n</tr>\n\n<tr bgcolor=\"#D4E4F3\">\n\n<td>FolderPath</td>\n\n<td>Document/SYMB_PAI_01_Parcels_PD</td>\n\n</tr>\n\n<tr>\n\n<td>SymbolID</td>\n\n<td>0</td>\n\n</tr>\n\n<tr bgcolor=\"#D4E4F3\">\n\n<td>AltMode</td>\n\n<td>0</td>\n\n</tr>\n\n<tr>\n\n<td>Base</td>\n\n<td>0</td>\n\n</tr>\n\n<tr bgcolor=\"#D4E4F3\">\n\n<td>Clamped</td>\n\n<td>-1</td>\n\n</tr>\n\n<tr>\n\n<td>Extruded</td>\n\n<td>0</td>\n\n</tr>\n\n<tr bgcolor=\"#D4E4F3\">\n\n<td>Snippet</td>\n\n<td></td>\n\n</tr>\n\n<tr>\n\n<td>PopupInfo</td>\n\n<td></td>\n\n</tr>\n\n<tr bgcolor=\"#D4E4F3\">\n\n<td>Shape_Leng</td>\n\n<td>0,001013</td>\n\n</tr>\n\n<tr>\n\n<td>Área_ha</td>\n\n<td>0,034286</td>\n\n</tr>\n\n<tr bgcolor=\"#D4E4F3\">\n\n<td>AREA_REDUZ</td>\n\n<td></td>\n\n</tr>\n\n</table>\n\n</td>\n\n</tr>\n\n</table>\n\n</body>\n\n</html>"}},
{"type":"Feature","id":"ID_10030","geometry":{"type":"MultiPolygon","coordinates":[[[[-39.16140954899998,-16.70462378647985,0],[-39.16136544099993,-16.70455448547986,0],[-39.16148592699994,-16.70461996647984,0],[-39.16148867499993,-16.70468238347988,0],[-39.16159081899997,-16.70475675547985,0],[-39.16157491599996,-16.70478490047989,0],[-39.16151081799995,-16.70482209447985,0],[-39.16146177499996,-16.70486188947987,0],[-39.16138447199996,-16.70484169147985,0],[-39.16132694099997,-16.70486007847987,0],[-39.16128698499995,-16.70490658347987,0],[-39.16123244099997,-16.70497957647986,0],[-39.16119341599995,-16.70504103247983,0],[-39.16115572499996,-16.70511631747986,0],[-39.16113007599996,-16.70517807047987,0],[-39.16111099099993,-16.70524030647984,0],[-39.16106761699996,-16.70527513447987,0],[-39.16102645099994,-16.70526243847985,0],[-39.16091520799995,-16.70520113547987,0],[-39.16079620699998,-16.70512132647988,0],[-39.16081706699998,-16.70509111847987,0],[-39.16099685999995,-16.70485156947987,0],[-39.16114243599998,-16.70465606747987,0],[-39.16121867299995,-16.70456190347986,0],[-39.16122337899998,-16.7045586914799,0],[-39.16134288499996,-16.70462556547986,0],[-39.16140954899998,-16.70462378647985,0]]]]},"properties":{"name":"ASP 4","description":"<html xmlns:fo=\"http://www.w3.org/1999/XSL/Format\" xmlns:msxsl=\"urn:schemas-microsoft-com:xslt\">\n\n<head>\n\n<META http-equiv=\"Content-Type\" content=\"text/html\">\n\n<meta http-equiv=\"content-type\" content=\"text/html; charset=UTF-8\">\n\n</head>\n\n<body style=\"margin:0px 0px 0px 0px;overflow:auto;background:#FFFFFF;\">\n\n<table style=\"font-family:Arial,Verdana,Times;font-size:12px;text-align:left;width:100%;border-collapse:collapse;padding:3px 3px 3px 3px\">\n\n<tr style=\"text-align:center;font-weight:bold;background:#9CBCE2\">\n\n<td>ASP 4</td>\n\n</tr>\n\n<tr>\n\n<td>\n\n<table style=\"font-family:Arial,Verdana,Times;font-size:12px;text-align:left;width:100%;border-spacing:0px; padding:3px 3px 3px 3px\">\n\n<tr>\n\n<td>FID</td>\n\n<td>30</td>\n\n</tr>\n\n<tr bgcolor=\"#D4E4F3\">\n\n<td>Talhão</td>\n\n<td>ASP 4</td>\n\n</tr>\n\n<tr>\n\n<td>AREA</td>\n\n<td>0</td>\n\n</tr>\n\n<tr bgcolor=\"#D4E4F3\">\n\n<td>FolderPath</td>\n\n<td>Document/SYMB_PAI_01_Parcels_PD</td>\n\n</tr>\n\n<tr>\n\n<td>SymbolID</td>\n\n<td>0</td>\n\n</tr>\n\n<tr bgcolor=\"#D4E4F3\">\n\n<td>AltMode</td>\n\n<td>0</td>\n\n</tr>\n\n<tr>\n\n<td>Base</td>\n\n<td>0</td>\n\n</tr>\n\n<tr bgcolor=\"#D4E4F3\">\n\n<td>Clamped</td>\n\n<td>-1</td>\n\n</tr>\n\n<tr>\n\n<td>Extruded</td>\n\n<td>0</td>\n\n</tr>\n\n<tr bgcolor=\"#D4E4F3\">\n\n<td>Snippet</td>\n\n<td></td>\n\n</tr>\n\n<tr>\n\n<td>PopupInfo</td>\n\n<td></td>\n\n</tr>\n\n<tr bgcolor=\"#D4E4F3\">\n\n<td>Shape_Leng</td>\n\n<td>0,002439</td>\n\n</tr>\n\n<tr>\n\n<td>Área_ha</td>\n\n<td>0,273828</td>\n\n</tr>\n\n<tr bgcolor=\"#D4E4F3\">\n\n<td>AREA_REDUZ</td>\n\n<td></td>\n\n</tr>\n\n</table>\n\n</td>\n\n</tr>\n\n</table>\n\n</body>\n\n</html>"}},
{"type":"Feature","id":"ID_10031","geometry":{"type":"MultiPolygon","coordinates":[[[[-39.17145230299997,-16.70135184947999,0],[-39.17168511999996,-16.70121697247995,0],[-39.17169065599995,-16.70122233147993,0],[-39.17200249599995,-16.70152418747995,0],[-39.17214444299999,-16.70151729947998,0],[-39.17228324299998,-16.70162745947994,0],[-39.17236427699992,-16.70165619247996,0],[-39.17245991099998,-16.70172895547995,0],[-39.17258014499998,-16.70172211147996,0],[-39.17278277899993,-16.70189282147993,0],[-39.17274177299998,-16.70196598747991,0],[-39.17257299799996,-16.70200547847997,0],[-39.17217239899998,-16.70201270047992,0],[-39.17192782099994,-16.70207925647997,0],[-39.17172393999994,-16.70197217747993,0],[-39.17166906799997,-16.70198816047996,0],[-39.17136652199997,-16.70170759947996,0],[-39.17135117099997,-16.70164919747991,0],[-39.17128979199998,-16.70154272347997,0],[-39.17145230299997,-16.70135184947999,0]]]]},"properties":{"name":"ASP 5","description":"<html xmlns:fo=\"http://www.w3.org/1999/XSL/Format\" xmlns:msxsl=\"urn:schemas-microsoft-com:xslt\">\n\n<head>\n\n<META http-equiv=\"Content-Type\" content=\"text/html\">\n\n<meta http-equiv=\"content-type\" content=\"text/html; charset=UTF-8\">\n\n</head>\n\n<body style=\"margin:0px 0px 0px 0px;overflow:auto;background:#FFFFFF;\">\n\n<table style=\"font-family:Arial,Verdana,Times;font-size:12px;text-align:left;width:100%;border-collapse:collapse;padding:3px 3px 3px 3px\">\n\n<tr style=\"text-align:center;font-weight:bold;background:#9CBCE2\">\n\n<td>ASP 5</td>\n\n</tr>\n\n<tr>\n\n<td>\n\n<table style=\"font-family:Arial,Verdana,Times;font-size:12px;text-align:left;width:100%;border-spacing:0px; padding:3px 3px 3px 3px\">\n\n<tr>\n\n<td>FID</td>\n\n<td>31</td>\n\n</tr>\n\n<tr bgcolor=\"#D4E4F3\">\n\n<td>Talhão</td>\n\n<td>ASP 5</td>\n\n</tr>\n\n<tr>\n\n<td>AREA</td>\n\n<td>1</td>\n\n</tr>\n\n<tr bgcolor=\"#D4E4F3\">\n\n<td>FolderPath</td>\n\n<td>Document/SYMB_PAI_01_Parcels_PD</td>\n\n</tr>\n\n<tr>\n\n<td>SymbolID</td>\n\n<td>0</td>\n\n</tr>\n\n<tr bgcolor=\"#D4E4F3\">\n\n<td>AltMode</td>\n\n<td>0</td>\n\n</tr>\n\n<tr>\n\n<td>Base</td>\n\n<td>0</td>\n\n</tr>\n\n<tr bgcolor=\"#D4E4F3\">\n\n<td>Clamped</td>\n\n<td>-1</td>\n\n</tr>\n\n<tr>\n\n<td>Extruded</td>\n\n<td>0</td>\n\n</tr>\n\n<tr bgcolor=\"#D4E4F3\">\n\n<td>Snippet</td>\n\n<td></td>\n\n</tr>\n\n<tr>\n\n<td>PopupInfo</td>\n\n<td></td>\n\n</tr>\n\n<tr bgcolor=\"#D4E4F3\">\n\n<td>Shape_Leng</td>\n\n<td>0,003667</td>\n\n</tr>\n\n<tr>\n\n<td>Área_ha</td>\n\n<td>0,768921</td>\n\n</tr>\n\n<tr bgcolor=\"#D4E4F3\">\n\n<td>AREA_REDUZ</td>\n\n<td></td>\n\n</tr>\n\n</table>\n\n</td>\n\n</tr>\n\n</table>\n\n</body>\n\n</html>"}},
{"type":"Feature","id":"ID_10032","geometry":{"type":"MultiPolygon","coordinates":[[[[-39.17382860899993,-16.70054406948001,0],[-39.17376425299994,-16.70033518747997,0],[-39.17372141599998,-16.70028706847999,0],[-39.17373496099998,-16.70017390647999,0],[-39.17374068999994,-16.70016773648,0],[-39.17397756599996,-16.70039862148001,0],[-39.17405847599997,-16.70047748647997,0],[-39.17411144199996,-16.70053038448,0],[-39.17392746899998,-16.70062616747995,0],[-39.17382860899993,-16.70054406948001,0]]]]},"properties":{"name":"ASP 6","description":"<html xmlns:fo=\"http://www.w3.org/1999/XSL/Format\" xmlns:msxsl=\"urn:schemas-microsoft-com:xslt\">\n\n<head>\n\n<META http-equiv=\"Content-Type\" content=\"text/html\">\n\n<meta http-equiv=\"content-type\" content=\"text/html; charset=UTF-8\">\n\n</head>\n\n<body style=\"margin:0px 0px 0px 0px;overflow:auto;background:#FFFFFF;\">\n\n<table style=\"font-family:Arial,Verdana,Times;font-size:12px;text-align:left;width:100%;border-collapse:collapse;padding:3px 3px 3px 3px\">\n\n<tr style=\"text-align:center;font-weight:bold;background:#9CBCE2\">\n\n<td>ASP 6</td>\n\n</tr>\n\n<tr>\n\n<td>\n\n<table style=\"font-family:Arial,Verdana,Times;font-size:12px;text-align:left;width:100%;border-spacing:0px; padding:3px 3px 3px 3px\">\n\n<tr>\n\n<td>FID</td>\n\n<td>32</td>\n\n</tr>\n\n<tr bgcolor=\"#D4E4F3\">\n\n<td>Talhão</td>\n\n<td>ASP 6</td>\n\n</tr>\n\n<tr>\n\n<td>AREA</td>\n\n<td>0</td>\n\n</tr>\n\n<tr bgcolor=\"#D4E4F3\">\n\n<td>FolderPath</td>\n\n<td>Document/SYMB_PAI_01_Parcels_PD</td>\n\n</tr>\n\n<tr>\n\n<td>SymbolID</td>\n\n<td>0</td>\n\n</tr>\n\n<tr bgcolor=\"#D4E4F3\">\n\n<td>AltMode</td>\n\n<td>0</td>\n\n</tr>\n\n<tr>\n\n<td>Base</td>\n\n<td>0</td>\n\n</tr>\n\n<tr bgcolor=\"#D4E4F3\">\n\n<td>Clamped</td>\n\n<td>-1</td>\n\n</tr>\n\n<tr>\n\n<td>Extruded</td>\n\n<td>0</td>\n\n</tr>\n\n<tr bgcolor=\"#D4E4F3\">\n\n<td>Snippet</td>\n\n<td></td>\n\n</tr>\n\n<tr>\n\n<td>PopupInfo</td>\n\n<td></td>\n\n</tr>\n\n<tr bgcolor=\"#D4E4F3\">\n\n<td>Shape_Leng</td>\n\n<td>0,00126</td>\n\n</tr>\n\n<tr>\n\n<td>Área_ha</td>\n\n<td>0,08555</td>\n\n</tr>\n\n<tr bgcolor=\"#D4E4F3\">\n\n<td>AREA_REDUZ</td>\n\n<td></td>\n\n</tr>\n\n</table>\n\n</td>\n\n</tr>\n\n</table>\n\n</body>\n\n</html>"}},
{"type":"Feature","id":"ID_10033","geometry":{"type":"MultiPolygon","coordinates":[[[[-39.17419712299994,-16.70048577447999,0],[-39.17412576999993,-16.70041451147998,0],[-39.17412537099995,-16.70041411847998,0],[-39.17380335399998,-16.70010024648001,0],[-39.17380714199993,-16.70009616648001,0],[-39.17400944799994,-16.69996766747999,0],[-39.17420475199998,-16.69985335848002,0],[-39.17429611499995,-16.69979054548003,0],[-39.17437441599998,-16.69970063248002,0],[-39.17450778199998,-16.69970838547999,0],[-39.17455508399996,-16.69971775547998,0],[-39.17454581099997,-16.69977360247998,0],[-39.17442840599995,-16.69978643848003,0],[-39.17433161299994,-16.69985331447997,0],[-39.17429949499996,-16.70013108848,0],[-39.17434144199995,-16.70022911748001,0],[-39.17432358299993,-16.70032278448001,0],[-39.17428736899996,-16.70038013548,0],[-39.17426654899999,-16.70042181747997,0],[-39.17421287599996,-16.70045034747998,0],[-39.17419793299996,-16.70048535248002,0],[-39.17420269499996,-16.70049133847997,0],[-39.17419712299994,-16.70048577447999,0]]]]},"properties":{"name":"ASP 7","description":"<html xmlns:fo=\"http://www.w3.org/1999/XSL/Format\" xmlns:msxsl=\"urn:schemas-microsoft-com:xslt\">\n\n<head>\n\n<META http-equiv=\"Content-Type\" content=\"text/html\">\n\n<meta http-equiv=\"content-type\" content=\"text/html; charset=UTF-8\">\n\n</head>\n\n<body style=\"margin:0px 0px 0px 0px;overflow:auto;background:#FFFFFF;\">\n\n<table style=\"font-family:Arial,Verdana,Times;font-size:12px;text-align:left;width:100%;border-collapse:collapse;padding:3px 3px 3px 3px\">\n\n<tr style=\"text-align:center;font-weight:bold;background:#9CBCE2\">\n\n<td>ASP 7</td>\n\n</tr>\n\n<tr>\n\n<td>\n\n<table style=\"font-family:Arial,Verdana,Times;font-size:12px;text-align:left;width:100%;border-spacing:0px; padding:3px 3px 3px 3px\">\n\n<tr>\n\n<td>FID</td>\n\n<td>33</td>\n\n</tr>\n\n<tr bgcolor=\"#D4E4F3\">\n\n<td>Talhão</td>\n\n<td>ASP 7</td>\n\n</tr>\n\n<tr>\n\n<td>AREA</td>\n\n<td>0</td>\n\n</tr>\n\n<tr bgcolor=\"#D4E4F3\">\n\n<td>FolderPath</td>\n\n<td>Document/SYMB_PAI_01_Parcels_PD</td>\n\n</tr>\n\n<tr>\n\n<td>SymbolID</td>\n\n<td>0</td>\n\n</tr>\n\n<tr bgcolor=\"#D4E4F3\">\n\n<td>AltMode</td>\n\n<td>0</td>\n\n</tr>\n\n<tr>\n\n<td>Base</td>\n\n<td>0</td>\n\n</tr>\n\n<tr bgcolor=\"#D4E4F3\">\n\n<td>Clamped</td>\n\n<td>-1</td>\n\n</tr>\n\n<tr>\n\n<td>Extruded</td>\n\n<td>0</td>\n\n</tr>\n\n<tr bgcolor=\"#D4E4F3\">\n\n<td>Snippet</td>\n\n<td></td>\n\n</tr>\n\n<tr>\n\n<td>PopupInfo</td>\n\n<td></td>\n\n</tr>\n\n<tr bgcolor=\"#D4E4F3\">\n\n<td>Shape_Leng</td>\n\n<td>0,002437</td>\n\n</tr>\n\n<tr>\n\n<td>Área_ha</td>\n\n<td>0,257444</td>\n\n</tr>\n\n<tr bgcolor=\"#D4E4F3\">\n\n<td>AREA_REDUZ</td>\n\n<td></td>\n\n</tr>\n\n</table>\n\n</td>\n\n</tr>\n\n</table>\n\n</body>\n\n</html>"}},
{"type":"Feature","id":"ID_10034","geometry":{"type":"MultiPolygon","coordinates":[[[[-39.16784304999993,-16.69956371248002,0],[-39.16789494599993,-16.69949003248002,0],[-39.16775351999996,-16.69935071748002,0],[-39.16757576799995,-16.69918036248004,0],[-39.16757643099993,-16.69916447548002,0],[-39.16813298899995,-16.69893699748004,0],[-39.16832355899993,-16.69887504148002,0],[-39.16835912499994,-16.69886347848003,0],[-39.16923709599996,-16.69857803748002,0],[-39.16935225799995,-16.69854481748004,0],[-39.16929125699993,-16.69859127148002,0],[-39.16927207299995,-16.69872440648001,0],[-39.16916184299999,-16.69878835348,0],[-39.16915708399994,-16.69888382648005,0],[-39.16914803199995,-16.69892227148002,0],[-39.16909779899999,-16.69901046848004,0],[-39.16918032999996,-16.69916689747999,0],[-39.16905575199996,-16.69937850348004,0],[-39.16900425799997,-16.69956756748001,0],[-39.16893579399994,-16.69967227647999,0],[-39.16867960299993,-16.69988387147998,0],[-39.16848803599999,-16.70000176247998,0],[-39.16835524899994,-16.70000115648002,0],[-39.16809619499998,-16.69980416347999,0],[-39.16795505699996,-16.69979802348001,0],[-39.16779892699999,-16.69979123247997,0],[-39.16778590499995,-16.69979066647999,0],[-39.16760076599996,-16.69979399648001,0],[-39.16755432699995,-16.69979483148,0],[-39.16743923299998,-16.69965483548004,0],[-39.16737585899995,-16.69955588248002,0],[-39.16730592799996,-16.69949634547999,0],[-39.16726382899998,-16.69946050447998,0],[-39.16713550799994,-16.69938132748002,0],[-39.16711514399998,-16.69936876248,0],[-39.16709918599998,-16.69935124548,0],[-39.16722701799995,-16.69930474348002,0],[-39.16724582799998,-16.69932122948002,0],[-39.16745138299996,-16.69950138448003,0],[-39.16759026399995,-16.69958225848,0],[-39.16773017699995,-16.69961669548002,0],[-39.16784304999993,-16.69956371248002,0]]]]},"properties":{"name":"ASP 8","description":"<html xmlns:fo=\"http://www.w3.org/1999/XSL/Format\" xmlns:msxsl=\"urn:schemas-microsoft-com:xslt\">\n\n<head>\n\n<META http-equiv=\"Content-Type\" content=\"text/html\">\n\n<meta http-equiv=\"content-type\" content=\"text/html; charset=UTF-8\">\n\n</head>\n\n<body style=\"margin:0px 0px 0px 0px;overflow:auto;background:#FFFFFF;\">\n\n<table style=\"font-family:Arial,Verdana,Times;font-size:12px;text-align:left;width:100%;border-collapse:collapse;padding:3px 3px 3px 3px\">\n\n<tr style=\"text-align:center;font-weight:bold;background:#9CBCE2\">\n\n<td>ASP 8</td>\n\n</tr>\n\n<tr>\n\n<td>\n\n<table style=\"font-family:Arial,Verdana,Times;font-size:12px;text-align:left;width:100%;border-spacing:0px; padding:3px 3px 3px 3px\">\n\n<tr>\n\n<td>FID</td>\n\n<td>34</td>\n\n</tr>\n\n<tr bgcolor=\"#D4E4F3\">\n\n<td>Talhão</td>\n\n<td>ASP 8</td>\n\n</tr>\n\n<tr>\n\n<td>AREA</td>\n\n<td>2</td>\n\n</tr>\n\n<tr bgcolor=\"#D4E4F3\">\n\n<td>FolderPath</td>\n\n<td>Document/SYMB_PAI_01_Parcels_PD</td>\n\n</tr>\n\n<tr>\n\n<td>SymbolID</td>\n\n<td>0</td>\n\n</tr>\n\n<tr bgcolor=\"#D4E4F3\">\n\n<td>AltMode</td>\n\n<td>0</td>\n\n</tr>\n\n<tr>\n\n<td>Base</td>\n\n<td>0</td>\n\n</tr>\n\n<tr bgcolor=\"#D4E4F3\">\n\n<td>Clamped</td>\n\n<td>-1</td>\n\n</tr>\n\n<tr>\n\n<td>Extruded</td>\n\n<td>0</td>\n\n</tr>\n\n<tr bgcolor=\"#D4E4F3\">\n\n<td>Snippet</td>\n\n<td></td>\n\n</tr>\n\n<tr>\n\n<td>PopupInfo</td>\n\n<td></td>\n\n</tr>\n\n<tr bgcolor=\"#D4E4F3\">\n\n<td>Shape_Leng</td>\n\n<td>0,006817</td>\n\n</tr>\n\n<tr>\n\n<td>Área_ha</td>\n\n<td>1,728148</td>\n\n</tr>\n\n<tr bgcolor=\"#D4E4F3\">\n\n<td>AREA_REDUZ</td>\n\n<td></td>\n\n</tr>\n\n</table>\n\n</td>\n\n</tr>\n\n</table>\n\n</body>\n\n</html>"}},
{"type":"Feature","id":"ID_10035","geometry":{"type":"MultiPolygon","coordinates":[[[[-39.16695789499994,-16.69918465848004,0],[-39.16675282099994,-16.69897718848001,0],[-39.16657438199996,-16.69880433848,0],[-39.16650485599996,-16.69874364348001,0],[-39.16650789099998,-16.69873933948005,0],[-39.16650917099997,-16.69873723248005,0],[-39.16651014399997,-16.69873497748003,0],[-39.16651905599997,-16.69870961748003,0],[-39.16651937399996,-16.69870861748002,0],[-39.16651982799994,-16.69870657248006,0],[-39.16652004599997,-16.69870396748004,0],[-39.16651987299998,-16.69870135948005,0],[-39.16651837399996,-16.69869083648004,0],[-39.16651823399997,-16.69869000348004,0],[-39.16651571499994,-16.69867743048004,0],[-39.16651512699997,-16.69867524148005,0],[-39.16651391199997,-16.69867246548002,0],[-39.16651223499997,-16.69866992148004,0],[-39.16651014199994,-16.69866768248001,0],[-39.16650169699994,-16.69866003648004,0],[-39.16650077099996,-16.69865925248005,0],[-39.16649021299997,-16.69865102748005,0],[-39.16648778799998,-16.69864942348001,0],[-39.16648616999998,-16.69864862448005,0],[-39.16646584699998,-16.69863974048005,0],[-39.16645976399997,-16.69863570048002,0],[-39.16651260199995,-16.69860257448002,0],[-39.16659097999997,-16.69857220148004,0],[-39.16665314399995,-16.69853870448006,0],[-39.16679332899997,-16.69853840148003,0],[-39.16679870699994,-16.69850374748003,0],[-39.16680077099994,-16.69850086948006,0],[-39.16683514599998,-16.69845293748003,0],[-39.16683793199996,-16.69844905248001,0],[-39.16684342399998,-16.69845293048005,0],[-39.16697605399997,-16.69854659748004,0],[-39.16708640599995,-16.69863990748003,0],[-39.16714956399994,-16.69870246148005,0],[-39.16719726299993,-16.69874970348005,0],[-39.16719728099997,-16.69874972248001,0],[-39.16716658599994,-16.69884504648003,0],[-39.16711509799995,-16.69893743848003,0],[-39.16709747199997,-16.69900957148003,0],[-39.16709540499993,-16.69912067448002,0],[-39.16709519999995,-16.69913163747999,0],[-39.16714494899998,-16.69923231548001,0],[-39.16717160299993,-16.69928625348002,0],[-39.16709150899993,-16.69931539148002,0],[-39.16695789499994,-16.69918465848004,0]]]]},"properties":{"name":"ASP 9","description":"<html xmlns:fo=\"http://www.w3.org/1999/XSL/Format\" xmlns:msxsl=\"urn:schemas-microsoft-com:xslt\">\n\n<head>\n\n<META http-equiv=\"Content-Type\" content=\"text/html\">\n\n<meta http-equiv=\"content-type\" content=\"text/html; charset=UTF-8\">\n\n</head>\n\n<body style=\"margin:0px 0px 0px 0px;overflow:auto;background:#FFFFFF;\">\n\n<table style=\"font-family:Arial,Verdana,Times;font-size:12px;text-align:left;width:100%;border-collapse:collapse;padding:3px 3px 3px 3px\">\n\n<tr style=\"text-align:center;font-weight:bold;background:#9CBCE2\">\n\n<td>ASP 9</td>\n\n</tr>\n\n<tr>\n\n<td>\n\n<table style=\"font-family:Arial,Verdana,Times;font-size:12px;text-align:left;width:100%;border-spacing:0px; padding:3px 3px 3px 3px\">\n\n<tr>\n\n<td>FID</td>\n\n<td>35</td>\n\n</tr>\n\n<tr bgcolor=\"#D4E4F3\">\n\n<td>Talhão</td>\n\n<td>ASP 9</td>\n\n</tr>\n\n<tr>\n\n<td>AREA</td>\n\n<td>0</td>\n\n</tr>\n\n<tr bgcolor=\"#D4E4F3\">\n\n<td>FolderPath</td>\n\n<td>Document/SYMB_PAI_01_Parcels_PD</td>\n\n</tr>\n\n<tr>\n\n<td>SymbolID</td>\n\n<td>0</td>\n\n</tr>\n\n<tr bgcolor=\"#D4E4F3\">\n\n<td>AltMode</td>\n\n<td>0</td>\n\n</tr>\n\n<tr>\n\n<td>Base</td>\n\n<td>0</td>\n\n</tr>\n\n<tr bgcolor=\"#D4E4F3\">\n\n<td>Clamped</td>\n\n<td>-1</td>\n\n</tr>\n\n<tr>\n\n<td>Extruded</td>\n\n<td>0</td>\n\n</tr>\n\n<tr bgcolor=\"#D4E4F3\">\n\n<td>Snippet</td>\n\n<td></td>\n\n</tr>\n\n<tr>\n\n<td>PopupInfo</td>\n\n<td></td>\n\n</tr>\n\n<tr bgcolor=\"#D4E4F3\">\n\n<td>Shape_Leng</td>\n\n<td>0,00255</td>\n\n</tr>\n\n<tr>\n\n<td>Área_ha</td>\n\n<td>0,365724</td>\n\n</tr>\n\n<tr bgcolor=\"#D4E4F3\">\n\n<td>AREA_REDUZ</td>\n\n<td></td>\n\n</tr>\n\n</table>\n\n</td>\n\n</tr>\n\n</table>\n\n</body>\n\n</html>"}},
{"type":"Feature","id":"ID_10036","geometry":{"type":"MultiPolygon","coordinates":[[[[-39.16943266399994,-16.69853776648003,0],[-39.16942858999995,-16.69852279748003,0],[-39.16976271499993,-16.69842641248002,0],[-39.16976805599995,-16.69845540148006,0],[-39.16972384099995,-16.69853098348002,0],[-39.16963158099998,-16.69858653548001,0],[-39.16943266399994,-16.69853776648003,0]]]]},"properties":{"name":"ASP 10","description":"<html xmlns:fo=\"http://www.w3.org/1999/XSL/Format\" xmlns:msxsl=\"urn:schemas-microsoft-com:xslt\">\n\n<head>\n\n<META http-equiv=\"Content-Type\" content=\"text/html\">\n\n<meta http-equiv=\"content-type\" content=\"text/html; charset=UTF-8\">\n\n</head>\n\n<body style=\"margin:0px 0px 0px 0px;overflow:auto;background:#FFFFFF;\">\n\n<table style=\"font-family:Arial,Verdana,Times;font-size:12px;text-align:left;width:100%;border-collapse:collapse;padding:3px 3px 3px 3px\">\n\n<tr style=\"text-align:center;font-weight:bold;background:#9CBCE2\">\n\n<td>ASP 10</td>\n\n</tr>\n\n<tr>\n\n<td>\n\n<table style=\"font-family:Arial,Verdana,Times;font-size:12px;text-align:left;width:100%;border-spacing:0px; padding:3px 3px 3px 3px\">\n\n<tr>\n\n<td>FID</td>\n\n<td>36</td>\n\n</tr>\n\n<tr bgcolor=\"#D4E4F3\">\n\n<td>Talhão</td>\n\n<td>ASP 10</td>\n\n</tr>\n\n<tr>\n\n<td>AREA</td>\n\n<td>0</td>\n\n</tr>\n\n<tr bgcolor=\"#D4E4F3\">\n\n<td>FolderPath</td>\n\n<td>Document/SYMB_PAI_01_Parcels_PD</td>\n\n</tr>\n\n<tr>\n\n<td>SymbolID</td>\n\n<td>0</td>\n\n</tr>\n\n<tr bgcolor=\"#D4E4F3\">\n\n<td>AltMode</td>\n\n<td>0</td>\n\n</tr>\n\n<tr>\n\n<td>Base</td>\n\n<td>0</td>\n\n</tr>\n\n<tr bgcolor=\"#D4E4F3\">\n\n<td>Clamped</td>\n\n<td>-1</td>\n\n</tr>\n\n<tr>\n\n<td>Extruded</td>\n\n<td>0</td>\n\n</tr>\n\n<tr bgcolor=\"#D4E4F3\">\n\n<td>Snippet</td>\n\n<td></td>\n\n</tr>\n\n<tr>\n\n<td>PopupInfo</td>\n\n<td></td>\n\n</tr>\n\n<tr bgcolor=\"#D4E4F3\">\n\n<td>Shape_Leng</td>\n\n<td>0,000793</td>\n\n</tr>\n\n<tr>\n\n<td>Área_ha</td>\n\n<td>0,031144</td>\n\n</tr>\n\n<tr bgcolor=\"#D4E4F3\">\n\n<td>AREA_REDUZ</td>\n\n<td></td>\n\n</tr>\n\n</table>\n\n</td>\n\n</tr>\n\n</table>\n\n</body>\n\n</html>"}},
{"type":"Feature","id":"ID_10037","geometry":{"type":"MultiPolygon","coordinates":[[[[-39.16898293699995,-16.69842997348005,0],[-39.16905311899996,-16.69838133648003,0],[-39.16918946899995,-16.69839859948004,0],[-39.16932431999993,-16.69840967148006,0],[-39.16939578499996,-16.69846528848003,0],[-39.16942318599995,-16.69848661248002,0],[-39.16922603299997,-16.69854348548003,0],[-39.16922541599997,-16.69854367448002,0],[-39.16909789799996,-16.69858513348,0],[-39.16898293699995,-16.69842997348005,0]]]]},"properties":{"name":"ASP 11","description":"<html xmlns:fo=\"http://www.w3.org/1999/XSL/Format\" xmlns:msxsl=\"urn:schemas-microsoft-com:xslt\">\n\n<head>\n\n<META http-equiv=\"Content-Type\" content=\"text/html\">\n\n<meta http-equiv=\"content-type\" content=\"text/html; charset=UTF-8\">\n\n</head>\n\n<body style=\"margin:0px 0px 0px 0px;overflow:auto;background:#FFFFFF;\">\n\n<table style=\"font-family:Arial,Verdana,Times;font-size:12px;text-align:left;width:100%;border-collapse:collapse;padding:3px 3px 3px 3px\">\n\n<tr style=\"text-align:center;font-weight:bold;background:#9CBCE2\">\n\n<td>ASP 11</td>\n\n</tr>\n\n<tr>\n\n<td>\n\n<table style=\"font-family:Arial,Verdana,Times;font-size:12px;text-align:left;width:100%;border-spacing:0px; padding:3px 3px 3px 3px\">\n\n<tr>\n\n<td>FID</td>\n\n<td>37</td>\n\n</tr>\n\n<tr bgcolor=\"#D4E4F3\">\n\n<td>Talhão</td>\n\n<td>ASP 11</td>\n\n</tr>\n\n<tr>\n\n<td>AREA</td>\n\n<td>0</td>\n\n</tr>\n\n<tr bgcolor=\"#D4E4F3\">\n\n<td>FolderPath</td>\n\n<td>Document/SYMB_PAI_01_Parcels_PD</td>\n\n</tr>\n\n<tr>\n\n<td>SymbolID</td>\n\n<td>0</td>\n\n</tr>\n\n<tr bgcolor=\"#D4E4F3\">\n\n<td>AltMode</td>\n\n<td>0</td>\n\n</tr>\n\n<tr>\n\n<td>Base</td>\n\n<td>0</td>\n\n</tr>\n\n<tr bgcolor=\"#D4E4F3\">\n\n<td>Clamped</td>\n\n<td>-1</td>\n\n</tr>\n\n<tr>\n\n<td>Extruded</td>\n\n<td>0</td>\n\n</tr>\n\n<tr bgcolor=\"#D4E4F3\">\n\n<td>Snippet</td>\n\n<td></td>\n\n</tr>\n\n<tr>\n\n<td>PopupInfo</td>\n\n<td></td>\n\n</tr>\n\n<tr bgcolor=\"#D4E4F3\">\n\n<td>Shape_Leng</td>\n\n<td>0,001016</td>\n\n</tr>\n\n<tr>\n\n<td>Área_ha</td>\n\n<td>0,061036</td>\n\n</tr>\n\n<tr bgcolor=\"#D4E4F3\">\n\n<td>AREA_REDUZ</td>\n\n<td></td>\n\n</tr>\n\n</table>\n\n</td>\n\n</tr>\n\n</table>\n\n</body>\n\n</html>"}},
{"type":"Feature","id":"ID_10038","geometry":{"type":"MultiPolygon","coordinates":[[[[-39.16803544699997,-16.69873313348003,0],[-39.16782669199995,-16.69852107748002,0],[-39.16780110099995,-16.69849109148,0],[-39.16775916699993,-16.69844195448006,0],[-39.16764980899995,-16.69831381148007,0],[-39.16775900899995,-16.69826033848003,0],[-39.16780779599998,-16.69823644748002,0],[-39.16800501399996,-16.69809668648006,0],[-39.16809094999996,-16.69806403748002,0],[-39.16820750399995,-16.69808053948008,0],[-39.16829525099997,-16.69808170648007,0],[-39.16844737399998,-16.69814152548006,0],[-39.16845180399997,-16.69814446948002,0],[-39.16856528799997,-16.69817425348007,0],[-39.16881100999996,-16.69842947148001,0],[-39.16885554499999,-16.69846959448004,0],[-39.16900784699994,-16.69860680748004,0],[-39.16901154399994,-16.69861320848005,0],[-39.16832836999998,-16.69883531948001,0],[-39.16818267199994,-16.69888268548,0],[-39.16803544699997,-16.69873313348003,0]]]]},"properties":{"name":"ASP 12","description":"<html xmlns:fo=\"http://www.w3.org/1999/XSL/Format\" xmlns:msxsl=\"urn:schemas-microsoft-com:xslt\">\n\n<head>\n\n<META http-equiv=\"Content-Type\" content=\"text/html\">\n\n<meta http-equiv=\"content-type\" content=\"text/html; charset=UTF-8\">\n\n</head>\n\n<body style=\"margin:0px 0px 0px 0px;overflow:auto;background:#FFFFFF;\">\n\n<table style=\"font-family:Arial,Verdana,Times;font-size:12px;text-align:left;width:100%;border-collapse:collapse;padding:3px 3px 3px 3px\">\n\n<tr style=\"text-align:center;font-weight:bold;background:#9CBCE2\">\n\n<td>ASP 12</td>\n\n</tr>\n\n<tr>\n\n<td>\n\n<table style=\"font-family:Arial,Verdana,Times;font-size:12px;text-align:left;width:100%;border-spacing:0px; padding:3px 3px 3px 3px\">\n\n<tr>\n\n<td>FID</td>\n\n<td>38</td>\n\n</tr>\n\n<tr bgcolor=\"#D4E4F3\">\n\n<td>Talhão</td>\n\n<td>ASP 12</td>\n\n</tr>\n\n<tr>\n\n<td>AREA</td>\n\n<td>1</td>\n\n</tr>\n\n<tr bgcolor=\"#D4E4F3\">\n\n<td>FolderPath</td>\n\n<td>Document/SYMB_PAI_01_Parcels_PD</td>\n\n</tr>\n\n<tr>\n\n<td>SymbolID</td>\n\n<td>0</td>\n\n</tr>\n\n<tr bgcolor=\"#D4E4F3\">\n\n<td>AltMode</td>\n\n<td>0</td>\n\n</tr>\n\n<tr>\n\n<td>Base</td>\n\n<td>0</td>\n\n</tr>\n\n<tr bgcolor=\"#D4E4F3\">\n\n<td>Clamped</td>\n\n<td>-1</td>\n\n</tr>\n\n<tr>\n\n<td>Extruded</td>\n\n<td>0</td>\n\n</tr>\n\n<tr bgcolor=\"#D4E4F3\">\n\n<td>Snippet</td>\n\n<td></td>\n\n</tr>\n\n<tr>\n\n<td>PopupInfo</td>\n\n<td></td>\n\n</tr>\n\n<tr bgcolor=\"#D4E4F3\">\n\n<td>Shape_Leng</td>\n\n<td>0,003279</td>\n\n</tr>\n\n<tr>\n\n<td>Área_ha</td>\n\n<td>0,743905</td>\n\n</tr>\n\n<tr bgcolor=\"#D4E4F3\">\n\n<td>AREA_REDUZ</td>\n\n<td></td>\n\n</tr>\n\n</table>\n\n</td>\n\n</tr>\n\n</table>\n\n</body>\n\n</html>"}},
{"type":"Feature","id":"ID_10039","geometry":{"type":"MultiPolygon","coordinates":[[[[-39.17345621799996,-16.69632336548009,0],[-39.17377351899996,-16.69624066548008,0],[-39.17389383899996,-16.69615253948011,0],[-39.17392460599996,-16.69618005048008,0],[-39.17392492899995,-16.69618033148006,0],[-39.17397102899997,-16.69621967648007,0],[-39.17400052799997,-16.69624521848007,0],[-39.17403533099997,-16.69627801748007,0],[-39.17405733799995,-16.69631011248012,0],[-39.17405862799995,-16.69631177748008,0],[-39.17405930499996,-16.6963125124801,0],[-39.17409209399995,-16.69634620848009,0],[-39.17409289399995,-16.69634698248009,0],[-39.17413462099995,-16.69638497648012,0],[-39.17413545799997,-16.69638569448009,0],[-39.17413771499997,-16.6963872574801,0],[-39.17418398899997,-16.6964145364801,0],[-39.17424528299994,-16.69644976548008,0],[-39.17424742299994,-16.69645080548011,0],[-39.17430328199998,-16.69647371948012,0],[-39.17430399099992,-16.69647399348011,0],[-39.17434730599996,-16.6964897854801,0],[-39.17435052799993,-16.69649063148008,0],[-39.17437959599994,-16.69649563348012,0],[-39.17438080999995,-16.69649580248009,0],[-39.17440761499995,-16.6964986504801,0],[-39.17440968699998,-16.69649875848009,0],[-39.17441044099996,-16.69649871348011,0],[-39.17440665199997,-16.69650743048006,0],[-39.17437638699994,-16.69655419348007,0],[-39.17434276399996,-16.69660830748008,0],[-39.17434189999994,-16.69660990248011,0],[-39.17429015399995,-16.69671820448009,0],[-39.17427384999996,-16.69674688348007,0],[-39.17425578099994,-16.69677866648006,0],[-39.17425506299998,-16.69678007048011,0],[-39.17424159999996,-16.69680955048008,0],[-39.17424019399994,-16.69681075248009,0],[-39.17423899399995,-16.6968108004801,0],[-39.17418240899998,-16.69681196548006,0],[-39.17417937599998,-16.69681227148007,0],[-39.17417643399995,-16.69681304548006,0],[-39.17417366099994,-16.69681426948008,0],[-39.17417113099998,-16.69681591048006,0],[-39.17416890899995,-16.69681792448008,0],[-39.17416705599993,-16.69682025948011,0],[-39.17410728499994,-16.69690980348011,0],[-39.17410578799996,-16.69691253148007,0],[-39.17410479499995,-16.69691546648006,0],[-39.17410433399994,-16.69691852148011,0],[-39.17410441899995,-16.69692160648011,0],[-39.17410504799994,-16.6969246334801,0],[-39.17410620099997,-16.69692751248006,0],[-39.17410299099998,-16.69694144848008,0],[-39.17389000299994,-16.69704506348006,0],[-39.17386701699996,-16.69703559548011,0],[-39.17386498799993,-16.69703473048011,0],[-39.17386310299997,-16.69703400548008,0],[-39.17386113199996,-16.69703353748009,0],[-39.17385911199995,-16.69703333648006,0],[-39.17385761199994,-16.69703321048008,0],[-39.17374256999994,-16.6970243454801,0],[-39.17373955599993,-16.69702434848006,0],[-39.17373657999997,-16.69702481648006,0],[-39.17373372099996,-16.6970257374801,0],[-39.17373105199993,-16.69702708848008,0],[-39.17367992899995,-16.69705825448007,0],[-39.17367767699994,-16.69705986648007,0],[-39.17367570099998,-16.69706178348009,0],[-39.17367404199997,-16.69706396348006,0],[-39.17367273999998,-16.69706635648005,0],[-39.17364817699996,-16.69712107648008,0],[-39.17364728199993,-16.69712354948008,0],[-39.17364676599993,-16.69712612148005,0],[-39.17364664199994,-16.69712873848006,0],[-39.17364691099993,-16.69713134548005,0],[-39.17364756899997,-16.69713388848005,0],[-39.17370140999998,-16.69729214748009,0],[-39.17370257599998,-16.69729482548007,0],[-39.17370417199993,-16.69729728848007,0],[-39.17370615599998,-16.69729947348009,0],[-39.17370847799998,-16.69730132548006,0],[-39.17371107699995,-16.69730279348005,0],[-39.17371388699996,-16.69730384248004,0],[-39.17374462699997,-16.69731265748005,0],[-39.17374673499995,-16.6973131364801,0],[-39.17374828899995,-16.6973133354801,0],[-39.17390349199997,-16.69732684648006,0],[-39.17390603099994,-16.69732690048006,0],[-39.17390855399997,-16.69732662448008,0],[-39.17391101599998,-16.69732602248007,0],[-39.17391336999998,-16.69732510548005,0],[-39.17395690099995,-16.69730474748009,0],[-39.17395810499995,-16.69730413248005,0],[-39.17395870499997,-16.69730378248006,0],[-39.17402370199994,-16.69726435048005,0],[-39.17402577999997,-16.69726288948005,0],[-39.17402767599998,-16.69726111948007,0],[-39.17406373999996,-16.69722235348009,0],[-39.17406567499996,-16.69721987448009,0],[-39.17406714199996,-16.69721711348007,0],[-39.17406809799996,-16.69721415148008,0],[-39.17406851299995,-16.69721107448004,0],[-39.17406837799996,-16.69720797648007,0],[-39.17406769499996,-16.69720494448007,0],[-39.17403822099993,-16.69711305348006,0],[-39.17403699699998,-16.69711015448009,0],[-39.17403527299996,-16.69710750148006,0],[-39.17403309899998,-16.6971051754801,0],[-39.17403054099997,-16.69710324648008,0],[-39.17402767699997,-16.69710177048008,0],[-39.17393508999993,-16.69706363348008,0],[-39.17411807599996,-16.69697461448006,0],[-39.17413102799998,-16.6969765554801,0],[-39.17413883299998,-16.69699197448007,0],[-39.17414032599993,-16.69699441548006,0],[-39.17414219599994,-16.69699660248007,0],[-39.17414439699996,-16.6969984814801,0],[-39.17414687599994,-16.69700000548005,0],[-39.17414957199998,-16.69700113748009,0],[-39.17415241799994,-16.69700184948006,0],[-39.17429746699997,-16.69702664348007,0],[-39.17430067599997,-16.69702691848006,0],[-39.17430388799995,-16.69702665948008,0],[-39.17430700599993,-16.69702587548007,0],[-39.17430993799996,-16.69702458848009,0],[-39.17431259799997,-16.69702283648009,0],[-39.17431490899997,-16.69702067248007,0],[-39.17431679999993,-16.6970181584801,0],[-39.17431821799994,-16.6970153694801,0],[-39.17435880099998,-16.69691439748006,0],[-39.17435960199998,-16.69691173748005,0],[-39.17435997199993,-16.69690898948006,0],[-39.17435990099995,-16.69690621948008,0],[-39.17435939299997,-16.6969034934801,0],[-39.17435845699998,-16.69690087348006,0],[-39.17433266899997,-16.69684337548008,0],[-39.17433113499993,-16.6968406324801,0],[-39.17432913499994,-16.69683818348007,0],[-39.17432672799998,-16.69683610148009,0],[-39.17432398699998,-16.69683444948005,0],[-39.17432099099995,-16.69683327648007,0],[-39.17427774899994,-16.69682039748007,0],[-39.17427930299993,-16.69681675248007,0],[-39.17428907599997,-16.69679535048006,0],[-39.17431833199998,-16.69674388948007,0],[-39.17432337299994,-16.69673502148007,0],[-39.17432396099997,-16.69673389648008,0],[-39.17437555299995,-16.69662591748008,0],[-39.17440840299997,-16.6965730454801,0],[-39.17443928699998,-16.69652532848008,0],[-39.17443962499993,-16.69652478548008,0],[-39.17444067299994,-16.6965227464801,0],[-39.17445380999993,-16.69649252948008,0],[-39.17447281799997,-16.6964881734801,0],[-39.17447370099995,-16.69648794948008,0],[-39.17450719599998,-16.69647859248008,0],[-39.17450826199996,-16.69647826048012,0],[-39.17455447799995,-16.69646241148011,0],[-39.17455582299993,-16.69646188748007,0],[-39.17467340199994,-16.69641084748012,0],[-39.17471048599998,-16.69639508348011,0],[-39.17471188499997,-16.69639442048013,0],[-39.17477216199995,-16.69636279848007,0],[-39.17477258699995,-16.69636256948011,0],[-39.17477316499997,-16.69636223348007,0],[-39.17478427399993,-16.69635551448008,0],[-39.17484087899993,-16.69632127648012,0],[-39.17484290699997,-16.69631985948011,0],[-39.17487293399995,-16.69629577548008,0],[-39.17476218399997,-16.69674379248007,0],[-39.17404455099995,-16.69751966848008,0],[-39.17401740599996,-16.69754901448005,0],[-39.17386073399996,-16.69770817448004,0],[-39.17366158099998,-16.69791048748004,0],[-39.17359914599997,-16.69796431048006,0],[-39.17347059299993,-16.69807512948003,0],[-39.17345297699995,-16.69803434548003,0],[-39.17347376399994,-16.69787685548004,0],[-39.17322804699995,-16.69768944048008,0],[-39.17303039099993,-16.69764376548004,0],[-39.17293358299997,-16.69763772648008,0],[-39.17286013799998,-16.69768334848003,0],[-39.17278322699997,-16.69778626648007,0],[-39.17277972199998,-16.69781419348003,0],[-39.17283195399995,-16.69797696548004,0],[-39.17274892499995,-16.69811754948004,0],[-39.17264996199998,-16.69811078848003,0],[-39.17270806799996,-16.69788384148005,0],[-39.17267869099993,-16.69772835448008,0],[-39.17243836099993,-16.69745252548006,0],[-39.17225112899997,-16.69737304148009,0],[-39.17212265099994,-16.69734556748006,0],[-39.17211722199994,-16.69716495048005,0],[-39.17210848299994,-16.69687424548006,0],[-39.17229016499994,-16.69669546248011,0],[-39.17229750599995,-16.69668823948009,0],[-39.17262983099994,-16.69652252548011,0],[-39.17285044499994,-16.6962368734801,0],[-39.17304788399997,-16.69628025548011,0],[-39.17328337399994,-16.69633199848008,0],[-39.17345621799996,-16.69632336548009,0]]]]},"properties":{"name":"ASP 13","description":"<html xmlns:fo=\"http://www.w3.org/1999/XSL/Format\" xmlns:msxsl=\"urn:schemas-microsoft-com:xslt\">\n\n<head>\n\n<META http-equiv=\"Content-Type\" content=\"text/html\">\n\n<meta http-equiv=\"content-type\" content=\"text/html; charset=UTF-8\">\n\n</head>\n\n<body style=\"margin:0px 0px 0px 0px;overflow:auto;background:#FFFFFF;\">\n\n<table style=\"font-family:Arial,Verdana,Times;font-size:12px;text-align:left;width:100%;border-collapse:collapse;padding:3px 3px 3px 3px\">\n\n<tr style=\"text-align:center;font-weight:bold;background:#9CBCE2\">\n\n<td>ASP 13</td>\n\n</tr>\n\n<tr>\n\n<td>\n\n<table style=\"font-family:Arial,Verdana,Times;font-size:12px;text-align:left;width:100%;border-spacing:0px; padding:3px 3px 3px 3px\">\n\n<tr>\n\n<td>FID</td>\n\n<td>39</td>\n\n</tr>\n\n<tr bgcolor=\"#D4E4F3\">\n\n<td>Talhão</td>\n\n<td>ASP 13</td>\n\n</tr>\n\n<tr>\n\n<td>AREA</td>\n\n<td>3</td>\n\n</tr>\n\n<tr bgcolor=\"#D4E4F3\">\n\n<td>FolderPath</td>\n\n<td>Document/SYMB_PAI_01_Parcels_PD</td>\n\n</tr>\n\n<tr>\n\n<td>SymbolID</td>\n\n<td>0</td>\n\n</tr>\n\n<tr bgcolor=\"#D4E4F3\">\n\n<td>AltMode</td>\n\n<td>0</td>\n\n</tr>\n\n<tr>\n\n<td>Base</td>\n\n<td>0</td>\n\n</tr>\n\n<tr bgcolor=\"#D4E4F3\">\n\n<td>Clamped</td>\n\n<td>-1</td>\n\n</tr>\n\n<tr>\n\n<td>Extruded</td>\n\n<td>0</td>\n\n</tr>\n\n<tr bgcolor=\"#D4E4F3\">\n\n<td>Snippet</td>\n\n<td></td>\n\n</tr>\n\n<tr>\n\n<td>PopupInfo</td>\n\n<td></td>\n\n</tr>\n\n<tr bgcolor=\"#D4E4F3\">\n\n<td>Shape_Leng</td>\n\n<td>0,011526</td>\n\n</tr>\n\n<tr>\n\n<td>Área_ha</td>\n\n<td>3,393685</td>\n\n</tr>\n\n<tr bgcolor=\"#D4E4F3\">\n\n<td>AREA_REDUZ</td>\n\n<td></td>\n\n</tr>\n\n</table>\n\n</td>\n\n</tr>\n\n</table>\n\n</body>\n\n</html>"}},
{"type":"Feature","id":"ID_10040","geometry":{"type":"MultiPolygon","coordinates":[[[[-39.17615411299994,-16.69264399248018,0],[-39.17609117099993,-16.69257600548022,0],[-39.17608892699997,-16.69257371848019,0],[-39.17608339199995,-16.69256759548021,0],[-39.17600914199994,-16.69248187548017,0],[-39.17593638899996,-16.69239586048021,0],[-39.17590490499998,-16.6923577204802,0],[-39.17585460199996,-16.69229870048022,0],[-39.17583222499997,-16.69226482548018,0],[-39.17585128199994,-16.69224786448022,0],[-39.17591987499998,-16.69218681648019,0],[-39.17614357499997,-16.69202056648019,0],[-39.17614400099995,-16.69202023948023,0],[-39.17628464199999,-16.69190929948022,0],[-39.17628748599998,-16.6921012664802,0],[-39.17638168099995,-16.69231545548021,0],[-39.17638559399995,-16.6923370484802,0],[-39.17635754599996,-16.6924072574802,0],[-39.17625261199998,-16.69244856848021,0],[-39.17619971299996,-16.69262786248016,0],[-39.17619195699996,-16.69265415048018,0],[-39.17618476699994,-16.69267851848021,0],[-39.17615411299994,-16.69264399248018,0]]]]},"properties":{"name":"ASP 14","description":"<html xmlns:fo=\"http://www.w3.org/1999/XSL/Format\" xmlns:msxsl=\"urn:schemas-microsoft-com:xslt\">\n\n<head>\n\n<META http-equiv=\"Content-Type\" content=\"text/html\">\n\n<meta http-equiv=\"content-type\" content=\"text/html; charset=UTF-8\">\n\n</head>\n\n<body style=\"margin:0px 0px 0px 0px;overflow:auto;background:#FFFFFF;\">\n\n<table style=\"font-family:Arial,Verdana,Times;font-size:12px;text-align:left;width:100%;border-collapse:collapse;padding:3px 3px 3px 3px\">\n\n<tr style=\"text-align:center;font-weight:bold;background:#9CBCE2\">\n\n<td>ASP 14</td>\n\n</tr>\n\n<tr>\n\n<td>\n\n<table style=\"font-family:Arial,Verdana,Times;font-size:12px;text-align:left;width:100%;border-spacing:0px; padding:3px 3px 3px 3px\">\n\n<tr>\n\n<td>FID</td>\n\n<td>40</td>\n\n</tr>\n\n<tr bgcolor=\"#D4E4F3\">\n\n<td>Talhão</td>\n\n<td>ASP 14</td>\n\n</tr>\n\n<tr>\n\n<td>AREA</td>\n\n<td>0</td>\n\n</tr>\n\n<tr bgcolor=\"#D4E4F3\">\n\n<td>FolderPath</td>\n\n<td>Document/SYMB_PAI_01_Parcels_PD</td>\n\n</tr>\n\n<tr>\n\n<td>SymbolID</td>\n\n<td>0</td>\n\n</tr>\n\n<tr bgcolor=\"#D4E4F3\">\n\n<td>AltMode</td>\n\n<td>0</td>\n\n</tr>\n\n<tr>\n\n<td>Base</td>\n\n<td>0</td>\n\n</tr>\n\n<tr bgcolor=\"#D4E4F3\">\n\n<td>Clamped</td>\n\n<td>-1</td>\n\n</tr>\n\n<tr>\n\n<td>Extruded</td>\n\n<td>0</td>\n\n</tr>\n\n<tr bgcolor=\"#D4E4F3\">\n\n<td>Snippet</td>\n\n<td></td>\n\n</tr>\n\n<tr>\n\n<td>PopupInfo</td>\n\n<td></td>\n\n</tr>\n\n<tr bgcolor=\"#D4E4F3\">\n\n<td>Shape_Leng</td>\n\n<td>0,001996</td>\n\n</tr>\n\n<tr>\n\n<td>Área_ha</td>\n\n<td>0,239768</td>\n\n</tr>\n\n<tr bgcolor=\"#D4E4F3\">\n\n<td>AREA_REDUZ</td>\n\n<td></td>\n\n</tr>\n\n</table>\n\n</td>\n\n</tr>\n\n</table>\n\n</body>\n\n</html>"}},
{"type":"Feature","id":"ID_10041","geometry":{"type":"MultiPolygon","coordinates":[[[[-39.17813653499996,-16.68865155248029,0],[-39.17819310899995,-16.6886448064803,0],[-39.17819591699999,-16.68864425948028,0],[-39.17819860499998,-16.68864330648031,0],[-39.17820111199995,-16.68864197048033,0],[-39.17823285699996,-16.68862185248033,0],[-39.17823462199993,-16.68862058448033,0],[-39.17823671699995,-16.68861859748031,0],[-39.17825662399997,-16.68859649148029,0],[-39.17825543499998,-16.68860886748031,0],[-39.17819929599995,-16.6890924454803,0],[-39.17812607699994,-16.68918229148028,0],[-39.17812874099997,-16.68932904048027,0],[-39.17821563199993,-16.68950780048026,0],[-39.17820656299995,-16.68953828248026,0],[-39.17814228299994,-16.68952558448028,0],[-39.17810423399993,-16.6895133974803,0],[-39.17809448299994,-16.68948795648026,0],[-39.17809253799993,-16.68942966248028,0],[-39.17809225999997,-16.68942708848027,0],[-39.17809136199998,-16.68942391848032,0],[-39.17807539399996,-16.68938362348029,0],[-39.17807406299994,-16.68938094948026,0],[-39.17807229799996,-16.68937851948027,0],[-39.17807014299996,-16.68937640148027,0],[-39.17804022599995,-16.6893514584803,0],[-39.17803809499998,-16.68934994648032,0],[-39.17803576399996,-16.68934873848031,0],[-39.17803327899997,-16.68934785848029,0],[-39.17803069099995,-16.68934732448031,0],[-39.17802805099996,-16.68934714648032,0],[-39.17797841799995,-16.68934718948032,0],[-39.17797516099995,-16.68934746648029,0],[-39.17797368399994,-16.68934777948027,0],[-39.17793111299994,-16.6893585214803,0],[-39.17786082199996,-16.68935308948028,0],[-39.17784766499994,-16.68935207248028,0],[-39.17786836099998,-16.68933364648029,0],[-39.17786880199998,-16.68933324148031,0],[-39.17790004299996,-16.6893035564803,0],[-39.17790086399997,-16.68930272548027,0],[-39.17792615099995,-16.68927543648027,0],[-39.17792654099998,-16.6892750024803,0],[-39.17792700799998,-16.68927444248026,0],[-39.17794733299996,-16.68924907148027,0],[-39.17794829099996,-16.6892477624803,0],[-39.17796861199997,-16.68921712948032,0],[-39.17796986599996,-16.6892149114803,0],[-39.17797078599995,-16.6892125464803,0],[-39.17798068299993,-16.68918048848029,0],[-39.17798117999997,-16.68917845548032,0],[-39.17798124999996,-16.6891780424803,0],[-39.17798566699997,-16.68914996748032,0],[-39.17799207499996,-16.68911222848027,0],[-39.17799227999995,-16.6891104954803,0],[-39.17799472899998,-16.6890746164803,0],[-39.17799476299996,-16.68907388348033,0],[-39.17799571599994,-16.68903726948032,0],[-39.17799765499996,-16.68899774648031,0],[-39.17799767499997,-16.68899677748027,0],[-39.17799714399995,-16.68895323448027,0],[-39.17799906499994,-16.68891696948032,0],[-39.17799908999996,-16.6889160314803,0],[-39.17799908299997,-16.68891554348029,0],[-39.17799807699998,-16.6888808244803,0],[-39.17799999199997,-16.68884179848028,0],[-39.17800001299997,-16.68884092948031,0],[-39.17799998799996,-16.68884002648031,0],[-39.17799847299995,-16.68881132648028,0],[-39.17799830699993,-16.68880967148028,0],[-39.17799404399995,-16.68878109748029,0],[-39.17799495899993,-16.68875253348029,0],[-39.17799496799995,-16.68875195948028,0],[-39.17799491399995,-16.6887506024803,0],[-39.17799139899995,-16.68870611848031,0],[-39.17799116399994,-16.6887043354803,0],[-39.17799079199995,-16.68870273648032,0],[-39.17797983699995,-16.6886639994803,0],[-39.17797935999994,-16.6886625554803,0],[-39.17797842499994,-16.68866049348035,0],[-39.17795800199998,-16.68862217048031,0],[-39.17795064599994,-16.6886086654803,0],[-39.17803012399997,-16.68863366048028,0],[-39.17803260399995,-16.68863426348032,0],[-39.17813094199995,-16.68865140848028,0],[-39.17813424799994,-16.68865168848034,0],[-39.17813653499996,-16.68865155248029,0]]]]},"properties":{"name":"ASP 15","description":"<html xmlns:fo=\"http://www.w3.org/1999/XSL/Format\" xmlns:msxsl=\"urn:schemas-microsoft-com:xslt\">\n\n<head>\n\n<META http-equiv=\"Content-Type\" content=\"text/html\">\n\n<meta http-equiv=\"content-type\" content=\"text/html; charset=UTF-8\">\n\n</head>\n\n<body style=\"margin:0px 0px 0px 0px;overflow:auto;background:#FFFFFF;\">\n\n<table style=\"font-family:Arial,Verdana,Times;font-size:12px;text-align:left;width:100%;border-collapse:collapse;padding:3px 3px 3px 3px\">\n\n<tr style=\"text-align:center;font-weight:bold;background:#9CBCE2\">\n\n<td>ASP 15</td>\n\n</tr>\n\n<tr>\n\n<td>\n\n<table style=\"font-family:Arial,Verdana,Times;font-size:12px;text-align:left;width:100%;border-spacing:0px; padding:3px 3px 3px 3px\">\n\n<tr>\n\n<td>FID</td>\n\n<td>41</td>\n\n</tr>\n\n<tr bgcolor=\"#D4E4F3\">\n\n<td>Talhão</td>\n\n<td>ASP 15</td>\n\n</tr>\n\n<tr>\n\n<td>AREA</td>\n\n<td>0</td>\n\n</tr>\n\n<tr bgcolor=\"#D4E4F3\">\n\n<td>FolderPath</td>\n\n<td>Document/SYMB_PAI_01_Parcels_PD</td>\n\n</tr>\n\n<tr>\n\n<td>SymbolID</td>\n\n<td>0</td>\n\n</tr>\n\n<tr bgcolor=\"#D4E4F3\">\n\n<td>AltMode</td>\n\n<td>0</td>\n\n</tr>\n\n<tr>\n\n<td>Base</td>\n\n<td>0</td>\n\n</tr>\n\n<tr bgcolor=\"#D4E4F3\">\n\n<td>Clamped</td>\n\n<td>-1</td>\n\n</tr>\n\n<tr>\n\n<td>Extruded</td>\n\n<td>0</td>\n\n</tr>\n\n<tr bgcolor=\"#D4E4F3\">\n\n<td>Snippet</td>\n\n<td></td>\n\n</tr>\n\n<tr>\n\n<td>PopupInfo</td>\n\n<td></td>\n\n</tr>\n\n<tr bgcolor=\"#D4E4F3\">\n\n<td>Shape_Leng</td>\n\n<td>0,002608</td>\n\n</tr>\n\n<tr>\n\n<td>Área_ha</td>\n\n<td>0,203416</td>\n\n</tr>\n\n<tr bgcolor=\"#D4E4F3\">\n\n<td>AREA_REDUZ</td>\n\n<td></td>\n\n</tr>\n\n</table>\n\n</td>\n\n</tr>\n\n</table>\n\n</body>\n\n</html>"}},
{"type":"Feature","id":"ID_10042","geometry":{"type":"MultiPolygon","coordinates":[[[[-39.17524220799994,-16.6886210494803,0],[-39.17553882699997,-16.68852675748033,0],[-39.17556556499994,-16.68852112648031,0],[-39.17559882399996,-16.68851412348029,0],[-39.17645535599997,-16.68833375148031,0],[-39.17646028599995,-16.68834171148031,0],[-39.17646203399994,-16.68834407848028,0],[-39.17646437299994,-16.68834632348031,0],[-39.17649047299994,-16.68836725048029,0],[-39.17649122699993,-16.68836782448031,0],[-39.17651854399997,-16.68838753348032,0],[-39.17652034799994,-16.6883886854803,0],[-39.17655683099997,-16.68840915548034,0],[-39.17666921799997,-16.68848671748033,0],[-39.17674093299996,-16.68855341348031,0],[-39.17676378099998,-16.68859039948031,0],[-39.17677472599996,-16.68863023248032,0],[-39.17678393899996,-16.68868146548029,0],[-39.17678827899994,-16.68870559548033,0],[-39.17678795999996,-16.6887059214803,0],[-39.17678725099996,-16.68870669148033,0],[-39.17678537699993,-16.6887092744803,0],[-39.17678399799997,-16.68871213248032,0],[-39.17678315499995,-16.68871517748029,0],[-39.17678306999994,-16.68871568648031,0],[-39.17677813699999,-16.68874821848029,0],[-39.17675239699998,-16.68874292548032,0],[-39.17668788299994,-16.68875159148031,0],[-39.17642388399997,-16.68879965248028,0],[-39.17626409899998,-16.68883327348028,0],[-39.17608843399995,-16.68886977748031,0],[-39.17603980299998,-16.68887938648028,0],[-39.17602197299993,-16.68892053948032,0],[-39.17602696999995,-16.68895689048033,0],[-39.17607765899993,-16.68902764448029,0],[-39.17613431099994,-16.68910509048027,0],[-39.17625552299995,-16.68922361948028,0],[-39.17633442399995,-16.68933221848027,0],[-39.17635433299996,-16.68939319248027,0],[-39.17642396199995,-16.68954979448029,0],[-39.17647993399999,-16.68969803748029,0],[-39.17650245899995,-16.68990490648029,0],[-39.17651008299998,-16.69009983048025,0],[-39.17650143899994,-16.69014528248025,0],[-39.17647304599996,-16.69030435948028,0],[-39.17646446099997,-16.69041438948024,0],[-39.17645584799993,-16.69049332448029,0],[-39.17640259199993,-16.69060100048025,0],[-39.17638971199995,-16.69061745648028,0],[-39.17638019199995,-16.69061724148027,0],[-39.17637710599996,-16.69061741648024,0],[-39.17637409299993,-16.69061807848022,0],[-39.17619335699993,-16.69067319548028,0],[-39.17617134999995,-16.69067348148026,0],[-39.17607354099994,-16.69064044748025,0],[-39.17606184299995,-16.69063649648026,0],[-39.17605887999997,-16.69063575148023,0],[-39.17605574499999,-16.69063547948026,0],[-39.17595846799998,-16.69063495048023,0],[-39.17595654399997,-16.69063511148024,0],[-39.17595514999994,-16.69063522848025,0],[-39.17595356699997,-16.69063556648025,0],[-39.17563422799998,-16.69071806748026,0],[-39.17549319399996,-16.69074278948024,0],[-39.17549120999995,-16.69074324548025,0],[-39.17546376599996,-16.69075110248026,0],[-39.17546136699997,-16.69074094748022,0],[-39.17530604999997,-16.69038710748028,0],[-39.17531248499995,-16.69014037948026,0],[-39.17520841799995,-16.69014829648026,0],[-39.17517286099996,-16.69013701348026,0],[-39.17517380899994,-16.69013657948025,0],[-39.17517562199998,-16.69013555848025,0],[-39.17517730599997,-16.69013435048024,0],[-39.17517883799997,-16.69013296748025,0],[-39.17522034599995,-16.69009109048026,0],[-39.17522238499998,-16.69008863648029,0],[-39.17522395399993,-16.69008587748025,0],[-39.17524765399997,-16.69003391748024,0],[-39.17527135499995,-16.6899819574803,0],[-39.17527229599995,-16.68997937948027,0],[-39.17527282499998,-16.68997669448025,0],[-39.17528122999993,-16.68990438048028,0],[-39.17528134699995,-16.68990235248031,0],[-39.17528128699996,-16.68990092748025,0],[-39.17526884999995,-16.68975100348028,0],[-39.17530722199996,-16.6896098104803,0],[-39.17530755199994,-16.68960835248025,0],[-39.17530782299997,-16.6896058274803,0],[-39.17530988899995,-16.68954576248028,0],[-39.17530989999995,-16.6895451474803,0],[-39.17530966399994,-16.68954230348026,0],[-39.17530749899998,-16.68952927948026,0],[-39.17529653999998,-16.68946337148031,0],[-39.17529566499996,-16.68946018148029,0],[-39.17529513099998,-16.6894589214803,0],[-39.17527544999996,-16.68941703148027,0],[-39.17527435999995,-16.68941504748027,0],[-39.17527337899998,-16.68941365348029,0],[-39.17527226699996,-16.68941235348029,0],[-39.17520383599998,-16.68933952248029,0],[-39.17516548899994,-16.68929870848029,0],[-39.17517105899998,-16.68929260348029,0],[-39.17541581999996,-16.6892286654803,0],[-39.17532518399997,-16.68898800348029,0],[-39.17524220799994,-16.6886210494803,0]]]]},"properties":{"name":"ASP 16","description":"<html xmlns:fo=\"http://www.w3.org/1999/XSL/Format\" xmlns:msxsl=\"urn:schemas-microsoft-com:xslt\">\n\n<head>\n\n<META http-equiv=\"Content-Type\" content=\"text/html\">\n\n<meta http-equiv=\"content-type\" content=\"text/html; charset=UTF-8\">\n\n</head>\n\n<body style=\"margin:0px 0px 0px 0px;overflow:auto;background:#FFFFFF;\">\n\n<table style=\"font-family:Arial,Verdana,Times;font-size:12px;text-align:left;width:100%;border-collapse:collapse;padding:3px 3px 3px 3px\">\n\n<tr style=\"text-align:center;font-weight:bold;background:#9CBCE2\">\n\n<td>ASP 16</td>\n\n</tr>\n\n<tr>\n\n<td>\n\n<table style=\"font-family:Arial,Verdana,Times;font-size:12px;text-align:left;width:100%;border-spacing:0px; padding:3px 3px 3px 3px\">\n\n<tr>\n\n<td>FID</td>\n\n<td>42</td>\n\n</tr>\n\n<tr bgcolor=\"#D4E4F3\">\n\n<td>Talhão</td>\n\n<td>ASP 16</td>\n\n</tr>\n\n<tr>\n\n<td>AREA</td>\n\n<td>3</td>\n\n</tr>\n\n<tr bgcolor=\"#D4E4F3\">\n\n<td>FolderPath</td>\n\n<td>Document/SYMB_PAI_01_Parcels_PD</td>\n\n</tr>\n\n<tr>\n\n<td>SymbolID</td>\n\n<td>0</td>\n\n</tr>\n\n<tr bgcolor=\"#D4E4F3\">\n\n<td>AltMode</td>\n\n<td>0</td>\n\n</tr>\n\n<tr>\n\n<td>Base</td>\n\n<td>0</td>\n\n</tr>\n\n<tr bgcolor=\"#D4E4F3\">\n\n<td>Clamped</td>\n\n<td>-1</td>\n\n</tr>\n\n<tr>\n\n<td>Extruded</td>\n\n<td>0</td>\n\n</tr>\n\n<tr bgcolor=\"#D4E4F3\">\n\n<td>Snippet</td>\n\n<td></td>\n\n</tr>\n\n<tr>\n\n<td>PopupInfo</td>\n\n<td></td>\n\n</tr>\n\n<tr bgcolor=\"#D4E4F3\">\n\n<td>Shape_Leng</td>\n\n<td>0,008032</td>\n\n</tr>\n\n<tr>\n\n<td>Área_ha</td>\n\n<td>2,952122</td>\n\n</tr>\n\n<tr bgcolor=\"#D4E4F3\">\n\n<td>AREA_REDUZ</td>\n\n<td></td>\n\n</tr>\n\n</table>\n\n</td>\n\n</tr>\n\n</table>\n\n</body>\n\n</html>"}},
{"type":"Feature","id":"ID_10043","geometry":{"type":"MultiPolygon","coordinates":[[[[-39.17778599699994,-16.68849472148032,0],[-39.17778456399998,-16.6884941334803,0],[-39.17773580199997,-16.68847643848031,0],[-39.17773496899997,-16.68847616348031,0],[-39.17769128099996,-16.6884628074803,0],[-39.17768913599997,-16.68846228248034,0],[-39.17763736599994,-16.68845273548029,0],[-39.17763553399993,-16.68845249948034,0],[-39.17759117399993,-16.68844895148029,0],[-39.17755972299994,-16.68844643648034,0],[-39.17750324799994,-16.68843522648032,0],[-39.17750271399996,-16.68843512848032,0],[-39.17742172999993,-16.68842139748031,0],[-39.17737547399997,-16.68841147848033,0],[-39.17732745699993,-16.68840113448031,0],[-39.17732400699998,-16.68840015348032,0],[-39.17732135999996,-16.68839159548033,0],[-39.17733750299993,-16.68837505848031,0],[-39.17745326299996,-16.68822940548031,0],[-39.17761766499996,-16.68808204248032,0],[-39.17761671699997,-16.68810064048031,0],[-39.17761679199998,-16.68810336748031,0],[-39.17761729099993,-16.68810605248032,0],[-39.17762933599994,-16.68815095348033,0],[-39.17762867899995,-16.68817654448034,0],[-39.17762800699996,-16.68824147848031,0],[-39.17762300599998,-16.68827472448028,0],[-39.17762287999994,-16.68827579048034,0],[-39.17762066999995,-16.6883009054803,0],[-39.17762066299996,-16.6883038894803,0],[-39.17762116699998,-16.68830683448029,0],[-39.17762863799993,-16.68833552948032,0],[-39.17762969799998,-16.68833848748031,0],[-39.17763127199999,-16.68834122548034,0],[-39.17763331199995,-16.68834366048034,0],[-39.17766907999992,-16.68837950748032,0],[-39.17767055599996,-16.68838083448034,0],[-39.17767201199995,-16.68838189848034,0],[-39.17771216099993,-16.68840836148033,0],[-39.17776008699997,-16.68844063348033,0],[-39.17777686499994,-16.68845193148032,0],[-39.17780433699993,-16.6884854514803,0],[-39.17781519699997,-16.68850807848034,0],[-39.17778599699994,-16.68849472148032,0]]]]},"properties":{"name":"ASP 17","description":"<html xmlns:fo=\"http://www.w3.org/1999/XSL/Format\" xmlns:msxsl=\"urn:schemas-microsoft-com:xslt\">\n\n<head>\n\n<META http-equiv=\"Content-Type\" content=\"text/html\">\n\n<meta http-equiv=\"content-type\" content=\"text/html; charset=UTF-8\">\n\n</head>\n\n<body style=\"margin:0px 0px 0px 0px;overflow:auto;background:#FFFFFF;\">\n\n<table style=\"font-family:Arial,Verdana,Times;font-size:12px;text-align:left;width:100%;border-collapse:collapse;padding:3px 3px 3px 3px\">\n\n<tr style=\"text-align:center;font-weight:bold;background:#9CBCE2\">\n\n<td>ASP 17</td>\n\n</tr>\n\n<tr>\n\n<td>\n\n<table style=\"font-family:Arial,Verdana,Times;font-size:12px;text-align:left;width:100%;border-spacing:0px; padding:3px 3px 3px 3px\">\n\n<tr>\n\n<td>FID</td>\n\n<td>43</td>\n\n</tr>\n\n<tr bgcolor=\"#D4E4F3\">\n\n<td>Talhão</td>\n\n<td>ASP 17</td>\n\n</tr>\n\n<tr>\n\n<td>AREA</td>\n\n<td>0</td>\n\n</tr>\n\n<tr bgcolor=\"#D4E4F3\">\n\n<td>FolderPath</td>\n\n<td>Document/SYMB_PAI_01_Parcels_PD</td>\n\n</tr>\n\n<tr>\n\n<td>SymbolID</td>\n\n<td>0</td>\n\n</tr>\n\n<tr bgcolor=\"#D4E4F3\">\n\n<td>AltMode</td>\n\n<td>0</td>\n\n</tr>\n\n<tr>\n\n<td>Base</td>\n\n<td>0</td>\n\n</tr>\n\n<tr bgcolor=\"#D4E4F3\">\n\n<td>Clamped</td>\n\n<td>-1</td>\n\n</tr>\n\n<tr>\n\n<td>Extruded</td>\n\n<td>0</td>\n\n</tr>\n\n<tr bgcolor=\"#D4E4F3\">\n\n<td>Snippet</td>\n\n<td></td>\n\n</tr>\n\n<tr>\n\n<td>PopupInfo</td>\n\n<td></td>\n\n</tr>\n\n<tr bgcolor=\"#D4E4F3\">\n\n<td>Shape_Leng</td>\n\n<td>0,001459</td>\n\n</tr>\n\n<tr>\n\n<td>Área_ha</td>\n\n<td>0,087597</td>\n\n</tr>\n\n<tr bgcolor=\"#D4E4F3\">\n\n<td>AREA_REDUZ</td>\n\n<td></td>\n\n</tr>\n\n</table>\n\n</td>\n\n</tr>\n\n</table>\n\n</body>\n\n</html>"}},
{"type":"Feature","id":"ID_10044","geometry":{"type":"MultiPolygon","coordinates":[[[[-39.17750626699996,-16.68761610248037,0],[-39.17751839799996,-16.68724633748035,0],[-39.17752082999993,-16.68724543648035,0],[-39.17752085999996,-16.68724550948037,0],[-39.17754579299999,-16.68730483848037,0],[-39.17754694199994,-16.68730710448034,0],[-39.17754775399993,-16.68730833948036,0],[-39.17758926999994,-16.68736615948034,0],[-39.17763561999993,-16.68743392848035,0],[-39.17769130999994,-16.68751844848037,0],[-39.17770450699993,-16.68754005448032,0],[-39.17772034499995,-16.68756598448032,0],[-39.17772060299995,-16.68756639548035,0],[-39.17776292899998,-16.68763165448035,0],[-39.17778200299995,-16.68766006448032,0],[-39.17779866799998,-16.68768790548034,0],[-39.17781718999998,-16.68771884748034,0],[-39.17781789799994,-16.68771993648032,0],[-39.17787327699994,-16.68779880248034,0],[-39.17791719199994,-16.68786722048035,0],[-39.17791862199994,-16.68786915348031,0],[-39.17794175199998,-16.68789641948034,0],[-39.17797907099998,-16.68794040948032,0],[-39.17799358599996,-16.68795881648035,0],[-39.17795198099998,-16.68800000648034,0],[-39.17794703699997,-16.68800490048031,0],[-39.17791374199993,-16.68803311048035,0],[-39.17788880099993,-16.68804201848034,0],[-39.17786916699998,-16.68803603748033,0],[-39.17783007299994,-16.68799512748032,0],[-39.17782820599997,-16.68799342448031,0],[-39.17779232999993,-16.68796538048035,0],[-39.17779095499998,-16.68796440148036,0],[-39.17778949099994,-16.68796354748034,0],[-39.17778898499995,-16.68796329448035,0],[-39.17778671999997,-16.68796236048033,0],[-39.17778635499997,-16.68796224348033,0],[-39.17778526099994,-16.68796193048033,0],[-39.17772568899994,-16.68794691348032,0],[-39.17772338099996,-16.68794647848032,0],[-39.17772103499993,-16.68794632548035,0],[-39.17771927299998,-16.68794639648033,0],[-39.17771752599997,-16.68794662848033,0],[-39.17771116699998,-16.68794781248031,0],[-39.17767867699996,-16.68795386248032,0],[-39.17767588599997,-16.6879546014803,0],[-39.17767324699997,-16.68795574448032,0],[-39.17767082199998,-16.68795726648032,0],[-39.17766866799997,-16.68795912848035,0],[-39.17763594199994,-16.68799216348035,0],[-39.17763399199998,-16.68799449048029,0],[-39.17763246699997,-16.68799709548031,0],[-39.17763140799997,-16.68799990648031,0],[-39.17762027599997,-16.68803938048033,0],[-39.17761990199995,-16.68804099848032,0],[-39.17761964199997,-16.68804323548031,0],[-39.17743236499996,-16.68821110148033,0],[-39.17743200699994,-16.68812587448033,0],[-39.17750626699996,-16.68761610248037,0]]]]},"properties":{"name":"ASP 18","description":"<html xmlns:fo=\"http://www.w3.org/1999/XSL/Format\" xmlns:msxsl=\"urn:schemas-microsoft-com:xslt\">\n\n<head>\n\n<META http-equiv=\"Content-Type\" content=\"text/html\">\n\n<meta http-equiv=\"content-type\" content=\"text/html; charset=UTF-8\">\n\n</head>\n\n<body style=\"margin:0px 0px 0px 0px;overflow:auto;background:#FFFFFF;\">\n\n<table style=\"font-family:Arial,Verdana,Times;font-size:12px;text-align:left;width:100%;border-collapse:collapse;padding:3px 3px 3px 3px\">\n\n<tr style=\"text-align:center;font-weight:bold;background:#9CBCE2\">\n\n<td>ASP 18</td>\n\n</tr>\n\n<tr>\n\n<td>\n\n<table style=\"font-family:Arial,Verdana,Times;font-size:12px;text-align:left;width:100%;border-spacing:0px; padding:3px 3px 3px 3px\">\n\n<tr>\n\n<td>FID</td>\n\n<td>44</td>\n\n</tr>\n\n<tr bgcolor=\"#D4E4F3\">\n\n<td>Talhão</td>\n\n<td>ASP 18</td>\n\n</tr>\n\n<tr>\n\n<td>AREA</td>\n\n<td>0</td>\n\n</tr>\n\n<tr bgcolor=\"#D4E4F3\">\n\n<td>FolderPath</td>\n\n<td>Document/SYMB_PAI_01_Parcels_PD</td>\n\n</tr>\n\n<tr>\n\n<td>SymbolID</td>\n\n<td>0</td>\n\n</tr>\n\n<tr bgcolor=\"#D4E4F3\">\n\n<td>AltMode</td>\n\n<td>0</td>\n\n</tr>\n\n<tr>\n\n<td>Base</td>\n\n<td>0</td>\n\n</tr>\n\n<tr bgcolor=\"#D4E4F3\">\n\n<td>Clamped</td>\n\n<td>-1</td>\n\n</tr>\n\n<tr>\n\n<td>Extruded</td>\n\n<td>0</td>\n\n</tr>\n\n<tr bgcolor=\"#D4E4F3\">\n\n<td>Snippet</td>\n\n<td></td>\n\n</tr>\n\n<tr>\n\n<td>PopupInfo</td>\n\n<td></td>\n\n</tr>\n\n<tr bgcolor=\"#D4E4F3\">\n\n<td>Shape_Leng</td>\n\n<td>0,002572</td>\n\n</tr>\n\n<tr>\n\n<td>Área_ha</td>\n\n<td>0,255609</td>\n\n</tr>\n\n<tr bgcolor=\"#D4E4F3\">\n\n<td>AREA_REDUZ</td>\n\n<td></td>\n\n</tr>\n\n</table>\n\n</td>\n\n</tr>\n\n</table>\n\n</body>\n\n</html>"}},
{"type":"Feature","id":"ID_10045","geometry":{"type":"MultiPolygon","coordinates":[[[[-39.17755433599996,-16.68720488548036,0],[-39.17755682399996,-16.68720457148032,0],[-39.17762067699993,-16.68719228248035,0],[-39.17763465599995,-16.68722716348039,0],[-39.17777689399998,-16.68753056148034,0],[-39.17793071099994,-16.68765345148034,0],[-39.17804181799994,-16.68771282048031,0],[-39.17819858599995,-16.6878036164803,0],[-39.17828169899997,-16.68788357448032,0],[-39.17830850099995,-16.68799898048033,0],[-39.17829540299993,-16.6881879224803,0],[-39.17824120499996,-16.68831337048031,0],[-39.17822381599996,-16.68828015148031,0],[-39.17819449299997,-16.68822375348035,0],[-39.17819414999997,-16.68822312548034,0],[-39.17814483899996,-16.68813690048031,0],[-39.17814429499998,-16.68813602848034,0],[-39.17810834599993,-16.68808202848029,0],[-39.17808749199998,-16.68804555948036,0],[-39.17807255799994,-16.68800574248034,0],[-39.17807116499994,-16.68800286048035,0],[-39.17807055399993,-16.68800191348029,0],[-39.17804222499996,-16.68796079848031,0],[-39.17804153299993,-16.68795985948036,0],[-39.17800873799996,-16.6879182714803,0],[-39.17800832499995,-16.68791776748034,0],[-39.17794844799994,-16.68784718448033,0],[-39.17793478999994,-16.68782590648031,0],[-39.17790498499994,-16.68777947148031,0],[-39.17790456699998,-16.68777884948035,0],[-39.17784934899998,-16.68770021348034,0],[-39.17781425899994,-16.68764159248034,0],[-39.17781376499994,-16.68764081548032,0],[-39.17779459699995,-16.68761226648034,0],[-39.17778392199995,-16.68759580448033,0],[-39.17775254099996,-16.68754741948032,0],[-39.17774137599998,-16.68752914148035,0],[-39.17772347199997,-16.68749982948036,0],[-39.17772314199993,-16.68749930948034,0],[-39.17766714099998,-16.68741432048034,0],[-39.17762046099995,-16.68734606648036,0],[-39.17762022499993,-16.68734572748036,0],[-39.17757978699996,-16.68728940848035,0],[-39.17755575299998,-16.68723222448034,0],[-39.17754453999999,-16.68720408148033,0],[-39.17755099299995,-16.68720480148033,0],[-39.17755266299998,-16.68720491548033,0],[-39.17755433599996,-16.68720488548036,0]]]]},"properties":{"name":"ASP 19","description":"<html xmlns:fo=\"http://www.w3.org/1999/XSL/Format\" xmlns:msxsl=\"urn:schemas-microsoft-com:xslt\">\n\n<head>\n\n<META http-equiv=\"Content-Type\" content=\"text/html\">\n\n<meta http-equiv=\"content-type\" content=\"text/html; charset=UTF-8\">\n\n</head>\n\n<body style=\"margin:0px 0px 0px 0px;overflow:auto;background:#FFFFFF;\">\n\n<table style=\"font-family:Arial,Verdana,Times;font-size:12px;text-align:left;width:100%;border-collapse:collapse;padding:3px 3px 3px 3px\">\n\n<tr style=\"text-align:center;font-weight:bold;background:#9CBCE2\">\n\n<td>ASP 19</td>\n\n</tr>\n\n<tr>\n\n<td>\n\n<table style=\"font-family:Arial,Verdana,Times;font-size:12px;text-align:left;width:100%;border-spacing:0px; padding:3px 3px 3px 3px\">\n\n<tr>\n\n<td>FID</td>\n\n<td>45</td>\n\n</tr>\n\n<tr bgcolor=\"#D4E4F3\">\n\n<td>Talhão</td>\n\n<td>ASP 19</td>\n\n</tr>\n\n<tr>\n\n<td>AREA</td>\n\n<td>0</td>\n\n</tr>\n\n<tr bgcolor=\"#D4E4F3\">\n\n<td>FolderPath</td>\n\n<td>Document/SYMB_PAI_01_Parcels_PD</td>\n\n</tr>\n\n<tr>\n\n<td>SymbolID</td>\n\n<td>0</td>\n\n</tr>\n\n<tr bgcolor=\"#D4E4F3\">\n\n<td>AltMode</td>\n\n<td>0</td>\n\n</tr>\n\n<tr>\n\n<td>Base</td>\n\n<td>0</td>\n\n</tr>\n\n<tr bgcolor=\"#D4E4F3\">\n\n<td>Clamped</td>\n\n<td>-1</td>\n\n</tr>\n\n<tr>\n\n<td>Extruded</td>\n\n<td>0</td>\n\n</tr>\n\n<tr bgcolor=\"#D4E4F3\">\n\n<td>Snippet</td>\n\n<td></td>\n\n</tr>\n\n<tr>\n\n<td>PopupInfo</td>\n\n<td></td>\n\n</tr>\n\n<tr bgcolor=\"#D4E4F3\">\n\n<td>Shape_Leng</td>\n\n<td>0,002828</td>\n\n</tr>\n\n<tr>\n\n<td>Área_ha</td>\n\n<td>0,184463</td>\n\n</tr>\n\n<tr bgcolor=\"#D4E4F3\">\n\n<td>AREA_REDUZ</td>\n\n<td></td>\n\n</tr>\n\n</table>\n\n</td>\n\n</tr>\n\n</table>\n\n</body>\n\n</html>"}},
{"type":"Feature","id":"ID_10046","geometry":{"type":"MultiPolygon","coordinates":[[[[-39.17075189799993,-16.68682671748036,0],[-39.17075301999995,-16.68682636148037,0],[-39.17075596299998,-16.68682503748035,0],[-39.17080498099995,-16.68679778148034,0],[-39.17083777799997,-16.68677978648039,0],[-39.17084051199998,-16.68677794548034,0],[-39.17084258699998,-16.68677597848036,0],[-39.17087239999995,-16.68674298248034,0],[-39.17097188399998,-16.68665470148036,0],[-39.17101723099995,-16.68662412148036,0],[-39.17105016999994,-16.68660490548037,0],[-39.17108042699994,-16.68659692448035,0],[-39.17111412099996,-16.68658791248039,0],[-39.17114196199998,-16.68658453548035,0],[-39.17119048499996,-16.68658166048035,0],[-39.17119233699997,-16.68658146148035,0],[-39.17126169899995,-16.68657061848036,0],[-39.17126267099997,-16.68657043548036,0],[-39.17131923999995,-16.68655819048037,0],[-39.17132018099994,-16.68655796148035,0],[-39.17139604399996,-16.68653751448035,0],[-39.17148865399997,-16.68651047648037,0],[-39.17149103099996,-16.68650960848033,0],[-39.17149326499998,-16.68650843848037,0],[-39.17149531399997,-16.68650698848036,0],[-39.17151952099994,-16.68648721148039,0],[-39.17152177199995,-16.68648502948039,0],[-39.17152278899994,-16.68648374748036,0],[-39.17152889099998,-16.68647529548039,0],[-39.17153968899999,-16.68648765548036,0],[-39.17154020999993,-16.68648822748039,0],[-39.17160038399993,-16.68655149448036,0],[-39.17163291799994,-16.68658663748035,0],[-39.17166610199996,-16.68662248148037,0],[-39.17166705099993,-16.68662343448035,0],[-39.17168476099994,-16.68663995648036,0],[-39.17172825299997,-16.68668053448036,0],[-39.17176486699998,-16.68671752448036,0],[-39.17180799499994,-16.68676670248034,0],[-39.17181480299995,-16.68677446648036,0],[-39.17181564099997,-16.68677536048035,0],[-39.17184113399998,-16.68680078648039,0],[-39.17186662699993,-16.68682621148038,0],[-39.17190896999995,-16.68686755148038,0],[-39.17190916899995,-16.68686774248035,0],[-39.17140439799994,-16.68685226548036,0],[-39.17092304799996,-16.68684184748037,0],[-39.17088685599998,-16.68685641648035,0],[-39.17060365899994,-16.68698995148038,0],[-39.17055159599993,-16.68704620248037,0],[-39.17051567599998,-16.68711798548037,0],[-39.17032402599994,-16.68724747848035,0],[-39.16994136599993,-16.68728331148037,0],[-39.16994210699994,-16.68728113448037,0],[-39.16994255399993,-16.68727888348036,0],[-39.16994270199996,-16.68727659548034,0],[-39.16994268099995,-16.68725208048033,0],[-39.16994239299999,-16.68724894148032,0],[-39.16994214499994,-16.68724780848032,0],[-39.16993934299995,-16.68723674848036,0],[-39.16993654199996,-16.68722568848034,0],[-39.16993594099995,-16.68722377948035,0],[-39.16993455999994,-16.68722092848037,0],[-39.16992523799995,-16.68720538648035,0],[-39.16992323199997,-16.68720266248033,0],[-39.16991006399996,-16.68718818148033,0],[-39.16990900499997,-16.68718710748033,0],[-39.16988851499997,-16.68716799048035,0],[-39.16988736799993,-16.68716700548038,0],[-39.16986487299994,-16.68714956948037,0],[-39.16986329499997,-16.68714847148033,0],[-39.16983163799995,-16.68712876448035,0],[-39.16983100099998,-16.68712838448033,0],[-39.16980049799997,-16.68711101948037,0],[-39.16979894799993,-16.68711023948037,0],[-39.16976173999996,-16.68709358148033,0],[-39.16973904399998,-16.68708130048037,0],[-39.16971420299996,-16.68706583748037,0],[-39.16971339199995,-16.68706535848036,0],[-39.16971192299997,-16.68706462448035,0],[-39.16964772599994,-16.68703591248033,0],[-39.16959576899995,-16.68701370548035,0],[-39.16956717599994,-16.68699369848036,0],[-39.16955859099994,-16.68698176848034,0],[-39.16955833399993,-16.68697734848036,0],[-39.16956076899992,-16.68697722248033,0],[-39.16956319499997,-16.68697694448037,0],[-39.16956555999997,-16.68697636448036,0],[-39.16956782899996,-16.68697549448035,0],[-39.16959758399997,-16.68696184248035,0],[-39.16969412499998,-16.68691770748036,0],[-39.16982280099996,-16.68687484848034,0],[-39.16989897699995,-16.68686754648036,0],[-39.16994719799993,-16.68686750748038,0],[-39.16998433599997,-16.68686882748035,0],[-39.17001446399996,-16.68687614048038,0],[-39.17001480199997,-16.68687629648037,0],[-39.17004073099997,-16.68688830348038,0],[-39.17007693699998,-16.68691801548034,0],[-39.17007920799995,-16.68691959948035,0],[-39.17014624599994,-16.68695936748038,0],[-39.17014672099998,-16.68695963948034,0],[-39.17019958499998,-16.68698893048037,0],[-39.17025445399997,-16.68702174248034,0],[-39.17025547399992,-16.68702230948037,0],[-39.17025761399998,-16.68702325548038,0],[-39.17025872599993,-16.68702362848034,0],[-39.17029893799997,-16.68703579448033,0],[-39.17030131399997,-16.68703635148035,0],[-39.17030412599996,-16.68703661848036,0],[-39.17033539499994,-16.68703730948033,0],[-39.17033697399995,-16.68703728148035,0],[-39.17033893499996,-16.68703706548036,0],[-39.17034086099994,-16.68703665048037,0],[-39.17036765599993,-16.68702945448036,0],[-39.17036904999998,-16.68702902248038,0],[-39.17037102299997,-16.68702820248036,0],[-39.17039483599995,-16.68701670248032,0],[-39.17039582599995,-16.68701618848036,0],[-39.17039627799994,-16.68701592748034,0],[-39.17043512899994,-16.68699283748037,0],[-39.17052085699993,-16.68693957248036,0],[-39.17052147399994,-16.68693917248032,0],[-39.17059248799995,-16.68689110348033,0],[-39.17067247599994,-16.68685276048037,0],[-39.17069021099996,-16.68684425948033,0],[-39.17075189799993,-16.68682671748036,0]]]]},"properties":{"name":"ASP 20","description":"<html xmlns:fo=\"http://www.w3.org/1999/XSL/Format\" xmlns:msxsl=\"urn:schemas-microsoft-com:xslt\">\n\n<head>\n\n<META http-equiv=\"Content-Type\" content=\"text/html\">\n\n<meta http-equiv=\"content-type\" content=\"text/html; charset=UTF-8\">\n\n</head>\n\n<body style=\"margin:0px 0px 0px 0px;overflow:auto;background:#FFFFFF;\">\n\n<table style=\"font-family:Arial,Verdana,Times;font-size:12px;text-align:left;width:100%;border-collapse:collapse;padding:3px 3px 3px 3px\">\n\n<tr style=\"text-align:center;font-weight:bold;background:#9CBCE2\">\n\n<td>ASP 20</td>\n\n</tr>\n\n<tr>\n\n<td>\n\n<table style=\"font-family:Arial,Verdana,Times;font-size:12px;text-align:left;width:100%;border-spacing:0px; padding:3px 3px 3px 3px\">\n\n<tr>\n\n<td>FID</td>\n\n<td>46</td>\n\n</tr>\n\n<tr bgcolor=\"#D4E4F3\">\n\n<td>Talhão</td>\n\n<td>ASP 20</td>\n\n</tr>\n\n<tr>\n\n<td>AREA</td>\n\n<td>1</td>\n\n</tr>\n\n<tr bgcolor=\"#D4E4F3\">\n\n<td>FolderPath</td>\n\n<td>Document/SYMB_PAI_01_Parcels_PD</td>\n\n</tr>\n\n<tr>\n\n<td>SymbolID</td>\n\n<td>0</td>\n\n</tr>\n\n<tr bgcolor=\"#D4E4F3\">\n\n<td>AltMode</td>\n\n<td>0</td>\n\n</tr>\n\n<tr>\n\n<td>Base</td>\n\n<td>0</td>\n\n</tr>\n\n<tr bgcolor=\"#D4E4F3\">\n\n<td>Clamped</td>\n\n<td>-1</td>\n\n</tr>\n\n<tr>\n\n<td>Extruded</td>\n\n<td>0</td>\n\n</tr>\n\n<tr bgcolor=\"#D4E4F3\">\n\n<td>Snippet</td>\n\n<td></td>\n\n</tr>\n\n<tr>\n\n<td>PopupInfo</td>\n\n<td></td>\n\n</tr>\n\n<tr bgcolor=\"#D4E4F3\">\n\n<td>Shape_Leng</td>\n\n<td>0,005368</td>\n\n</tr>\n\n<tr>\n\n<td>Área_ha</td>\n\n<td>0,59995</td>\n\n</tr>\n\n<tr bgcolor=\"#D4E4F3\">\n\n<td>AREA_REDUZ</td>\n\n<td></td>\n\n</tr>\n\n</table>\n\n</td>\n\n</tr>\n\n</table>\n\n</body>\n\n</html>"}},
{"type":"Feature","id":"ID_10047","geometry":{"type":"MultiPolygon","coordinates":[[[[-39.18168106599996,-16.6893591654803,0],[-39.18172996399994,-16.68896616348031,0],[-39.18155833699996,-16.6882460964803,0],[-39.18108326699996,-16.68755811448033,0],[-39.18076039899995,-16.68694210048035,0],[-39.18116842299998,-16.68665356448038,0],[-39.18167633499996,-16.68635691248037,0],[-39.18169797899998,-16.68633599748038,0],[-39.18169740499997,-16.68636864048036,0],[-39.18169238899998,-16.68665364948039,0],[-39.18169181299993,-16.68668645848034,0],[-39.18168946399992,-16.68681986748033,0],[-39.18169148899995,-16.68689977148035,0],[-39.18169712299994,-16.68712209848035,0],[-39.18169996799998,-16.68723435348033,0],[-39.18170118499995,-16.68728236648036,0],[-39.18170478399998,-16.68742439348034,0],[-39.18170853099997,-16.68757228048036,0],[-39.18170864699994,-16.68757686548036,0],[-39.18170882599998,-16.68758390948033,0],[-39.18171120799997,-16.68767792948034,0],[-39.18171126599998,-16.68768021648035,0],[-39.18171177599993,-16.68768348148033,0],[-39.18171539099995,-16.68770666348033,0],[-39.18172809499998,-16.68778811148034,0],[-39.18174643599997,-16.68790570048034,0],[-39.18174990499995,-16.68792794248035,0],[-39.18179798399996,-16.68823618848032,0],[-39.18180218599997,-16.68826312648033,0],[-39.18183075299992,-16.6884462794803,0],[-39.18183424799997,-16.68846868148031,0],[-39.18197104199993,-16.68917162448031,0],[-39.18200428199998,-16.68934243248031,0],[-39.18200940699995,-16.68936877048032,0],[-39.18202256599994,-16.68943639148027,0],[-39.18202560799995,-16.68945202048029,0],[-39.18212061799994,-16.68994024448027,0],[-39.18211900199998,-16.68993918748029,0],[-39.18211054099993,-16.68994283248029,0],[-39.18207001399998,-16.68995181148027,0],[-39.18202299299997,-16.68995665948027,0],[-39.18195399899997,-16.68995671948025,0],[-39.18195301299994,-16.68995674548027,0],[-39.18191765199998,-16.68995857048029,0],[-39.18188229099997,-16.68996039548026,0],[-39.18188001899995,-16.68996064748027,0],[-39.18187937299997,-16.68996076948029,0],[-39.18184438899993,-16.68996797448025,0],[-39.18184206899997,-16.68996860548029,0],[-39.18183985199994,-16.68996951748024,0],[-39.18183777499996,-16.68997069648029,0],[-39.18181470899998,-16.6899857844803,0],[-39.18181294899995,-16.68998708848025,0],[-39.18181136099997,-16.68998858348025,0],[-39.18180996899997,-16.68999024948026,0],[-39.18179881599997,-16.69000532748024,0],[-39.18179736599996,-16.69000763348025,0],[-39.18179628799993,-16.69001012348028,0],[-39.18179560699998,-16.6900127404803,0],[-39.18177936399996,-16.68998722648027,0],[-39.18168106599996,-16.6893591654803,0]]]]},"properties":{"name":"ASP 21","description":"<html xmlns:fo=\"http://www.w3.org/1999/XSL/Format\" xmlns:msxsl=\"urn:schemas-microsoft-com:xslt\">\n\n<head>\n\n<META http-equiv=\"Content-Type\" content=\"text/html\">\n\n<meta http-equiv=\"content-type\" content=\"text/html; charset=UTF-8\">\n\n</head>\n\n<body style=\"margin:0px 0px 0px 0px;overflow:auto;background:#FFFFFF;\">\n\n<table style=\"font-family:Arial,Verdana,Times;font-size:12px;text-align:left;width:100%;border-collapse:collapse;padding:3px 3px 3px 3px\">\n\n<tr style=\"text-align:center;font-weight:bold;background:#9CBCE2\">\n\n<td>ASP 21</td>\n\n</tr>\n\n<tr>\n\n<td>\n\n<table style=\"font-family:Arial,Verdana,Times;font-size:12px;text-align:left;width:100%;border-spacing:0px; padding:3px 3px 3px 3px\">\n\n<tr>\n\n<td>FID</td>\n\n<td>47</td>\n\n</tr>\n\n<tr bgcolor=\"#D4E4F3\">\n\n<td>Talhão</td>\n\n<td>ASP 21</td>\n\n</tr>\n\n<tr>\n\n<td>AREA</td>\n\n<td>2</td>\n\n</tr>\n\n<tr bgcolor=\"#D4E4F3\">\n\n<td>FolderPath</td>\n\n<td>Document/SYMB_PAI_01_Parcels_PD</td>\n\n</tr>\n\n<tr>\n\n<td>SymbolID</td>\n\n<td>0</td>\n\n</tr>\n\n<tr bgcolor=\"#D4E4F3\">\n\n<td>AltMode</td>\n\n<td>0</td>\n\n</tr>\n\n<tr>\n\n<td>Base</td>\n\n<td>0</td>\n\n</tr>\n\n<tr bgcolor=\"#D4E4F3\">\n\n<td>Clamped</td>\n\n<td>-1</td>\n\n</tr>\n\n<tr>\n\n<td>Extruded</td>\n\n<td>0</td>\n\n</tr>\n\n<tr bgcolor=\"#D4E4F3\">\n\n<td>Snippet</td>\n\n<td></td>\n\n</tr>\n\n<tr>\n\n<td>PopupInfo</td>\n\n<td></td>\n\n</tr>\n\n<tr bgcolor=\"#D4E4F3\">\n\n<td>Shape_Leng</td>\n\n<td>0,008441</td>\n\n</tr>\n\n<tr>\n\n<td>Área_ha</td>\n\n<td>1,802459</td>\n\n</tr>\n\n<tr bgcolor=\"#D4E4F3\">\n\n<td>AREA_REDUZ</td>\n\n<td></td>\n\n</tr>\n\n</table>\n\n</td>\n\n</tr>\n\n</table>\n\n</body>\n\n</html>"}},
{"type":"Feature","id":"ID_10048","geometry":{"type":"MultiPolygon","coordinates":[[[[-39.17224009599994,-16.68713768448037,0],[-39.17222395399995,-16.68704898048038,0],[-39.17222336799995,-16.68704667248034,0],[-39.17222247099994,-16.68704445748034,0],[-39.17222128099996,-16.68704237548036,0],[-39.17220835099994,-16.68702290148037,0],[-39.17220691099993,-16.68702101248033,0],[-39.17220590299996,-16.68701994748034,0],[-39.17218951099994,-16.68700393648032,0],[-39.17218820399995,-16.68700277448034,0],[-39.17218682299995,-16.68700176048037,0],[-39.17217068299994,-16.68699101148036,0],[-39.17216828799997,-16.68698965648038,0],[-39.17216571199999,-16.68698865848035,0],[-39.17214783899993,-16.68698317248034,0],[-39.17214674399997,-16.68698287048035,0],[-39.17213011399998,-16.68697881748034,0],[-39.17212875999996,-16.68697853848033,0],[-39.17210766199997,-16.68697496948034,0],[-39.17210440299993,-16.68697469748037,0],[-39.17207908999995,-16.68697471848038,0],[-39.17206352099998,-16.68697473148036,0],[-39.17205089999993,-16.68697271548035,0],[-39.17204532899995,-16.68697137748035,0],[-39.17203732699994,-16.68695517848034,0],[-39.17203662799994,-16.68695389648037,0],[-39.17203557399995,-16.68695233348036,0],[-39.17202253099998,-16.68693500248038,0],[-39.17202225799997,-16.68693464948036,0],[-39.17200238199996,-16.68690955248037,0],[-39.17200175299995,-16.68690880048035,0],[-39.17198242399996,-16.68688720348036,0],[-39.17198147299996,-16.68688621748033,0],[-39.17193557199994,-16.68684205348036,0],[-39.17189345799995,-16.68680093748038,0],[-39.17187224199996,-16.68677977848036,0],[-39.17184304999995,-16.68675066248034,0],[-39.17179315299995,-16.68669376448037,0],[-39.17179239899997,-16.68669295548035,0],[-39.17175514199994,-16.68665531548034,0],[-39.17175461599993,-16.68665480548038,0],[-39.17169363599993,-16.68659791148038,0],[-39.17162818499997,-16.68652721548036,0],[-39.17156813099996,-16.68646407148039,0],[-39.17155886499995,-16.68645346548035,0],[-39.17158767399997,-16.68644293248038,0],[-39.17189125499993,-16.68638700648037,0],[-39.17189416399998,-16.68638623248037,0],[-39.17189459899998,-16.68638607348034,0],[-39.17206849799993,-16.68632015548038,0],[-39.17207102599997,-16.68631897948038,0],[-39.17207357399997,-16.68631727148036,0],[-39.17218076599993,-16.68623198348039,0],[-39.17218313999996,-16.6862297024804,0],[-39.17218430699995,-16.6862282094804,0],[-39.17222990999994,-16.68616311548034,0],[-39.17223138999998,-16.68616058748037,0],[-39.17223242899996,-16.68615786348036,0],[-39.17226184899994,-16.68605639548039,0],[-39.17231663499996,-16.68592344948039,0],[-39.17232779699998,-16.68592772248039,0],[-39.17254861499999,-16.68628768448038,0],[-39.17233590399997,-16.68718754648035,0],[-39.17225789799994,-16.68721545748037,0],[-39.17224009599994,-16.68713768448037,0]]]]},"properties":{"name":"ASP 22","description":"<html xmlns:fo=\"http://www.w3.org/1999/XSL/Format\" xmlns:msxsl=\"urn:schemas-microsoft-com:xslt\">\n\n<head>\n\n<META http-equiv=\"Content-Type\" content=\"text/html\">\n\n<meta http-equiv=\"content-type\" content=\"text/html; charset=UTF-8\">\n\n</head>\n\n<body style=\"margin:0px 0px 0px 0px;overflow:auto;background:#FFFFFF;\">\n\n<table style=\"font-family:Arial,Verdana,Times;font-size:12px;text-align:left;width:100%;border-collapse:collapse;padding:3px 3px 3px 3px\">\n\n<tr style=\"text-align:center;font-weight:bold;background:#9CBCE2\">\n\n<td>ASP 22</td>\n\n</tr>\n\n<tr>\n\n<td>\n\n<table style=\"font-family:Arial,Verdana,Times;font-size:12px;text-align:left;width:100%;border-spacing:0px; padding:3px 3px 3px 3px\">\n\n<tr>\n\n<td>FID</td>\n\n<td>48</td>\n\n</tr>\n\n<tr bgcolor=\"#D4E4F3\">\n\n<td>Talhão</td>\n\n<td>ASP 22</td>\n\n</tr>\n\n<tr>\n\n<td>AREA</td>\n\n<td>1</td>\n\n</tr>\n\n<tr bgcolor=\"#D4E4F3\">\n\n<td>FolderPath</td>\n\n<td>Document/SYMB_PAI_01_Parcels_PD</td>\n\n</tr>\n\n<tr>\n\n<td>SymbolID</td>\n\n<td>0</td>\n\n</tr>\n\n<tr bgcolor=\"#D4E4F3\">\n\n<td>AltMode</td>\n\n<td>0</td>\n\n</tr>\n\n<tr>\n\n<td>Base</td>\n\n<td>0</td>\n\n</tr>\n\n<tr bgcolor=\"#D4E4F3\">\n\n<td>Clamped</td>\n\n<td>-1</td>\n\n</tr>\n\n<tr>\n\n<td>Extruded</td>\n\n<td>0</td>\n\n</tr>\n\n<tr bgcolor=\"#D4E4F3\">\n\n<td>Snippet</td>\n\n<td></td>\n\n</tr>\n\n<tr>\n\n<td>PopupInfo</td>\n\n<td></td>\n\n</tr>\n\n<tr bgcolor=\"#D4E4F3\">\n\n<td>Shape_Leng</td>\n\n<td>0,003543</td>\n\n</tr>\n\n<tr>\n\n<td>Área_ha</td>\n\n<td>0,638012</td>\n\n</tr>\n\n<tr bgcolor=\"#D4E4F3\">\n\n<td>AREA_REDUZ</td>\n\n<td></td>\n\n</tr>\n\n</table>\n\n</td>\n\n</tr>\n\n</table>\n\n</body>\n\n</html>"}},
{"type":"Feature","id":"ID_10049","geometry":{"type":"MultiPolygon","coordinates":[[[[-39.17101747899994,-16.68587308148038,0],[-39.17103008699997,-16.6858932954804,0],[-39.17104685599998,-16.68592017948041,0],[-39.17103952099995,-16.68592409048037,0],[-39.17097741899994,-16.68595719748035,0],[-39.17094749799998,-16.68597357148038,0],[-39.17094475499994,-16.68597541748037,0],[-39.17094436499997,-16.68597574348039,0],[-39.17091639999995,-16.68599969548038,0],[-39.17087186999998,-16.68601462648039,0],[-39.17084096799994,-16.68602287048041,0],[-39.17083041799998,-16.68602568448038,0],[-39.17078439999995,-16.68603212448036,0],[-39.17068912799994,-16.68603595148038,0],[-39.17059899199995,-16.68602995448041,0],[-39.17054532399994,-16.68601992948036,0],[-39.17050486399995,-16.6860065034804,0],[-39.17050184299995,-16.68600576548036,0],[-39.17047984799995,-16.68600240948039,0],[-39.17047689999998,-16.68600218848039,0],[-39.17047579799998,-16.6860022204804,0],[-39.17044204999996,-16.68600416248038,0],[-39.17043979499994,-16.68600442448039,0],[-39.17040793699994,-16.68601020848038,0],[-39.17036823799998,-16.68601741748038,0],[-39.17036686199998,-16.68601771848038,0],[-39.17027067699996,-16.68604252448037,0],[-39.17024644499998,-16.68604721548039,0],[-39.17024364499997,-16.68604798048036,0],[-39.17022240199998,-16.68605561948035,0],[-39.17018621599993,-16.68606807448041,0],[-39.17018458299998,-16.68606872848038,0],[-39.16999950399997,-16.68615285848037,0],[-39.16993969499998,-16.6861763494804,0],[-39.16988242599996,-16.6861933834804,0],[-39.16988152799996,-16.68619367548038,0],[-39.16987997399998,-16.68619429948038,0],[-39.16985566299996,-16.68620532148041,0],[-39.16985297499997,-16.68620681348037,0],[-39.16985057799997,-16.68620871348039,0],[-39.16983421399993,-16.68622403348038,0],[-39.16983290399997,-16.68622539248039,0],[-39.16983230099999,-16.68622612348039,0],[-39.16981290199993,-16.68625094148038,0],[-39.16980734799995,-16.68625702248036,0],[-39.16976671799995,-16.68630150548037,0],[-39.16972088399996,-16.68633285348037,0],[-39.16971966999995,-16.68633375748034,0],[-39.16971819099996,-16.68633509348038,0],[-39.16969488499996,-16.68635855148035,0],[-39.16969405299995,-16.6863594464804,0],[-39.16969307299996,-16.68636067948036,0],[-39.16967671299994,-16.68638317548036,0],[-39.16967511999997,-16.68638581448034,0],[-39.16967401199997,-16.6863886754804,0],[-39.16965273499994,-16.68646188248036,0],[-39.16965259499995,-16.68646238848034,0],[-39.16964369199996,-16.68649683748039,0],[-39.16964352399998,-16.68649754848038,0],[-39.16963818799996,-16.68652243548037,0],[-39.16963169799993,-16.68654628648035,0],[-39.16962107199998,-16.68656149948039,0],[-39.16960797399997,-16.6865702554804,0],[-39.16959707199993,-16.68657215048037,0],[-39.16958859699997,-16.68656968248036,0],[-39.16957460699996,-16.68655859748038,0],[-39.16957199699993,-16.68655686448036,0],[-39.16953866499995,-16.68653867948036,0],[-39.16953646299993,-16.68653765448034,0],[-39.16950220599995,-16.68652428948038,0],[-39.16950156799993,-16.68652405348037,0],[-39.16949962899997,-16.68652348748039,0],[-39.16944105099998,-16.6865096624804,0],[-39.16943983099998,-16.68650941548039,0],[-39.16943934399995,-16.68650933948034,0],[-39.16937282899994,-16.68649982648039,0],[-39.16937112299996,-16.68649965848035,0],[-39.16932876699997,-16.68649737448034,0],[-39.16928189499999,-16.68648837848037,0],[-39.16924202399997,-16.68647406448038,0],[-39.16923879099995,-16.6864732254804,0],[-39.16923692899996,-16.68647300148037,0],[-39.16920367399996,-16.68647063648037,0],[-39.16920227899993,-16.68647058848036,0],[-39.16920089199994,-16.68647063948039,0],[-39.16917409299998,-16.68647257448039,0],[-39.16917222199994,-16.68647280148038,0],[-39.16917054499993,-16.68647316548034,0],[-39.16915416999996,-16.68647748348038,0],[-39.16915268999998,-16.68647793748035,0],[-39.16915027799996,-16.6864789764804,0],[-39.16913539599994,-16.68648664248038,0],[-39.16913274699994,-16.68648829648039,0],[-39.16913042299996,-16.68649035648038,0],[-39.16912849099998,-16.68649276148036,0],[-39.16911659499993,-16.68651047048036,0],[-39.16911537599998,-16.68651258048034,0],[-39.16911446099994,-16.68651482948038,0],[-39.16910753099995,-16.68653588348038,0],[-39.16910720999994,-16.68653697948039,0],[-39.16910176799996,-16.68655803148035,0],[-39.16910135999995,-16.68656013748036,0],[-39.16910121299998,-16.68656227448038,0],[-39.16910132899994,-16.68656441448038,0],[-39.16910434199997,-16.68659035348039,0],[-39.16910985399995,-16.68663303248037,0],[-39.16910999799995,-16.68663395448036,0],[-39.16911084799994,-16.68663700048036,0],[-39.16913379399994,-16.68669754248039,0],[-39.16914647499993,-16.68675372448036,0],[-39.16914703499998,-16.68675567348039,0],[-39.16916146399996,-16.68679679948037,0],[-39.16916237299995,-16.68679893548035,0],[-39.16916355799998,-16.68680094048035,0],[-39.16916500099995,-16.68680278348035,0],[-39.16917272299998,-16.68681127548036,0],[-39.16916403299996,-16.68681861748036,0],[-39.16842079099996,-16.68687674448035,0],[-39.16844495799995,-16.68662722648038,0],[-39.16861311799994,-16.68638184848034,0],[-39.16917818999998,-16.68627964448038,0],[-39.16919615599994,-16.6860717244804,0],[-39.16951930099998,-16.68604483748035,0],[-39.17101747899994,-16.68587308148038,0]]]]},"properties":{"name":"ASP 23","description":"<html xmlns:fo=\"http://www.w3.org/1999/XSL/Format\" xmlns:msxsl=\"urn:schemas-microsoft-com:xslt\">\n\n<head>\n\n<META http-equiv=\"Content-Type\" content=\"text/html\">\n\n<meta http-equiv=\"content-type\" content=\"text/html; charset=UTF-8\">\n\n</head>\n\n<body style=\"margin:0px 0px 0px 0px;overflow:auto;background:#FFFFFF;\">\n\n<table style=\"font-family:Arial,Verdana,Times;font-size:12px;text-align:left;width:100%;border-collapse:collapse;padding:3px 3px 3px 3px\">\n\n<tr style=\"text-align:center;font-weight:bold;background:#9CBCE2\">\n\n<td>ASP 23</td>\n\n</tr>\n\n<tr>\n\n<td>\n\n<table style=\"font-family:Arial,Verdana,Times;font-size:12px;text-align:left;width:100%;border-spacing:0px; padding:3px 3px 3px 3px\">\n\n<tr>\n\n<td>FID</td>\n\n<td>49</td>\n\n</tr>\n\n<tr bgcolor=\"#D4E4F3\">\n\n<td>Talhão</td>\n\n<td>ASP 23</td>\n\n</tr>\n\n<tr>\n\n<td>AREA</td>\n\n<td>1</td>\n\n</tr>\n\n<tr bgcolor=\"#D4E4F3\">\n\n<td>FolderPath</td>\n\n<td>Document/SYMB_PAI_01_Parcels_PD</td>\n\n</tr>\n\n<tr>\n\n<td>SymbolID</td>\n\n<td>0</td>\n\n</tr>\n\n<tr bgcolor=\"#D4E4F3\">\n\n<td>AltMode</td>\n\n<td>0</td>\n\n</tr>\n\n<tr>\n\n<td>Base</td>\n\n<td>0</td>\n\n</tr>\n\n<tr bgcolor=\"#D4E4F3\">\n\n<td>Clamped</td>\n\n<td>-1</td>\n\n</tr>\n\n<tr>\n\n<td>Extruded</td>\n\n<td>0</td>\n\n</tr>\n\n<tr bgcolor=\"#D4E4F3\">\n\n<td>Snippet</td>\n\n<td></td>\n\n</tr>\n\n<tr>\n\n<td>PopupInfo</td>\n\n<td></td>\n\n</tr>\n\n<tr bgcolor=\"#D4E4F3\">\n\n<td>Shape_Leng</td>\n\n<td>0,006532</td>\n\n</tr>\n\n<tr>\n\n<td>Área_ha</td>\n\n<td>0,874634</td>\n\n</tr>\n\n<tr bgcolor=\"#D4E4F3\">\n\n<td>AREA_REDUZ</td>\n\n<td></td>\n\n</tr>\n\n</table>\n\n</td>\n\n</tr>\n\n</table>\n\n</body>\n\n</html>"}},
{"type":"Feature","id":"ID_10050","geometry":{"type":"MultiPolygon","coordinates":[[[[-39.16995285099995,-16.68365466848046,0],[-39.16970135999998,-16.68330253948044,0],[-39.16969585999993,-16.68329901448043,0],[-39.16971865799997,-16.68326597648046,0],[-39.16999203499995,-16.68285974748046,0],[-39.17001151999995,-16.68288323648045,0],[-39.17026694699997,-16.68324354048046,0],[-39.17028473299996,-16.68326862948043,0],[-39.17022241199993,-16.68331913048047,0],[-39.17022010299996,-16.68332136048047,0],[-39.17021832699993,-16.68332379648045,0],[-39.17019299299994,-16.68336438548042,0],[-39.17009714099999,-16.68351794848045,0],[-39.17001318899997,-16.68356087548044,0],[-39.17001258699997,-16.68356119648046,0],[-39.17000990999998,-16.68356300648047,0],[-39.17000759999997,-16.68356523748047,0],[-39.17000572699992,-16.68356782048043,0],[-39.17000528599993,-16.68356860348045,0],[-39.16995814999996,-16.68365728448046,0],[-39.16995285099995,-16.68365466848046,0]]]]},"properties":{"name":"ASP 24","description":"<html xmlns:fo=\"http://www.w3.org/1999/XSL/Format\" xmlns:msxsl=\"urn:schemas-microsoft-com:xslt\">\n\n<head>\n\n<META http-equiv=\"Content-Type\" content=\"text/html\">\n\n<meta http-equiv=\"content-type\" content=\"text/html; charset=UTF-8\">\n\n</head>\n\n<body style=\"margin:0px 0px 0px 0px;overflow:auto;background:#FFFFFF;\">\n\n<table style=\"font-family:Arial,Verdana,Times;font-size:12px;text-align:left;width:100%;border-collapse:collapse;padding:3px 3px 3px 3px\">\n\n<tr style=\"text-align:center;font-weight:bold;background:#9CBCE2\">\n\n<td>ASP 24</td>\n\n</tr>\n\n<tr>\n\n<td>\n\n<table style=\"font-family:Arial,Verdana,Times;font-size:12px;text-align:left;width:100%;border-spacing:0px; padding:3px 3px 3px 3px\">\n\n<tr>\n\n<td>FID</td>\n\n<td>50</td>\n\n</tr>\n\n<tr bgcolor=\"#D4E4F3\">\n\n<td>Talhão</td>\n\n<td>ASP 24</td>\n\n</tr>\n\n<tr>\n\n<td>AREA</td>\n\n<td>0</td>\n\n</tr>\n\n<tr bgcolor=\"#D4E4F3\">\n\n<td>FolderPath</td>\n\n<td>Document/SYMB_PAI_01_Parcels_PD</td>\n\n</tr>\n\n<tr>\n\n<td>SymbolID</td>\n\n<td>0</td>\n\n</tr>\n\n<tr bgcolor=\"#D4E4F3\">\n\n<td>AltMode</td>\n\n<td>0</td>\n\n</tr>\n\n<tr>\n\n<td>Base</td>\n\n<td>0</td>\n\n</tr>\n\n<tr bgcolor=\"#D4E4F3\">\n\n<td>Clamped</td>\n\n<td>-1</td>\n\n</tr>\n\n<tr>\n\n<td>Extruded</td>\n\n<td>0</td>\n\n</tr>\n\n<tr bgcolor=\"#D4E4F3\">\n\n<td>Snippet</td>\n\n<td></td>\n\n</tr>\n\n<tr>\n\n<td>PopupInfo</td>\n\n<td></td>\n\n</tr>\n\n<tr bgcolor=\"#D4E4F3\">\n\n<td>Shape_Leng</td>\n\n<td>0,001999</td>\n\n</tr>\n\n<tr>\n\n<td>Área_ha</td>\n\n<td>0,274688</td>\n\n</tr>\n\n<tr bgcolor=\"#D4E4F3\">\n\n<td>AREA_REDUZ</td>\n\n<td></td>\n\n</tr>\n\n</table>\n\n</td>\n\n</tr>\n\n</table>\n\n</body>\n\n</html>"}},
{"type":"Feature","id":"ID_10051","geometry":{"type":"MultiPolygon","coordinates":[[[[-39.17697626299998,-16.69132853348026,0],[-39.17662932599996,-16.69159067848022,0],[-39.17619168299996,-16.69193590148022,0],[-39.17618147999998,-16.69191990748019,0],[-39.17620201199998,-16.69179155248024,0],[-39.17622981999995,-16.69177057548021,0],[-39.17621894199993,-16.69170455248022,0],[-39.17634312199993,-16.69154809248022,0],[-39.17639931599996,-16.69151198448026,0],[-39.17648346599998,-16.69128770848022,0],[-39.17651955399997,-16.69117091948022,0],[-39.17654019999998,-16.69117923548026,0],[-39.17654160499995,-16.69118138748025,0],[-39.17654331099993,-16.69118332848024,0],[-39.17658007199998,-16.69121965248024,0],[-39.17658210399998,-16.69122138848025,0],[-39.17658437499995,-16.69122282548024,0],[-39.17658683799993,-16.69122392948026,0],[-39.17662867499996,-16.69123924748022,0],[-39.17662919999998,-16.69123942748024,0],[-39.17668778399997,-16.69125851148022,0],[-39.17668970499994,-16.69125902948025,0],[-39.17674744599998,-16.69127144948021,0],[-39.17681015099998,-16.69128386548021,0],[-39.17681068499996,-16.69128396348026,0],[-39.17681333699994,-16.6912842264802,0],[-39.17687488399998,-16.69128608748025,0],[-39.17687548899994,-16.69128609648021,0],[-39.17687874599994,-16.69128581848026,0],[-39.17688190299998,-16.6912850004802,0],[-39.17688367699998,-16.69128420148025,0],[-39.17697626299998,-16.69132853348026,0]]]]},"properties":{"name":"ASP 25","description":"<html xmlns:fo=\"http://www.w3.org/1999/XSL/Format\" xmlns:msxsl=\"urn:schemas-microsoft-com:xslt\">\n\n<head>\n\n<META http-equiv=\"Content-Type\" content=\"text/html\">\n\n<meta http-equiv=\"content-type\" content=\"text/html; charset=UTF-8\">\n\n</head>\n\n<body style=\"margin:0px 0px 0px 0px;overflow:auto;background:#FFFFFF;\">\n\n<table style=\"font-family:Arial,Verdana,Times;font-size:12px;text-align:left;width:100%;border-collapse:collapse;padding:3px 3px 3px 3px\">\n\n<tr style=\"text-align:center;font-weight:bold;background:#9CBCE2\">\n\n<td>ASP 25</td>\n\n</tr>\n\n<tr>\n\n<td>\n\n<table style=\"font-family:Arial,Verdana,Times;font-size:12px;text-align:left;width:100%;border-spacing:0px; padding:3px 3px 3px 3px\">\n\n<tr>\n\n<td>FID</td>\n\n<td>51</td>\n\n</tr>\n\n<tr bgcolor=\"#D4E4F3\">\n\n<td>Talhão</td>\n\n<td>ASP 25</td>\n\n</tr>\n\n<tr>\n\n<td>AREA</td>\n\n<td>0</td>\n\n</tr>\n\n<tr bgcolor=\"#D4E4F3\">\n\n<td>FolderPath</td>\n\n<td>Document/SYMB_PAI_01_Parcels_PD</td>\n\n</tr>\n\n<tr>\n\n<td>SymbolID</td>\n\n<td>0</td>\n\n</tr>\n\n<tr bgcolor=\"#D4E4F3\">\n\n<td>AltMode</td>\n\n<td>0</td>\n\n</tr>\n\n<tr>\n\n<td>Base</td>\n\n<td>0</td>\n\n</tr>\n\n<tr bgcolor=\"#D4E4F3\">\n\n<td>Clamped</td>\n\n<td>-1</td>\n\n</tr>\n\n<tr>\n\n<td>Extruded</td>\n\n<td>0</td>\n\n</tr>\n\n<tr bgcolor=\"#D4E4F3\">\n\n<td>Snippet</td>\n\n<td></td>\n\n</tr>\n\n<tr>\n\n<td>PopupInfo</td>\n\n<td></td>\n\n</tr>\n\n<tr bgcolor=\"#D4E4F3\">\n\n<td>Shape_Leng</td>\n\n<td>0,002367</td>\n\n</tr>\n\n<tr>\n\n<td>Área_ha</td>\n\n<td>0,23845</td>\n\n</tr>\n\n<tr bgcolor=\"#D4E4F3\">\n\n<td>AREA_REDUZ</td>\n\n<td></td>\n\n</tr>\n\n</table>\n\n</td>\n\n</tr>\n\n</table>\n\n</body>\n\n</html>"}},
{"type":"Feature","id":"ID_10052","geometry":{"type":"MultiPolygon","coordinates":[[[[-39.16338476199995,-16.6921031744802,0],[-39.16348838199995,-16.69199655648021,0],[-39.16348882699998,-16.69199608148018,0],[-39.16359150999995,-16.69188262048021,0],[-39.16368854899995,-16.69178237848022,0],[-39.16377027599998,-16.69169929848021,0],[-39.16383718699995,-16.69163231148025,0],[-39.16383767899998,-16.69163179948027,0],[-39.16392500299995,-16.69153733448024,0],[-39.16405271599996,-16.69140266748025,0],[-39.16413259399996,-16.69131539548021,0],[-39.16417307999996,-16.69127394248022,0],[-39.16426584699997,-16.69118498548023,0],[-39.16426697199993,-16.69118380648024,0],[-39.16435272999997,-16.69108552948021,0],[-39.16442113399995,-16.69101691448026,0],[-39.16568583399994,-16.69226997648022,0],[-39.16691222099997,-16.69348505448017,0],[-39.16694521299996,-16.69351789348019,0],[-39.16697571999998,-16.69354825948016,0],[-39.16736059999994,-16.69393135548017,0],[-39.16750950399995,-16.69407956848016,0],[-39.16778387899993,-16.69435266948014,0],[-39.16781396899994,-16.69438261848016,0],[-39.16778988199997,-16.69439827248014,0],[-39.16775965899996,-16.69441314348015,0],[-39.16773088599994,-16.69442101548017,0],[-39.16770317799995,-16.69442154248017,0],[-39.16768128699993,-16.69441567248017,0],[-39.16765242399997,-16.69440019148013,0],[-39.16762303399997,-16.69437700348013,0],[-39.16759146999993,-16.69434955548016,0],[-39.16755234599998,-16.69431132248015,0],[-39.16752273299993,-16.69428045648014,0],[-39.16752153999994,-16.69427932048012,0],[-39.16748907599998,-16.69425103348011,0],[-39.16746650599996,-16.69422872948015,0],[-39.16746512299996,-16.69422749248015,0],[-39.16746390599997,-16.69422658948014,0],[-39.16743410799994,-16.69420628448015,0],[-39.16743284799996,-16.69420549648013,0],[-39.16739038899994,-16.69418122748014,0],[-39.16731566799996,-16.69413370148013,0],[-39.16731520799993,-16.69413341648013,0],[-39.16727354399995,-16.69410856748013,0],[-39.16725321899997,-16.69409644548012,0],[-39.16720608899995,-16.69406781148016,0],[-39.16720560099997,-16.69406752548016,0],[-39.16715710899996,-16.69404001548019,0],[-39.16715643999998,-16.69403965748016,0],[-39.16710553299997,-16.69401370048016,0],[-39.16708165299997,-16.69399926148018,0],[-39.16706266799995,-16.69398778148018,0],[-39.16706199899993,-16.69398739448017,0],[-39.16700606799997,-16.69395690948014,0],[-39.16700508599995,-16.69395640948014,0],[-39.16697087899996,-16.69394026048017,0],[-39.16693853599996,-16.69392530648019,0],[-39.16693769899995,-16.69392494348017,0],[-39.16689879699991,-16.69390916248017,0],[-39.16683533199995,-16.69387629348014,0],[-39.16679194199996,-16.69385182548018,0],[-39.16678156499994,-16.69384597348012,0],[-39.16678042599994,-16.69384538648015,0],[-39.16673635799997,-16.69382449348017,0],[-39.16673447799995,-16.69382372248019,0],[-39.16673292499996,-16.69382325148016,0],[-39.16671357199993,-16.69381826348016,0],[-39.16670682599993,-16.69381652548018,0],[-39.16666571699995,-16.69380893748018,0],[-39.16666104099994,-16.69381250548019,0],[-39.16665841799994,-16.69381438248015,0],[-39.16663646299997,-16.69383100748017,0],[-39.16660100399996,-16.69385781848016,0],[-39.16660051099997,-16.69385820148016,0],[-39.16660047699996,-16.69385822948014,0],[-39.16659996999992,-16.69385866048018,0],[-39.16657070699995,-16.69388427648015,0],[-39.16656994999994,-16.69388497748016,0],[-39.16654652899995,-16.69390791548016,0],[-39.16653586099993,-16.69391836448015,0],[-39.16649287699993,-16.69395866848012,0],[-39.16649249999995,-16.69395903148014,0],[-39.16645704199993,-16.69399421948019,0],[-39.16645660799998,-16.69399466548019,0],[-39.16643218399997,-16.69402060148017,0],[-39.16638833599995,-16.69406198648014,0],[-39.16634950599997,-16.69409737748017,0],[-39.16630587299992,-16.69412682048013,0],[-39.16626004399996,-16.69414725048017,0],[-39.16619314799993,-16.69416810048014,0],[-39.16613497799993,-16.69418275448015,0],[-39.16607975899994,-16.69419444248016,0],[-39.16607928799992,-16.6941945484802,0],[-39.16603385999996,-16.69420535248018,0],[-39.16599389199995,-16.69421495748018,0],[-39.16599337299992,-16.69421509048014,0],[-39.16592956599992,-16.69423230648014,0],[-39.16585512799996,-16.69425048448016,0],[-39.16585472799995,-16.69425058548014,0],[-39.16578823399993,-16.69426833748016,0],[-39.16578712099992,-16.69426867148014,0],[-39.16572468699996,-16.69428944048013,0],[-39.16572423799993,-16.69428959648016,0],[-39.16564520599997,-16.69431877048012,0],[-39.16564444199998,-16.6943190714801,0],[-39.16557746199993,-16.69434710848017,0],[-39.16557586499992,-16.69434786548011,0],[-39.16551794599997,-16.69437869848017,0],[-39.16549014099996,-16.69439302048015,0],[-39.16548769099994,-16.69439452748017,0],[-39.16548551299997,-16.69439638148017,0],[-39.16547799099992,-16.69440385948016,0],[-39.16547706999994,-16.69440261648018,0],[-39.16545810499999,-16.69438148648013,0],[-39.16545677199998,-16.69438014648015,0],[-39.16543094199992,-16.69435672648016,0],[-39.16543013499996,-16.69435603548011,0],[-39.16542750399996,-16.69435425748018,0],[-39.16540612699997,-16.69434230148013,0],[-39.16540375499992,-16.69434118748015,0],[-39.16540124499993,-16.6943404034801,0],[-39.16539864499997,-16.69433996848013,0],[-39.16539600899993,-16.69433988748015,0],[-39.16535679899992,-16.69434135348015,0],[-39.16535429199996,-16.69434161148016,0],[-39.16535184299993,-16.69434219048014,0],[-39.16534949599997,-16.69434308048014,0],[-39.16532220899995,-16.69435553948014,0],[-39.16532084599992,-16.69435622848014,0],[-39.16531866599996,-16.69435765048012,0],[-39.16528443999994,-16.69438350948012,0],[-39.16528394399995,-16.69438389748015,0],[-39.16528247499995,-16.69438522348016,0],[-39.16522197499995,-16.69444602348015,0],[-39.16522164699995,-16.69444636048015,0],[-39.16517502399994,-16.69449567948013,0],[-39.16513941886799,-16.69453345702695,0],[-39.16444484779931,-16.69373867083766,0],[-39.16449593872811,-16.69372098581937,0],[-39.16450011999995,-16.69371953848017,0],[-39.16456603199998,-16.69369550848016,0],[-39.16456747499995,-16.69369491548019,0],[-39.16464561699994,-16.6936589764801,0],[-39.16464692999994,-16.6936583104802,0],[-39.16464833999998,-16.69365744148014,0],[-39.16471499678914,-16.69361219149497,0],[-39.16472770799992,-16.69360356248015,0],[-39.16472826799998,-16.69360316648015,0],[-39.16479027099995,-16.69355767348021,0],[-39.16479085799993,-16.69355722548017,0],[-39.16483947199997,-16.69351850648017,0],[-39.16487974499994,-16.6934944894802,0],[-39.16492736399994,-16.69347208148017,0],[-39.16497706199993,-16.69344808448015,0],[-39.16497805199997,-16.69344756948017,0],[-39.16498021999996,-16.69344615748019,0],[-39.16503800499997,-16.69340258048016,0],[-39.16503851499994,-16.69340218248017,0],[-39.16504090599994,-16.69339985848018,0],[-39.16508065399995,-16.69335285448016,0],[-39.16508236599996,-16.69335045948021,0],[-39.16508334299994,-16.69334857948019,0],[-39.16510513899995,-16.69329977048018,0],[-39.16510546499993,-16.69329899148013,0],[-39.16512531299997,-16.69324816948018,0],[-39.16512611699993,-16.69324543148019,0],[-39.16513995699995,-16.69317845148013,0],[-39.16514003499998,-16.69317804548019,0],[-39.16514027899996,-16.69317608248019,0],[-39.16514304299994,-16.69313471348017,0],[-39.16517377699994,-16.6930549024802,0],[-39.16519552899995,-16.69299854248013,0],[-39.16521967299997,-16.69293882548016,0],[-39.16526058399993,-16.69287204248017,0],[-39.16526138699992,-16.69287056548015,0],[-39.16530300399994,-16.69278442848021,0],[-39.16530360599995,-16.69278303248019,0],[-39.16533135099995,-16.69271026648019,0],[-39.16533147499996,-16.6927099324802,0],[-39.16536316299995,-16.69262093148019,0],[-39.16536337899997,-16.69262028648021,0],[-39.16538614799997,-16.69254755848019,0],[-39.16538666499997,-16.6925454604802,0],[-39.16538684099993,-16.6925442574802,0],[-39.16539373699993,-16.69248206548021,0],[-39.16539384299994,-16.69248012848018,0],[-39.16539374199993,-16.69247826848019,0],[-39.16538773699995,-16.69242278448022,0],[-39.16538736899997,-16.69242064248017,0],[-39.16538673799992,-16.69241855748018,0],[-39.16538585099993,-16.69241656148017,0],[-39.16536695999996,-16.69238022148016,0],[-39.16536642599993,-16.69237926648024,0],[-39.16536509099994,-16.69237733948022,0],[-39.16533627199993,-16.69234100748022,0],[-39.16533425899994,-16.69233885148023,0],[-39.16533191399999,-16.69233703448024,0],[-39.16528523299996,-16.69230645648023,0],[-39.16528292699995,-16.69230516648023,0],[-39.16528045499996,-16.69230420448023,0],[-39.16527786699993,-16.69230359148023,0],[-39.16521327099997,-16.69229310848015,0],[-39.16521039399998,-16.69229285948018,0],[-39.16513680899992,-16.69229196048022,0],[-39.16513634099992,-16.69229196248019,0],[-39.16508174599993,-16.6922929634802,0],[-39.16507884199995,-16.6922932364802,0],[-39.16500538899991,-16.69230573248021,0],[-39.16500222599994,-16.69230655148015,0],[-39.16500167499998,-16.69230675448021,0],[-39.16495208899995,-16.69232591648016,0],[-39.16490448899998,-16.69234411948023,0],[-39.16490400399995,-16.69234431248022,0],[-39.16485537999995,-16.69236444248023,0],[-39.16485339099994,-16.69236540448023,0],[-39.16485259999995,-16.69236587048018,0],[-39.16479108899996,-16.6924041884802,0],[-39.16479050199996,-16.6924045694802,0],[-39.16475132199996,-16.69243104848019,0],[-39.16472117399994,-16.69244869048023,0],[-39.16468910499996,-16.69245790748019,0],[-39.16466331399993,-16.69245868248017,0],[-39.16464603199995,-16.69245706348019,0],[-39.16460676599996,-16.69245124648016,0],[-39.16458461499999,-16.69244516648021,0],[-39.16457538299991,-16.69244248748018,0],[-39.16456546799997,-16.69243961248024,0],[-39.16454270799994,-16.69243165548018,0],[-39.16452045099992,-16.69242000648021,0],[-39.16449509199997,-16.69239861448017,0],[-39.16445996999994,-16.69236660048016,0],[-39.16445910199997,-16.6923658564802,0],[-39.16442113399995,-16.69233541348021,0],[-39.16440025499995,-16.69231838748019,0],[-39.16436985099995,-16.69228530348016,0],[-39.16436843399998,-16.69228391948023,0],[-39.16432637199994,-16.69224702848019,0],[-39.16429773299995,-16.69222162048019,0],[-39.16429707499997,-16.69222106248023,0],[-39.16429429799994,-16.69221920448018,0],[-39.16426105699996,-16.69220123948023,0],[-39.16425828399997,-16.69220001548019,0],[-39.16425699499995,-16.69219961348018,0],[-39.16422422899996,-16.69219067048019,0],[-39.16422365199997,-16.69219052248023,0],[-39.16418195199998,-16.6921805104802,0],[-39.16418065899997,-16.6921802474802,0],[-39.16417879199997,-16.69218002348023,0],[-39.16412369599993,-16.69217612048016,0],[-39.16412101099996,-16.69217611648023,0],[-39.16411835299994,-16.69217648048017,0],[-39.16407517999993,-16.69218548448021,0],[-39.16407368199997,-16.69218585948016,0],[-39.16402343999992,-16.69220060948016,0],[-39.16402247599994,-16.69220092048021,0],[-39.16402040399998,-16.69220178848022,0],[-39.16397054399994,-16.69222622348021,0],[-39.16396965299998,-16.69222668948017,0],[-39.16396850699993,-16.69222738348024,0],[-39.16394655599997,-16.69224175148023,0],[-39.16394580099995,-16.69224227148018,0],[-39.16391146799999,-16.6922672214802,0],[-39.16388518899998,-16.69228501448024,0],[-39.16386743099996,-16.69229102048019,0],[-39.16384065199997,-16.69229359048019,0],[-39.16381210399992,-16.69229296748016,0],[-39.16379058199993,-16.69228812248023,0],[-39.16376314499997,-16.69228068848022,0],[-39.16372817899995,-16.69226612948018,0],[-39.16372699099995,-16.69226567948019,0],[-39.16370592599998,-16.6922586964802,0],[-39.16368727699994,-16.69225091448019,0],[-39.16366273099991,-16.69223928648019,0],[-39.16366073099994,-16.69223847448018,0],[-39.16363491199996,-16.69222984148019,0],[-39.16363200699994,-16.69222911548018,0],[-39.16362973499997,-16.69222886748022,0],[-39.16360144199994,-16.69222745448023,0],[-39.16360045599997,-16.69222742948017,0],[-39.16359997499995,-16.69222743648018,0],[-39.16357119699995,-16.69222817048021,0],[-39.16353680299993,-16.69222819748023,0],[-39.16353622899993,-16.69222820648022,0],[-39.16349971299994,-16.69222931248018,0],[-39.16346729299994,-16.69223041548023,0],[-39.16346644299995,-16.69223046348024,0],[-39.16342916199995,-16.69223336748022,0],[-39.16338573299998,-16.69223701248018,0],[-39.16335458299994,-16.69224025248019,0],[-39.16329979199996,-16.69224422048021,0],[-39.16329923899996,-16.69224426948019,0],[-39.16326362099993,-16.69224787248016,0],[-39.16324087099997,-16.69225003548022,0],[-39.16327216699995,-16.6922154554802,0],[-39.16338476199995,-16.6921031744802,0]]]]},"properties":{"name":"FLP 7","description":"<html xmlns:fo=\"http://www.w3.org/1999/XSL/Format\" xmlns:msxsl=\"urn:schemas-microsoft-com:xslt\">\n\n<head>\n\n<META http-equiv=\"Content-Type\" content=\"text/html\">\n\n<meta http-equiv=\"content-type\" content=\"text/html; charset=UTF-8\">\n\n</head>\n\n<body style=\"margin:0px 0px 0px 0px;overflow:auto;background:#FFFFFF;\">\n\n<table style=\"font-family:Arial,Verdana,Times;font-size:12px;text-align:left;width:100%;border-collapse:collapse;padding:3px 3px 3px 3px\">\n\n<tr style=\"text-align:center;font-weight:bold;background:#9CBCE2\">\n\n<td>FLP 7</td>\n\n</tr>\n\n<tr>\n\n<td>\n\n<table style=\"font-family:Arial,Verdana,Times;font-size:12px;text-align:left;width:100%;border-spacing:0px; padding:3px 3px 3px 3px\">\n\n<tr>\n\n<td>FID</td>\n\n<td>53</td>\n\n</tr>\n\n<tr bgcolor=\"#D4E4F3\">\n\n<td>Talhão</td>\n\n<td>FLP 7</td>\n\n</tr>\n\n<tr>\n\n<td>AREA</td>\n\n<td>11</td>\n\n</tr>\n\n<tr bgcolor=\"#D4E4F3\">\n\n<td>FolderPath</td>\n\n<td>Document/SYMB_PAI_01_Parcels_PD</td>\n\n</tr>\n\n<tr>\n\n<td>SymbolID</td>\n\n<td>0</td>\n\n</tr>\n\n<tr bgcolor=\"#D4E4F3\">\n\n<td>AltMode</td>\n\n<td>0</td>\n\n</tr>\n\n<tr>\n\n<td>Base</td>\n\n<td>0</td>\n\n</tr>\n\n<tr bgcolor=\"#D4E4F3\">\n\n<td>Clamped</td>\n\n<td>-1</td>\n\n</tr>\n\n<tr>\n\n<td>Extruded</td>\n\n<td>0</td>\n\n</tr>\n\n<tr bgcolor=\"#D4E4F3\">\n\n<td>Snippet</td>\n\n<td></td>\n\n</tr>\n\n<tr>\n\n<td>PopupInfo</td>\n\n<td></td>\n\n</tr>\n\n<tr bgcolor=\"#D4E4F3\">\n\n<td>Shape_Leng</td>\n\n<td>0,022931</td>\n\n</tr>\n\n<tr>\n\n<td>Área_ha</td>\n\n<td>5,53388</td>\n\n</tr>\n\n<tr bgcolor=\"#D4E4F3\">\n\n<td>AREA_REDUZ</td>\n\n<td>5,55324981615</td>\n\n</tr>\n\n</table>\n\n</td>\n\n</tr>\n\n</table>\n\n</body>\n\n</html>"}},
{"type":"Feature","id":"ID_10053","geometry":{"type":"MultiPolygon","coordinates":[[[[-39.16159692271787,-16.70391424447526,0],[-39.16157148669468,-16.70390105764472,0],[-39.16153867199993,-16.70388404547986,0],[-39.16153373868281,-16.70388138704686,0],[-39.16148117578875,-16.70385306230583,0],[-39.16141962537954,-16.70381989443284,0],[-39.16134284402734,-16.703778519011,0],[-39.16127431246148,-16.70374158917892,0],[-39.16119818399993,-16.70370056547987,0],[-39.16076467699999,-16.70348647447992,0],[-39.16045266399994,-16.70332425047991,0],[-39.16014972099998,-16.70316708847993,0],[-39.15993294799993,-16.70305492547989,0],[-39.15985513099997,-16.70301892047991,0],[-39.15972036899996,-16.70293854747992,0],[-39.15966304399994,-16.70290435647993,0],[-39.15966140999993,-16.70286900847992,0],[-39.15967158199993,-16.70283176347987,0],[-39.15967228199997,-16.70282762747989,0],[-39.15968121999998,-16.70277484947994,0],[-39.15969322399996,-16.70270397347992,0],[-39.15969388899997,-16.70270158647992,0],[-39.15972104599995,-16.70256834147992,0],[-39.15972282499995,-16.70255961147992,0],[-39.15972900599996,-16.70254967547991,0],[-39.16252055699994,-16.70176194147994,0],[-39.16272506099994,-16.7018663544799,0],[-39.16272645999992,-16.70186699947992,0],[-39.16306745599994,-16.70200767647993,0],[-39.16310862799997,-16.70202677447997,0],[-39.16319064599998,-16.70206481747992,0],[-39.16334865299994,-16.70215316947992,0],[-39.16335003399996,-16.70215386647993,0],[-39.16374094699993,-16.70233176947991,0],[-39.16402702867498,-16.70248101581663,0],[-39.16408862074268,-16.70251314774828,0],[-39.16414357353904,-16.70254181602979,0],[-39.16422488557844,-16.70258423562295,0],[-39.16428016717997,-16.70261307540937,0],[-39.16433932702612,-16.70264393841942,0],[-39.16438147299993,-16.70266592547993,0],[-39.16441145046429,-16.70268334506524,0],[-39.16160854802092,-16.7039202713962,0],[-39.16159692271787,-16.70391424447526,0]]]]},"properties":{"name":"FLP 18 - A","description":"<html xmlns:fo=\"http://www.w3.org/1999/XSL/Format\" xmlns:msxsl=\"urn:schemas-microsoft-com:xslt\">\n\n<head>\n\n<META http-equiv=\"Content-Type\" content=\"text/html\">\n\n<meta http-equiv=\"content-type\" content=\"text/html; charset=UTF-8\">\n\n</head>\n\n<body style=\"margin:0px 0px 0px 0px;overflow:auto;background:#FFFFFF;\">\n\n<table style=\"font-family:Arial,Verdana,Times;font-size:12px;text-align:left;width:100%;border-collapse:collapse;padding:3px 3px 3px 3px\">\n\n<tr style=\"text-align:center;font-weight:bold;background:#9CBCE2\">\n\n<td>FLP 18 - A</td>\n\n</tr>\n\n<tr>\n\n<td>\n\n<table style=\"font-family:Arial,Verdana,Times;font-size:12px;text-align:left;width:100%;border-spacing:0px; padding:3px 3px 3px 3px\">\n\n<tr>\n\n<td>FID</td>\n\n<td>54</td>\n\n</tr>\n\n<tr bgcolor=\"#D4E4F3\">\n\n<td>Talhão</td>\n\n<td>FLP 18 - A</td>\n\n</tr>\n\n<tr>\n\n<td>AREA</td>\n\n<td>13</td>\n\n</tr>\n\n<tr bgcolor=\"#D4E4F3\">\n\n<td>FolderPath</td>\n\n<td>Document/SYMB_PAI_01_Parcels_PD</td>\n\n</tr>\n\n<tr>\n\n<td>SymbolID</td>\n\n<td>0</td>\n\n</tr>\n\n<tr bgcolor=\"#D4E4F3\">\n\n<td>AltMode</td>\n\n<td>0</td>\n\n</tr>\n\n<tr>\n\n<td>Base</td>\n\n<td>0</td>\n\n</tr>\n\n<tr bgcolor=\"#D4E4F3\">\n\n<td>Clamped</td>\n\n<td>-1</td>\n\n</tr>\n\n<tr>\n\n<td>Extruded</td>\n\n<td>0</td>\n\n</tr>\n\n<tr bgcolor=\"#D4E4F3\">\n\n<td>Snippet</td>\n\n<td></td>\n\n</tr>\n\n<tr>\n\n<td>PopupInfo</td>\n\n<td></td>\n\n</tr>\n\n<tr bgcolor=\"#D4E4F3\">\n\n<td>Shape_Leng</td>\n\n<td>0,015107</td>\n\n</tr>\n\n<tr>\n\n<td>Área_ha</td>\n\n<td>6,518236</td>\n\n</tr>\n\n<tr bgcolor=\"#D4E4F3\">\n\n<td>AREA_REDUZ</td>\n\n<td>6,615955</td>\n\n</tr>\n\n</table>\n\n</td>\n\n</tr>\n\n</table>\n\n</body>\n\n</html>"}}
]}
